{"type":"FeatureCollection","name":"gis.vn","features":[{"type":"Feature","properties":{"ma_xa":"20333","ten_xa":"Hoàng Sa","sap_nhap":"Hoàng Sa","tru_so":"đang cập nhật","loai":"Đặc khu","cap":2,"stt":16,"dtich_km2":350,"dan_so":0,"matdo_km2":0,"ma_tinh":"48","ten_tinh":"Đà Nẵng"},"geometry":{"type":"MultiPolygon","coordinates":[[[[111.59922700000004,16.18425600000006],[111.61057700000003,16.18941200000006],[111.62133300000005,16.195145000000025],[111.62970100000007,16.20002100000005],[111.63209500000005,16.202319000000045],[111.63538700000004,16.205768000000035],[111.63928100000004,16.210657000000026],[111.64257100000009,16.21324100000004],[111.64824800000008,16.216106000000025],[111.65481400000004,16.216950000000054],[111.66138100000006,16.218083000000036],[111.66973400000006,16.218057000000044],[111.67331600000006,16.21862200000004],[111.67869100000007,16.220334000000037],[111.68376700000005,16.221471000000065],[111.68526300000008,16.222907000000077],[111.68706200000008,16.225495000000024],[111.68706900000006,16.227513000000044],[111.68587800000006,16.228093000000058],[111.68319300000007,16.228102000000035],[111.67848400000008,16.228282000000036],[111.67454000000004,16.22784100000007],[111.66916300000008,16.22584100000006],[111.66749100000004,16.224868000000072],[111.66560500000008,16.224189000000024],[111.66319000000004,16.223842000000047],[111.65423600000008,16.222717000000046],[111.64617500000008,16.220724000000075],[111.63840700000009,16.21728900000005],[111.63362800000004,16.21528500000005],[111.62883800000009,16.21011100000004],[111.62405000000007,16.20522600000004],[111.62175200000007,16.204383000000064],[111.62046400000008,16.20321800000005],[111.61747300000007,16.20063300000004],[111.61573400000009,16.19918400000006],[111.61209300000007,16.197478000000046],[111.59746400000006,16.193196000000057],[111.59499500000004,16.19246400000003],[111.58923300000004,16.19173100000006],[111.58720100000005,16.19173600000005],[111.58339500000005,16.193460000000073],[111.58067200000005,16.19635500000004],[111.57987800000006,16.197569000000044],[111.57890200000008,16.19794200000007],[111.57779000000005,16.19757400000003],[111.57629600000007,16.19665200000003],[111.57349300000004,16.195935000000077],[111.57196900000008,16.196184000000073],[111.56978300000009,16.197632000000056],[111.56884500000007,16.199040000000025],[111.56885100000005,16.20105700000005],[111.56946100000005,16.20595600000007],[111.57246500000008,16.213153000000034],[111.57280400000008,16.214626000000067],[111.57277400000004,16.216900000000066],[111.57023600000008,16.221842000000038],[111.56958200000008,16.22237300000006],[111.56747400000006,16.223366000000055],[111.56645800000007,16.22336800000005],[111.56476200000009,16.222326000000066],[111.56353900000005,16.22124800000006],[111.55994000000004,16.21462800000006],[111.55663400000009,16.205990000000043],[111.55602600000009,16.201956000000052],[111.55541100000005,16.195328000000075],[111.55570000000006,16.191868000000056],[111.55731700000007,16.189328000000046],[111.55956400000008,16.187246000000073],[111.56462800000008,16.18463900000006],[111.57088600000009,16.182893000000035],[111.58161900000005,16.181134000000043],[111.59086600000006,16.18139700000006],[111.59922700000004,16.18425600000006]]],[[[111.79446500000006,16.237271000000078],[111.80284600000005,16.243873000000065],[111.80644500000005,16.248474000000044],[111.80855100000008,16.252792000000056],[111.80823800000007,16.259704000000056],[111.80771300000004,16.266639000000055],[111.80475900000005,16.274148000000025],[111.80031100000008,16.28108700000007],[111.79466600000006,16.287165000000073],[111.79082500000004,16.28964600000006],[111.78849800000006,16.291198000000065],[111.78632900000008,16.291811000000052],[111.77350500000006,16.293877000000066],[111.75888400000008,16.294507000000067],[111.74873400000007,16.293678000000057],[111.74126800000005,16.29226200000005],[111.73802500000005,16.29267100000004],[111.73529900000005,16.292283000000054],[111.73232800000005,16.290732000000048],[111.72872300000006,16.28942200000006],[111.71857500000004,16.289168000000075],[111.71106300000008,16.288793000000055],[111.70552600000008,16.288715000000025],[111.69798400000008,16.28923700000007],[111.69645900000006,16.29026700000003],[111.69501500000007,16.290655000000072],[111.69142700000003,16.291566000000046],[111.68097800000004,16.29044600000003],[111.67196600000005,16.289387000000033],[111.67142500000006,16.289355000000057],[111.67097300000006,16.289172000000065],[111.67025800000005,16.288605000000075],[111.66919500000006,16.28780500000005],[111.66870800000004,16.287672000000043],[111.66839500000009,16.28767300000004],[111.66782200000006,16.28797700000007],[111.66728500000005,16.288598000000036],[111.66692100000006,16.288833000000068],[111.66657400000008,16.288851000000022],[111.66559300000006,16.288598000000036],[111.66203400000006,16.287630000000036],[111.65739100000008,16.287348000000065],[111.64693000000005,16.282478000000026],[111.63497200000006,16.27588000000003],[111.62600000000003,16.269562000000064],[111.61403600000006,16.26065600000004],[111.59669400000007,16.24916900000005],[111.58324000000005,16.239977000000067],[111.57756100000006,16.23624300000006],[111.56978400000008,16.229630000000043],[111.56806900000004,16.227817000000073],[111.56814900000006,16.226808000000062],[111.56922100000008,16.22623500000003],[111.57173300000005,16.22427200000004],[111.57262100000008,16.223780000000033],[111.57376400000004,16.223532000000034],[111.57478100000009,16.224019000000055],[111.57796200000007,16.225602000000038],[111.58037900000005,16.22645200000005],[111.58057200000007,16.226515000000063],[111.58165100000008,16.22706000000005],[111.58292500000005,16.228281000000038],[111.58331100000004,16.22974800000003],[111.58445900000004,16.231214000000023],[111.58577100000008,16.23230300000006],[111.59038800000008,16.23563100000007],[111.60294200000004,16.243094000000042],[111.61071800000008,16.24912900000004],[111.61580500000008,16.253729000000078],[111.63104900000008,16.26233600000006],[111.63612900000004,16.26434000000006],[111.63881900000007,16.26577400000002],[111.64658700000007,16.268635000000074],[111.65287000000006,16.273807000000033],[111.65795100000008,16.276098000000047],[111.65962700000006,16.277391000000023],[111.66124500000006,16.27954900000003],[111.66347900000005,16.28041600000006],[111.66543000000007,16.281843000000038],[111.66693100000003,16.284434000000033],[111.66861400000005,16.28491500000007],[111.66931900000009,16.28442700000005],[111.68244300000003,16.282654000000036],[111.69079400000004,16.28118500000005],[111.70153200000004,16.27999600000004],[111.71002000000004,16.278321000000062],[111.71387200000004,16.278864000000056],[111.71675200000004,16.280233000000067],[111.72101300000008,16.28010500000005],[111.72510500000004,16.279340000000047],[111.73555200000004,16.280169000000058],[111.73738300000008,16.280804000000046],[111.74122700000004,16.28159100000005],[111.75853100000006,16.280376000000047],[111.76599000000004,16.280061000000046],[111.77036300000009,16.27964000000003],[111.77433900000005,16.27830000000006],[111.77983200000006,16.274055000000033],[111.78119600000008,16.27258100000006],[111.78444600000006,16.268745000000024],[111.78651600000006,16.26383400000003],[111.78738200000004,16.256621000000052],[111.78585800000008,16.248551000000077],[111.78374600000006,16.24250200000006],[111.77386400000006,16.233309000000077],[111.76728100000008,16.22843000000006],[111.75503300000008,16.22414800000007],[111.75206800000007,16.224635000000035],[111.75022200000006,16.224713000000065],[111.74697900000007,16.224177000000054],[111.74508600000007,16.222230000000025],[111.74278900000007,16.22073000000006],[111.73950800000006,16.22074200000003],[111.73622700000004,16.221042000000068],[111.73235900000009,16.223651000000075],[111.72848400000004,16.224529000000075],[111.72582800000004,16.224868000000072],[111.72371000000004,16.224546000000032],[111.72042500000003,16.223403000000076],[111.72011900000007,16.221385000000055],[111.72071300000005,16.220807000000036],[111.72696700000006,16.21761300000003],[111.73337100000003,16.214781000000073],[111.73798900000008,16.21353700000003],[111.74246700000003,16.214386000000047],[111.75201800000008,16.21579500000007],[111.75978000000003,16.217209000000025],[111.76276800000005,16.21835200000004],[111.77164700000009,16.221842000000038],[111.77413500000006,16.22269600000004],[111.78189000000003,16.22607000000005],[111.78547700000007,16.227787000000035],[111.78907400000008,16.23210000000006],[111.79446500000006,16.237271000000078]]],[[[112.02898800000003,16.339204000000052],[112.03549700000008,16.337886000000026],[112.05158700000004,16.333796000000063],[112.0687620000001,16.330966000000046],[112.0711960000001,16.331604000000027],[112.0737640000001,16.33292300000005],[112.07705400000009,16.33540400000004],[112.07946200000004,16.337420000000066],[112.08129100000008,16.339627000000064],[112.08202900000003,16.34308100000004],[112.08154800000011,16.347113000000036],[112.0811470000001,16.349440000000072],[112.08057300000007,16.351308000000074],[112.0737640000001,16.355023000000074],[112.06338700000003,16.359316000000035],[112.03120600000011,16.367526000000055],[112.00539400000002,16.366512000000057],[111.99191600000006,16.363474000000053],[111.99186500000008,16.363459000000034],[111.97917300000006,16.359615000000076],[111.97065100000009,16.354557000000057],[111.96639800000008,16.351378000000068],[111.95697800000005,16.34401500000007],[111.94681500000007,16.331404000000077],[111.94465200000008,16.32702900000004],[111.94441200000006,16.324858000000063],[111.94441200000006,16.324857000000065],[111.94497300000006,16.322531000000026],[111.94577600000008,16.321911000000057],[111.94770200000005,16.32144500000004],[111.95491000000004,16.32275500000003],[111.96158400000007,16.323694000000046],[111.96832400000005,16.325245000000052],[111.97281800000007,16.324780000000032],[111.97667000000007,16.324625000000026],[111.98044100000004,16.324780000000032],[111.99117300000006,16.32872800000007],[112.00318200000004,16.33314500000006],[112.01518600000009,16.337653000000046],[112.02343100000007,16.339733000000024],[112.02898800000003,16.339204000000052]]],[[[111.59675400000003,16.507675000000063],[111.59670200000005,16.507895000000076],[111.59663900000004,16.508158000000037],[111.59653300000008,16.50859900000006],[111.59641400000004,16.509083000000032],[111.59634900000009,16.50934600000005],[111.59629400000006,16.50956700000006],[111.59623000000005,16.509830000000022],[111.59617600000007,16.510050000000035],[111.59612300000003,16.510271000000046],[111.59607000000005,16.51049100000006],[111.59601800000007,16.51071200000007],[111.59595700000006,16.510976000000028],[111.59589800000003,16.51124100000004],[111.59585000000004,16.51146200000005],[111.59580300000005,16.51168400000006],[111.59574800000007,16.511949000000072],[111.59559600000006,16.512703000000045],[111.59554300000008,16.512970000000053],[111.59549100000004,16.513236000000063],[111.59544800000003,16.51345900000007],[111.59540600000008,16.513682000000074],[111.59536500000007,16.513904000000025],[111.59531700000008,16.51417200000003],[111.59527000000008,16.51443900000004],[111.59522500000008,16.514707000000044],[111.59518100000008,16.51497500000005],[111.59514700000005,16.515198000000055],[111.59511300000008,16.515422000000058],[111.59507600000006,16.51569100000006],[111.59504100000004,16.515959000000066],[111.59500700000007,16.51622800000007],[111.59498300000007,16.51645300000007],[111.59495900000007,16.516721000000075],[111.59494600000005,16.516947000000073],[111.59493700000007,16.51717300000007],[111.59493000000003,16.517400000000066],[111.59492700000004,16.517626000000064],[111.59492600000004,16.51785300000006],[111.59492800000004,16.518534000000045],[111.59492900000004,16.51876100000004],[111.59492600000004,16.518988000000036],[111.59492200000005,16.519214000000034],[111.59491400000007,16.51944000000003],[111.59490000000005,16.519710000000032],[111.59487800000005,16.519979000000035],[111.59484800000007,16.52024700000004],[111.59481000000005,16.52051400000005],[111.59477200000003,16.520737000000054],[111.59472900000009,16.520962000000054],[111.59468200000003,16.521186000000057],[111.59462800000006,16.52141000000006],[111.59456900000004,16.521633000000065],[111.59450400000009,16.52185300000002],[111.59443100000004,16.522070000000042],[111.59435200000007,16.52228400000007],[111.59426600000006,16.52249400000005],[111.59415300000006,16.522740000000056],[111.59402800000004,16.522977000000026],[111.59389000000004,16.523210000000063],[111.59376500000008,16.523402000000033],[111.59363100000007,16.523592000000065],[111.59349000000009,16.52377800000005],[111.59334100000007,16.523959000000048],[111.59318600000006,16.524136000000055],[111.59295900000006,16.524373000000026],[111.59279100000003,16.524534000000074],[111.59261700000008,16.52468700000003],[111.59240400000004,16.52485800000005],[111.59218400000009,16.525015000000053],[111.59194700000006,16.525156000000038],[111.59173800000008,16.525261000000057],[111.59152100000006,16.525355000000047],[111.59129700000005,16.525439000000063],[111.59106800000006,16.525513000000046],[111.59083700000008,16.525577000000055],[111.59060600000004,16.525633000000028],[111.59037700000005,16.525679000000025],[111.59010500000005,16.525721000000033],[111.58982700000007,16.52573600000005],[111.58959200000004,16.525730000000067],[111.58935500000007,16.525709000000063],[111.58911900000004,16.525676000000033],[111.58888300000007,16.525635000000023],[111.58865100000008,16.525588000000027],[111.58837900000009,16.525525000000073],[111.58815300000003,16.52546600000005],[111.58792700000004,16.52539900000005],[111.58770400000009,16.52532300000007],[111.58748400000007,16.52523800000006],[111.58727000000005,16.525142000000073],[111.58702200000005,16.525013000000058],[111.58678600000007,16.52487000000002],[111.58655300000004,16.524722000000054],[111.58636000000007,16.524594000000036],[111.58616900000004,16.524462000000028],[111.58598000000006,16.524327000000028],[111.58579300000008,16.524189000000035],[111.58560700000004,16.52404800000005],[111.58542500000004,16.523904000000073],[111.58524500000004,16.523758000000043],[111.58506700000004,16.52360900000002],[111.58489300000008,16.523457000000064],[111.58468900000008,16.523271000000022],[111.58448900000008,16.523082000000045],[111.58429200000006,16.522889000000077],[111.58413000000007,16.522725000000037],[111.58397100000008,16.52255800000006],[111.58381300000008,16.522389000000032],[111.58365900000007,16.52221700000007],[111.58350800000005,16.522042000000056],[111.58336000000008,16.52186400000005],[111.58321600000005,16.521685000000048],[111.58307600000006,16.521502000000055],[111.58294100000006,16.521318000000065],[111.58278500000006,16.521092000000067],[111.58263700000003,16.520864000000074],[111.58249900000004,16.520631000000037],[111.58237100000008,16.520392000000072],[111.58225300000004,16.520147000000065],[111.58214200000003,16.519899000000066],[111.58203800000007,16.519646000000023],[111.58195500000005,16.51943300000005],[111.58187300000009,16.519220000000075],[111.58171400000003,16.51879100000002],[111.58163400000007,16.518578000000048],[111.58155200000004,16.518364000000076],[111.58136800000005,16.51790100000005],[111.58127000000007,16.517647000000068],[111.58118900000005,16.517435000000035],[111.58109400000006,16.517180000000053],[111.58101600000003,16.516966000000025],[111.58093900000006,16.51675300000005],[111.58084700000006,16.516497000000072],[111.58077200000008,16.516282000000047],[111.58069700000004,16.516068000000075],[111.58061800000007,16.515855000000045],[111.58053400000006,16.51564200000007],[111.58044800000005,16.515427000000045],[111.58036300000003,16.51521400000007],[111.58028200000007,16.515000000000043],[111.58020900000008,16.514783000000023],[111.58013600000004,16.514523000000054],[111.58008400000006,16.514259000000038],[111.58005800000007,16.513994000000025],[111.58004000000005,16.513725000000022],[111.58002800000008,16.513499000000024],[111.58001900000005,16.513273000000027],[111.58001300000006,16.51304600000003],[111.58000900000008,16.512819000000036],[111.58000900000008,16.512591000000043],[111.58001200000007,16.51236300000005],[111.58001800000005,16.512135000000058],[111.58002700000009,16.511907000000065],[111.58004000000005,16.51168000000007],[111.58005500000007,16.511452000000077],[111.58007400000008,16.511225000000024],[111.58010700000005,16.510910000000024],[111.58014100000008,16.510641000000078],[111.58018000000004,16.510375000000067],[111.58022400000004,16.510110000000054],[111.58028400000006,16.50984900000003],[111.58036300000003,16.509591000000057],[111.58046000000007,16.50933800000007],[111.58055000000007,16.50912900000003],[111.58064700000006,16.508921000000043],[111.58074800000009,16.508714000000055],[111.58085000000005,16.508507000000066],[111.58095300000008,16.508301000000074],[111.58105300000005,16.50809400000003],[111.58114900000004,16.50788700000004],[111.58133100000003,16.507471000000066],[111.58153500000009,16.507014000000026],[111.58174200000008,16.50655900000004],[111.58208400000007,16.50581600000004],[111.58219900000006,16.50556800000004],[111.58231300000006,16.505321000000038],[111.58240600000005,16.50511300000005],[111.58249700000005,16.504905000000065],[111.58258800000004,16.504695000000027],[111.58276800000004,16.50427700000006],[111.58286000000004,16.504068000000075],[111.58295200000003,16.50386000000003],[111.58304700000008,16.503653000000043],[111.58316500000006,16.50340700000004],[111.58328800000004,16.503164000000027],[111.58341800000005,16.50292500000006],[111.58355600000004,16.502691000000027],[111.58368100000007,16.502500000000055],[111.58384100000006,16.502278000000047],[111.58397900000006,16.50209600000005],[111.58412300000003,16.50191600000005],[111.58426700000007,16.50173700000005],[111.58441300000004,16.501558000000045],[111.58455700000007,16.501379000000043],[111.58469800000006,16.501198000000045],[111.58483400000006,16.501014000000055],[111.58498800000007,16.500789000000054],[111.58511600000008,16.500586000000055],[111.58522800000009,16.50037100000003],[111.58529600000008,16.500114000000053],[111.58525300000008,16.49986400000006],[111.58515300000005,16.499648000000036],[111.58500900000007,16.499449000000027],[111.58480000000009,16.499266000000034],[111.58456200000006,16.499142000000063],[111.58430000000004,16.499046000000078],[111.58407200000005,16.498979000000077],[111.58384100000006,16.498913000000073],[111.58361300000007,16.498841000000027],[111.58339400000006,16.498753000000022],[111.58315100000004,16.498620000000074],[111.58291500000007,16.49847500000004],[111.58268100000004,16.498328000000072],[111.58248600000007,16.49820200000005],[111.58225500000009,16.49804800000004],[111.58206300000006,16.497918000000027],[111.58187200000003,16.497786000000076],[111.58168300000006,16.497652000000073],[111.58149500000007,16.497516000000076],[111.58130800000004,16.497379000000024],[111.58112100000005,16.497240000000033],[111.58093700000006,16.497100000000046],[111.58071700000005,16.496931000000075],[111.58049800000003,16.49676000000005],[111.58028200000007,16.496587000000034],[111.58006700000004,16.496413000000075],[111.57985600000006,16.496234000000072],[111.57968400000004,16.49608100000006],[111.57951300000008,16.495925000000057],[111.57934500000005,16.495768000000055],[111.57917900000007,16.49560800000006],[111.57901500000008,16.495446000000072],[111.57885300000004,16.495281000000034],[111.57869300000004,16.495116000000053],[111.57850400000007,16.49491500000005],[111.57831800000008,16.49471200000005],[111.57813400000003,16.494508000000053],[111.57795200000004,16.494301000000064],[111.57780300000007,16.494125000000054],[111.57765600000005,16.493948000000046],[111.57751300000007,16.493769000000043],[111.57737300000008,16.49358600000005],[111.57718300000005,16.493328000000076],[111.57702800000004,16.493103000000076],[111.57687900000008,16.49287300000003],[111.57674000000009,16.492639000000054],[111.57660800000008,16.492400000000032],[111.57648300000005,16.492158000000074],[111.57638200000008,16.491953000000024],[111.57628400000004,16.491747000000032],[111.57609000000008,16.49133400000005],[111.57599200000004,16.49112800000006],[111.57587200000006,16.490882000000056],[111.57574700000004,16.49064000000004],[111.57561600000008,16.490399000000025],[111.57547600000004,16.490166000000045],[111.57532700000007,16.489937000000054],[111.57516900000007,16.48971300000005],[111.57500500000003,16.48949300000004],[111.57486400000005,16.489311000000043],[111.57472000000007,16.48913200000004],[111.57457500000004,16.488954000000035],[111.57442900000007,16.48877600000003],[111.57428300000004,16.488598000000025],[111.57413800000006,16.48841900000002],[111.57399500000008,16.488240000000076],[111.57385500000004,16.488058000000024],[111.57371900000004,16.487874000000033],[111.57356100000004,16.487651000000028],[111.57341200000008,16.487423000000035],[111.57327300000009,16.487190000000055],[111.57314300000007,16.486951000000033],[111.57302200000004,16.486707000000024],[111.57292600000005,16.486501000000032],[111.57281500000005,16.48625100000004],[111.57272600000005,16.486042000000054],[111.57263900000004,16.485831000000076],[111.57246800000007,16.485408000000064],[111.57236400000005,16.485155000000077],[111.57227700000004,16.48494500000004],[111.57218700000004,16.484736000000055],[111.57199200000008,16.484276000000023],[111.57188500000007,16.48402500000003],[111.57171000000005,16.483606000000066],[111.57162200000005,16.483396000000027],[111.57151800000008,16.48314400000004],[111.57141500000006,16.482893000000047],[111.57133000000005,16.482682000000068],[111.57124600000009,16.482471000000032],[111.57114500000006,16.482218000000046],[111.57104600000008,16.481964000000062],[111.57096500000006,16.48175200000003],[111.57086900000007,16.481498000000045],[111.57078900000005,16.48128500000007],[111.57070800000008,16.481073000000038],[111.57062600000006,16.48086100000006],[111.57054100000005,16.480649000000028],[111.57045600000004,16.480436000000054],[111.57011400000005,16.479587000000038],[111.57003000000009,16.47937500000006],[111.56994500000008,16.479161000000033],[111.56986300000005,16.47894800000006],[111.56978200000009,16.47873500000003],[111.56970300000006,16.478522000000055],[111.56962500000009,16.47830700000003],[111.56955100000005,16.478093000000058],[111.56948000000006,16.477877000000035],[111.56939800000004,16.47761900000006],[111.56932100000006,16.477359000000035],[111.56925100000007,16.477100000000064],[111.56918600000006,16.476838000000043],[111.56912800000003,16.476576000000023],[111.56907700000005,16.47631300000006],[111.56903600000004,16.476049000000046],[111.56900500000006,16.475782000000038],[111.56898200000006,16.475513000000035],[111.56896700000004,16.47524500000003],[111.56896000000006,16.47497500000003],[111.56895800000007,16.474748000000034],[111.56896100000006,16.474522000000036],[111.56896600000005,16.47429500000004],[111.56897400000008,16.474067000000048],[111.56898400000006,16.473840000000052],[111.56899700000008,16.473611000000062],[111.56900900000005,16.47338300000007],[111.56902300000007,16.473155000000077],[111.56903700000004,16.472927000000027],[111.56905200000006,16.472654000000034],[111.56906400000008,16.47242700000004],[111.56907500000005,16.472200000000043],[111.56908300000003,16.471974000000046],[111.56909700000006,16.47152200000005],[111.56912000000005,16.470845000000054],[111.56914700000004,16.470123000000058],[111.56915700000008,16.46989700000006],[111.56917600000008,16.469445000000064],[111.56918700000006,16.469219000000066],[111.56919800000009,16.46899300000007],[111.56922300000008,16.46849700000007],[111.56923500000005,16.468271000000072],[111.56924800000007,16.468045000000075],[111.56926400000009,16.467775000000074],[111.56929500000007,16.467279000000076],[111.56930900000009,16.467054000000076],[111.56934400000006,16.466558000000077],[111.56936300000007,16.466288000000077],[111.56938300000007,16.466018000000076],[111.56940100000008,16.46579200000002],[111.56942200000009,16.46552200000002],[111.56947100000008,16.46484300000003],[111.56948800000004,16.464616000000035],[111.56950600000005,16.464390000000037],[111.56952500000006,16.46416400000004],[111.56954700000006,16.46393800000004],[111.56957100000005,16.463712000000044],[111.56959700000004,16.463487000000043],[111.56962700000008,16.463262000000043],[111.56966000000006,16.46303800000004],[111.56970400000006,16.46277200000003],[111.56975500000004,16.462506000000076],[111.56981300000007,16.46224200000006],[111.56987900000007,16.461979000000042],[111.56994900000007,16.461718000000076],[111.57002000000006,16.461457000000053],[111.57008100000007,16.461239000000035],[111.57014400000008,16.461021000000073],[111.57022000000006,16.46076000000005],[111.57029800000004,16.460499000000027],[111.57036500000004,16.46028000000007],[111.57043200000004,16.460063000000048],[111.57050200000003,16.459846000000027],[111.57057300000008,16.45963000000006],[111.57064500000007,16.45941300000004],[111.57071800000006,16.45919800000007],[111.57079300000004,16.45898200000005],[111.57087000000007,16.458768000000077],[111.57094800000004,16.45855400000005],[111.57102700000007,16.458340000000078],[111.57110800000004,16.458128000000045],[111.57119000000006,16.45791500000007],[111.57127500000007,16.457704000000035],[111.57136100000008,16.457493000000056],[111.57146500000005,16.457242000000065],[111.57157300000006,16.45699200000007],[111.57168300000006,16.45674400000007],[111.57179500000007,16.456496000000072],[111.57191000000006,16.456250000000068],[111.57202800000005,16.45600600000006],[111.57215200000007,16.455764000000045],[111.57228100000009,16.455523000000028],[111.57239300000003,16.455324000000076],[111.57250800000008,16.455126000000064],[111.57262700000007,16.454930000000047],[111.57274900000004,16.454736000000025],[111.57287400000007,16.45454200000006],[111.57300200000009,16.45435100000003],[111.57313400000004,16.454162000000053],[111.57326800000004,16.453974000000073],[111.57340500000004,16.45378900000003],[111.57354400000008,16.453606000000036],[111.57368600000007,16.45342500000004],[111.57383100000004,16.453246000000036],[111.57397800000007,16.453070000000025],[111.57415700000007,16.45286100000004],[111.57433900000007,16.452658000000042],[111.57452400000005,16.452454000000046],[111.57471000000004,16.452252000000044],[111.57486700000004,16.452083000000073],[111.57502500000004,16.45191600000004],[111.57518400000004,16.451749000000063],[111.57537700000006,16.451550000000054],[111.57554000000005,16.451385000000073],[111.57570300000003,16.451220000000035],[111.57586800000007,16.451059000000043],[111.57603400000005,16.450897000000055],[111.57620100000008,16.450736000000063],[111.57637100000005,16.45057600000007],[111.57654000000008,16.45041800000007],[111.57671200000004,16.450262000000066],[111.57688500000006,16.450108000000057],[111.57705900000008,16.449955000000045],[111.57723400000003,16.44980300000003],[111.57741100000004,16.449655000000064],[111.57758900000005,16.44950700000004],[111.57780500000007,16.449333000000024],[111.57802300000009,16.449163000000055],[111.57824200000005,16.448995000000025],[111.57846300000006,16.44883200000004],[111.57868600000006,16.448672000000045],[111.57891200000006,16.448517000000038],[111.57914400000004,16.44836900000007],[111.57938300000006,16.448231000000078],[111.57962600000008,16.44809900000007],[111.57987500000007,16.447974000000045],[111.58008600000005,16.447875000000067],[111.58030000000008,16.447780000000023],[111.58051500000005,16.447688000000028],[111.58073300000007,16.447599000000025],[111.58095300000008,16.447512000000074],[111.58117300000004,16.447429000000056],[111.58139500000004,16.447347000000036],[111.58161600000005,16.447267000000068],[111.58183800000006,16.447187000000042],[111.58206000000007,16.447110000000066],[111.58228100000008,16.447031000000038],[111.58250100000004,16.446954000000062],[111.58276400000005,16.446860000000072],[111.58302900000007,16.446770000000072],[111.58329500000008,16.44668500000006],[111.58356200000009,16.44660300000004],[111.58383100000009,16.446524000000068],[111.58405600000009,16.44646000000006],[111.58432600000003,16.446386000000075],[111.58482400000008,16.446256000000062],[111.58527800000007,16.446142000000066],[111.58550500000007,16.446086000000037],[111.58577800000006,16.446019000000035],[111.58600500000006,16.445963000000063],[111.58623200000005,16.445907000000034],[111.58645900000005,16.445850000000064],[111.58673100000004,16.445783000000063],[111.58695800000004,16.445726000000036],[111.58741100000009,16.445614000000035],[111.58795600000008,16.44548100000003],[111.58818300000007,16.445426000000055],[111.58845600000006,16.445361000000048],[111.58868300000006,16.445308000000068],[111.58895600000005,16.44524400000006],[111.58945800000004,16.445128000000068],[111.58968600000009,16.445077000000026],[111.58995900000008,16.445016000000066],[111.59018800000007,16.444967000000076],[111.59046200000006,16.444907000000057],[111.59101100000004,16.44479300000006],[111.59146900000007,16.444701000000066],[111.59174400000006,16.44464700000003],[111.59202000000005,16.444594000000052],[111.59248000000008,16.444507000000044],[111.59275600000007,16.444458000000054],[111.59321700000004,16.444375000000036],[111.59377000000006,16.444281000000046],[111.59400100000005,16.44424300000003],[111.59423200000003,16.444206000000065],[111.59478700000005,16.444121000000052],[111.59525000000008,16.44405400000005],[111.59552800000006,16.444016000000033],[111.59608400000008,16.44394200000005],[111.59631700000006,16.44391100000007],[111.59655000000004,16.443879000000038],[111.59678200000008,16.443846000000065],[111.59701500000006,16.44381100000004],[111.59724800000004,16.443778000000066],[111.59771400000005,16.44370900000007],[111.59794800000009,16.44367500000004],[111.59841400000005,16.443611000000033],[111.59864800000008,16.44358100000005],[111.59888200000006,16.443552000000068],[111.59911500000004,16.443524000000025],[111.59934900000007,16.44349900000003],[111.59958100000006,16.443476000000032],[111.59981500000004,16.44345500000003],[111.60004800000007,16.44343800000007],[111.60032700000005,16.443421000000058],[111.60060700000008,16.443408000000034],[111.60088600000006,16.443400000000054],[111.60116500000004,16.443399000000056],[111.60144300000007,16.443403000000046],[111.60172100000005,16.443414000000075],[111.60199900000003,16.443430000000035],[111.60227900000007,16.443449000000044],[111.60255800000004,16.443472000000042],[111.60279100000008,16.44349500000004],[111.60302400000006,16.443519000000038],[111.60325800000004,16.443547000000024],[111.60349200000007,16.44357800000006],[111.60372500000005,16.443610000000035],[111.60395800000003,16.44364500000006],[111.60419100000007,16.443682000000024],[111.60442400000005,16.443722000000037],[111.60465600000003,16.443763000000047],[111.60488800000007,16.443808000000047],[111.60511900000006,16.443853000000047],[111.60535100000004,16.44390100000004],[111.60558100000009,16.443951000000027],[111.60581000000008,16.444004000000064],[111.60603900000007,16.444057000000043],[111.60626700000006,16.444113000000073],[111.60649400000005,16.444170000000042],[111.60676400000006,16.444240000000036],[111.60703400000006,16.444314000000077],[111.60730200000006,16.444390000000055],[111.60756700000007,16.44446700000003],[111.60782800000004,16.44455700000003],[111.60808300000008,16.444664000000046],[111.60833200000008,16.444785000000024],[111.60853700000007,16.44489500000003],[111.60873800000007,16.445013000000074],[111.60893800000008,16.445136000000048],[111.60913500000004,16.445263000000068],[111.60933200000005,16.445392000000027],[111.60952700000007,16.445524000000034],[111.60972200000003,16.445654000000047],[111.60991700000005,16.445783000000063],[111.61011100000007,16.44590900000003],[111.61030200000005,16.446041000000037],[111.61047800000006,16.44619700000004],[111.61064900000008,16.446362000000022],[111.61082100000004,16.446519000000023],[111.61104400000005,16.446672000000035],[111.61129600000004,16.446769000000074],[111.61156900000009,16.44682400000005],[111.61180600000006,16.446849000000043],[111.61204700000008,16.446858000000077],[111.61228600000004,16.44686100000007],[111.61256700000007,16.446860000000072],[111.61284700000004,16.446857000000023],[111.61308100000008,16.446852000000035],[111.61313300000006,16.44685000000004],[111.62174200000004,16.446587000000022],[111.62546600000007,16.446700000000078],[111.62629800000008,16.446964000000037],[111.62696600000004,16.44759700000003],[111.62753000000004,16.448429000000033],[111.62805000000009,16.44928600000003],[111.62850100000009,16.450095000000033],[111.62873200000007,16.45095500000002],[111.62877000000009,16.451856000000078],[111.62870700000008,16.452754000000027],[111.62863000000004,16.453667000000053],[111.62839700000006,16.454533000000026],[111.62794400000007,16.455318000000034],[111.62703100000004,16.456885000000057],[111.62698200000005,16.456962000000033],[111.62685300000004,16.45715400000006],[111.62671900000004,16.457343000000037],[111.62658000000005,16.457528000000025],[111.62643900000006,16.457712000000072],[111.62629700000008,16.45789300000007],[111.62612600000006,16.45810700000004],[111.62595200000004,16.45832000000007],[111.62580500000007,16.458497000000023],[111.62565500000005,16.458672000000035],[111.62550200000004,16.458845000000053],[111.62534600000004,16.459015000000022],[111.62518700000004,16.459183000000053],[111.62502500000005,16.459347000000037],[111.62486000000007,16.459508000000028],[111.62469000000004,16.459664000000032],[111.62448300000005,16.459846000000027],[111.62426900000008,16.460020000000043],[111.62405000000007,16.460188000000073],[111.62382800000006,16.46035100000006],[111.62360200000006,16.460510000000056],[111.62337300000007,16.460667000000058],[111.62314100000009,16.46082000000007],[111.62294600000007,16.460946000000035],[111.62271200000004,16.461095000000057],[111.62251400000008,16.46121800000003],[111.62231700000007,16.46134100000006],[111.62211900000005,16.46146200000004],[111.62192100000004,16.46158500000007],[111.62172300000009,16.46170600000005],[111.62152500000008,16.461830000000077],[111.62132800000006,16.46195400000005],[111.62113300000004,16.462079000000074],[111.62093800000008,16.46220500000004],[111.62070700000004,16.46235800000005],[111.62047700000005,16.462513000000058],[111.62028600000008,16.462645000000066],[111.62009600000005,16.462776000000076],[111.61990600000007,16.462910000000022],[111.61971600000004,16.463043000000027],[111.61948900000004,16.46320300000002],[111.61930000000007,16.463337000000024],[111.61892000000006,16.463602000000037],[111.61873000000008,16.463735000000042],[111.61850000000004,16.463891000000046],[111.61830800000007,16.46402100000006],[111.61807600000009,16.464173000000073],[111.61788200000007,16.46429900000004],[111.61764700000003,16.464446000000066],[111.61741000000006,16.464590000000044],[111.61717000000004,16.46473100000003],[111.61692800000009,16.46486600000003],[111.61668100000009,16.464995000000044],[111.61643100000003,16.465118000000075],[111.61617900000005,16.465238000000056],[111.61596600000007,16.46533400000004],[111.61566800000008,16.465467000000046],[111.61545400000006,16.465562000000034],[111.61524000000009,16.465655000000027],[111.61502600000006,16.465748000000076],[111.61481300000008,16.465843000000064],[111.61460000000005,16.46593800000005],[111.61438800000008,16.46603600000003],[111.61413600000009,16.46615500000007],[111.61388700000003,16.46628000000004],[111.61364100000009,16.466410000000053],[111.61339900000007,16.466545000000053],[111.61299900000006,16.466781000000026],[111.61279900000005,16.46689900000007],[111.61259900000005,16.46701900000005],[111.61240000000004,16.467141000000026],[111.61220100000008,16.467264000000057],[111.61200300000007,16.467389000000026],[111.61180700000006,16.46751500000005],[111.61161200000004,16.467643000000066],[111.61141900000007,16.467774000000077],[111.61122800000004,16.467908000000023],[111.61103900000006,16.468043000000023],[111.61085300000008,16.468181000000072],[111.61063400000006,16.468350000000044],[111.61041900000004,16.468525000000056],[111.61020900000005,16.468703000000062],[111.61000600000006,16.468886000000055],[111.60980800000004,16.469075000000032],[111.60961600000007,16.469269000000054],[111.60943000000009,16.469468000000063],[111.60924800000004,16.469673000000057],[111.60907100000009,16.46988200000004],[111.60889700000007,16.470093000000077],[111.60875500000009,16.470273000000077],[111.60858700000006,16.470491000000038],[111.60844900000006,16.47067400000003],[111.60831200000007,16.470859000000075],[111.60817700000007,16.47104500000006],[111.60804100000007,16.471231000000046],[111.60790700000007,16.47141800000003],[111.60777300000007,16.471606000000065],[111.60763900000006,16.47179200000005],[111.60750300000007,16.471979000000033],[111.60736800000006,16.472165000000075],[111.60723100000007,16.472349000000065],[111.60709400000007,16.472534000000053],[111.60692600000004,16.472751000000073],[111.60678400000006,16.472931000000074],[111.60661200000004,16.473145000000045],[111.60646600000007,16.47332300000005],[111.60631900000004,16.473500000000058],[111.60617100000007,16.47367600000007],[111.60602300000005,16.473852000000022],[111.60554600000006,16.47441200000003],[111.60539700000004,16.474589000000037],[111.60525000000007,16.47476400000005],[111.60510400000004,16.474942000000055],[111.60493000000008,16.47515500000003],[111.60478800000004,16.47533500000003],[111.60461800000007,16.475551000000053],[111.60445300000003,16.475770000000068],[111.60429300000004,16.475992000000076],[111.60413600000004,16.476216000000022],[111.60398400000008,16.476442000000077],[111.60383800000005,16.476673000000062],[111.60369500000007,16.476905000000045],[111.60355600000008,16.477139000000022],[111.60341900000009,16.477374000000054],[111.60330600000009,16.477572000000066],[111.60317200000009,16.477810000000034],[111.60304100000008,16.478049000000055],[111.60291100000006,16.478288000000077],[111.60278200000005,16.478529000000037],[111.60265500000008,16.47877100000005],[111.60253000000006,16.479014000000063],[111.60242600000004,16.479216000000065],[111.60232200000007,16.47942000000006],[111.60219900000004,16.479663000000073],[111.60209600000007,16.479866000000072],[111.60199400000005,16.48007000000007],[111.60144600000007,16.48117300000007],[111.60134400000004,16.48137600000007],[111.60113900000005,16.48178400000006],[111.60103600000008,16.48198700000006],[111.60089000000005,16.482271000000026],[111.60078600000008,16.482474000000025],[111.60065900000006,16.48271600000004],[111.60053100000005,16.482957000000056],[111.60040100000003,16.483198000000073],[111.60029100000008,16.483398000000022],[111.60018100000008,16.48359700000003],[111.60004600000008,16.483835000000056],[111.59991000000008,16.48407100000003],[111.59977200000009,16.48430600000006],[111.59963200000004,16.484542000000033],[111.59951500000005,16.48473800000005],[111.59937200000007,16.48497100000003],[111.59925300000003,16.485165000000052],[111.59910800000006,16.485397000000034],[111.59896300000008,16.485629000000074],[111.59884000000005,16.48582300000004],[111.59871700000008,16.486015000000066],[111.59859400000005,16.486207000000036],[111.59844500000008,16.486437000000024],[111.59832100000006,16.486628000000053],[111.59807000000006,16.487011000000052],[111.59776800000009,16.487468000000035],[111.59764200000006,16.487659000000065],[111.59749000000005,16.487887000000057],[111.59733900000003,16.48811500000005],[111.59703500000006,16.488571000000036],[111.59688000000006,16.48879800000003],[111.59674600000005,16.48898500000007],[111.59660800000006,16.48916900000006],[111.59646600000008,16.489352000000054],[111.59632400000004,16.489535000000046],[111.59603700000008,16.489899000000037],[111.59589500000004,16.49008200000003],[111.59575500000005,16.490264000000025],[111.59561800000006,16.49044800000007],[111.59548500000005,16.490634000000057],[111.59533100000004,16.490859000000057],[111.59518700000007,16.491088000000047],[111.59505300000006,16.491321000000028],[111.59493200000009,16.491559000000052],[111.59483800000004,16.491810000000044],[111.59477000000004,16.49207300000006],[111.59472900000009,16.492298000000062],[111.59470100000004,16.492527000000052],[111.59468200000003,16.49275700000004],[111.59466900000007,16.492988000000025],[111.59465900000004,16.493216000000075],[111.59464900000006,16.493486000000075],[111.59464400000007,16.493714000000068],[111.59464400000007,16.49394200000006],[111.59465100000006,16.49417200000005],[111.59466400000008,16.49440100000004],[111.59468600000008,16.494628000000034],[111.59471600000006,16.494852000000037],[111.59476800000004,16.49511700000005],[111.59483800000004,16.49537300000003],[111.59494000000007,16.49562000000003],[111.59507300000007,16.495858000000055],[111.59519700000004,16.496053000000074],[111.59532800000005,16.496246000000042],[111.59545900000006,16.49643700000007],[111.59558400000009,16.496631000000036],[111.59570300000007,16.496826000000056],[111.59582700000004,16.497020000000077],[111.59595600000006,16.497212000000047],[111.59608800000007,16.497404000000074],[111.59635600000007,16.49778500000002],[111.59649000000007,16.497975000000054],[111.59662100000008,16.498167000000024],[111.59674800000005,16.49835900000005],[111.59687000000008,16.498553000000072],[111.59700800000007,16.498789000000045],[111.59713300000004,16.49902700000007],[111.59724400000005,16.49927100000002],[111.59733900000003,16.499518000000023],[111.59741400000007,16.499772000000064],[111.59747300000004,16.500031000000035],[111.59751600000004,16.50029600000005],[111.59754600000008,16.50056500000005],[111.59756100000004,16.500792000000047],[111.59756900000008,16.501021000000037],[111.59757100000007,16.501251000000025],[111.59756900000008,16.50148100000007],[111.59756200000004,16.501713000000052],[111.59755300000006,16.50194300000004],[111.59754200000003,16.502173000000028],[111.59752600000007,16.502491000000077],[111.59751300000005,16.502761000000078],[111.59749600000004,16.50303100000002],[111.59747600000009,16.50330100000002],[111.59745100000004,16.503571000000022],[111.59742900000003,16.503796000000023],[111.59740400000004,16.504021000000023],[111.59737700000005,16.504246000000023],[111.59734800000007,16.504471000000024],[111.59731000000005,16.504740000000027],[111.59727700000008,16.504965000000027],[111.59724100000005,16.505188000000032],[111.59720500000009,16.505412000000035],[111.59716700000007,16.505636000000038],[111.59711900000008,16.50590200000005],[111.59707800000007,16.506125000000054],[111.59702800000008,16.506392000000062],[111.59697500000004,16.506657000000075],[111.59692000000007,16.50692300000003],[111.59686300000004,16.50718900000004],[111.59680400000008,16.507453000000055],[111.59675400000003,16.507675000000063]]],[[[111.68940400000008,16.577081000000078],[111.68938300000008,16.577307000000076],[111.68935600000009,16.577577000000076],[111.68933300000003,16.577802000000077],[111.68929900000006,16.578071000000023],[111.68926100000004,16.578339000000028],[111.68921400000005,16.57860500000004],[111.68917200000004,16.578828000000044],[111.68913100000009,16.579054000000042],[111.68908900000008,16.579282000000035],[111.68904500000008,16.57950900000003],[111.68899600000009,16.579737000000023],[111.68894200000005,16.57996000000003],[111.68888100000004,16.58018000000004],[111.68879500000008,16.580438000000072],[111.68869500000005,16.580684000000076],[111.68857600000007,16.58091900000005],[111.68842800000004,16.58114500000005],[111.68827900000008,16.581327000000044],[111.68810900000005,16.581498000000067],[111.68792400000007,16.58165500000007],[111.68772600000005,16.581791000000067],[111.68751800000007,16.581903000000068],[111.68726200000009,16.582001000000048],[111.68700100000007,16.58207900000002],[111.68673400000006,16.582148000000075],[111.68646400000006,16.582208000000037],[111.68619000000007,16.582264000000066],[111.68591300000008,16.58231200000006],[111.68568100000005,16.582348000000025],[111.68544700000007,16.582381000000055],[111.68521200000004,16.582411000000036],[111.68497600000006,16.582439000000022],[111.68473900000004,16.58246500000007],[111.68450300000006,16.582489000000066],[111.68426600000004,16.582513000000063],[111.68403000000006,16.582535000000064],[111.68379400000003,16.582557000000065],[111.68342000000007,16.58259300000003],[111.68318700000009,16.582617000000027],[111.68271900000008,16.582666000000074],[111.68224900000007,16.582712000000072],[111.68201400000004,16.582734000000073],[111.68177900000006,16.582754000000023],[111.68154400000009,16.58277000000004],[111.68130800000006,16.58278400000006],[111.68107400000008,16.582795000000033],[111.68083900000005,16.582802000000072],[111.68060500000007,16.582804000000067],[111.68032500000004,16.582800000000077],[111.68004600000006,16.582789000000048],[111.67976800000008,16.582767000000047],[111.67949200000004,16.582737000000066],[111.67921600000005,16.58269800000005],[111.67894100000007,16.582650000000058],[111.67866600000008,16.582595000000026],[111.67843700000009,16.58254500000004],[111.67820900000004,16.58249100000006],[111.67798200000004,16.58243200000004],[111.67775500000005,16.582370000000026],[111.67752900000005,16.58230700000007],[111.67730300000005,16.582241000000067],[111.67707700000005,16.58217300000007],[111.67662800000005,16.58203400000002],[111.67640400000005,16.58196300000003],[111.67618100000004,16.581893000000036],[111.67591400000003,16.581809000000078],[111.67564900000008,16.581720000000075],[111.67538700000006,16.58162500000003],[111.67512500000004,16.581526000000054],[111.67490800000007,16.58144100000004],[111.67469200000005,16.581354000000033],[111.67426000000006,16.581176000000028],[111.67404400000004,16.581087000000025],[111.67378500000007,16.580981000000065],[111.67356900000004,16.580894000000058],[111.67335100000008,16.580810000000042],[111.67313300000006,16.580727000000024],[111.67291400000005,16.580648000000053],[111.67264900000004,16.58055600000006],[111.67238400000008,16.58046500000006],[111.67211900000007,16.580376000000058],[111.67158600000005,16.580201000000045],[111.67136400000004,16.580130000000054],[111.67091800000009,16.579987000000074],[111.67047200000007,16.579846000000032],[111.67020500000007,16.579762000000073],[111.66998200000006,16.579693000000077],[111.66975800000006,16.57962200000003],[111.66949100000005,16.57953800000007],[111.66904500000004,16.57939700000003],[111.66859900000009,16.57925700000004],[111.66815500000007,16.579113000000063],[111.66788900000006,16.579026000000056],[111.66766700000005,16.578952000000072],[111.66740200000004,16.57886300000007],[111.66718100000008,16.57878800000003],[111.66691700000007,16.578696000000036],[111.66665300000005,16.578603000000044],[111.66639100000003,16.578509000000054],[111.66612900000007,16.57841300000007],[111.66586700000005,16.578314000000034],[111.66560700000008,16.578215000000057],[111.66534900000005,16.57810900000004],[111.66509400000007,16.577998000000036],[111.66484200000008,16.577878000000055],[111.66459300000008,16.577754000000027],[111.66438700000003,16.577646000000072],[111.66418200000004,16.57753500000007],[111.66393900000008,16.57740000000007],[111.66373600000009,16.577284000000077],[111.66333200000008,16.577053000000035],[111.66313000000008,16.576936000000046],[111.66292800000008,16.576821000000052],[111.66272500000008,16.576707000000056],[111.66252100000008,16.576596000000052],[111.66231600000009,16.576486000000045],[111.66211300000003,16.57637100000005],[111.66191100000009,16.576253000000065],[111.66171000000008,16.576135000000022],[111.66142600000006,16.575975000000028],[111.66117700000007,16.57585000000006],[111.66092200000008,16.57574500000004],[111.66065500000008,16.575664000000074],[111.66038200000008,16.575605000000053],[111.66015000000004,16.57556500000004],[111.65991600000007,16.575528000000077],[111.65968500000008,16.57548600000007],[111.65945600000003,16.575436000000025],[111.65922500000005,16.575387000000035],[111.65875700000004,16.57529900000003],[111.65852400000006,16.575251000000037],[111.65829600000006,16.575194000000067],[111.65803200000005,16.575110000000052],[111.65778200000005,16.575000000000045],[111.65754500000008,16.574864000000048],[111.65731600000004,16.57470900000004],[111.65713200000005,16.57456600000006],[111.65695400000004,16.574414000000047],[111.65678200000008,16.574254000000053],[111.65661800000004,16.574088000000074],[111.65646000000004,16.57391700000005],[111.65628100000004,16.573709000000065],[111.65611100000007,16.57349400000004],[111.65594800000008,16.57327300000003],[111.65581800000007,16.57308500000005],[111.65569000000005,16.572895000000074],[111.65556500000008,16.572701000000052],[111.65519400000005,16.572119000000043],[111.65506800000009,16.571926000000076],[111.65494100000006,16.571735000000047],[111.65478400000006,16.571510000000046],[111.65462000000008,16.57129100000003],[111.65444900000006,16.571079000000054],[111.65426900000006,16.570875000000058],[111.65407600000009,16.570682000000033],[111.65386800000005,16.57050300000003],[111.65364900000009,16.570336000000054],[111.65346000000005,16.570201000000054],[111.65326700000008,16.57007100000004],[111.65287500000005,16.569814000000065],[111.65268000000009,16.569686000000047],[111.65248700000006,16.569555000000037],[111.65229800000009,16.56941800000004],[111.65207900000007,16.569250000000068],[111.65189900000007,16.569105000000036],[111.65172000000007,16.568958000000066],[111.65154300000006,16.568810000000042],[111.65136600000005,16.568661000000077],[111.65115500000007,16.568482000000074],[111.65097800000007,16.56833400000005],[111.65080000000006,16.568186000000026],[111.65058500000004,16.568012000000067],[111.65036700000007,16.567841000000044],[111.65014600000006,16.567674000000068],[111.64992200000006,16.567510000000027],[111.64973500000008,16.567372000000034],[111.64954600000004,16.56723500000004],[111.64935500000007,16.56710000000004],[111.64916300000004,16.56696800000003],[111.64896700000008,16.566841000000068],[111.64876900000007,16.56672100000003],[111.64852600000006,16.566587000000027],[111.64827700000006,16.566467000000046],[111.64802100000009,16.56636100000003],[111.64776100000006,16.56626300000005],[111.64749700000004,16.566174000000046],[111.64727300000004,16.566104000000053],[111.64704800000004,16.566040000000044],[111.64682100000005,16.565979000000027],[111.64659200000006,16.56592100000006],[111.64636300000006,16.565867000000026],[111.64613400000007,16.565814000000046],[111.64590400000009,16.56576400000006],[111.64567500000004,16.56571500000007],[111.64540000000005,16.565657000000044],[111.64516900000007,16.56561800000003],[111.64493700000008,16.565585000000056],[111.64470200000005,16.56555700000007],[111.64446800000007,16.565533000000073],[111.64399700000007,16.565487000000076],[111.64376200000004,16.565462000000025],[111.64352900000006,16.565435000000036],[111.64325100000008,16.565395000000024],[111.64297600000003,16.565346000000034],[111.64270600000009,16.565284000000077],[111.64244000000008,16.565207000000044],[111.64199800000006,16.565056000000027],[111.64177700000005,16.56497200000007],[111.64155800000009,16.564880000000073],[111.64134100000007,16.564782000000037],[111.64112900000003,16.56467800000007],[111.64092100000005,16.56456600000007],[111.64071900000005,16.564446000000032],[111.64052500000008,16.56431900000007],[111.64030200000008,16.564156000000025],[111.64009300000004,16.563979000000074],[111.63989400000008,16.563793000000032],[111.63970200000006,16.563595000000078],[111.63954600000005,16.563425000000052],[111.63939500000004,16.56325000000004],[111.63924700000007,16.563071000000036],[111.63910100000004,16.562887000000046],[111.63895900000006,16.56270100000006],[111.63881700000007,16.562513000000024],[111.63867600000009,16.56232300000005],[111.63839600000006,16.561945000000037],[111.63825600000007,16.561755000000062],[111.63811400000009,16.561570000000074],[111.63797200000005,16.561386000000027],[111.63782600000008,16.561206000000027],[111.63767900000005,16.561029000000076],[111.63749800000005,16.560824000000025],[111.63731200000007,16.560627000000068],[111.63711900000004,16.56044000000003],[111.63691900000003,16.560264000000075],[111.63671100000005,16.560100000000034],[111.63649200000009,16.559953000000064],[111.63625400000006,16.559834000000023],[111.63599900000008,16.55973800000004],[111.63573100000008,16.559665000000052],[111.63549900000004,16.55961700000006],[111.63526000000007,16.559579000000042],[111.63501800000006,16.55954900000006],[111.63477400000005,16.559525000000065],[111.63428300000004,16.559488000000044],[111.63404100000008,16.55947100000003],[111.63380300000006,16.559450000000027],[111.63352500000008,16.55942600000003],[111.63324900000003,16.559468000000038],[111.63301700000005,16.559532000000047],[111.63278600000007,16.559579000000042],[111.63250700000009,16.559579000000042],[111.63199200000008,16.559558000000038],[111.63175700000005,16.559547000000066],[111.63152100000008,16.559533000000044],[111.63128700000004,16.559517000000028],[111.63105200000007,16.559498000000076],[111.63081700000004,16.559475000000077],[111.63058400000006,16.55944800000003],[111.63030500000008,16.559409000000073],[111.63002900000004,16.559363000000076],[111.62975500000005,16.559308000000044],[111.62948300000005,16.559244000000035],[111.62921300000005,16.55917400000004],[111.62894500000004,16.55909900000006],[111.62867700000004,16.559018000000037],[111.62841000000009,16.558933000000025],[111.62814500000007,16.558846000000074],[111.62792400000006,16.558770000000038],[111.62770300000005,16.558693000000062],[111.62748300000004,16.558614000000034],[111.62704200000007,16.558455000000038],[111.62660300000005,16.558294000000046],[111.62616200000008,16.55813500000005],[111.62572200000005,16.557980000000043],[111.62474700000007,16.557656000000065],[111.62448100000006,16.55756800000006],[111.62377300000009,16.55733200000003],[111.62350700000007,16.557245000000023],[111.62279800000005,16.55700900000005],[111.62253300000003,16.556921000000045],[111.62182400000006,16.556685000000073],[111.62138100000004,16.556538000000046],[111.62112200000007,16.556451000000038],[111.62090000000006,16.556377000000055],[111.62067800000005,16.556305000000066],[111.62041200000004,16.55621700000006],[111.62019000000004,16.556143000000077],[111.61992500000008,16.556054000000074],[111.61970400000007,16.55597800000004],[111.61944100000005,16.55588400000005],[111.61917900000009,16.55578600000007],[111.61896200000007,16.555701000000056],[111.61870400000004,16.55559500000004],[111.61849000000007,16.555503000000044],[111.61823400000009,16.555390000000045],[111.61798000000005,16.55527600000005],[111.61772500000006,16.55515900000006],[111.61747100000008,16.55504200000007],[111.61721600000004,16.554929000000072],[111.61700000000008,16.554837000000077],[111.61678500000005,16.554746000000023],[111.61656900000008,16.55465300000003],[111.61635800000005,16.554554000000053],[111.61611000000005,16.554427000000032],[111.61587300000008,16.554286000000047],[111.61564500000009,16.554129000000046],[111.61542200000008,16.55396600000006],[111.61520200000007,16.553799000000026],[111.61498600000004,16.553625000000068],[111.61480700000004,16.55347900000004],[111.61463000000003,16.553329000000076],[111.61445500000008,16.55317800000006],[111.61428100000006,16.553026000000045],[111.61410700000005,16.552873000000034],[111.61393400000009,16.552720000000022],[111.61358800000005,16.552414000000056],[111.61338300000006,16.552229000000068],[111.61317900000006,16.552043000000026],[111.61301100000009,16.551885000000027],[111.61284400000005,16.55172600000003],[111.61267900000007,16.551566000000037],[111.61248100000006,16.551374000000067],[111.61215500000009,16.551049000000035],[111.61183000000005,16.550723000000062],[111.61163900000008,16.550524000000053],[111.61145000000005,16.550324000000046],[111.61126400000006,16.550121000000047],[111.61111000000005,16.54995100000002],[111.61092300000007,16.549747000000025],[111.61073600000009,16.549546000000078],[111.61054600000006,16.54934600000007],[111.61038500000006,16.54918200000003],[111.61019000000005,16.548987000000068],[111.61002700000006,16.548825000000022],[111.60969800000004,16.54850300000004],[111.60953200000006,16.548343000000045],[111.60933300000005,16.54815300000007],[111.60916600000007,16.547994000000074],[111.60879600000004,16.54764700000004],[111.60855900000007,16.547429000000022],[111.60839000000004,16.547271000000023],[111.60822400000006,16.547106000000042],[111.60805800000009,16.546939000000066],[111.60789000000005,16.54677300000003],[111.60771900000009,16.546613000000036],[111.60754400000008,16.546462000000076],[111.60732300000006,16.54630000000003],[111.60708900000009,16.546167000000025],[111.60683700000004,16.546058000000073],[111.60661300000004,16.54598100000004],[111.60638000000006,16.545919000000026],[111.60614200000003,16.54587200000003],[111.60590200000007,16.545844000000045],[111.60566300000005,16.545835000000068],[111.60538400000007,16.545852000000025],[111.60511300000007,16.545896000000027],[111.60484400000007,16.54595000000006],[111.60457400000007,16.546015000000068],[111.60430500000007,16.546088000000054],[111.60403700000006,16.546169000000077],[111.60381400000006,16.546241000000066],[111.60359100000005,16.546316000000047],[111.60336800000005,16.546393000000023],[111.60292300000009,16.546553000000074],[111.60270100000008,16.546633000000043],[111.60225600000007,16.54679100000004],[111.60203500000006,16.546867000000077],[111.60181200000005,16.546939000000066],[111.60159100000004,16.547015000000044],[111.60137200000008,16.547097000000065],[111.60115400000007,16.547181000000023],[111.60093600000005,16.547267000000033],[111.60071700000009,16.547348000000056],[111.60045300000007,16.54744000000005],[111.60018500000007,16.547518000000025],[111.59991300000007,16.547581000000037],[111.59968300000008,16.547623000000044],[111.59945000000005,16.547654000000023],[111.59921500000007,16.547676000000024],[111.59898000000004,16.547690000000046],[111.59874500000006,16.54769600000003],[111.59846500000003,16.547695000000033],[111.59822900000006,16.547687000000053],[111.59799400000009,16.54767000000004],[111.59775900000005,16.547645000000045],[111.59752700000007,16.547608000000025],[111.59725500000008,16.547548000000063],[111.59698700000007,16.54747100000003],[111.59676400000006,16.547397000000046],[111.59654400000005,16.54731300000003],[111.59632700000009,16.54722000000004],[111.59611700000005,16.547115000000076],[111.59587600000009,16.546977000000027],[111.59564600000004,16.54682500000007],[111.59541800000005,16.546668000000068],[111.59523000000007,16.54653200000007],[111.59504400000009,16.546393000000023],[111.59486100000004,16.54625100000004],[111.59468000000004,16.54610500000007],[111.59450100000004,16.545956000000047],[111.59432600000008,16.545804000000032],[111.59415400000006,16.545649000000026],[111.59395300000006,16.54546000000005],[111.59375700000004,16.54526800000002],[111.59356700000006,16.54506900000007],[111.59341300000006,16.54489700000005],[111.59326400000003,16.544719000000043],[111.59312200000005,16.54453600000005],[111.59298900000005,16.544347000000073],[111.59286300000008,16.54415400000005],[111.59272600000008,16.543919000000074],[111.59260600000005,16.543676000000062],[111.59249500000004,16.54342900000006],[111.59240800000003,16.543218000000024],[111.59232700000007,16.543004000000053],[111.59225300000008,16.542786000000035],[111.59218600000008,16.542566000000022],[111.59212800000006,16.54234500000007],[111.59207700000007,16.542122000000063],[111.59203500000007,16.541900000000055],[111.59199800000005,16.541633000000047],[111.59197500000005,16.54136600000004],[111.59196500000007,16.541097000000036],[111.59196600000007,16.54087100000004],[111.59197400000005,16.54064500000004],[111.59199000000007,16.540418000000045],[111.59200900000008,16.54019100000005],[111.59203400000007,16.539964000000055],[111.59206400000005,16.53973700000006],[111.59209500000009,16.53951200000006],[111.59212800000006,16.53928700000006],[111.59217800000005,16.53897500000005],[111.59221400000007,16.538751000000047],[111.59225300000008,16.538528000000042],[111.59229300000004,16.53830300000004],[111.59233700000004,16.53807900000004],[111.59238500000004,16.537856000000033],[111.59243600000008,16.537635000000023],[111.59249300000005,16.53741400000007],[111.59255500000006,16.53719600000005],[111.59263700000008,16.536937000000023],[111.59272900000008,16.53668300000004],[111.59283200000004,16.536433000000045],[111.59294200000005,16.536185000000046],[111.59303900000003,16.535979000000054],[111.59313900000006,16.535775000000058],[111.59324500000008,16.53557100000006],[111.59335400000003,16.535370000000057],[111.59346600000003,16.535169000000053],[111.59358200000008,16.53497100000004],[111.59370200000006,16.534776000000022],[111.59382500000004,16.53458100000006],[111.59395100000006,16.53439000000003],[111.59407900000008,16.534200000000055],[111.59423600000008,16.533976000000052],[111.59439800000007,16.53375600000004],[111.59457300000008,16.533548000000053],[111.59476400000005,16.53335100000004],[111.59493200000009,16.53319300000004],[111.59510600000004,16.533040000000028],[111.59528200000005,16.53288800000007],[111.59545800000006,16.532736000000057],[111.59563200000008,16.532582000000048],[111.59580100000005,16.532425000000046],[111.59599300000008,16.532227000000034],[111.59617300000008,16.532019000000048],[111.59631800000005,16.531841000000043],[111.59648700000008,16.531623000000025],[111.59665500000006,16.53140600000006],[111.59679600000004,16.531225000000063],[111.59697200000005,16.53101300000003],[111.59715600000004,16.530809000000033],[111.59735000000006,16.530613000000073],[111.59751100000005,16.530449000000033],[111.59767400000004,16.53028500000005],[111.59783700000008,16.530122000000063],[111.59800100000007,16.529957000000024],[111.59816700000005,16.529795000000036],[111.59833400000008,16.52963500000004],[111.59850200000005,16.529475000000048],[111.59867200000008,16.529318000000046],[111.59884500000004,16.529164000000037],[111.59905500000008,16.528984000000037],[111.59926900000005,16.52881000000002],[111.59948800000006,16.528642000000048],[111.59971000000007,16.528482000000054],[111.59993900000006,16.52833000000004],[111.60017800000008,16.52819100000005],[111.60042400000009,16.52806300000003],[111.60063500000007,16.527963000000057],[111.60084900000004,16.52786800000007],[111.60106600000006,16.52777800000007],[111.60128500000008,16.52769200000006],[111.60150600000009,16.527608000000043],[111.60172700000004,16.527527000000077],[111.60194700000005,16.527446000000054],[111.60216600000007,16.52736600000003],[111.60242900000009,16.52727100000004],[111.60264900000004,16.52719200000007],[111.60286900000006,16.527115000000038],[111.60309100000006,16.527040000000056],[111.60331300000007,16.52696700000007],[111.60353600000008,16.526895000000025],[111.60375900000008,16.526827000000026],[111.60398400000008,16.526759000000027],[111.60425400000008,16.526683000000048],[111.60447900000008,16.526621000000034],[111.60475100000008,16.526552000000038],[111.60502300000007,16.52648800000003],[111.60529600000007,16.52642700000007],[111.60557100000005,16.526373000000035],[111.60580200000004,16.526332000000025],[111.60603300000008,16.52629500000006],[111.60626600000006,16.52626200000003],[111.60649900000004,16.526233000000047],[111.60673300000008,16.526208000000054],[111.60696700000005,16.52618700000005],[111.60720100000009,16.526171000000033],[111.60743500000007,16.526159000000064],[111.60771500000004,16.52615000000003],[111.60799600000007,16.526145000000042],[111.60827600000005,16.526143000000047],[111.60855700000008,16.526143000000047],[111.60879100000005,16.52614600000004],[111.60911900000008,16.526153000000022],[111.60935400000005,16.526159000000064],[111.60958800000009,16.526167000000044],[111.60982300000006,16.526177000000075],[111.61005700000004,16.52618700000005],[111.61029100000007,16.526199000000076],[111.61052500000005,16.526212000000044],[111.61076000000008,16.526226000000065],[111.61104000000006,16.526244000000077],[111.61127400000004,16.52625900000004],[111.61155400000007,16.526280000000042],[111.61183400000004,16.52629900000005],[111.61211300000008,16.526325000000043],[111.61234700000006,16.526351000000034],[111.61257900000004,16.526383000000067],[111.61281000000008,16.526419000000033],[111.61304200000006,16.526459000000045],[111.61327100000005,16.526503000000048],[111.61350100000004,16.526550000000043],[111.61377400000003,16.526612000000057],[111.61400300000008,16.52666400000004],[111.61423300000007,16.526714000000027],[111.61469500000004,16.526812000000064],[111.61492600000008,16.52686200000005],[111.61515700000007,16.526913000000036],[111.61538700000006,16.52696700000007],[111.61561600000005,16.527022000000045],[111.61584300000004,16.52708300000006],[111.61606800000004,16.527146000000073],[111.61633400000005,16.527229000000034],[111.61659700000007,16.52732100000003],[111.61685300000005,16.527423000000056],[111.61710400000004,16.527535000000057],[111.61734700000005,16.527662000000078],[111.61758200000008,16.52780400000006],[111.61781100000007,16.527959000000067],[111.61803500000008,16.52812300000005],[111.61821800000007,16.528265000000033],[111.61840000000007,16.528411000000062],[111.61876200000006,16.528706000000057],[111.61894300000006,16.528854000000024],[111.61912600000005,16.528999000000056],[111.61931200000004,16.52914000000004],[111.61950100000007,16.52927500000004],[111.61973200000006,16.529427000000055],[111.61992900000007,16.52955000000003],[111.62016800000004,16.529692000000068],[111.62037000000004,16.529807000000062],[111.62077600000003,16.530034000000057],[111.62097800000004,16.53014900000005],[111.62118000000004,16.530265000000043],[111.62141900000006,16.530406000000028],[111.62165400000004,16.53055500000005],[111.62187800000004,16.530718000000036],[111.62205600000004,16.530865000000063],[111.62223000000006,16.531018000000074],[111.62244200000004,16.531196000000023],[111.62266600000004,16.53135800000007],[111.62286700000004,16.53147800000005],[111.62308000000007,16.531578000000025],[111.62334700000008,16.531656000000055],[111.62357700000007,16.531710000000032],[111.62381200000004,16.531757000000027],[111.62404800000007,16.531791000000055],[111.62428200000005,16.531804000000022],[111.62455700000004,16.531784000000073],[111.62483000000009,16.531736000000024],[111.62510400000008,16.531674000000066],[111.62533100000007,16.531611000000055],[111.62555800000007,16.531540000000064],[111.62578100000007,16.531462000000033],[111.62600100000009,16.531375000000025],[111.62621600000006,16.531282000000033],[111.62646500000005,16.531161000000054],[111.62670700000007,16.53102700000005],[111.62694000000005,16.530879000000027],[111.62716700000004,16.53072000000003],[111.62735300000008,16.530582000000038],[111.62753800000007,16.530440000000056],[111.62772200000006,16.530297000000076],[111.62790700000005,16.530155000000036],[111.62809300000004,16.530017000000043],[111.62828100000007,16.529882000000043],[111.62847000000005,16.52974800000004],[111.62865900000008,16.529614000000038],[111.62888600000008,16.529454000000044],[111.62907500000006,16.52932000000004],[111.62930100000005,16.52915900000005],[111.62952600000006,16.52899700000006],[111.62971200000004,16.528860000000066],[111.63000700000003,16.528636000000063],[111.63022400000006,16.52846500000004],[111.63040100000006,16.528316000000075],[111.63057600000008,16.528162000000066],[111.63074700000004,16.528004000000067],[111.63108900000009,16.52768700000007],[111.63126100000005,16.52753000000007],[111.63143500000007,16.52737600000006],[111.63164700000004,16.527198000000055],[111.63186400000006,16.527030000000025],[111.63208900000006,16.526874000000078],[111.63232300000004,16.526732000000038],[111.63256700000005,16.52660700000007],[111.63282100000004,16.526495000000068],[111.63308300000006,16.526396000000034],[111.63330500000006,16.52632200000005],[111.63353200000006,16.52625500000005],[111.63376000000005,16.526193000000035],[111.63399100000004,16.526135000000068],[111.63422100000008,16.526080000000036],[111.63445100000007,16.52602900000005],[111.63468000000006,16.52597700000007],[111.63495300000005,16.525920000000042],[111.63522900000004,16.525870000000054],[111.63550600000008,16.525829000000044],[111.63573900000006,16.525799000000063],[111.63597200000004,16.525772000000075],[111.63620600000007,16.52574800000002],[111.63667300000009,16.52570300000002],[111.63690700000006,16.525683000000072],[111.63718700000004,16.52565800000002],[111.63765400000005,16.525611000000026],[111.63788800000009,16.52558700000003],[111.63812300000006,16.52556400000003],[111.63835800000004,16.525543000000027],[111.63859200000007,16.52552600000007],[111.63882700000005,16.52551100000005],[111.63906100000008,16.525502000000074],[111.63934100000006,16.525499000000025],[111.63961900000004,16.52550400000007],[111.63989700000008,16.525522000000024],[111.64013100000005,16.525544000000025],[111.64036600000009,16.525572000000068],[111.64060100000006,16.52561000000003],[111.64083400000004,16.52565500000003],[111.64106500000008,16.525709000000063],[111.64124600000008,16.525760000000048],[111.64330400000006,16.526553000000035],[111.64513200000005,16.528171000000043],[111.64612300000005,16.529422000000068],[111.64680800000008,16.531849000000022],[111.64671500000009,16.533475000000067],[111.64672700000006,16.533588000000066],[111.64675000000005,16.533858000000066],[111.64676500000007,16.534125000000074],[111.64677400000005,16.534530000000075],[111.64677200000006,16.534756000000073],[111.64676500000007,16.53498200000007],[111.64675300000005,16.535209000000066],[111.64673600000003,16.53543600000006],[111.64671400000009,16.53566200000006],[111.64668900000004,16.535889000000054],[111.64666000000005,16.536115000000052],[111.64662600000008,16.536340000000052],[111.64658900000006,16.536564000000055],[111.64654900000005,16.536788000000058],[111.64649500000007,16.53705400000007],[111.64643800000005,16.537318000000027],[111.64637400000004,16.537581000000046],[111.64630500000004,16.537843000000066],[111.64623100000006,16.538104000000033],[111.64615300000008,16.53836300000006],[111.64608400000009,16.538580000000024],[111.64599900000007,16.538838000000055],[111.64592600000009,16.539053000000024],[111.64585000000005,16.539267000000052],[111.64577400000007,16.539482000000078],[111.64569600000004,16.53969600000005],[111.64561800000007,16.539910000000077],[111.64544300000006,16.54037900000003],[111.64536400000009,16.540593000000058],[111.64527000000004,16.54084800000004],[111.64519200000007,16.541062000000068],[111.64509700000008,16.54131600000005],[111.64501100000007,16.541529000000025],[111.64492100000007,16.541739000000064],[111.64482900000007,16.541950000000043],[111.64473400000008,16.542159000000026],[111.64463800000004,16.542368000000067],[111.64454300000006,16.54257700000005],[111.64444900000007,16.542787000000033],[111.64435700000007,16.54299700000007],[111.64425300000005,16.54324900000006],[111.64415500000007,16.543502000000046],[111.64406500000007,16.54375600000003],[111.64398700000004,16.544013000000064],[111.64392200000009,16.54427000000004],[111.64387700000009,16.544534000000056],[111.64386100000007,16.544804000000056],[111.64386600000006,16.545033000000046],[111.64388700000006,16.545263000000034],[111.64392100000003,16.545494000000076],[111.64396700000009,16.545720000000074],[111.64402200000006,16.545943000000022],[111.64409700000004,16.546201000000053],[111.64416600000004,16.546421000000066],[111.64424000000008,16.54664500000007],[111.64432200000005,16.546869000000072],[111.64441300000004,16.547090000000026],[111.64451600000007,16.547303000000056],[111.64463200000006,16.54750400000006],[111.64479000000006,16.54772500000007],[111.64497200000005,16.54791400000005],[111.64518000000004,16.548076000000037],[111.64540500000004,16.548227000000054],[111.64560500000005,16.548346000000038],[111.64581400000009,16.54845800000004],[111.64603000000005,16.548561000000063],[111.64625300000006,16.548658000000046],[111.64648000000005,16.548744000000056],[111.64671100000004,16.548821000000032],[111.64694400000008,16.548888000000034],[111.64717700000006,16.548944000000063],[111.64740900000004,16.548989000000063],[111.64768300000009,16.549026000000026],[111.64795500000008,16.549045000000035],[111.64822900000007,16.549046000000033],[111.64850400000006,16.549033000000065],[111.64878100000004,16.549006000000077],[111.64905900000008,16.548969000000056],[111.64929200000006,16.548932000000036],[111.64952500000004,16.548891000000026],[111.64975900000007,16.548847000000023],[111.64999300000005,16.548802000000023],[111.65022800000008,16.548756000000026],[111.65046300000006,16.548713000000077],[111.65069700000004,16.548672000000067],[111.65093200000007,16.548636000000045],[111.65116600000005,16.54860400000007],[111.65139900000008,16.548580000000072],[111.65168000000006,16.548561000000063],[111.65196000000009,16.548546000000044],[111.65224100000006,16.548535000000072],[111.65247500000004,16.548528000000033],[111.65271000000007,16.548523000000046],[111.65294400000005,16.548520000000053],[111.65317900000008,16.54851800000006],[111.65355400000004,16.548520000000053],[111.65378800000008,16.548523000000046],[111.65402300000005,16.548528000000033],[111.65449100000006,16.548542000000054],[111.65472600000004,16.54855100000003],[111.65552300000007,16.548587000000055],[111.65575900000005,16.548599000000024],[111.65599500000008,16.548613000000046],[111.65623100000005,16.548629000000062],[111.65646600000008,16.54864900000007],[111.65670000000006,16.548674000000062],[111.65693300000004,16.548704000000043],[111.65720900000008,16.548749000000043],[111.65748200000007,16.548805000000073],[111.65775000000008,16.54887400000007],[111.65801500000003,16.548955000000035],[111.65827700000006,16.549048000000028],[111.65853700000008,16.549150000000054],[111.65875200000005,16.549241000000052],[111.65896500000008,16.54933600000004],[111.65917700000006,16.54943700000007],[111.65938800000004,16.549541000000033],[111.65959600000008,16.549646000000052],[111.65980500000006,16.549754000000064],[111.66001200000005,16.549863000000073],[111.66021800000004,16.549973000000023],[111.66046400000005,16.550103000000036],[111.66066400000005,16.550221000000022],[111.66085900000007,16.55034900000004],[111.66104900000005,16.55048400000004],[111.66123700000009,16.550624000000028],[111.66142500000007,16.550763000000074],[111.66161500000004,16.550899000000072],[111.66180700000007,16.55102800000003],[111.66204500000003,16.551169000000073],[111.66229300000003,16.551289000000054],[111.66255100000006,16.551390000000026],[111.66281300000009,16.551487000000066],[111.66303400000004,16.551566000000037],[111.66325600000005,16.551642000000072],[111.66348000000005,16.55171400000006],[111.66370600000005,16.551784000000055],[111.66393300000004,16.55185000000006],[111.66416200000003,16.551911000000075],[111.66439100000008,16.551969000000042],[111.66462100000007,16.552023000000077],[111.66485100000006,16.55207100000007],[111.66508100000004,16.55211600000007],[111.66535700000009,16.55216100000007],[111.66563300000007,16.55219900000003],[111.66590800000006,16.55222800000007],[111.66618500000004,16.552241000000038],[111.66646400000008,16.552237000000048],[111.66674500000005,16.55221700000004],[111.66697900000008,16.552190000000053],[111.66721500000006,16.552157000000022],[111.66744900000003,16.55211600000007],[111.66768200000007,16.55207000000007],[111.66791400000005,16.552021000000025],[111.66814400000004,16.551968000000045],[111.66837200000003,16.551916000000062],[111.66864500000008,16.55185000000006],[111.66891700000008,16.551783000000057],[111.66914400000007,16.55172600000003],[111.66937000000007,16.55166600000007],[111.66959600000007,16.55160600000005],[111.66982200000007,16.551543000000038],[111.67004800000007,16.55147900000003],[111.67027300000007,16.551413000000025],[111.67049700000007,16.551345000000026],[111.67072100000007,16.551274000000035],[111.67094300000008,16.551203000000044],[111.67116600000008,16.551128000000062],[111.67138600000004,16.551052000000027],[111.67160600000005,16.550973000000056],[111.67186700000008,16.550875000000076],[111.67212700000005,16.550774000000047],[111.67238500000008,16.550669000000028],[111.67263900000006,16.550557000000026],[111.67288900000005,16.55043500000005],[111.67313500000006,16.550307000000032],[111.67333900000006,16.550194000000033],[111.67354000000006,16.550078000000042],[111.67374000000007,16.549960000000056],[111.67394000000007,16.549839000000077],[111.67413800000008,16.549716000000046],[111.67433600000004,16.549593000000073],[111.67453300000005,16.549470000000042],[111.67473100000007,16.54934700000007],[111.67492900000008,16.549226000000033],[111.67512700000009,16.549105000000054],[111.67540900000006,16.548940000000073],[111.67601700000006,16.54858900000005],[111.67621900000006,16.548470000000066],[111.67641900000007,16.54834900000003],[111.67661500000008,16.54822400000006],[111.67684600000007,16.54807100000005],[111.67707000000007,16.54790900000006],[111.67728600000004,16.547740000000033],[111.67749100000009,16.547562000000028],[111.67767800000007,16.54736500000007],[111.67784800000004,16.547151000000042],[111.67798000000005,16.546963000000062],[111.67810700000007,16.54676900000004],[111.67822900000004,16.546573000000024],[111.67835100000008,16.546376000000066],[111.67847500000005,16.546181000000047],[111.67860400000006,16.54599200000007],[111.67873900000006,16.545804000000032],[111.67887900000005,16.54561700000005],[111.67902100000003,16.545431000000065],[111.67916200000008,16.545243000000028],[111.67929700000008,16.54505400000005],[111.67942700000009,16.544862000000023],[111.67956800000007,16.544629000000043],[111.67969000000005,16.54439000000002],[111.67978800000009,16.54414600000007],[111.67985600000009,16.543892000000028],[111.67989900000003,16.543627000000072],[111.67991600000005,16.543400000000076],[111.67991800000004,16.543170000000032],[111.67990800000007,16.54293700000005],[111.67988600000007,16.542706000000067],[111.67985700000008,16.542475000000024],[111.67982000000006,16.542250000000024],[111.67977000000008,16.54198400000007],[111.67972700000007,16.541762000000062],[111.67968100000007,16.541540000000055],[111.67963300000008,16.54131600000005],[111.67958200000004,16.54109200000005],[111.67952700000006,16.540869000000043],[111.67946900000004,16.540647000000035],[111.67940500000009,16.540427000000022],[111.67933700000009,16.540208000000064],[111.67926100000005,16.539993000000038],[111.67918100000009,16.539779000000067],[111.67907400000007,16.539529000000073],[111.67895600000008,16.539285000000064],[111.67882700000007,16.539049000000034],[111.67868700000008,16.53881700000005],[111.67854000000005,16.538590000000056],[111.67838700000004,16.538365000000056],[111.67822900000004,16.538145000000043],[111.67806400000006,16.537926000000027],[111.67792400000008,16.53774500000003],[111.67778200000004,16.53756500000003],[111.67763600000006,16.53738800000002],[111.67749000000003,16.537210000000073],[111.67734200000007,16.537034000000062],[111.67704300000008,16.536680000000047],[111.67689300000006,16.536504000000036],[111.67674400000004,16.536328000000026],[111.67659600000007,16.536151000000075],[111.67644800000005,16.53597300000007],[111.67630200000008,16.535795000000064],[111.67615800000004,16.535614000000066],[111.67601700000006,16.53543300000007],[111.67587800000007,16.535251000000073],[111.67574300000007,16.53506600000003],[111.67558500000007,16.534843000000023],[111.67529600000006,16.534429000000046],[111.67516600000005,16.534241000000065],[111.67503600000003,16.53405200000003],[111.67490700000008,16.53386100000006],[111.67477900000006,16.53366900000003],[111.67465300000003,16.53347800000006],[111.67452900000006,16.533285000000035],[111.67440700000009,16.533090000000072],[111.67428800000005,16.532895000000053],[111.67417100000006,16.532699000000036],[111.67403500000006,16.532462000000066],[111.67390500000005,16.532223000000045],[111.67377900000008,16.531982000000028],[111.67365900000004,16.531738000000075],[111.67354600000004,16.53149200000007],[111.67343800000003,16.531243000000075],[111.67335200000008,16.53103100000004],[111.67327000000006,16.530816000000073],[111.67319200000009,16.530599000000052],[111.67312100000004,16.530380000000036],[111.67305400000004,16.530160000000024],[111.67298300000004,16.52989400000007],[111.67293000000006,16.529671000000064],[111.67288600000006,16.52944800000006],[111.67284900000004,16.529224000000056],[111.67281500000007,16.528958000000046],[111.67279300000007,16.528691000000038],[111.67278200000004,16.52842400000003],[111.67277800000005,16.528196000000037],[111.67277800000005,16.52796500000005],[111.67278500000003,16.527734000000066],[111.67279800000006,16.52750100000003],[111.67281900000006,16.52726800000005],[111.67284700000005,16.52703800000006],[111.67288400000007,16.526808000000074],[111.67293000000006,16.526582000000076],[111.67298600000004,16.526361000000065],[111.67305200000004,16.526144000000045],[111.67314600000009,16.525893000000053],[111.67325800000009,16.52565000000004],[111.67338300000006,16.52541700000006],[111.67351700000006,16.52518500000002],[111.67366000000004,16.52495700000003],[111.67381100000006,16.524729000000036],[111.67396800000006,16.524505000000033],[111.67410500000005,16.524319000000048],[111.67424500000004,16.524136000000055],[111.67439000000007,16.523955000000058],[111.67453800000004,16.523775000000057],[111.67469000000006,16.523597000000052],[111.67484400000006,16.52342100000004],[111.67500100000007,16.523248000000024],[111.67516000000006,16.52307600000006],[111.67532100000005,16.522906000000035],[111.67548400000004,16.52273800000006],[111.67564800000008,16.522573000000023],[111.67581300000006,16.522410000000036],[111.67597900000004,16.522249000000045],[111.67617800000005,16.52205900000007],[111.67637800000006,16.521874000000025],[111.67658900000004,16.52169900000007],[111.67680900000005,16.52153400000003],[111.67703700000004,16.521378000000027],[111.67727300000007,16.52123000000006],[111.67747300000008,16.521111000000076],[111.67767600000008,16.520995000000028],[111.67788200000007,16.52088100000003],[111.67808900000006,16.52076900000003],[111.67829600000005,16.520658000000026],[111.67850200000004,16.520545000000027],[111.67870700000009,16.520433000000025],[111.67891000000009,16.52031800000003],[111.67915100000005,16.52017900000004],[111.67935400000005,16.520066000000043],[111.67955800000004,16.519953000000044],[111.67976300000004,16.519843000000037],[111.67996900000009,16.519734000000028],[111.68017500000008,16.519626000000073],[111.68038200000007,16.51951900000006],[111.68059000000005,16.519412000000045],[111.68079700000004,16.51930500000003],[111.68100400000009,16.519198000000074],[111.68121000000008,16.51909100000006],[111.68141600000007,16.518981000000053],[111.68162100000006,16.518872000000044],[111.68182500000006,16.51876100000004],[111.68202800000006,16.518647000000044],[111.68226900000008,16.51850900000005],[111.68250700000004,16.51836700000007],[111.68274200000008,16.51822100000004],[111.68297400000006,16.518070000000023],[111.68320300000005,16.517915000000073],[111.68343000000004,16.517755000000022],[111.68361800000008,16.517620000000022],[111.68380500000006,16.51748200000003],[111.68399000000005,16.517342000000042],[111.68417400000004,16.517199000000062],[111.68435600000004,16.51705400000003],[111.68453700000003,16.516908000000058],[111.68471500000004,16.51675800000004],[111.68489000000005,16.516606000000024],[111.68506400000007,16.516451000000075],[111.68523400000004,16.516294000000073],[111.68540100000007,16.516136000000074],[111.68556500000005,16.51597400000003],[111.68575700000008,16.515776000000074],[111.68594400000006,16.515577000000064],[111.68612500000006,16.515373000000068],[111.68630100000007,16.515164000000027],[111.68647200000004,16.51494900000006],[111.68661100000008,16.514766000000066],[111.68674800000008,16.514580000000024],[111.68688000000009,16.514391000000046],[111.68700900000005,16.514199000000076],[111.68713400000007,16.514005000000054],[111.68727900000005,16.513769000000025],[111.68739500000004,16.513570000000072],[111.68750800000004,16.51336800000007],[111.68761600000005,16.513167000000067],[111.68772000000007,16.51296300000007],[111.68783900000005,16.51271900000006],[111.68795100000006,16.51247200000006],[111.68805600000007,16.512226000000055],[111.68814100000009,16.511971000000074],[111.68820600000004,16.511708000000056],[111.68824800000004,16.511483000000055],[111.68828000000008,16.51125600000006],[111.68830200000008,16.511028000000067],[111.68831700000004,16.510797000000025],[111.68832600000007,16.510568000000035],[111.68832900000007,16.510340000000042],[111.68832900000007,16.51007000000004],[111.68832300000008,16.50980100000004],[111.68831400000005,16.50957500000004],[111.68829800000009,16.50930500000004],[111.68828100000007,16.509079000000042],[111.68826100000007,16.508853000000045],[111.68823300000008,16.50858400000004],[111.68820800000009,16.508358000000044],[111.68817900000005,16.508133000000043],[111.68814900000007,16.507907000000046],[111.68811700000003,16.507683000000043],[111.68807600000008,16.50741400000004],[111.68804200000005,16.507190000000037],[111.68800600000009,16.50696700000003],[111.68796000000009,16.506700000000023],[111.68792100000007,16.506477000000075],[111.68787100000009,16.506211000000064],[111.68782800000008,16.50598800000006],[111.68777400000005,16.505723000000046],[111.68772800000005,16.50550000000004],[111.68768000000006,16.50527900000003],[111.68763100000007,16.505058000000076],[111.68757100000005,16.504793000000063],[111.68750900000003,16.504529000000048],[111.68744600000008,16.504265000000032],[111.68739300000004,16.504045000000076],[111.68728300000004,16.503604000000053],[111.68721700000009,16.503341000000034],[111.68715900000007,16.503123000000073],[111.68709600000005,16.502905000000055],[111.68701600000009,16.50264500000003],[111.68694500000004,16.50243000000006],[111.68687400000005,16.502214000000038],[111.68672900000007,16.501783000000046],[111.68665800000008,16.501568000000077],[111.68657700000006,16.50130800000005],[111.68649900000008,16.501049000000023],[111.68644000000006,16.500830000000065],[111.68637500000006,16.500567000000046],[111.68631500000004,16.500302000000033],[111.68625900000006,16.500036000000023],[111.68620600000008,16.49977000000007],[111.68616400000008,16.49954800000006],[111.68611700000008,16.499280000000056],[111.68607900000006,16.499056000000053],[111.68603600000006,16.498789000000045],[111.68600000000004,16.498565000000042],[111.68596600000006,16.498342000000036],[111.68592600000005,16.498073000000034],[111.68589000000009,16.49784900000003],[111.68585300000007,16.497623000000033],[111.68581700000004,16.497397000000035],[111.68578800000006,16.49717000000004],[111.68576800000005,16.496944000000042],[111.68576000000007,16.49667500000004],[111.68577600000003,16.49640900000003],[111.68581800000004,16.496144000000072],[111.68588300000005,16.495881000000054],[111.68595200000004,16.495663000000036],[111.68602900000008,16.495446000000072],[111.68611300000003,16.495232000000044],[111.68620100000004,16.495020000000068],[111.68631100000005,16.494773000000066],[111.68644200000006,16.494534000000044],[111.68656200000004,16.494339000000025],[111.68681100000003,16.49395400000003],[111.68693000000007,16.49375900000007],[111.68704100000008,16.49355500000007],[111.68725100000006,16.49313600000005],[111.68736000000007,16.492930000000058],[111.68747700000006,16.492733000000044],[111.68763600000005,16.492515000000026],[111.68795900000003,16.492212000000052],[111.68818400000004,16.49206300000003],[111.68842700000005,16.49192800000003],[111.68863900000008,16.491827000000058],[111.68885800000004,16.491734000000065],[111.68908100000004,16.49164600000006],[111.68930400000005,16.491561000000047],[111.68952600000006,16.49147800000003],[111.68974500000007,16.491393000000073],[111.68996200000004,16.491306000000066],[111.69018300000005,16.491220000000055],[111.69040700000005,16.491138000000035],[111.69063200000005,16.49106400000005],[111.69085900000005,16.491003000000035],[111.69113200000004,16.490953000000047],[111.69140600000009,16.49093400000004],[111.69168500000006,16.49093400000004],[111.69192100000004,16.490947000000062],[111.69215700000007,16.490972000000056],[111.69239300000004,16.491007000000025],[111.69262700000007,16.491055000000074],[111.69285600000006,16.49111400000004],[111.69307900000007,16.49118500000003],[111.69333800000004,16.491284000000064],[111.69359400000008,16.49139100000002],[111.69384800000006,16.491503000000023],[111.69410100000005,16.491618000000074],[111.69431100000008,16.491719000000046],[111.69452000000007,16.49182200000007],[111.69472700000006,16.49192800000003],[111.69493400000005,16.49203600000004],[111.69514000000004,16.492146000000048],[111.69534500000009,16.492259000000047],[111.69554900000009,16.492372000000046],[111.69575200000008,16.492489000000035],[111.69595300000009,16.492606000000023],[111.69615400000004,16.492725000000064],[111.69635300000004,16.492845000000045],[111.69655200000005,16.492965000000027],[111.69678800000008,16.493112000000053],[111.69702300000006,16.493259000000023],[111.69721900000008,16.49338300000005],[111.69745300000005,16.493534000000068],[111.69768600000003,16.493686000000025],[111.69787900000006,16.493814000000043],[111.69807100000008,16.49394300000006],[111.69826300000005,16.494075000000066],[111.69845300000009,16.494206000000077],[111.69864300000006,16.494340000000022],[111.69883200000004,16.494475000000023],[111.69905700000004,16.494638000000066],[111.69924300000008,16.49477500000006],[111.69942900000007,16.494913000000054],[111.69961200000006,16.49505400000004],[111.69979500000005,16.49519600000002],[111.70001300000007,16.495366000000047],[111.70019200000007,16.495512000000076],[111.70040500000005,16.495686000000035],[111.70061600000008,16.495865000000038],[111.70082300000007,16.496047000000033],[111.70102700000007,16.496233000000075],[111.70119500000004,16.496390000000076],[111.70139400000005,16.49658100000005],[111.70155900000009,16.49674200000004],[111.70188600000006,16.497066000000075],[111.70204800000005,16.49722900000006],[111.70220900000004,16.497393000000045],[111.70237100000008,16.49755700000003],[111.70253400000007,16.49772100000007],[111.70269600000006,16.497884000000056],[111.70285900000005,16.498046000000045],[111.70302400000008,16.498208000000034],[111.70322200000004,16.498401000000058],[111.70338900000007,16.498560000000055],[111.70359100000007,16.49874600000004],[111.70376100000004,16.49890300000004],[111.70392900000007,16.499060000000043],[111.70409800000004,16.499217000000044],[111.70426700000007,16.499374000000046],[111.70443500000005,16.499533000000042],[111.70477200000005,16.499848000000043],[111.70494100000008,16.50000600000004],[111.70511000000005,16.500163000000043],[111.70528000000007,16.500321000000042],[111.70544900000004,16.500477000000046],[111.70562000000007,16.50063300000005],[111.70579100000003,16.500788000000057],[111.70596200000006,16.500942000000066],[111.70613400000008,16.501096000000075],[111.70634200000006,16.50127800000007],[111.70651600000008,16.50142900000003],[111.70672700000006,16.501608000000033],[111.70708100000007,16.501901000000032],[111.70729700000004,16.50207400000005],[111.70751400000006,16.502244000000076],[111.70773400000007,16.502410000000054],[111.70795800000008,16.50257300000004],[111.70815000000005,16.50270500000005],[111.70834600000006,16.50283100000007],[111.70854400000007,16.502955000000043],[111.70874700000007,16.503074000000026],[111.70895300000007,16.503187000000025],[111.70916100000005,16.503296000000034],[111.70937200000009,16.503400000000056],[111.70958400000006,16.50349600000004],[111.70984200000004,16.50360500000005],[111.71010100000007,16.50370300000003],[111.71036300000009,16.503790000000038],[111.71063000000004,16.503870000000063],[111.71090200000003,16.503938000000062],[111.71113100000008,16.503989000000047],[111.71136300000006,16.50403300000005],[111.71159600000004,16.504072000000065],[111.71183000000008,16.504105000000038],[111.71206600000005,16.504134000000022],[111.71230100000008,16.504157000000077],[111.71253700000005,16.504175000000032],[111.71277100000009,16.504189000000054],[111.71305100000006,16.50419900000003],[111.71333000000004,16.504204000000072],[111.71356500000007,16.504202000000078],[111.71380000000005,16.50419400000004],[111.71403600000008,16.504181000000074],[111.71427300000005,16.504162000000065],[111.71450900000008,16.50413800000007],[111.71474300000006,16.504106000000036],[111.71497600000004,16.504071000000067],[111.71520700000008,16.504028000000062],[111.71548100000007,16.50396900000004],[111.71575000000007,16.50390200000004],[111.71601300000009,16.503820000000076],[111.71627100000006,16.503716000000054],[111.71648200000004,16.503616000000022],[111.71668900000009,16.503506000000073],[111.71689200000009,16.503387000000032],[111.71709300000003,16.503262000000063],[111.71728900000005,16.503134000000045],[111.71748200000008,16.50300500000003],[111.71767300000005,16.502874000000077],[111.71786800000007,16.50274500000006],[111.71806600000008,16.50261400000005],[111.71826300000004,16.502481000000046],[111.71845800000006,16.502346000000045],[111.71865000000008,16.502208000000053],[111.71883600000007,16.502065000000073],[111.71901500000007,16.501915000000054],[111.71921700000007,16.50172900000007],[111.71940200000006,16.501532000000054],[111.71956700000004,16.50132300000007],[111.71971400000007,16.501100000000065],[111.71984800000007,16.500867000000028],[111.71997000000005,16.500627000000065],[111.72006400000004,16.500419000000022],[111.72015200000004,16.500208000000043],[111.72023400000006,16.499993000000075],[111.72030900000004,16.499775000000056],[111.72038100000009,16.499554000000046],[111.72044700000004,16.499333000000036],[111.72051000000005,16.49911000000003],[111.72057000000007,16.498887000000025],[111.72062700000004,16.49866600000007],[111.72069300000004,16.498402000000056],[111.72075500000005,16.498139000000037],[111.72081300000008,16.497874000000024],[111.72086700000006,16.497609000000068],[111.72090900000006,16.497386000000063],[111.72094800000008,16.49716200000006],[111.72098300000005,16.496939000000054],[111.72101600000008,16.496714000000054],[111.72104500000006,16.496489000000054],[111.72107200000005,16.496263000000056],[111.72109600000005,16.496037000000058],[111.72111600000005,16.49581100000006],[111.72113300000007,16.495585000000062],[111.72114800000008,16.495359000000064],[111.72115900000006,16.495133000000067],[111.72116900000009,16.494863000000066],[111.72118200000006,16.494367000000068],[111.72118700000004,16.49414100000007],[111.72119200000009,16.493915000000072],[111.72119500000008,16.493689000000074],[111.72119900000007,16.493464000000074],[111.72120100000006,16.493238000000076],[111.72120300000006,16.493011000000024],[111.72120500000005,16.492785000000026],[111.72120500000005,16.492467000000033],[111.72120500000005,16.492241000000035],[111.72120200000006,16.491788000000042],[111.72119600000008,16.491336000000047],[111.72119200000009,16.49110900000005],[111.72118600000005,16.490883000000053],[111.72118000000006,16.490657000000056],[111.72117300000008,16.49043000000006],[111.72116400000004,16.490204000000062],[111.72115500000007,16.489978000000065],[111.72114500000004,16.489752000000067],[111.72113400000006,16.48952600000007],[111.72112100000004,16.48930100000007],[111.72110800000007,16.48907500000007],[111.72109000000006,16.48880500000007],[111.72107100000005,16.48853500000007],[111.72105000000005,16.48826500000007],[111.72102700000005,16.48799500000007],[111.72100200000006,16.487726000000066],[111.72097400000007,16.48745800000006],[111.72093900000004,16.487190000000055],[111.72090000000009,16.486923000000047],[111.72085400000009,16.48665500000004],[111.72080500000004,16.48638900000003],[111.72075100000006,16.486122000000023],[111.72069400000004,16.485857000000067],[111.72064500000005,16.485636000000056],[111.72059300000006,16.485415000000046],[111.72054000000009,16.485195000000033],[111.72048700000005,16.484973000000025],[111.72043300000007,16.48475300000007],[111.72037800000004,16.48453200000006],[111.72026900000009,16.484092000000032],[111.72016200000007,16.483651000000066],[111.72011100000009,16.483430000000055],[111.72006100000004,16.483208000000047],[111.72001200000005,16.482987000000037],[111.71995400000009,16.48272300000002],[111.71990300000004,16.482502000000068],[111.71984200000009,16.482238000000052],[111.71972800000009,16.48175200000003],[111.71966600000007,16.48148800000007],[111.71960300000006,16.481224000000054],[111.71954000000005,16.48096000000004],[111.71947800000004,16.480696000000023],[111.71936600000004,16.480211000000054],[111.71931300000006,16.47999100000004],[111.71920200000005,16.479551000000072],[111.71914700000008,16.47933100000006],[111.71909400000004,16.479111000000046],[111.71904400000005,16.478889000000038],[111.71899000000008,16.478624000000025],[111.71894200000008,16.478357000000074],[111.71890300000007,16.478089000000068],[111.71887000000004,16.477864000000068],[111.71880300000004,16.477414000000067],[111.71877000000006,16.47718800000007],[111.71873800000009,16.47696200000007],[111.71870800000005,16.476735000000076],[111.71867900000007,16.476510000000076],[111.71865400000007,16.476283000000024],[111.71863200000007,16.476057000000026],[111.71861400000006,16.475831000000028],[111.71859800000004,16.475561000000027],[111.71858900000007,16.475291000000027],[111.71858900000007,16.47502300000002],[111.71859700000005,16.474757000000068],[111.71862400000003,16.474493000000052],[111.71868000000006,16.474229000000037],[111.71874500000007,16.474012000000073],[111.71882400000004,16.473797000000047],[111.71891100000005,16.473583000000076],[111.71900500000004,16.473371000000043],[111.71919800000006,16.472952000000078],[111.71931100000006,16.47270400000002],[111.71940700000005,16.472497000000033],[111.71950700000008,16.47229100000004],[111.71961200000004,16.472087000000045],[111.71972200000005,16.47188600000004],[111.71983700000004,16.47168800000003],[111.71998600000006,16.47145900000004],[111.72014700000005,16.471238000000028],[111.72031800000008,16.471025000000054],[111.72064200000005,16.470638000000065],[111.72079300000007,16.47046400000005],[111.72094600000008,16.47029200000003],[111.72110300000008,16.47012200000006],[111.72126200000008,16.46995400000003],[111.72142300000007,16.46978900000005],[111.72158800000005,16.46962700000006],[111.72175500000009,16.469467000000066],[111.72192400000006,16.469310000000064],[111.72213100000005,16.46912800000007],[111.72234200000008,16.468950000000063],[111.72255700000005,16.468780000000038],[111.72278000000006,16.468616000000054],[111.72300800000005,16.468461000000048],[111.72324200000008,16.46831000000003],[111.72343900000004,16.468188000000055],[111.72363800000005,16.46806900000007],[111.72384000000005,16.467952000000025],[111.72404200000005,16.467836000000034],[111.72444700000005,16.46760400000005],[111.72464800000006,16.467487000000062],[111.72484900000006,16.467369000000076],[111.72504700000007,16.46724800000004],[111.72524500000009,16.467127000000062],[111.72544400000004,16.467008000000078],[111.72564600000004,16.466890000000035],[111.72584800000004,16.466773000000046],[111.72605000000004,16.466658000000052],[111.72625200000004,16.466540000000066],[111.72645100000005,16.466421000000025],[111.72664900000007,16.466300000000047],[111.72688200000005,16.466150000000027],[111.72711000000004,16.465993000000026],[111.72733000000005,16.46583000000004],[111.72751000000005,16.46568300000007],[111.72768500000006,16.465526000000068],[111.72785100000004,16.465358000000037],[111.72800300000006,16.46518100000003],[111.72813900000006,16.464996000000042],[111.72827100000006,16.46476400000006],[111.72838100000007,16.46451600000006],[111.72846200000004,16.464298000000042],[111.72852800000004,16.46407300000004],[111.72857600000009,16.463843000000054],[111.72860100000008,16.46361500000006],[111.72860000000009,16.463388000000066],[111.72856300000007,16.463125000000048],[111.72851100000008,16.462863000000027],[111.72845100000006,16.46260200000006],[111.72838300000006,16.462343000000033],[111.72831000000008,16.462082000000066],[111.72823000000005,16.461823000000038],[111.72816200000005,16.461606000000074],[111.72809000000007,16.461389000000054],[111.72801700000008,16.461174000000028],[111.72794300000004,16.460957000000064],[111.72779200000008,16.460524000000078],[111.72771800000004,16.460307000000057],[111.72764400000005,16.460091000000034],[111.72757300000006,16.45987400000007],[111.72750400000007,16.459656000000052],[111.72743700000007,16.45943900000003],[111.72737400000005,16.459220000000073],[111.72730400000006,16.458958000000052],[111.72724700000003,16.45873800000004],[111.72719000000006,16.45851700000003],[111.72713300000004,16.458296000000075],[111.72707700000007,16.45807300000007],[111.72702400000009,16.457850000000064],[111.72697600000004,16.45762600000006],[111.72693200000003,16.457403000000056],[111.72689400000007,16.457179000000053],[111.72685900000005,16.456912000000045],[111.72683600000005,16.45664400000004],[111.72682700000007,16.45637800000003],[111.72683600000005,16.45611100000002],[111.72686400000003,16.455842000000075],[111.72690000000006,16.455618000000072],[111.72694600000005,16.45539400000007],[111.72700000000009,16.45517200000006],[111.72706200000005,16.454950000000053],[111.72712900000005,16.45473000000004],[111.72720100000004,16.454513000000077],[111.72727500000008,16.45429800000005],[111.72737000000006,16.454044000000067],[111.72747500000008,16.453793000000076],[111.72759000000008,16.453546000000074],[111.72769400000004,16.453342000000077],[111.72780200000005,16.453140000000076],[111.72791500000005,16.45294000000007],[111.72803200000004,16.452743000000055],[111.72815200000008,16.452548000000036],[111.72834800000004,16.45224200000007],[111.72847600000006,16.452050000000042],[111.72860900000006,16.451860000000067],[111.72874800000005,16.451674000000025],[111.72889300000008,16.451494000000025],[111.72904500000004,16.45132200000006],[111.72923800000007,16.45112800000004],[111.72944400000006,16.450950000000034],[111.72962900000005,16.45081200000004],[111.72982500000006,16.45068200000003],[111.73003000000006,16.450563000000045],[111.73024100000004,16.45045600000003],[111.73045800000006,16.45036300000004],[111.73067800000007,16.450285000000065],[111.73094400000008,16.450214000000074],[111.73121500000008,16.45015600000005],[111.73149100000006,16.45010700000006],[111.73176900000004,16.450069000000042],[111.73200300000008,16.450042000000053],[111.73223800000005,16.45002100000005],[111.73247400000008,16.450001000000043],[111.73271000000005,16.44998400000003],[111.73294500000009,16.449970000000064],[111.73318000000006,16.449955000000045],[111.73346000000004,16.449936000000037],[111.73369400000007,16.449919000000023],[111.73393000000004,16.449905000000058],[111.73416600000007,16.449892000000034],[111.73440300000004,16.44988500000005],[111.73463800000007,16.449884000000054],[111.73487200000005,16.44989000000004],[111.73515000000003,16.44991200000004],[111.73542600000007,16.449950000000058],[111.73569900000007,16.450001000000043],[111.73597200000006,16.450061000000062],[111.73624500000005,16.45012900000006],[111.73647000000005,16.450192000000072],[111.73669500000005,16.450259000000074],[111.73691900000006,16.450330000000065],[111.73714200000006,16.450406000000044],[111.73736200000008,16.450484000000074],[111.73758200000009,16.450567000000035],[111.73780000000005,16.45065100000005],[111.73805800000008,16.450755000000072],[111.73831700000005,16.45086200000003],[111.73857500000008,16.450969000000043],[111.73883200000006,16.451077000000055],[111.73926000000006,16.451260000000048],[111.73968700000006,16.451449000000025],[111.73989900000004,16.45154400000007],[111.74015400000008,16.451659000000063],[111.74036500000005,16.451757000000043],[111.74061900000004,16.45187500000003],[111.74082900000008,16.451974000000064],[111.74103900000006,16.452075000000036],[111.74124800000004,16.452177000000063],[111.74145700000008,16.45228000000003],[111.74170600000008,16.452405000000056],[111.74191400000007,16.452510000000075],[111.74216100000007,16.452638000000036],[111.74240800000007,16.45276800000005],[111.74265200000008,16.452900000000056],[111.74289600000009,16.45303400000006],[111.74313700000005,16.453172000000052],[111.74333800000005,16.45328900000004],[111.74357600000008,16.453431000000023],[111.74377500000008,16.45355100000006],[111.74397200000004,16.45367200000004],[111.74420900000007,16.45381800000007],[111.74440500000009,16.45394200000004],[111.74464100000006,16.454090000000065],[111.74483600000008,16.454215000000033],[111.74503200000004,16.45433900000006],[111.74542300000007,16.454589000000055],[111.74561900000003,16.454713000000027],[111.74585400000007,16.45486200000005],[111.74605000000008,16.454985000000022],[111.74624700000004,16.455107000000055],[111.74644500000005,16.45522900000003],[111.74664300000006,16.45534900000007],[111.74688300000008,16.455490000000054],[111.74712300000004,16.45563100000004],[111.74736500000006,16.455768000000035],[111.74760900000007,16.455903000000035],[111.74785300000008,16.456037000000038],[111.74805800000007,16.456147000000044],[111.74830400000008,16.456277000000057],[111.74851000000007,16.45638500000007],[111.74871700000006,16.456491000000028],[111.74913100000003,16.45670300000006],[111.74933900000008,16.456809000000078],[111.74954700000006,16.456913000000043],[111.74979600000006,16.457039000000066],[111.75021200000003,16.457247000000052],[111.75046200000008,16.457373000000075],[111.75087700000006,16.457584000000054],[111.75112500000006,16.457710000000077],[111.75133200000005,16.457817000000034],[111.75153800000004,16.457925000000046],[111.75178400000004,16.45805500000006],[111.75203000000005,16.45818600000007],[111.75227400000006,16.458318000000077],[111.75251700000007,16.458454000000074],[111.75275900000008,16.45859100000007],[111.75299900000005,16.45873000000006],[111.75323800000007,16.458872000000042],[111.75347400000004,16.459017000000074],[111.75370800000007,16.45916500000004],[111.75394100000005,16.459317000000055],[111.75413200000008,16.45944700000007],[111.75436000000008,16.459605000000067],[111.75458600000007,16.45976600000006],[111.75477200000006,16.459903000000054],[111.75495800000004,16.460041000000047],[111.75514300000009,16.460181000000034],[111.75532600000008,16.46032100000002],[111.75551000000007,16.46046400000006],[111.75569200000007,16.46060700000004],[111.75587300000007,16.460751000000073],[111.75605400000006,16.46089500000005],[111.75623400000006,16.461040000000025],[111.75695300000007,16.46162000000004],[111.75731600000006,16.46190900000005],[111.75749900000005,16.462053000000026],[111.75768100000005,16.462198000000058],[111.75786300000004,16.462345000000028],[111.75804300000004,16.462493000000052],[111.75822000000005,16.462642000000073],[111.75839500000006,16.46279500000003],[111.75856700000008,16.462949000000037],[111.75873400000006,16.463108000000034],[111.75892800000008,16.463303000000053],[111.75911400000007,16.46350300000006],[111.75929200000007,16.46370900000005],[111.75945900000005,16.463923000000023],[111.75962000000004,16.464142000000038],[111.75977600000004,16.464365000000043],[111.75992600000006,16.46459200000004],[111.76007200000004,16.464823000000024],[111.76019000000008,16.465018000000043],[111.76032900000007,16.465254000000073],[111.76044200000007,16.465452000000028],[111.76055400000007,16.46565300000003],[111.76066300000008,16.46585300000004],[111.76077200000009,16.46605500000004],[111.76088000000004,16.46625800000004],[111.76098600000006,16.466461000000038],[111.76130500000005,16.467070000000035],[111.76141200000006,16.467273000000034],[111.76154000000008,16.46751400000005],[111.76167000000004,16.46775400000007],[111.76179900000005,16.46799500000003],[111.76192600000007,16.468237000000045],[111.76205100000004,16.46847900000006],[111.76215400000007,16.468682000000058],[111.76227700000004,16.46892500000007],[111.76237800000007,16.469129000000066],[111.76247900000004,16.46933400000006],[111.76259900000008,16.46957800000007],[111.76269900000005,16.469783000000064],[111.76281800000004,16.470029000000068],[111.76305500000007,16.470521000000076],[111.76317300000005,16.470767000000023],[111.76341100000008,16.471258000000034],[111.76352600000007,16.471505000000036],[111.76362000000006,16.471713000000022],[111.76371300000005,16.47192000000007],[111.76382300000006,16.472169000000065],[111.76393300000007,16.47241900000006],[111.76402500000006,16.472627000000045],[111.76419400000009,16.472999000000073],[111.76428900000008,16.47320600000006],[111.76438700000006,16.473411000000056],[111.76450800000003,16.473655000000065],[111.76463400000006,16.473898000000077],[111.76476300000007,16.47413800000004],[111.76487100000008,16.474339000000043],[111.76500100000004,16.474579000000062],[111.76526500000006,16.475058000000047],[111.76539700000006,16.47529700000007],[111.76553100000007,16.475535000000036],[111.76564300000007,16.475733000000048],[111.76586900000007,16.47613000000007],[111.76600600000006,16.47636600000004],[111.76612100000006,16.476564000000053],[111.76625900000005,16.476799000000028],[111.76637500000004,16.476996000000042],[111.76663200000007,16.477427000000034],[111.76677400000005,16.47766000000007],[111.76701200000008,16.478050000000053],[111.76715500000006,16.478282000000036],[111.76727600000004,16.478476000000057],[111.76742300000006,16.478707000000043],[111.76757100000009,16.47893700000003],[111.76769500000006,16.479129000000057],[111.76782000000009,16.47932000000003],[111.76797100000005,16.479548000000023],[111.76809800000007,16.479738000000054],[111.76825100000008,16.479966000000047],[111.76837900000004,16.480155000000025],[111.76868800000005,16.480608000000075],[111.76884200000006,16.480834000000073],[111.76899800000007,16.48106000000007],[111.76912700000008,16.481249000000048],[111.76928200000009,16.48147400000005],[111.76943800000004,16.481701000000044],[111.76959200000005,16.48192700000004],[111.76974700000005,16.482154000000037],[111.76987500000007,16.48234300000007],[111.77002800000008,16.48256900000007],[111.77015500000005,16.48276000000004],[111.77028200000007,16.482950000000073],[111.77040800000009,16.483141000000046],[111.77055900000005,16.48336900000004],[111.77070900000007,16.48359800000003],[111.77095900000006,16.48398100000003],[111.77110900000008,16.484210000000076],[111.77135800000008,16.484593000000075],[111.77150900000004,16.484822000000065],[111.77163400000006,16.485013000000038],[111.77178500000008,16.485242000000028],[111.77193700000004,16.485470000000078],[111.77206300000006,16.485660000000053],[111.77221600000007,16.485887000000048],[111.77234500000009,16.486076000000025],[111.77249900000004,16.486302000000023],[111.77265600000004,16.486528000000078],[111.77281300000004,16.486752000000024],[111.77297200000004,16.48697500000003],[111.77313300000009,16.487197000000037],[111.77326800000009,16.487381000000028],[111.77343200000007,16.48760100000004],[111.77359700000005,16.487821000000054],[111.77376300000009,16.488038000000074],[111.77393100000006,16.488256000000035],[111.77407100000005,16.488437000000033],[111.77424100000007,16.488653000000056],[111.77441100000004,16.488868000000025],[111.77469700000006,16.48922600000003],[111.77487000000008,16.48944000000006],[111.77504300000004,16.489653000000033],[111.77518800000007,16.489831000000038],[111.77533300000005,16.490009000000043],[111.77550800000006,16.490221000000076],[111.77565300000003,16.490398000000027],[111.77582800000005,16.490611000000058],[111.77614800000003,16.491000000000042],[111.77629400000006,16.491178000000048],[111.77644000000004,16.491355000000055],[111.77661400000005,16.491567000000032],[111.77687400000008,16.491887000000077],[111.77704800000004,16.49210000000005],[111.77722400000005,16.492312000000027],[111.77737100000007,16.49248700000004],[111.77751900000004,16.49266300000005],[111.77781700000008,16.49301200000002],[111.77796700000005,16.493186000000037],[111.77814600000005,16.493395000000078],[111.77829600000007,16.493569000000036],[111.77847600000007,16.493778000000077],[111.77862600000009,16.493952000000036],[111.77877600000005,16.49412700000005],[111.77907300000004,16.494476000000077],[111.77922100000006,16.494651000000033],[111.77939700000007,16.49486200000007],[111.77954300000005,16.495039000000077],[111.77968700000008,16.495217000000025],[111.77985900000004,16.495430000000056],[111.78002900000007,16.495646000000022],[111.78016900000006,16.495827000000077],[111.78033500000004,16.49604400000004],[111.78047100000003,16.49622800000003],[111.78063200000008,16.49644900000004],[111.78079100000008,16.496673000000044],[111.78094800000008,16.496897000000047],[111.78107800000004,16.497086000000024],[111.78123200000005,16.497314000000074],[111.78135800000007,16.497505000000046],[111.78148200000004,16.49769800000007],[111.78160500000007,16.49789100000004],[111.78172600000005,16.498086000000058],[111.78184400000004,16.498281000000077],[111.78196200000008,16.498478000000034],[111.78207700000007,16.49867500000005],[111.78218900000007,16.49887300000006],[111.78229900000008,16.499073000000067],[111.78240700000003,16.49927400000007],[111.78251400000005,16.499475000000075],[111.78263700000008,16.49971800000003],[111.78275700000006,16.49996200000004],[111.78287200000005,16.500208000000043],[111.78298500000005,16.500455000000045],[111.78307700000005,16.50066400000003],[111.78318300000007,16.500914000000023],[111.78326900000008,16.50112500000006],[111.78335300000003,16.501337000000035],[111.78343500000005,16.501549000000068],[111.78351400000008,16.501762000000042],[111.78359200000006,16.501977000000068],[111.78366700000004,16.502192000000036],[111.78374000000008,16.502407000000062],[111.78381100000007,16.502624000000026],[111.78388000000007,16.502841000000046],[111.78394700000007,16.50305700000007],[111.78401200000008,16.50327500000003],[111.78408800000005,16.503536000000054],[111.78416100000004,16.503797000000077],[111.78423000000004,16.504058000000043],[111.78428400000007,16.504278000000056],[111.78434300000004,16.50454200000007],[111.78439600000007,16.504808000000025],[111.78444400000006,16.50507600000003],[111.78448100000008,16.505299000000036],[111.78451400000006,16.505524000000037],[111.78454400000004,16.505749000000037],[111.78457200000008,16.505975000000035],[111.78459800000007,16.506199000000038],[111.78462000000007,16.506425000000036],[111.78464200000008,16.506651000000033],[111.78466100000009,16.50687700000003],[111.78468200000009,16.50714700000003],[111.78470100000004,16.507416000000035],[111.78471700000006,16.507642000000033],[111.78473100000008,16.507869000000028],[111.78474400000005,16.508095000000026],[111.78475600000007,16.508322000000078],[111.78476400000005,16.508549000000073],[111.78477000000004,16.508777000000066],[111.78477300000009,16.50900400000006],[111.78477300000009,16.50923000000006],[111.78476900000004,16.509457000000054],[111.78476100000006,16.509683000000052],[111.78474600000004,16.509953000000053],[111.78472300000004,16.510222000000056],[111.78469200000006,16.51049000000006],[111.78465400000005,16.51075600000007],[111.78461000000004,16.511023000000023],[111.78456000000006,16.51129000000003],[111.78450500000008,16.51155600000004],[111.78445500000004,16.511777000000052],[111.78440300000005,16.511998000000062],[111.78432400000008,16.512306000000024],[111.78426400000006,16.512526000000037],[111.78420200000005,16.512745000000052],[111.78413800000004,16.512964000000068],[111.78407100000004,16.51318100000003],[111.78400300000004,16.513398000000052],[111.78393400000004,16.513614000000075],[111.78386300000005,16.51383000000004],[111.78379000000007,16.514045000000067],[111.78370100000006,16.514301000000046],[111.78360400000008,16.514554000000032],[111.78349900000006,16.514805000000024],[111.78338600000006,16.515054000000077],[111.78326700000008,16.515300000000025],[111.78316400000006,16.51550400000002],[111.78305800000004,16.515706000000023],[111.78295000000008,16.515909000000022],[111.78284000000008,16.51610900000003],[111.78261800000007,16.516507000000047],[111.78248400000007,16.51674500000007],[111.78234800000007,16.51698200000004],[111.78221000000008,16.51721800000007],[111.78207100000009,16.517454000000043],[111.78193100000004,16.517689000000075],[111.78179000000006,16.517923000000053],[111.78167100000007,16.518118000000072],[111.78140700000006,16.518545000000074],[111.78128500000008,16.51873900000004],[111.78113900000005,16.518970000000024],[111.78089400000005,16.519355000000076],[111.78077000000008,16.519547000000046],[111.78062100000005,16.519777000000033],[111.78049700000008,16.519968000000063],[111.78037200000006,16.520160000000033],[111.78007100000008,16.520617000000072],[111.77992000000006,16.520846000000063],[111.77976800000005,16.521074000000056],[111.77961600000003,16.52130200000005],[111.77946400000008,16.52153000000004],[111.77931100000006,16.521757000000036],[111.77915700000005,16.52198400000003],[111.77900400000004,16.522211000000027],[111.77884900000004,16.522438000000022],[111.77869400000009,16.522663000000023],[111.77856400000007,16.522852000000057],[111.77840900000007,16.523078000000055],[111.77827800000006,16.523265000000038],[111.77799100000004,16.523678000000075],[111.77767500000004,16.524126000000024],[111.77754300000004,16.524313000000063],[111.77741000000009,16.52449900000005],[111.77727500000009,16.52468300000004],[111.77711100000005,16.52490400000005],[111.77694600000007,16.525124000000062],[111.77664000000004,16.525525000000073],[111.77593800000005,16.52643100000006],[111.77579800000007,16.526613000000054],[111.77563100000003,16.526831000000072],[111.77549300000004,16.527013000000068],[111.77535500000005,16.527197000000058],[111.77519200000006,16.52741800000007],[111.77503100000007,16.527639000000022],[111.77487200000007,16.527862000000027],[111.77474200000006,16.528050000000064],[111.77458800000005,16.528275000000065],[111.77443800000009,16.52850200000006],[111.77429200000006,16.528733000000045],[111.77415200000007,16.528968000000077],[111.77403900000007,16.52916700000003],[111.77393000000006,16.529367000000036],[111.77382500000004,16.529570000000035],[111.77372300000007,16.52977500000003],[111.77362600000004,16.529981000000078],[111.77353100000005,16.530189000000064],[111.77343900000005,16.530398000000048],[111.77333400000003,16.530650000000037],[111.77323300000006,16.530903000000023],[111.77313600000008,16.531157000000064],[111.77304800000007,16.53141400000004],[111.77292700000004,16.531850000000077],[111.77287500000006,16.532072000000028],[111.77282600000007,16.532294000000036],[111.77273200000008,16.532741000000044],[111.77268200000009,16.53296400000005],[111.77263000000005,16.533184000000062],[111.77257300000008,16.533403000000078],[111.77249500000005,16.53366200000005],[111.77240400000005,16.53391700000003],[111.77230000000009,16.534166000000027],[111.77218700000009,16.53441300000003],[111.77208800000005,16.534619000000077],[111.77198500000009,16.53482400000007],[111.77187800000007,16.53502700000007],[111.77176500000007,16.535228000000075],[111.77164900000008,16.535427000000027],[111.77152800000005,16.535623000000044],[111.77140200000008,16.535817000000065],[111.77127300000006,16.536006000000043],[111.77113900000006,16.536192000000028],[111.77097200000009,16.53640900000005],[111.77079800000007,16.536620000000028],[111.77061800000007,16.536824000000024],[111.77043100000009,16.53702500000003],[111.77027000000004,16.53718900000007],[111.77010500000006,16.537351000000058],[111.76993600000009,16.537509000000057],[111.76976300000007,16.53766500000006],[111.76958700000006,16.537817000000075],[111.76940800000006,16.53796600000004],[111.76922500000006,16.53811100000007],[111.76903900000008,16.538252000000057],[111.76885100000004,16.538389000000052],[111.76866000000007,16.538522000000057],[111.76842900000008,16.53867500000007],[111.76819400000005,16.538823000000036],[111.76795700000008,16.538966000000073],[111.76771900000006,16.539108000000056],[111.76747900000004,16.539248000000043],[111.76723900000007,16.539387000000033],[111.76699700000006,16.53952400000003],[111.76675400000005,16.539660000000026],[111.76655000000005,16.53977100000003],[111.76630500000005,16.539904000000035],[111.76610000000005,16.540013000000044],[111.76589400000006,16.540121000000056],[111.76568800000007,16.540229000000068],[111.76544000000007,16.540358000000026],[111.76523300000008,16.54046500000004],[111.76481700000005,16.540674000000024],[111.76460800000007,16.540779000000043],[111.76440000000008,16.540882000000067],[111.76419000000004,16.540986000000032],[111.76398100000006,16.54108800000006],[111.76372900000007,16.541210000000035],[111.76352000000009,16.54131300000006],[111.76330900000005,16.54141400000003],[111.76305700000006,16.541535000000067],[111.76284700000008,16.541635000000042],[111.76259500000003,16.541755000000023],[111.76238500000005,16.541856000000053],[111.76188000000008,16.542095000000074],[111.76162600000004,16.542208000000073],[111.76141300000006,16.542302000000063],[111.76115500000009,16.542409000000077],[111.76089600000006,16.542515000000037],[111.76067900000004,16.54260000000005],[111.76024400000006,16.542769000000078],[111.75937200000004,16.543102000000033],[111.75915500000008,16.543187000000046],[111.75893800000006,16.54327200000006],[111.75872100000004,16.543360000000064],[111.75846300000006,16.543466000000024],[111.75820600000009,16.54357600000003],[111.75795200000005,16.54368900000003],[111.75769900000006,16.543807000000072],[111.75744800000007,16.54392900000005],[111.75724100000008,16.544035000000065],[111.75703500000009,16.544143000000076],[111.75683000000004,16.544253000000026],[111.75662700000004,16.544367000000022],[111.75638500000008,16.54450600000007],[111.75618500000007,16.544625000000053],[111.75594800000005,16.544770000000028],[111.75571300000007,16.544918000000052],[111.75532400000009,16.545169000000044],[111.75509000000005,16.54532000000006],[111.75485600000007,16.545470000000023],[111.75466100000006,16.545596000000046],[111.75423400000005,16.54587300000003],[111.75403900000003,16.546001000000047],[111.75380700000005,16.54615300000006],[111.75341900000006,16.546407000000045],[111.75322600000004,16.54653600000006],[111.75299400000006,16.54668900000007],[111.75276300000007,16.546843000000024],[111.75237800000008,16.547102000000052],[111.75214800000003,16.547258000000056],[111.75195700000006,16.54738800000007],[111.75138600000008,16.547783000000038],[111.75115900000009,16.54794400000003],[111.75097000000005,16.548077000000035],[111.75074400000005,16.548239000000024],[111.75051900000005,16.54840100000007],[111.75029500000005,16.54856300000006],[111.75010900000007,16.54870100000005],[111.74988600000006,16.548865000000035],[111.74970200000007,16.549005000000022],[111.74948200000006,16.549173000000053],[111.74926400000004,16.54934300000002],[111.74904700000008,16.549514000000045],[111.74886700000008,16.549660000000074],[111.74865300000005,16.549834000000033],[111.74843900000008,16.550010000000043],[111.74805100000009,16.55033700000007],[111.74783900000006,16.550516000000073],[111.74762900000007,16.550695000000076],[111.74727900000005,16.550997000000052],[111.74710500000003,16.55114800000007],[111.74689600000005,16.551329000000067],[111.74672100000004,16.551480000000026],[111.74654700000008,16.55163200000004],[111.74633800000004,16.55181200000004],[111.74616300000008,16.551963000000057],[111.74598800000007,16.552114000000074],[111.74546100000003,16.552563000000077],[111.74528400000008,16.552712000000042],[111.74492900000007,16.553007000000036],[111.74475400000006,16.553156000000058],[111.74457900000004,16.553308000000072],[111.74440500000009,16.553463000000022],[111.74423200000007,16.553616000000034],[111.74388500000003,16.553924000000052],[111.74371000000008,16.554077000000063],[111.74353500000007,16.554229000000078],[111.74335900000005,16.554380000000037],[111.74318200000005,16.55452800000006],[111.74296500000008,16.554700000000025],[111.74274600000007,16.554869000000053],[111.74252300000006,16.555030000000045],[111.74229500000007,16.55518600000005],[111.74206200000003,16.555334000000073],[111.74182400000007,16.55547400000006],[111.74158300000005,16.555611000000056],[111.74133800000004,16.555743000000064],[111.74113200000005,16.555851000000075],[111.74092300000007,16.55595500000004],[111.74071300000008,16.556057000000067],[111.74050100000005,16.556156000000044],[111.74028800000008,16.55625100000003],[111.74007200000005,16.55634500000002],[111.73985600000009,16.556436000000076],[111.73963900000007,16.556525000000022],[111.73942000000005,16.556610000000035],[111.73920100000004,16.556692000000055],[111.73898100000008,16.556773000000078],[111.73876000000007,16.55685200000005],[111.73849600000005,16.55694200000005],[111.73823100000004,16.557029000000057],[111.73796400000003,16.557112000000075],[111.73769700000008,16.55719300000004],[111.73747300000008,16.557260000000042],[111.73724800000008,16.557323000000054],[111.73697800000008,16.557397000000037],[111.73652400000009,16.557514000000026],[111.73611300000005,16.557612000000063],[111.73588400000006,16.557664000000045],[111.73565500000007,16.55771500000003],[111.73542600000007,16.557763000000023],[111.73519600000009,16.557810000000075],[111.73496500000005,16.557855000000075],[111.73473500000006,16.557897000000025],[111.73450400000007,16.557939000000033],[111.73427200000003,16.55797800000005],[111.73404100000005,16.558016000000066],[111.73376400000006,16.55805900000007],[111.73348600000008,16.558100000000024],[111.73320900000004,16.558138000000042],[111.73293100000006,16.558175000000062],[111.73246600000004,16.55823300000003],[111.73218700000007,16.55826600000006],[111.73195400000009,16.55829200000005],[111.73172100000005,16.558318000000043],[111.73125400000004,16.558365000000038],[111.73102000000006,16.55838700000004],[111.73078600000008,16.558408000000043],[111.73031800000007,16.55844600000006],[111.72984900000006,16.558479000000034],[111.72961500000008,16.558494000000053],[111.72938000000005,16.558507000000077],[111.72914600000007,16.558519000000047],[111.72891200000004,16.558530000000076],[111.72844400000008,16.55854800000003],[111.72820900000005,16.558554000000072],[111.72792900000007,16.558560000000057],[111.72764900000004,16.558564000000047],[111.72736900000007,16.55856600000004],[111.72708900000003,16.558564000000047],[111.72680900000006,16.558554000000072],[111.72653000000008,16.55853600000006],[111.72625100000005,16.558512000000064],[111.72597200000007,16.558483000000024],[111.72573900000003,16.558455000000038],[111.72550700000005,16.558425000000057],[111.72527400000007,16.55839100000003],[111.72504100000003,16.558357000000058],[111.72434400000009,16.55825100000004],[111.72411200000005,16.55821700000007],[111.72388000000007,16.55818400000004],[111.72364700000008,16.55815300000006],[111.72341500000005,16.558125000000075],[111.72318200000007,16.558097000000032],[111.72271700000005,16.558040000000062],[111.72248400000007,16.558013000000074],[111.72220400000003,16.557984000000033],[111.72192500000006,16.557964000000027],[111.72168900000008,16.557948000000067],[111.72145200000006,16.55792800000006],[111.72121300000003,16.557915000000037],[111.72097800000006,16.557915000000037],[111.72070300000007,16.557948000000067],[111.72043500000007,16.55801500000007],[111.72021200000006,16.558084000000065],[111.71998900000006,16.558160000000044],[111.71976800000004,16.558246000000054],[111.71955100000008,16.55834100000004],[111.71934000000005,16.55844600000006],[111.71913600000005,16.558560000000057],[111.71890400000007,16.55870900000002],[111.71868100000006,16.558871000000067],[111.71846100000005,16.559037000000046],[111.71824300000009,16.559209000000067],[111.71806400000008,16.55935400000004],[111.71788600000008,16.55950400000006],[111.71771100000007,16.559654000000023],[111.71753800000005,16.559810000000027],[111.71736700000008,16.55996600000003],[111.71719900000005,16.560126000000025],[111.71703300000007,16.56028800000007],[111.71687000000009,16.560453000000052],[111.71671100000009,16.56061900000003],[111.71652300000005,16.560821000000033],[111.71634000000006,16.561026000000027],[111.71616200000005,16.56123400000007],[111.71598900000004,16.561446000000046],[111.71582000000006,16.561661000000072],[111.71565500000008,16.56188000000003],[111.71552000000008,16.562064000000078],[111.71538600000008,16.562250000000063],[111.71525400000007,16.562437000000045],[111.71512300000006,16.562625000000025],[111.71494100000007,16.56289000000004],[111.71481200000005,16.563079000000073],[111.71468200000004,16.56326800000005],[111.71452600000003,16.56349400000005],[111.71439500000008,16.56368200000003],[111.71423600000008,16.56390700000003],[111.71410300000008,16.56409300000007],[111.71394000000004,16.564314000000024],[111.71377400000006,16.56453300000004],[111.71363200000008,16.56471300000004],[111.71346100000005,16.564928000000066],[111.71331800000007,16.56511000000006],[111.71317500000004,16.56529100000006],[111.71303100000006,16.56547400000005],[111.71288500000009,16.565654000000052],[111.71273800000006,16.565833000000055],[111.71258800000004,16.566008000000068],[111.71243500000008,16.566182000000026],[111.71224600000005,16.56638300000003],[111.71205300000008,16.566577000000052],[111.71185200000008,16.566764000000035],[111.71164500000003,16.566940000000045],[111.71142700000007,16.56710400000003],[111.71119600000009,16.567250000000058],[111.71095200000008,16.567382000000066],[111.71074200000004,16.567484000000036],[111.71052700000007,16.567579000000023],[111.71031000000005,16.567670000000078],[111.71009000000004,16.567759000000024],[111.70987000000008,16.56784600000003],[111.70965100000006,16.567935000000034],[111.70943600000004,16.56802700000003],[111.70922300000007,16.568122000000074],[111.70900800000004,16.568212000000074],[111.70879000000008,16.568298000000027],[111.70857200000006,16.56838300000004],[111.70835300000005,16.568466000000058],[111.70813400000009,16.568549000000075],[111.70791500000007,16.56863400000003],[111.70769900000005,16.56872100000004],[111.70748400000008,16.56881100000004],[111.70723000000004,16.568925000000036],[111.70698100000004,16.56904700000007],[111.70673900000008,16.569180000000074],[111.70650600000005,16.56932800000004],[111.70628100000005,16.56949000000003],[111.70609900000005,16.569631000000072],[111.70591900000005,16.56977900000004],[111.70574100000005,16.56992900000006],[111.70538900000008,16.570230000000038],[111.70521100000008,16.570378000000062],[111.70503300000007,16.570525000000032],[111.70482100000004,16.57070200000004],[111.70439800000008,16.571059000000048],[111.70376700000008,16.571600000000046],[111.70359300000007,16.571751000000063],[111.70338300000009,16.571931000000063],[111.70296300000007,16.57229200000006],[111.70254200000005,16.572650000000067],[111.70236800000004,16.572804000000076],[111.70219700000007,16.57296400000007],[111.70202500000005,16.57312500000006],[111.70185000000004,16.57327900000007],[111.70163300000007,16.573446000000047],[111.70140000000004,16.573583000000042],[111.70113700000007,16.573676000000034],[111.70089900000005,16.573716000000047],[111.70065800000003,16.573728000000074],[111.70037900000005,16.573713000000055],[111.70014400000008,16.57368500000007],[111.69990800000005,16.573637000000076],[111.69968000000006,16.573569000000077],[111.69946600000009,16.573476000000028],[111.69923400000005,16.573331000000053],[111.69901100000004,16.57317100000006],[111.69879400000008,16.573004000000026],[111.69861500000007,16.572858000000053],[111.69844000000006,16.572708000000034],[111.69826500000005,16.572555000000023],[111.69809100000003,16.57240100000007],[111.69791700000007,16.57224700000006],[111.69774300000006,16.572091000000057],[111.69756800000005,16.571939000000043],[111.69739100000004,16.57179000000002],[111.69721100000004,16.57164400000005],[111.69699300000008,16.571474000000023],[111.69670000000008,16.571247000000028],[111.69651600000009,16.571105000000045],[111.69633200000004,16.57096400000006],[111.69614600000006,16.570826000000068],[111.69592000000006,16.570664000000022],[111.69569100000007,16.570506000000023],[111.69545900000008,16.570354000000066],[111.69522300000006,16.570209000000034],[111.69498000000004,16.570073000000036],[111.69477200000006,16.569968000000074],[111.69455800000009,16.569870000000037],[111.69434100000007,16.569782000000032],[111.69412000000005,16.569702000000063],[111.69385300000005,16.569619000000046],[111.69362700000005,16.569560000000024],[111.69339200000007,16.56950500000005],[111.69315300000005,16.569458000000054],[111.69291400000009,16.569428000000073],[111.69267900000006,16.569420000000036],[111.69240900000005,16.569448000000023],[111.69214700000003,16.569520000000068],[111.69192500000008,16.56960900000007],[111.69170800000006,16.569719000000077],[111.69150200000007,16.56985000000003],[111.69131500000009,16.569997000000058],[111.69112600000005,16.570194000000072],[111.69097100000005,16.570408000000043],[111.69083000000006,16.57063800000003],[111.69070000000005,16.57087800000005],[111.69060000000007,16.571086000000037],[111.69050900000008,16.571299000000067],[111.69042300000007,16.571515000000034],[111.69034500000004,16.57173400000005],[111.69027300000005,16.571954000000062],[111.69020700000004,16.572173000000078],[111.69014600000008,16.57239100000004],[111.69007900000008,16.57265300000006],[111.69001800000007,16.572917000000075],[111.68996200000004,16.573181000000034],[111.68991000000005,16.573447000000044],[111.68986300000006,16.57371500000005],[111.68981800000006,16.573983000000055],[111.68978300000003,16.57420600000006],[111.68975000000006,16.57443100000006],[111.68971800000008,16.57465600000006],[111.68968000000007,16.574925000000064],[111.68961800000005,16.575375000000065],[111.68958700000007,16.575600000000065],[111.68954800000006,16.57586900000007],[111.68951500000009,16.576092000000074],[111.68948000000006,16.576361000000077],[111.68945300000007,16.576586000000077],[111.68943000000007,16.576811000000077],[111.68940400000008,16.577081000000078]]],[[[111.69338300000004,16.591192000000035],[111.69301200000007,16.59013200000004],[111.69300600000008,16.58836400000007],[111.69458600000007,16.585883000000024],[111.69483800000006,16.58555700000005],[111.69963900000005,16.582772000000034],[111.70007600000008,16.582519000000048],[111.70359700000006,16.578860000000077],[111.70505900000006,16.577339000000052],[111.71418700000004,16.57171500000004],[111.71908000000008,16.56719000000004],[111.72244100000006,16.56350100000003],[111.72386500000005,16.563072000000034],[111.72535100000005,16.563122000000078],[111.72725000000008,16.56488900000005],[111.72737600000005,16.565278000000035],[111.72817500000008,16.56775300000004],[111.72725600000007,16.571849000000043],[111.72522800000007,16.57727200000005],[111.72452500000009,16.58153600000003],[111.72404500000005,16.584014000000025],[111.72340100000008,16.58548600000006],[111.72258800000009,16.586730000000045],[111.72115400000007,16.588739000000032],[111.71954600000004,16.59051400000004],[111.71734300000008,16.592418000000066],[111.71454600000004,16.59406800000005],[111.71100400000006,16.595142000000067],[111.70758100000006,16.59538900000007],[111.70183300000008,16.59481900000003],[111.69877300000007,16.594122000000027],[111.69497700000005,16.592602000000056],[111.69338300000004,16.591192000000035]]],[[[112.20626600000003,16.78186800000003],[112.20626500000003,16.781638000000044],[112.20626300000004,16.78141000000005],[112.20625700000005,16.780954000000065],[112.20625300000006,16.78045700000007],[112.20624800000007,16.78023100000007],[112.20624300000009,16.780005000000074],[112.2062350000001,16.779780000000073],[112.20622600000002,16.779554000000076],[112.20621600000004,16.779328000000078],[112.20620500000007,16.779102000000023],[112.2061910000001,16.778832000000023],[112.20616600000005,16.778381000000024],[112.20615300000009,16.778155000000027],[112.20614,16.77792900000003],[112.20612800000004,16.77770300000003],[112.20611700000006,16.77747800000003],[112.20610600000009,16.777252000000033],[112.20609600000012,16.777026000000035],[112.20608800000002,16.776800000000037],[112.20607900000005,16.776530000000037],[112.20607200000006,16.77630300000004],[112.2060580000001,16.775852000000043],[112.20605100000012,16.775625000000048],[112.20604500000002,16.77539900000005],[112.20603900000003,16.774991000000057],[112.20604000000003,16.77476500000006],[112.20604400000002,16.77454000000006],[112.20605300000011,16.774270000000058],[112.20606800000007,16.774000000000058],[112.20609300000001,16.773731000000055],[112.20612400000005,16.773506000000054],[112.20616200000006,16.77328200000005],[112.20620900000006,16.773060000000044],[112.206275,16.772796000000028],[112.20635200000004,16.772534000000064],[112.20643700000005,16.772276000000033],[112.2065090000001,16.772061000000065],[112.20658300000002,16.77184600000004],[112.20665800000006,16.771632000000068],[112.2067350000001,16.771419000000037],[112.206815,16.771205000000066],[112.20689700000003,16.770993000000033],[112.20698100000004,16.770781000000056],[112.20706900000005,16.770571000000075],[112.20716000000004,16.770362000000034],[112.2072730000001,16.770114000000035],[112.20739300000002,16.769870000000026],[112.20751800000005,16.76962700000007],[112.20764500000007,16.769386000000054],[112.20775100000003,16.769183000000055],[112.20796400000006,16.768778000000054],[112.20807200000002,16.768575000000055],[112.20818100000008,16.76837100000006],[112.20829000000003,16.768169000000057],[112.2084010000001,16.767968000000053],[112.20851400000004,16.76776600000005],[112.20862800000009,16.767567000000042],[112.20874400000002,16.767368000000033],[112.20886300000006,16.767172000000073],[112.2089830000001,16.766977000000054],[112.20913100000007,16.76674600000007],[112.2092570000001,16.766556000000037],[112.20941200000004,16.766331000000037],[112.2095720000001,16.766110000000026],[112.20973700000002,16.76589400000006],[112.20990700000004,16.765683000000024],[112.21008300000005,16.765477000000033],[112.21027000000004,16.765279000000078],[112.21046600000011,16.765089000000046],[112.21067200000005,16.764906000000053],[112.21084900000005,16.76475800000003],[112.21103300000004,16.76461500000005],[112.21121900000003,16.76447600000006],[112.21141000000011,16.76434000000006],[112.21160400000008,16.764207000000056],[112.21180000000004,16.764076000000045],[112.21199700000011,16.763949000000025],[112.21219600000006,16.76382300000006],[112.21239500000001,16.76369900000003],[112.21259400000008,16.763576000000057],[112.21279200000004,16.763454000000024],[112.213029,16.76330900000005],[112.21326600000009,16.763164000000074],[112.21346500000004,16.763044000000036],[112.2136650000001,16.762925000000052],[112.21386600000005,16.76280600000007],[112.21406800000011,16.762689000000023],[112.21427100000005,16.76257300000003],[112.2144750000001,16.762458000000038],[112.21467900000005,16.762346000000036],[112.2148850000001,16.762234000000035],[112.21509100000003,16.762126000000023],[112.21529800000008,16.762019000000066],[112.21550700000012,16.76191300000005],[112.21575800000005,16.761791000000073],[112.21596900000009,16.76169200000004],[112.21622300000001,16.761576000000048],[112.21647800000005,16.761464000000046],[112.21673600000008,16.761357000000032],[112.21699400000011,16.761255000000062],[112.21725500000002,16.761158000000023],[112.21751900000004,16.761066000000028],[112.21778400000005,16.760978000000023],[112.21805200000006,16.76089600000006],[112.21827600000006,16.760830000000055],[112.21850200000006,16.760766000000046],[112.21872800000006,16.760706000000027],[112.21895600000005,16.760649000000058],[112.21918500000004,16.76059300000003],[112.21941400000003,16.76054000000005],[112.21964400000002,16.760489000000064],[112.219874,16.760440000000074],[112.2201040000001,16.760392000000024],[112.22033500000009,16.760346000000027],[112.22056600000008,16.760301000000027],[112.22079600000006,16.760259000000076],[112.22846700000002,16.759446000000025],[112.22867000000008,16.759438000000046],[112.2296070000001,16.759405000000072],[112.23007600000005,16.759386000000063],[112.2303280000001,16.759375000000034],[112.23070400000006,16.759404000000075],[112.23094200000003,16.759415000000047],[112.2311810000001,16.759423000000027],[112.23142100000007,16.75942900000007],[112.23165900000004,16.759438000000046],[112.23189700000012,16.759449000000075],[112.23213300000009,16.759465000000034],[112.23236600000007,16.759488000000033],[112.23264200000006,16.759528000000046],[112.23291200000006,16.75958600000007],[112.23317300000008,16.759664000000043],[112.23343100000011,16.75975900000003],[112.23368800000003,16.759867000000042],[112.23390200000006,16.759964000000025],[112.2341130000001,16.760069000000044],[112.23432300000002,16.760181000000046],[112.23453000000006,16.760299000000032],[112.234733,16.760424000000057],[112.23493200000007,16.760553000000073],[112.23512500000004,16.76068900000007],[112.23531300000002,16.760830000000055],[112.23549400000002,16.76097500000003],[112.23570200000006,16.76115500000003],[112.23589800000002,16.761341000000073],[112.23608300000001,16.761537000000033],[112.23625600000003,16.76174700000007],[112.23641800000007,16.761967000000027],[112.23654500000009,16.76216000000005],[112.23666600000001,16.762357000000065],[112.23678000000007,16.762559000000067],[112.23688800000002,16.76276500000006],[112.2369910000001,16.76297500000004],[112.23708800000009,16.76318500000002],[112.23718100000008,16.763396000000057],[112.23726900000008,16.763608000000033],[112.23737000000006,16.763859000000025],[112.23746300000005,16.76411200000007],[112.23754800000006,16.764369000000045],[112.23762600000009,16.76462900000007],[112.23769800000002,16.764890000000037],[112.23775400000011,16.76511000000005],[112.23780700000009,16.76533100000006],[112.23785700000008,16.765553000000068],[112.23790500000007,16.76577700000007],[112.23795100000007,16.765999000000022],[112.23799600000007,16.766222000000027],[112.23804000000007,16.76644600000003],[112.23812900000007,16.766890000000046],[112.23818300000005,16.767156000000057],[112.23823200000004,16.76738000000006],[112.23828200000003,16.767603000000065],[112.23833300000001,16.767827000000068],[112.23838300000011,16.768053000000066],[112.2384320000001,16.76827700000007],[112.2384780000001,16.768503000000067],[112.23852000000011,16.768728000000067],[112.23855900000001,16.768953000000067],[112.23859100000004,16.76917700000007],[112.23862100000008,16.769445000000076],[112.23863900000003,16.769712000000027],[112.23864400000002,16.76997700000004],[112.23863300000005,16.770240000000058],[112.23859600000003,16.770502000000022],[112.23853000000008,16.770763000000045],[112.23845600000004,16.770980000000066],[112.23836900000003,16.771194000000037],[112.23827000000006,16.77140600000007],[112.2381650000001,16.771615000000054],[112.23805300000004,16.771820000000048],[112.2379390000001,16.77202200000005],[112.2378030000001,16.772258000000022],[112.23768800000005,16.77245700000003],[112.23756900000001,16.772655000000043],[112.23744600000009,16.772853000000055],[112.23731700000008,16.773048000000074],[112.23718200000008,16.773239000000046],[112.23704000000009,16.77342200000004],[112.23688900000002,16.773597000000052],[112.23669600000005,16.77379300000007],[112.236489,16.773969000000022],[112.23626800000011,16.774129000000073],[112.23604100000011,16.77428100000003],[112.23580900000002,16.774429000000055],[112.23557300000004,16.774571000000037],[112.23533300000008,16.77470900000003],[112.23508900000002,16.77484400000003],[112.23488300000008,16.774954000000037],[112.23467700000003,16.77506100000005],[112.2344680000001,16.775167000000067],[112.23425800000007,16.775271000000032],[112.23404700000003,16.775375000000054],[112.23383600000011,16.775478000000078],[112.23362500000007,16.775581000000045],[112.23341300000004,16.775683000000072],[112.233202,16.77578600000004],[112.23299100000008,16.77589000000006],[112.23278100000005,16.775994000000026],[112.232572,16.776100000000042],[112.23236500000007,16.77620600000006],[112.23215900000002,16.776316000000065],[112.23195300000009,16.776425000000074],[112.23174300000005,16.776527000000044],[112.23152900000002,16.776628000000073],[112.23131500000011,16.77672800000005],[112.23109900000009,16.77682500000003],[112.23088400000006,16.776923000000068],[112.23067000000003,16.777023000000042],[112.23045900000011,16.777126000000067],[112.23025000000007,16.777232000000026],[112.23000600000012,16.77736600000003],[112.22977000000003,16.77750800000007],[112.22954300000004,16.777662000000078],[112.22932800000001,16.777829000000054],[112.22912300000007,16.778008000000057],[112.22892200000001,16.778193000000044],[112.22872400000006,16.77838500000007],[112.22856300000001,16.778550000000052],[112.22840500000007,16.778719000000024],[112.22825000000012,16.778891000000044],[112.22809800000005,16.779066000000057],[112.22795000000008,16.77924500000006],[112.2278040000001,16.77942500000006],[112.22766100000001,16.77960900000005],[112.22752200000002,16.779794000000038],[112.22738500000003,16.779981000000078],[112.22725300000002,16.780170000000055],[112.227123,16.78036000000003],[112.22697200000005,16.780589000000077],[112.22682600000007,16.780819000000065],[112.22668700000008,16.78105000000005],[112.22656300000006,16.78129000000007],[112.2264540000001,16.78153700000007],[112.22637200000008,16.781749000000048],[112.22629600000005,16.781963000000076],[112.22622600000011,16.78218000000004],[112.22615900000005,16.782398000000057],[112.2260940000001,16.782619000000068],[112.22603100000003,16.782839000000024],[112.22596600000008,16.783059000000037],[112.22589900000003,16.783277000000055],[112.22582900000009,16.78349300000002],[112.22575800000004,16.783710000000042],[112.22569500000009,16.78392800000006],[112.22563600000001,16.784148000000073],[112.22557900000004,16.784369000000027],[112.22552000000007,16.784590000000037],[112.22545800000012,16.784808000000055],[112.22538900000006,16.785024000000078],[112.22529600000007,16.785278000000062],[112.22518500000001,16.785524000000066],[112.2250610000001,16.785766000000024],[112.22495300000003,16.78596600000003],[112.22484000000009,16.786166000000037],[112.22472300000004,16.78636300000005],[112.224601,16.78655800000007],[112.2244740000001,16.78675000000004],[112.22434300000009,16.786940000000072],[112.22420700000009,16.78712500000006],[112.22406600000011,16.787306000000058],[112.2238910000001,16.787518000000034],[112.2237090000001,16.787723000000028],[112.22352300000011,16.787924000000032],[112.22333300000003,16.78812300000004],[112.22317200000009,16.788287000000025],[112.22300900000005,16.78845000000007],[112.22284400000001,16.78861100000006],[112.22267800000009,16.788770000000056],[112.22250900000006,16.788928000000055],[112.22233900000003,16.789085000000057],[112.22216700000001,16.789240000000063],[112.22199400000011,16.789393000000075],[112.2218190000001,16.789545000000032],[112.22164300000009,16.78969600000005],[112.22146500000008,16.78984500000007],[112.22128700000007,16.789993000000038],[112.22107200000005,16.79016800000005],[112.22085600000003,16.790342000000066],[112.22063800000001,16.790512000000035],[112.22041800000011,16.790680000000066],[112.2201960000001,16.790846000000045],[112.2199720000001,16.79100900000003],[112.2197460000001,16.791169000000025],[112.21951800000011,16.791329000000076],[112.21928900000012,16.791486000000077],[112.21909700000003,16.791616000000033],[112.21886600000005,16.79177100000004],[112.21859400000005,16.791950000000043],[112.21797300000003,16.792358000000036],[112.21774000000005,16.792509000000052],[112.21750700000007,16.792662000000064],[112.2173130000001,16.792790000000025],[112.21712000000002,16.792918000000043],[112.21688900000004,16.79307300000005],[112.21665800000005,16.79322700000006],[112.2159630000001,16.79368900000003],[112.21573000000001,16.793841000000043],[112.21534300000008,16.794097000000022],[112.2151100000001,16.79424800000004],[112.21491600000002,16.794376000000057],[112.21448900000007,16.794654000000037],[112.2142950000001,16.794782000000055],[112.21386800000005,16.795060000000035],[112.21367400000008,16.795187000000055],[112.2134410000001,16.79533900000007],[112.21324800000002,16.795466000000033],[112.21301500000004,16.795618000000047],[112.2125890000001,16.795898000000022],[112.21235600000011,16.796051000000034],[112.21216200000003,16.796178000000054],[112.21192800000006,16.796328000000074],[112.2117320000001,16.796453000000042],[112.21149700000001,16.79660300000006],[112.21130100000005,16.796727000000033],[112.21090900000002,16.796978000000024],[112.21071500000005,16.797104000000047],[112.21052100000009,16.797232000000065],[112.2102910000001,16.79738700000007],[112.21006100000011,16.797544000000073],[112.20983400000011,16.79770300000007],[112.20961000000011,16.79786500000006],[112.2093900000001,16.79803400000003],[112.20921300000009,16.798182000000054],[112.20904200000007,16.798339000000055],[112.20887400000004,16.798501000000044],[112.20854500000007,16.798830000000066],[112.20837900000004,16.798993000000053],[112.208211,16.79915200000005],[112.20800500000007,16.799334000000044],[112.20778900000005,16.799503000000072],[112.20756300000005,16.79965500000003],[112.20732100000009,16.79979000000003],[112.20710900000006,16.79989100000006],[112.20689000000004,16.799980000000062],[112.20666600000004,16.80006000000003],[112.20643700000005,16.80012800000003],[112.20620700000006,16.80018300000006],[112.20593100000008,16.80023600000004],[112.20565500000009,16.800276000000054],[112.20542100000011,16.800305000000037],[112.20518300000003,16.800332000000026],[112.20494300000007,16.800351000000035],[112.20470300000011,16.800365000000056],[112.20446300000003,16.80037200000004],[112.20422500000006,16.800370000000044],[112.2039880000001,16.80035900000007],[112.20371000000011,16.80033000000003],[112.20343900000012,16.80028500000003],[112.2031770000001,16.80021800000003],[112.20291900000007,16.800122000000044],[112.20270700000003,16.80002200000007],[112.2025010000001,16.79990600000002],[112.20229900000004,16.799777000000063],[112.20210300000008,16.799638000000073],[112.2019150000001,16.79949400000004],[112.2017340000001,16.799344000000076],[112.20152900000005,16.799164000000076],[112.20134300000007,16.798965000000067],[112.20120400000008,16.798782000000074],[112.20107800000005,16.798587000000055],[112.20096300000012,16.798384000000055],[112.20085800000004,16.798178000000064],[112.20074000000011,16.79793200000006],[112.20064200000002,16.797723000000076],[112.20054600000003,16.79751200000004],[112.20045600000003,16.797296000000074],[112.20037800000011,16.797078000000056],[112.20032000000003,16.796858000000043],[112.20028100000002,16.79659300000003],[112.20028900000011,16.79615000000007],[112.20030600000007,16.795881000000065],[112.20032900000001,16.795612000000062],[112.20035100000007,16.795386000000065],[112.20037800000011,16.795160000000067],[112.20040900000004,16.79493400000007],[112.20044400000006,16.79470800000007],[112.20048200000008,16.794482000000073],[112.20052400000009,16.794257000000073],[112.20057000000008,16.79403300000007],[112.20061900000007,16.793809000000067],[112.20067200000005,16.793588000000057],[112.20072900000002,16.793367000000046],[112.2007890000001,16.793149000000028],[112.20086600000002,16.792890000000057],[112.20095000000003,16.792634000000078],[112.20104500000002,16.792382000000032],[112.20115300000009,16.792133000000035],[112.20126900000002,16.79188700000003],[112.2013740000001,16.791684000000032],[112.20148200000006,16.791483000000028],[112.20159400000011,16.79128300000002],[112.20170800000005,16.79108400000007],[112.20194100000003,16.790687000000048],[112.20205700000008,16.790489000000036],[112.20217200000002,16.790290000000027],[112.20230600000002,16.790051000000062],[112.20241600000008,16.789852000000053],[112.20252800000003,16.789652000000046],[112.20266300000003,16.789416000000074],[112.20280000000002,16.789179000000047],[112.20293900000001,16.788943000000074],[112.2031730000001,16.78855100000004],[112.20331500000009,16.788317000000063],[112.20343500000001,16.788122000000044],[112.2035780000001,16.78789000000006],[112.20372400000008,16.78765800000002],[112.20387200000005,16.787428000000034],[112.20399700000007,16.787236000000064],[112.20414900000003,16.78700800000007],[112.20427600000005,16.78681800000004],[112.2045290000001,16.786437000000035],[112.20467900000006,16.786208000000045],[112.20482700000002,16.785978000000057],[112.20497300000011,16.785746000000074],[112.20511600000009,16.78551200000004],[112.20523200000002,16.785316000000023],[112.20535400000006,16.785120000000063],[112.20547700000009,16.784924000000046],[112.205599,16.784725000000037],[112.20571700000005,16.784526000000028],[112.20582800000011,16.784324000000026],[112.20594600000004,16.784078000000022],[112.20604200000002,16.78382700000003],[112.20611400000007,16.78357100000005],[112.20616600000005,16.78330900000003],[112.20620400000007,16.783044000000075],[112.20623200000011,16.78277600000007],[112.20624800000007,16.78255000000007],[112.20625900000005,16.782324000000074],[112.20626400000003,16.782096000000024],[112.20626600000003,16.78186800000003]]],[[[112.27540800000008,16.999111000000028],[112.2751740000001,16.999126000000047],[112.27494000000002,16.999145000000055],[112.27465900000004,16.999171000000047],[112.27442600000006,16.999191000000053],[112.27395700000011,16.99923000000007],[112.27372300000002,16.999249000000077],[112.27325400000007,16.999288000000035],[112.27302000000009,16.99930900000004],[112.27255200000002,16.999352000000044],[112.26614300000006,17.000000000000057],[112.2660820000001,17.000038000000075],[112.2636510000001,17.00154100000003],[112.26212600000008,17.002575000000036],[112.26070100000004,17.003512000000057],[112.2591460000001,17.004359000000022],[112.25667800000008,17.00546600000007],[112.2529760000001,17.006801000000053],[112.25033800000006,17.00738700000005],[112.24709300000006,17.00797300000005],[112.2444210000001,17.008201000000042],[112.24188600000002,17.00826600000005],[112.23924800000009,17.008234000000073],[112.23696600000005,17.008038000000056],[112.23564800000008,17.007876000000067],[112.23395700000003,17.007550000000037],[112.23209800000006,17.006996000000072],[112.22962900000005,17.006020000000035],[112.22743200000002,17.005010000000027],[112.22506500000009,17.003708000000074],[112.22303600000009,17.002470000000073],[112.21862700000008,17.000013000000024],[112.21860400000003,17.000000000000057],[112.21346400000004,16.999236000000053],[112.21320000000003,16.999144000000058],[112.21293400000002,16.999056000000053],[112.21266800000001,16.998968000000048],[112.21240100000011,16.998883000000035],[112.21213300000011,16.99880200000007],[112.2118640000001,16.99872300000004],[112.21159300000011,16.998649000000057],[112.21132200000011,16.99857600000007],[112.21105000000011,16.998507000000075],[112.21082200000001,16.998450000000048],[112.21054900000001,16.998384000000044],[112.21032100000002,16.998330000000067],[112.21009300000003,16.99827700000003],[112.20940600000006,16.998122000000023],[112.20917700000007,16.99807100000004],[112.20894800000008,16.998020000000054],[112.20871900000009,16.99796800000007],[112.2084900000001,16.99791700000003],[112.20803300000011,16.99781100000007],[112.20780500000001,16.997757000000036],[112.20757700000001,16.99770200000006],[112.20734900000002,16.997645000000034],[112.20712200000003,16.997587000000067],[112.20685100000003,16.997515000000078],[112.20658000000003,16.997441000000038],[112.20635500000003,16.99737700000003],[112.20608600000003,16.997296000000063],[112.20581800000002,16.997214000000042],[112.20555100000001,16.997130000000027],[112.20528300000001,16.997047000000066],[112.20506000000012,16.996976000000075],[112.20483700000011,16.996905000000027],[112.2046140000001,16.996833000000038],[112.2043470000001,16.996747000000028],[112.20412500000009,16.99667400000004],[112.20390200000008,16.996602000000053],[112.20368000000008,16.99652800000007],[112.20345700000007,16.996455000000026],[112.20323600000006,16.996380000000045],[112.20301400000005,16.996305000000064],[112.20279200000004,16.996230000000025],[112.20257100000003,16.996154000000047],[112.20230500000002,16.99606300000005],[112.20203900000001,16.995971000000054],[112.2015980000001,16.99581500000005],[112.20115800000008,16.99565700000005],[112.20071800000005,16.995497000000057],[112.20049800000004,16.995416000000034],[112.19997300000011,16.995220000000074],[112.1997550000001,16.995137000000057],[112.19949300000007,16.995038000000022],[112.19905800000004,16.99486900000005],[112.19879700000001,16.994767000000024],[112.1985370000001,16.994664000000057],[112.19827800000007,16.994560000000035],[112.19801900000004,16.994455000000073],[112.19776100000001,16.994349000000057],[112.1975460000001,16.99425700000006],[112.19716300000005,16.994083000000046],[112.19695100000001,16.993982000000074],[112.19674100000009,16.99387900000005],[112.19653300000004,16.993773000000033],[112.19632600000011,16.993663000000026],[112.19612000000006,16.993551000000025],[112.19591600000001,16.99343700000003],[112.19571300000007,16.99332000000004],[112.195513,16.993202000000053],[112.19531400000005,16.993081000000075],[112.19507800000008,16.99293300000005],[112.1948450000001,16.99278300000003],[112.19461500000011,16.992630000000077],[112.1943930000001,16.99246800000003],[112.19419000000005,16.992283000000043],[112.1940330000001,16.99211500000007],[112.19388200000003,16.99193800000006],[112.19373700000006,16.991756000000066],[112.19359400000008,16.991573000000074],[112.1934510000001,16.991393000000073],[112.19315200000005,16.99103800000006],[112.19300900000007,16.990855000000067],[112.19288600000004,16.99066300000004],[112.1927750000001,16.990418000000034],[112.19268700000009,16.990163000000052],[112.19260700000007,16.98990500000002],[112.19254400000011,16.98968700000006],[112.19247600000006,16.989424000000042],[112.19242200000008,16.989202000000034],[112.19237300000009,16.98897900000003],[112.1923260000001,16.988756000000024],[112.19228200000009,16.988533000000075],[112.19224100000008,16.988309000000072],[112.19219500000008,16.988042000000064],[112.19215500000007,16.987775000000056],[112.192136,16.987549000000058],[112.19212700000003,16.987321000000065],[112.19212200000004,16.987093000000073],[112.19212000000005,16.986865000000023],[112.19211700000005,16.986636000000033],[112.19210700000008,16.986410000000035],[112.19208500000002,16.986141000000032],[112.19204300000001,16.985876000000076],[112.19197700000007,16.985615000000053],[112.19190100000003,16.985356000000024],[112.19181800000001,16.98509800000005],[112.19174500000008,16.984883000000025],[112.19166700000005,16.984669000000054],[112.19158600000003,16.984456000000023],[112.19150100000002,16.98424300000005],[112.19141200000001,16.98403200000007],[112.19131900000002,16.983822000000032],[112.19122400000003,16.983614000000046],[112.19112600000005,16.983408000000054],[112.19102300000009,16.98320300000006],[112.19091900000001,16.98300000000006],[112.19078900000011,16.98276100000004],[112.1906560000001,16.98252400000007],[112.190515,16.982290000000035],[112.19036800000003,16.982061000000044],[112.19024100000001,16.98187000000007],[112.19008500000007,16.98164600000007],[112.18995100000006,16.98145900000003],[112.18981500000007,16.98127400000004],[112.18967600000008,16.98109100000005],[112.18953600000009,16.980908000000056],[112.1893950000001,16.98072600000006],[112.18925300000001,16.980545000000063],[112.18911100000003,16.980365000000063],[112.18896900000004,16.980184000000065],[112.18879900000002,16.979968000000042],[112.18865600000004,16.979788000000042],[112.18848200000002,16.979576000000066],[112.18830400000002,16.979367000000025],[112.18815200000006,16.979194000000064],[112.1880000000001,16.979022000000043],[112.18784600000004,16.978851000000077],[112.1875060000001,16.978476000000057],[112.18732100000011,16.978271000000063],[112.18716800000004,16.97810000000004],[112.18700600000011,16.977932000000067],[112.1868320000001,16.977768000000026],[112.18665500000009,16.977606000000037],[112.18648900000005,16.97744000000006],[112.18631900000003,16.977230000000077],[112.1861980000001,16.977003000000025],[112.18613900000003,16.976748000000043],[112.18612800000005,16.976519000000053],[112.18614100000002,16.976284000000078],[112.18617000000006,16.976050000000043],[112.18620400000009,16.975823000000048],[112.1863350000001,16.97539000000006],[112.18643800000007,16.975182000000075],[112.18670400000008,16.974755000000073],[112.18682600000011,16.97455800000006],[112.18695100000002,16.974361000000044],[112.18707900000004,16.974167000000023],[112.18721300000004,16.973977000000048],[112.18735400000003,16.97379600000005],[112.18753700000002,16.973592000000053],[112.18773600000009,16.973406000000068],[112.18795000000011,16.973238000000038],[112.18817100000001,16.973074000000054],[112.18839700000001,16.972915000000057],[112.18859000000009,16.972785000000044],[112.18878600000005,16.97265900000002],[112.18898500000012,16.97253500000005],[112.18918600000006,16.97241500000007],[112.18939000000012,16.972299000000078],[112.18959600000005,16.972185000000025],[112.1898030000001,16.972074000000077],[112.19001200000002,16.971967000000063],[112.19022200000006,16.971862000000044],[112.1904340000001,16.971760000000074],[112.19064500000002,16.97166100000004],[112.19090000000006,16.97154800000004],[112.19115600000009,16.971442000000025],[112.19141900000011,16.971349000000032],[112.191686,16.97126700000007],[112.19195700000012,16.971194000000025],[112.19218500000011,16.971137000000056],[112.1924140000001,16.971084000000076],[112.19287500000007,16.97098200000005],[112.19310400000006,16.97092900000007],[112.19333400000005,16.97087300000004],[112.19356100000005,16.970813000000078],[112.19383000000005,16.97073400000005],[112.19405300000005,16.970661000000064],[112.19432000000006,16.97057600000005],[112.19454300000007,16.970504000000062],[112.19476500000007,16.970431000000076],[112.19498900000008,16.97035900000003],[112.19521100000009,16.970286000000044],[112.19543400000009,16.970213000000058],[112.1956560000001,16.970138000000077],[112.1958780000001,16.97006200000004],[112.19609900000012,16.969985000000065],[112.19631900000002,16.969907000000035],[112.19653900000003,16.969828000000064],[112.19675800000005,16.969746000000043],[112.19702000000007,16.969647000000066],[112.19728000000009,16.96954500000004],[112.19754000000012,16.969439000000023],[112.19779700000004,16.96933000000007],[112.19805200000008,16.96921800000007],[112.19830600000012,16.969100000000026],[112.19851600000004,16.968998000000056],[112.19872400000008,16.968890000000044],[112.19893000000002,16.968778000000043],[112.19913400000007,16.96866300000005],[112.19933500000002,16.968543000000068],[112.19953300000009,16.968420000000037],[112.19972800000005,16.968293000000074],[112.19991900000002,16.96816000000007],[112.20014200000003,16.967998000000023],[112.20035900000005,16.96782900000005],[112.2005660000001,16.96764600000006],[112.20073100000002,16.96748400000007],[112.20088900000007,16.96731200000005],[112.20103800000004,16.967133000000047],[112.20117700000003,16.96694700000006],[112.20130600000005,16.966756000000032],[112.20144600000003,16.966523000000052],[112.20157200000006,16.96628400000003],[112.2016870000001,16.966038000000026],[112.20179300000007,16.965788000000032],[112.20189300000004,16.965534000000048],[112.20197300000007,16.96532200000007],[112.2020510000001,16.965107000000046],[112.20212800000002,16.964892000000077],[112.20220600000005,16.96467700000005],[112.20228600000007,16.964464000000078],[112.20236900000009,16.964251000000047],[112.2024560000001,16.964040000000068],[112.20256800000004,16.96379200000007],[112.20266300000003,16.96358300000003],[112.20276000000001,16.96337200000005],[112.2028620000001,16.963164000000063],[112.20297100000005,16.962961000000064],[112.20311700000002,16.962730000000022],[112.20328500000005,16.962518000000046],[112.20347700000002,16.96232800000007],[112.2037610000001,16.96209600000003],[112.20395100000007,16.961963000000026],[112.20414900000003,16.961835000000065],[112.20435100000009,16.96171300000003],[112.20455500000003,16.961596000000043],[112.20496200000002,16.96136400000006],[112.20516800000007,16.961246000000074],[112.2053800000001,16.961131000000023],[112.20559700000001,16.961032000000046],[112.20586300000002,16.960949000000028],[112.20613300000002,16.96092200000004],[112.20640800000001,16.960928000000024],[112.2066880000001,16.96095500000007],[112.20692200000008,16.960990000000038],[112.20715700000005,16.96103400000004],[112.20739100000003,16.961085000000026],[112.20762300000001,16.961141000000055],[112.20785200000012,16.961201000000074],[112.20812200000012,16.96127400000006],[112.208391,16.961355000000026],[112.20861300000001,16.961426000000074],[112.20883500000002,16.961500000000058],[112.20905600000003,16.96157800000003],[112.20927700000004,16.96165700000006],[112.20949700000006,16.961737000000028],[112.20971700000007,16.961817000000053],[112.21015800000009,16.961975000000052],[112.2104240000001,16.96206600000005],[112.21069000000011,16.96215200000006],[112.210958,16.962233000000026],[112.211228,16.96230500000007],[112.2115040000001,16.96235800000005],[112.21173700000008,16.96238900000003],[112.21197300000006,16.962409000000036],[112.21220800000003,16.96242200000006],[112.21244300000001,16.96243000000004],[112.2126780000001,16.962435000000028],[112.21295900000007,16.962436000000025],[112.21324000000004,16.962433000000033],[112.21347600000001,16.962429000000043],[112.21394600000008,16.962417000000073],[112.21441500000003,16.96240800000004],[112.21465,16.962405000000047],[112.2148850000001,16.962405000000047],[112.21516600000007,16.962409000000036],[112.21540100000004,16.962417000000073],[112.21568200000002,16.962428000000045],[112.2159170000001,16.962436000000025],[112.21638900000005,16.962454000000037],[112.21662500000002,16.96246300000007],[112.21686100000011,16.962474000000043],[112.21709700000008,16.962488000000064],[112.21733300000005,16.962504000000024],[112.21756700000003,16.96252400000003],[112.21780000000001,16.962549000000024],[112.2180790000001,16.96258400000005],[112.21835500000009,16.962627000000055],[112.21863000000008,16.962680000000034],[112.21890200000007,16.96274100000005],[112.21917300000007,16.962810000000047],[112.21944300000007,16.96288100000004],[112.21966800000007,16.962946000000045],[112.21989300000007,16.963013000000046],[112.22011600000008,16.96308300000004],[112.22034000000008,16.963156000000026],[112.22056200000009,16.96323300000006],[112.2207830000001,16.96331200000003],[112.22100300000011,16.963393000000053],[112.22122300000001,16.96347700000007],[112.22144100000003,16.963564000000076],[112.22165800000005,16.963653000000022],[112.22187400000007,16.963744000000077],[112.2220880000001,16.963839000000064],[112.22230100000002,16.96393500000005],[112.22255400000006,16.964052000000038],[112.2228060000001,16.964172000000076],[112.22305600000004,16.964296000000047],[112.2233050000001,16.964421000000073],[112.22351200000003,16.964527000000032],[112.22375900000009,16.964657000000045],[112.22396500000002,16.964765000000057],[112.22437500000001,16.964986000000067],[112.22498600000006,16.965325000000064],[112.22518900000011,16.965440000000058],[112.22539300000005,16.965554000000054],[112.22559500000011,16.965669000000048],[112.22591900000009,16.965854000000036],[112.22962100000007,16.968305000000043],[112.2323540000001,16.969220000000064],[112.23536100000001,16.968897000000027],[112.2354180000001,16.968894000000034],[112.23569500000008,16.96886500000005],[112.23597300000006,16.968827000000033],[112.23624900000004,16.968782000000033],[112.23648000000003,16.968740000000025],[112.23671100000001,16.968694000000028],[112.23694100000012,16.968645000000038],[112.23740100000009,16.968540000000075],[112.23763200000008,16.96848700000004],[112.23809100000005,16.968380000000025],[112.23832000000004,16.96832900000004],[112.23859500000003,16.968270000000075],[112.23886900000002,16.96820900000006],[112.23909700000002,16.968154000000027],[112.23955200000012,16.968038000000035],[112.24000600000011,16.967918000000054],[112.2404610000001,16.967800000000068],[112.24068800000009,16.96774400000004],[112.24096200000008,16.96768000000003],[112.24123600000007,16.96761900000007],[112.24151100000006,16.967566000000033],[112.24178700000004,16.967520000000036],[112.24206500000003,16.967481000000078],[112.24234400000012,16.967449000000045],[112.24262400000009,16.967422000000056],[112.24290400000007,16.967401000000052],[112.24313900000004,16.967386000000033],[112.24337400000002,16.96737500000006],[112.2436090000001,16.96736500000003],[112.24384500000008,16.967358000000047],[112.24408000000005,16.967354000000057],[112.24431500000003,16.967350000000067],[112.24455000000012,16.967347000000075],[112.24534900000003,16.96734200000003],[112.24558400000001,16.96734200000003],[112.2458190000001,16.967341000000033],[112.24628900000005,16.967340000000036],[112.24652500000002,16.967341000000033],[112.24699500000008,16.967345000000023],[112.24723100000006,16.96734900000007],[112.24746500000003,16.967354000000057],[112.247701,16.96736100000004],[112.2479350000001,16.96736800000002],[112.24821600000007,16.967381000000046],[112.24849800000004,16.967397000000062],[112.24873200000002,16.967412000000024],[112.2490120000001,16.967433000000028],[112.24929100000008,16.967458000000022],[112.24957000000006,16.96748800000006],[112.24985000000004,16.967520000000036],[112.25008300000002,16.967549000000076],[112.25031600000011,16.96758200000005],[112.2505480000001,16.967616000000078],[112.25078200000007,16.96765300000004],[112.25101400000005,16.967692000000056],[112.25124600000004,16.967733000000067],[112.25147700000002,16.967779000000064],[112.25170700000001,16.967828000000054],[112.25193700000011,16.96787900000004],[112.2521650000001,16.967935000000068],[112.2523920000001,16.967994000000033],[112.2526170000001,16.968058000000042],[112.2528850000001,16.968139000000065],[112.25315100000012,16.968225000000075],[112.25341400000002,16.968318000000068],[112.25367500000004,16.968416000000047],[112.25393500000007,16.968517000000077],[112.2541940000001,16.968623000000036],[112.25445100000002,16.968732000000045],[112.25470800000005,16.968845000000044],[112.25496300000009,16.968958000000043],[112.255176,16.969055000000026],[112.25538700000004,16.969153000000063],[112.25581100000011,16.96935200000007],[112.2564450000001,16.96965300000005],[112.25686800000005,16.969851000000062],[112.25708100000008,16.969949000000042],[112.25729300000012,16.970046000000025],[112.25750600000003,16.970142000000067],[112.25776300000007,16.970254000000068],[112.2579780000001,16.970346000000063],[112.258193,16.970436000000063],[112.25845200000003,16.970540000000028],[112.25871400000005,16.97064000000006],[112.25897600000008,16.970736000000045],[112.25919600000009,16.970813000000078],[112.2594190000001,16.970889000000057],[112.2596420000001,16.970961000000045],[112.2598660000001,16.97103100000004],[112.2600910000001,16.97109800000004],[112.2603170000001,16.97116200000005],[112.2605440000001,16.971223000000066],[112.26077100000009,16.971281000000033],[112.26100000000008,16.971337000000062],[112.26122900000007,16.971388000000047],[112.26145800000006,16.971438000000035],[112.26173400000005,16.97149100000007],[112.26201000000003,16.97154000000006],[112.26228700000001,16.97158500000006],[112.26251900000011,16.97162000000003],[112.2627510000001,16.971652000000063],[112.26298400000007,16.971682000000044],[112.26321800000005,16.97171000000003],[112.26345200000003,16.971736000000078],[112.263687,16.971758000000023],[112.2639220000001,16.971779000000026],[112.26415700000007,16.971797000000038],[112.26439300000004,16.971812000000057],[112.26462800000002,16.97182600000002],[112.2648630000001,16.971835000000056],[112.26509800000008,16.971843000000035],[112.26533300000006,16.971847000000025],[112.26561400000003,16.971849000000077],[112.26589400000012,16.971846000000028],[112.26617400000009,16.971839000000045],[112.26645300000007,16.971820000000037],[112.26668700000005,16.971797000000038],[112.26692100000002,16.97176600000006],[112.26715300000001,16.97172900000004],[112.2673860000001,16.971685000000036],[112.26761700000009,16.971637000000044],[112.26784700000007,16.97158200000007],[112.26807600000006,16.971524000000045],[112.26830200000006,16.97146300000003],[112.26857100000007,16.971384000000057],[112.26884000000007,16.971302000000037],[112.26906600000007,16.971232000000043],[112.26929300000006,16.971156000000065],[112.26951800000006,16.97107600000004],[112.26973900000007,16.970987000000036],[112.2699560000001,16.97089200000005],[112.27016500000002,16.970786000000032],[112.2704030000001,16.970646000000045],[112.27062500000011,16.97048600000005],[112.27083100000004,16.97031000000004],[112.27103000000011,16.970125000000053],[112.27122200000008,16.96993100000003],[112.27140900000006,16.969732000000022],[112.27159200000006,16.96952600000003],[112.27174100000002,16.969350000000077],[112.2718870000001,16.96917300000007],[112.27203300000008,16.96899200000007],[112.27217700000006,16.968811000000073],[112.27246300000002,16.968447000000026],[112.27260700000011,16.968264000000033],[112.27275100000008,16.968082000000038],[112.27289600000006,16.967903000000035],[112.27304300000003,16.96772500000003],[112.2731930000001,16.967550000000074],[112.27334200000007,16.96737500000006],[112.27348900000004,16.967198000000053],[112.27363400000002,16.96701900000005],[112.2737790000001,16.966838000000052],[112.27392300000008,16.966658000000052],[112.27406800000006,16.966478000000052],[112.27421600000002,16.966301000000044],[112.2743660000001,16.966128000000026],[112.27455100000009,16.965925000000027],[112.27474300000006,16.965730000000065],[112.274944,16.965545000000077],[112.27515800000003,16.965373000000056],[112.27538700000002,16.965217000000052],[112.27558600000009,16.965096000000074],[112.27579200000002,16.964983000000075],[112.27600100000006,16.964875000000063],[112.2762130000001,16.96477100000004],[112.27642500000002,16.964671000000067],[112.27663600000005,16.964572000000032],[112.27685000000008,16.964478000000042],[112.2770660000001,16.964387000000045],[112.27728400000001,16.964300000000037],[112.27750300000002,16.964215000000024],[112.27794600000004,16.964050000000043],[112.27816800000005,16.963968000000023],[112.27838900000006,16.963887000000057],[112.27860900000007,16.96380400000004],[112.27882800000009,16.963719000000026],[112.27904600000011,16.963632000000075],[112.27930200000003,16.963523000000066],[112.27955600000007,16.963410000000067],[112.27980400000001,16.963288000000034],[112.28004600000008,16.963158000000078],[112.28028000000006,16.963018000000034],[112.28049900000008,16.962853000000052],[112.28070200000002,16.962665000000072],[112.28086100000007,16.962493000000052],[112.28101100000003,16.96231300000005],[112.28115300000002,16.962127000000066],[112.28128900000002,16.961937000000034],[112.28141900000003,16.96174700000006],[112.28156700000011,16.96151800000007],[112.2817030000001,16.961281000000042],[112.28180900000007,16.961078000000043],[112.28191100000004,16.96087300000005],[112.28200900000002,16.960665000000063],[112.2822030000001,16.960248000000036],[112.28230300000007,16.960042000000044],[112.28240600000004,16.95983700000005],[112.28253700000005,16.959598000000028],[112.28267800000003,16.959366000000045],[112.2828340000001,16.959144000000038],[112.283004,16.95893200000006],[112.283184,16.958724000000075],[112.28334100000006,16.95855400000005],[112.28350300000011,16.958387000000073],[112.28367200000002,16.958225000000027],[112.28384500000004,16.958067000000028],[112.28402300000005,16.957914000000073],[112.28420400000005,16.957767000000047],[112.28438900000003,16.957624000000067],[112.28457700000001,16.957489000000066],[112.28480600000012,16.957335000000057],[112.2850390000001,16.957191000000023],[112.28528700000004,16.957062000000064],[112.28550400000006,16.956967000000077],[112.28572800000006,16.956882000000064],[112.28595700000005,16.956809000000078],[112.28618800000004,16.956747000000064],[112.28642100000002,16.956697000000077],[112.28669700000012,16.956653000000074],[112.28696900000011,16.956630000000075],[112.28724800000009,16.956647000000032],[112.28748200000007,16.956687000000045],[112.28771500000005,16.956746000000066],[112.28794500000004,16.956818000000055],[112.28816900000004,16.956898000000024],[112.28842400000008,16.957006000000035],[112.28866400000004,16.957145000000025],[112.288858,16.957276000000036],[112.28905100000009,16.95740900000004],[112.28924700000005,16.95753700000006],[112.28949200000011,16.957670000000064],[112.28974800000003,16.957781000000068],[112.28996300000006,16.957875000000058],[112.29017800000008,16.957971000000043],[112.29061100000001,16.958160000000078],[112.29082900000003,16.95825300000007],[112.29104700000005,16.958345000000065],[112.29126700000006,16.958432000000073],[112.29148700000007,16.95851700000003],[112.29170800000009,16.958596000000057],[112.2919300000001,16.95867000000004],[112.2921980000001,16.958750000000066],[112.2924670000001,16.958819000000062],[112.2927370000001,16.958876000000032],[112.2930100000001,16.958919000000037],[112.29328400000009,16.958947000000023],[112.29356300000006,16.958962000000042],[112.29384300000004,16.958966000000032],[112.29407800000001,16.958961000000045],[112.2943130000001,16.958950000000073],[112.29455000000007,16.95893200000006],[112.29478700000004,16.958912000000055],[112.29502400000001,16.958886000000064],[112.2952610000001,16.958859000000075],[112.29549700000007,16.958829000000037],[112.29596700000002,16.958770000000072],[112.29620100000011,16.958740000000034],[112.29647900000009,16.958705000000066],[112.29671200000007,16.958673000000033],[112.29694400000005,16.958638000000064],[112.29722200000003,16.95859500000006],[112.29745300000002,16.958555000000047],[112.29768500000011,16.95851300000004],[112.2979150000001,16.95846700000004],[112.29814500000009,16.958420000000046],[112.29837500000008,16.95837000000006],[112.29860400000007,16.958318000000077],[112.29883200000006,16.958264000000042],[112.29905900000006,16.958207000000073],[112.29933000000005,16.958135000000027],[112.29960000000005,16.958060000000046],[112.29986900000006,16.957980000000077],[112.30013600000007,16.957898000000057],[112.30040300000007,16.957813000000044],[112.30062500000008,16.957740000000058],[112.30084700000009,16.957665000000077],[112.3011120000001,16.957574000000022],[112.30133300000011,16.957497000000046],[112.30155300000001,16.957418000000075],[112.30177300000003,16.957339000000047],[112.30203800000004,16.957245000000057],[112.30230200000005,16.957151000000067],[112.30296400000009,16.956916000000035],[112.3031850000001,16.956840000000057],[112.30345100000011,16.956750000000056],[112.303717,16.95666300000005],[112.30394100000001,16.956592000000057],[112.30416600000001,16.95652400000006],[112.304393,16.95645600000006],[112.30461900000012,16.956391000000053],[112.3053020000001,16.956196000000034],[112.30575600000009,16.956065000000024],[112.30598200000009,16.955998000000022],[112.30620600000009,16.955929000000026],[112.30643000000009,16.955858000000035],[112.3066960000001,16.955771000000027],[112.306959,16.95568000000003],[112.30721900000003,16.955583000000047],[112.30747500000007,16.955482000000075],[112.30772700000011,16.955376000000058],[112.30797000000007,16.955251000000032],[112.30815000000007,16.955104000000063],[112.30830900000001,16.954926000000057],[112.30844600000012,16.95473000000004],[112.30856300000005,16.954526000000044],[112.30867400000011,16.954283000000032],[112.30873600000007,16.95406500000007],[112.30877200000009,16.953835000000026],[112.30878600000005,16.953603000000044],[112.30878000000007,16.95337600000005],[112.30869500000006,16.95298400000007],[112.30860900000005,16.952770000000044],[112.30851400000006,16.952559000000065],[112.30842200000006,16.952350000000024],[112.30833500000006,16.952139000000045],[112.30825100000004,16.951925000000074],[112.30816600000003,16.951711000000046],[112.30807700000003,16.95149900000007],[112.30798100000004,16.951292000000024],[112.30785400000002,16.951051000000064],[112.30770700000005,16.95082400000007],[112.30753800000002,16.950611000000038],[112.30734800000005,16.950413000000026],[112.30717700000002,16.950255000000027],[112.30699900000002,16.950102000000072],[112.30681600000003,16.949952000000053],[112.30663200000004,16.94980300000003],[112.30645000000004,16.949654000000066],[112.30627200000004,16.94950300000005],[112.30610300000001,16.949346000000048],[112.30591400000003,16.94915000000003],[112.30574800000011,16.948942000000045],[112.30561100000011,16.948712000000057],[112.3055260000001,16.94849800000003],[112.30546400000003,16.948271000000034],[112.30542400000002,16.948038000000054],[112.30540500000006,16.94780600000007],[112.30540800000006,16.947539000000063],[112.30543200000011,16.947313000000065],[112.30547700000011,16.947078000000033],[112.30554600000005,16.946845000000053],[112.30564300000003,16.946628000000032],[112.3057960000001,16.946405000000027],[112.30599200000006,16.94623400000006],[112.30621400000007,16.94608500000004],[112.30645400000003,16.945951000000036],[112.30666700000006,16.94584800000007],[112.30688800000007,16.945754000000022],[112.30711400000007,16.94566800000007],[112.30734300000006,16.945587000000046],[112.30757200000005,16.945513000000062],[112.30780100000004,16.94544200000007],[112.30806900000005,16.945363000000043],[112.30833800000005,16.945286000000067],[112.30860900000005,16.945212000000026],[112.30883500000004,16.94515300000006],[112.30906300000004,16.94509800000003],[112.30929200000003,16.945043000000055],[112.30952000000002,16.944991000000073],[112.30975000000001,16.94494100000003],[112.30998000000011,16.944893000000036],[112.3102110000001,16.94484700000004],[112.31044200000008,16.944804000000033],[112.31067300000007,16.944763000000023],[112.31090500000005,16.944723000000067],[112.31113700000003,16.944687000000044],[112.31141500000001,16.944645000000037],[112.3116940000001,16.94460900000007],[112.31192800000008,16.944582000000025],[112.31216300000006,16.944562000000076],[112.31240100000002,16.944544000000064],[112.3126390000001,16.94453100000004],[112.31287900000007,16.944522000000063],[112.31312000000003,16.94451600000002],[112.3133610000001,16.944511000000034],[112.31360300000006,16.944507000000044],[112.31432800000005,16.944499000000064],[112.314569,16.944495000000074],[112.31480800000008,16.944489000000033],[112.31504700000005,16.94448200000005],[112.31528400000002,16.94447100000002],[112.31551900000011,16.94445600000006],[112.31579800000009,16.944434000000058],[112.31607400000007,16.944404000000077],[112.31634700000006,16.94436600000006],[112.31661500000007,16.94432100000006],[112.31687800000009,16.944264000000032],[112.31713700000012,16.944195000000036],[112.31738900000005,16.944115000000068],[112.31763200000012,16.94400600000006],[112.3178620000001,16.943868000000066],[112.31808200000012,16.943705000000023],[112.31825800000001,16.943552000000068],[112.31842700000004,16.94338700000003],[112.31859100000008,16.943212000000074],[112.31874800000003,16.94303000000002],[112.3189010000001,16.942841000000044],[112.31905000000006,16.942649000000074],[112.31919500000004,16.94245600000005],[112.31933600000002,16.942266000000075],[112.31963600000006,16.941860000000077],[112.31979000000001,16.941636000000074],[112.3199360000001,16.94140600000003],[112.32007500000009,16.941171000000054],[112.32018700000003,16.940972000000045],[112.32031600000005,16.94073000000003],[112.32042100000001,16.94052700000003],[112.3205230000001,16.94032100000004],[112.32062300000007,16.94011500000005],[112.32072200000005,16.939909000000057],[112.32082100000002,16.939702000000068],[112.32091900000012,16.939496000000076],[112.3210180000001,16.939290000000028],[112.32111600000007,16.939084000000037],[112.32123700000011,16.938840000000027],[112.32133900000008,16.938635000000033],[112.32144200000005,16.938431000000037],[112.3216460000001,16.93802100000005],[112.32174700000007,16.93781400000006],[112.32184600000005,16.93760800000007],[112.32194300000003,16.937401000000023],[112.32203800000002,16.937194000000034],[112.32212800000002,16.93698500000005],[112.32221600000003,16.936776000000066],[112.32231500000012,16.936522000000025],[112.32240700000011,16.93626800000004],[112.32249100000001,16.936012000000062],[112.32256600000005,16.93575400000003],[112.32262500000002,16.935492000000067],[112.32267000000002,16.935226000000057],[112.32270400000004,16.934957000000054],[112.3227260000001,16.934732000000054],[112.32274400000006,16.934506000000056],[112.32275800000002,16.934278000000063],[112.3227710000001,16.934051000000068],[112.32278400000007,16.933823000000075],[112.32279800000003,16.933596000000023],[112.3228150000001,16.933370000000025],[112.32283600000005,16.933144000000027],[112.32286700000009,16.932875000000024],[112.32289500000002,16.932650000000024],[112.32299300000011,16.931887000000074],[112.32302600000003,16.93161800000007],[112.32305300000007,16.93139300000007],[112.32308200000011,16.931124000000068],[112.32310400000006,16.930899000000068],[112.32312700000011,16.930629000000067],[112.32314500000007,16.930359000000067],[112.32315700000004,16.930089000000066],[112.32316100000003,16.92986300000007],[112.32316300000002,16.92963700000007],[112.32316100000003,16.929366000000073],[112.32315700000004,16.929140000000075],[112.32315200000005,16.928915000000075],[112.32314600000007,16.928689000000077],[112.32313600000009,16.928236000000027],[112.3231330000001,16.92801000000003],[112.3231340000001,16.92778400000003],[112.32314400000007,16.92755600000004],[112.3231750000001,16.92710100000005],[112.32318600000008,16.926873000000057],[112.32318800000007,16.92664700000006],[112.32317200000011,16.92637700000006],[112.32312900000011,16.926112000000046],[112.32306500000004,16.925850000000025],[112.3229980000001,16.92558900000006],[112.32292900000004,16.92532700000004],[112.32285700000011,16.92506700000007],[112.32278400000007,16.92480500000005],[112.32270800000003,16.924545000000023],[112.32263000000012,16.924285000000054],[112.32255200000009,16.92402500000003],[112.32248400000003,16.923808000000065],[112.32241700000009,16.923592000000042],[112.32233400000007,16.923332000000073],[112.32226400000002,16.92311600000005],[112.32218000000012,16.922857000000022],[112.32210900000007,16.922642000000053],[112.32203800000002,16.922425000000032],[112.32196600000009,16.922210000000064],[112.32189500000004,16.92199400000004],[112.32182300000011,16.921778000000074],[112.32160800000008,16.921130000000062],[112.32153600000004,16.920915000000036],[112.3214650000001,16.92069900000007],[112.32138000000009,16.92044100000004],[112.32131000000004,16.920224000000076],[112.32122800000002,16.919965000000047],[112.32115900000008,16.919749000000024],[112.32107500000006,16.91949100000005],[112.32100300000002,16.919276000000025],[112.32093100000009,16.91906000000006],[112.32085700000005,16.918845000000033],[112.32076800000004,16.918588000000057],[112.320693,16.91837400000003],[112.32052900000008,16.917902000000026],[112.32045600000004,16.917687000000058],[112.32036800000003,16.917430000000024],[112.3202970000001,16.917215000000056],[112.32022700000005,16.916998000000035],[112.32014500000002,16.91674000000006],[112.32007900000008,16.91652300000004],[112.32000200000004,16.916262000000074],[112.31993000000011,16.91600200000005],[112.31980300000009,16.915520000000072],[112.31968700000004,16.91507800000005],[112.31963000000007,16.914855000000045],[112.3195760000001,16.914633000000038],[112.319522,16.91441100000003],[112.31947200000002,16.914188000000024],[112.31942600000002,16.913965000000076],[112.31938300000002,16.913741000000073],[112.31934400000011,16.91351700000007],[112.3193050000001,16.913249000000064],[112.31927400000006,16.91298100000006],[112.31925400000011,16.912713000000053],[112.31924300000003,16.912447000000043],[112.31924400000003,16.912181000000032],[112.3192580000001,16.91191200000003],[112.31928400000004,16.911643000000026],[112.31931400000008,16.911418000000026],[112.3193500000001,16.911193000000026],[112.3193940000001,16.910969000000023],[112.3194420000001,16.910745000000077],[112.31949700000007,16.910521000000074],[112.31955500000004,16.910299000000066],[112.3196180000001,16.910079000000053],[112.31968400000005,16.90985900000004],[112.31975200000011,16.909642000000076],[112.319838,16.909385000000043],[112.319927,16.90913000000006],[112.32001000000002,16.90891800000003],[112.32010100000002,16.90870700000005],[112.32020000000011,16.908499000000063],[112.32030600000007,16.90829400000007],[112.32041900000002,16.908092000000067],[112.32054000000005,16.90789600000005],[112.32066800000007,16.907704000000024],[112.32083000000011,16.907484000000068],[112.32100300000002,16.907275000000027],[112.321188,16.907076000000075],[112.32138600000008,16.906886000000043],[112.32156000000009,16.90673400000003],[112.32174000000009,16.90658700000006],[112.32192400000008,16.906445000000076],[112.32211300000006,16.90630600000003],[112.32230400000003,16.906169000000034],[112.32249600000011,16.90603500000003],[112.32268900000008,16.905903000000023],[112.32288100000005,16.90577200000007],[112.32311000000004,16.90561400000007],[112.32330000000002,16.90547900000007],[112.3234910000001,16.90534400000007],[112.32368200000008,16.905207000000075],[112.32387300000005,16.905070000000023],[112.32406500000002,16.904934000000026],[112.3242580000001,16.904800000000023],[112.32445200000006,16.904667000000074],[112.32464700000003,16.90453700000006],[112.3248430000001,16.904409000000044],[112.32504100000006,16.90428600000007],[112.325241,16.90416700000003],[112.32548300000008,16.904030000000034],[112.32572800000003,16.903902000000073],[112.32597600000008,16.90378400000003],[112.32622800000001,16.903676000000075],[112.32648500000005,16.903579000000036],[112.32674800000007,16.90349800000007],[112.32701600000007,16.903429000000074],[112.32729000000006,16.903373000000045],[112.32756700000004,16.90332600000005],[112.32780100000002,16.903294000000074],[112.32803700000011,16.903268000000025],[112.32827400000008,16.903246000000024],[112.32851200000005,16.903227000000072],[112.32875100000001,16.903212000000053],[112.32898900000009,16.903200000000027],[112.32937000000004,16.903180000000077],[112.33012100000008,16.903139000000067],[112.33040200000005,16.90312700000004],[112.33068300000002,16.90311900000006],[112.33096400000011,16.90311200000002],[112.33119900000008,16.903110000000027],[112.33148000000006,16.90310800000003],[112.33171500000003,16.903107000000034],[112.33241900000007,16.903113000000076],[112.33265400000005,16.903116000000068],[112.33288900000002,16.903120000000058],[112.33359400000006,16.903129000000035],[112.33406300000001,16.903133000000025],[112.33453200000008,16.903132000000028],[112.33476800000005,16.903129000000035],[112.33500300000003,16.903125000000045],[112.33547400000009,16.903113000000076],[112.3364160000001,16.903085000000033],[112.33688600000005,16.903075000000058],[112.33712100000002,16.903072000000066],[112.33735600000011,16.903072000000066],[112.33763700000009,16.903073000000063],[112.33791700000006,16.903079000000048],[112.33819700000004,16.903090000000077],[112.33847500000002,16.903106000000037],[112.33875300000011,16.90313100000003],[112.33903100000009,16.90318300000007],[112.33925900000008,16.90324300000003],[112.33948400000008,16.903319000000067],[112.3397030000001,16.903406000000075],[112.33991700000001,16.903505000000052],[112.34016500000007,16.903631000000075],[112.3403780000001,16.903737000000035],[112.34059500000001,16.90384000000006],[112.34081600000002,16.903943000000027],[112.34103900000002,16.90404700000005],[112.34126300000003,16.904152000000067],[112.34148500000003,16.90425700000003],[112.34170400000005,16.904368000000034],[112.34191800000008,16.904480000000035],[112.342127,16.90459800000002],[112.34232800000007,16.90472200000005],[112.34255600000006,16.904877000000056],[112.34276800000009,16.905044000000032],[112.34296200000006,16.90522100000004],[112.34313300000008,16.905413000000067],[112.34328000000005,16.90561900000006],[112.34340800000007,16.90584000000007],[112.34351900000001,16.906075000000044],[112.34361500000011,16.906321000000048],[112.34369600000002,16.906578000000025],[112.3437540000001,16.906798000000038],[112.34380500000009,16.907024000000035],[112.3438480000001,16.907254000000023],[112.34388400000012,16.90748700000006],[112.34391500000004,16.907722000000035],[112.34394100000009,16.907959000000062],[112.34396300000003,16.908196000000032],[112.3439820000001,16.90843300000006],[112.34399900000005,16.90866900000003],[112.34401300000002,16.90890100000007],[112.3440270000001,16.909132000000056],[112.34404100000006,16.909357000000057],[112.34405400000003,16.909625000000062],[112.34405700000002,16.909894000000065],[112.34405200000003,16.910164000000066],[112.34404000000006,16.910434000000066],[112.3440230000001,16.91070300000007],[112.34400000000005,16.910974000000067],[112.3439790000001,16.911200000000065],[112.34395500000005,16.911424000000068],[112.34393100000011,16.911650000000066],[112.34387900000002,16.91210200000006],[112.34385300000008,16.91232800000006],[112.34382900000003,16.912554000000057],[112.34380500000009,16.912780000000055],[112.34378400000003,16.913006000000053],[112.34376600000007,16.91323200000005],[112.343748,16.91350300000005],[112.34373800000003,16.91372800000005],[112.34372300000007,16.91400200000004],[112.3437100000001,16.914230000000032],[112.34369800000002,16.914458000000025],[112.34368800000004,16.91468700000007],[112.34368200000006,16.914916000000062],[112.34368300000006,16.915143000000057],[112.34369300000003,16.91541200000006],[112.34371800000008,16.91567900000007],[112.34375900000009,16.915940000000035],[112.34383300000002,16.916199000000063],[112.34392300000002,16.916408000000047],[112.34403400000008,16.916612000000043],[112.3441590000001,16.916810000000055],[112.34429200000011,16.917001000000027],[112.34445600000004,16.917220000000043],[112.34460600000011,16.91739800000005],[112.34476700000005,16.917571000000066],[112.34493700000007,16.917734000000053],[112.34511600000008,16.917883000000074],[112.34533500000009,16.918041000000073],[112.3456000000001,16.918089000000066],[112.34584500000005,16.918049000000053],[112.34608000000003,16.918021000000067],[112.34631800000011,16.91799800000007],[112.34655800000007,16.917976000000067],[112.34679500000004,16.91794900000002],[112.34702900000002,16.91791100000006],[112.34730000000002,16.917845000000057],[112.34755500000006,16.917748000000074],[112.34779400000002,16.917617000000064],[112.34802100000002,16.917458000000067],[112.34820300000001,16.91731100000004],[112.34838100000002,16.917156000000034],[112.34873100000004,16.91683500000005],[112.34890900000005,16.916679000000045],[112.34909000000005,16.916532000000075],[112.34931500000005,16.91637300000002],[112.34955200000002,16.916240000000073],[112.34980400000006,16.916138000000046],[112.35006800000008,16.916057000000023],[112.35029600000007,16.91600200000005],[112.35052900000005,16.915959000000043],[112.35076600000002,16.915927000000067],[112.3510050000001,16.91590400000007],[112.35124600000006,16.91588900000005],[112.35148600000002,16.915882000000067],[112.3517240000001,16.915880000000072],[112.35195800000008,16.915883000000065],[112.35223700000006,16.915895000000035],[112.35247500000003,16.91591200000005],[112.35271300000011,16.915939000000037],[112.35295200000007,16.91597500000006],[112.35318800000005,16.916021000000057],[112.35341900000003,16.91607700000003],[112.35364500000003,16.91614500000003],[112.35390400000006,16.916244000000063],[112.35414700000001,16.916363000000047],[112.35436500000003,16.916521000000046],[112.3545630000001,16.916715000000067],[112.35471700000005,16.916893000000073],[112.35486800000001,16.91707800000006],[112.35502200000008,16.917260000000056],[112.35518200000001,16.917431000000022],[112.35539000000006,16.917611000000022],[112.35562300000004,16.91775000000007],[112.35587300000009,16.917860000000076],[112.35613500000011,16.91795200000007],[112.35636000000011,16.918019000000072],[112.3565880000001,16.918078000000037],[112.35682000000008,16.91813300000007],[112.35705200000007,16.91818900000004],[112.35728300000005,16.918247000000065],[112.35751100000004,16.918310000000076],[112.35773400000005,16.918383000000063],[112.35799400000008,16.918485000000032],[112.3582110000001,16.918577000000028],[112.35843000000011,16.91867300000007],[112.35864600000002,16.918776000000037],[112.35885700000006,16.918885000000046],[112.35905900000012,16.919005000000027],[112.35928600000011,16.91916200000003],[112.35949100000005,16.91933800000004],[112.35967300000004,16.91953600000005],[112.35984300000007,16.91975300000007],[112.35997300000008,16.91994500000004],[112.360093,16.920146000000045],[112.36020200000007,16.920353000000034],[112.36030100000005,16.92056400000007],[112.36038800000006,16.920777000000044],[112.36047700000006,16.92103000000003],[112.36053800000002,16.92128900000006],[112.36056300000007,16.921560000000056],[112.36055500000009,16.921883000000037],[112.36053200000003,16.922115000000076],[112.36050000000012,16.922341000000074],[112.36044800000002,16.922604000000035],[112.36037400000009,16.92286500000006],[112.36029800000006,16.923080000000027],[112.36021600000004,16.923293000000058],[112.36004500000001,16.923717000000067],[112.3599650000001,16.92393000000004],[112.35989000000006,16.924150000000054],[112.35981200000003,16.924367000000075],[112.35972200000003,16.92457600000006],[112.35958500000004,16.92480900000004],[112.35941200000002,16.92501500000003],[112.35922000000005,16.925211000000047],[112.35904800000003,16.92536800000005],[112.35886800000003,16.92551700000007],[112.35868200000004,16.92566000000005],[112.35849100000007,16.92579500000005],[112.3582970000001,16.925924000000066],[112.35806300000002,16.926075000000026],[112.35782800000004,16.92622300000005],[112.35759200000007,16.926370000000077],[112.3573550000001,16.92651500000005],[112.35711700000002,16.926660000000027],[112.35691800000006,16.926780000000065],[112.35647900000004,16.92704100000003],[112.35607800000002,16.927276000000063],[112.35583700000007,16.927415000000053],[112.3555960000001,16.92755600000004],[112.3551930000001,16.927789000000075],[112.35495100000003,16.927928000000065],[112.35450800000001,16.928184000000044],[112.35430700000006,16.92830200000003],[112.3540660000001,16.928442000000075],[112.35366600000009,16.92867700000005],[112.35346600000003,16.928796000000034],[112.35326700000007,16.928916000000072],[112.35306600000001,16.92903400000006],[112.35282400000006,16.929174000000046],[112.35262200000011,16.929290000000037],[112.35242000000005,16.92940500000003],[112.35221700000011,16.929519000000028],[112.35201400000005,16.929635000000076],[112.35181100000011,16.929749000000072],[112.35160800000006,16.929864000000066],[112.35140600000011,16.929981000000055],[112.35120500000005,16.930097000000046],[112.3510050000001,16.93021600000003],[112.35076600000002,16.930360000000064],[112.35052900000005,16.930506000000037],[112.35029500000007,16.930656000000056],[112.35006300000009,16.930809000000067],[112.3498350000001,16.93096600000007],[112.3496100000001,16.93112700000006],[112.34938800000009,16.93129200000004],[112.3492020000001,16.931431000000032],[112.34901500000001,16.931571000000076],[112.34882900000002,16.93171200000006],[112.34864200000004,16.93185500000004],[112.34845800000005,16.932000000000073],[112.34827400000006,16.932147000000043],[112.34809300000006,16.932296000000065],[112.34791500000006,16.932448000000022],[112.34774000000004,16.93260200000003],[112.34756800000002,16.932759000000033],[112.3474020000001,16.93292100000002],[112.34724000000006,16.933084000000065],[112.34705300000007,16.933286000000066],[112.34687500000007,16.933493000000055],[112.34670600000004,16.933707000000027],[112.3465480000001,16.933926000000042],[112.34639900000002,16.934150000000045],[112.34625500000004,16.934380000000033],[112.34611700000005,16.934611000000075],[112.34598200000005,16.934847000000048],[112.34585300000003,16.935085000000072],[112.34572700000001,16.935325000000034],[112.3456040000001,16.93556700000005],[112.34548400000006,16.935813000000053],[112.34536800000001,16.936060000000055],[112.34527200000002,16.936266000000046],[112.34517700000004,16.93647500000003],[112.34508400000004,16.936683000000073],[112.34499200000005,16.936893000000055],[112.34490000000005,16.937103000000036],[112.34477300000003,16.93739800000003],[112.34459200000003,16.937819000000047],[112.34441000000004,16.938240000000064],[112.34431700000005,16.938450000000046],[112.34422400000005,16.93865900000003],[112.34413000000006,16.93886800000007],[112.34403400000008,16.93907500000006],[112.3439370000001,16.93928200000005],[112.34383900000012,16.939487000000042],[112.34373700000003,16.93969100000004],[112.34361400000012,16.939935000000048],[112.3434870000001,16.940177000000062],[112.34335900000008,16.940418000000022],[112.34322900000006,16.94065900000004],[112.34309800000005,16.94089800000006],[112.3429880000001,16.941099000000065],[112.34287800000004,16.941298000000074],[112.34263500000009,16.941737000000046],[112.34252500000002,16.941936000000055],[112.34239300000002,16.942175000000077],[112.3421770000001,16.94257600000003],[112.34204900000009,16.942818000000045],[112.34192300000007,16.94306000000006],[112.34180000000003,16.94330400000007],[112.34168100000011,16.943549000000075],[112.341586,16.943756000000064],[112.34147500000006,16.94400500000006],[112.34138400000006,16.944214000000045],[112.34127600000011,16.94446400000004],[112.3411870000001,16.944673000000023],[112.34107900000004,16.94492400000007],[112.34098800000004,16.945132000000058],[112.3408760000001,16.945380000000057],[112.34077900000011,16.94558600000005],[112.34065800000008,16.945831000000055],[112.34053200000005,16.946072000000072],[112.34031500000003,16.946473000000026],[112.34005300000001,16.946953000000065],[112.33994300000006,16.947152000000074],[112.33980900000006,16.94739000000004],[112.33969800000011,16.947590000000048],[112.33956400000011,16.947828000000072],[112.33945100000005,16.948026000000027],[112.33931500000006,16.948263000000054],[112.339065,16.948698000000036],[112.33895000000007,16.948896000000047],[112.33869700000002,16.949329000000034],[112.33855800000003,16.949564000000066],[112.33841800000005,16.94980000000004],[112.33830100000011,16.949996000000056],[112.33804400000008,16.950427000000047],[112.3379030000001,16.950662000000023],[112.33776200000011,16.95089500000006],[112.33747900000003,16.95136400000007],[112.3373590000001,16.95155900000003],[112.33723900000007,16.95175400000005],[112.33711800000003,16.951948000000073],[112.33697200000006,16.952179000000058],[112.33684800000003,16.952372000000025],[112.336723,16.952563000000055],[112.3365970000001,16.952754000000027],[112.33646800000008,16.95294300000006],[112.33633800000007,16.95313200000004],[112.33617900000002,16.953355000000045],[112.33601700000008,16.953576000000055],[112.33585200000005,16.95379500000007],[112.33568200000002,16.95401000000004],[112.33553600000005,16.954187000000047],[112.33538600000009,16.954361000000063],[112.3352010000001,16.95456500000006],[112.33504300000004,16.954733000000033],[112.3348830000001,16.95489900000007],[112.33472000000006,16.955063000000052],[112.33455400000003,16.955224000000044],[112.33435400000008,16.955414000000076],[112.33415100000002,16.955602000000056],[112.33398100000011,16.95575800000006],[112.33380800000009,16.955913000000066],[112.33363300000008,16.956065000000024],[112.33345500000007,16.956214000000045],[112.33327500000007,16.956360000000075],[112.3329030000001,16.956638000000055],[112.33267300000011,16.95679300000006],[112.33243700000003,16.95693700000004],[112.33219200000008,16.957067000000052],[112.33193800000004,16.95718400000004],[112.33172200000001,16.957276000000036],[112.33150400000011,16.957362000000046],[112.3312840000001,16.95744700000006],[112.33106500000008,16.95753300000007],[112.33084700000006,16.957620000000077],[112.33063200000004,16.95771300000007],[112.3303810000001,16.95783300000005],[112.33013800000003,16.957967000000053],[112.32990700000005,16.95811800000007],[112.32968300000005,16.95827900000006],[112.32946700000002,16.958451000000025],[112.32928900000002,16.958600000000047],[112.32911400000012,16.95875300000006],[112.3289410000001,16.95890600000007],[112.32876600000009,16.959060000000022],[112.32859100000007,16.95921100000004],[112.32841300000007,16.95936000000006],[112.32823100000007,16.959504000000038],[112.32804600000009,16.959643000000028],[112.32782200000008,16.95980600000007],[112.3276330000001,16.959940000000074],[112.32740500000011,16.960100000000068],[112.32721500000002,16.960232000000076],[112.32698600000003,16.960389000000077],[112.32679500000006,16.96052100000003],[112.32641400000011,16.960785000000044],[112.326187,16.960946000000035],[112.32543500000008,16.96148800000003],[112.3252460000001,16.96162300000003],[112.32501800000011,16.961782000000028],[112.32478900000001,16.961938000000032],[112.32455600000003,16.962091000000044],[112.32432100000005,16.962240000000065],[112.32408300000009,16.962383000000045],[112.32388300000002,16.96250200000003],[112.32364300000006,16.96264300000007],[112.3234010000001,16.962781000000064],[112.32319900000005,16.962896000000057],[112.32271200000002,16.963168000000053],[112.32230400000003,16.963392000000056],[112.32205900000008,16.96352600000006],[112.32165000000009,16.963748000000066],[112.32144600000004,16.963860000000068],[112.3212410000001,16.963970000000074],[112.3208330000001,16.964194000000077],[112.32058900000004,16.964329000000077],[112.32034500000009,16.964465000000075],[112.32010300000002,16.96460200000007],[112.31990000000008,16.96471800000006],[112.31965900000012,16.964856000000054],[112.31877300000008,16.96536700000007],[112.318532,16.96550700000006],[112.31804900000009,16.965788000000032],[112.31780900000001,16.965927000000022],[112.31760800000006,16.966045000000065],[112.3173670000001,16.966184000000055],[112.31716600000004,16.96630200000004],[112.31668300000001,16.96658000000002],[112.31644200000005,16.966721000000064],[112.3162000000001,16.966859000000056],[112.31599800000004,16.966975000000048],[112.31551400000001,16.96725200000003],[112.31527200000005,16.967389000000026],[112.31486600000005,16.967617000000075],[112.3146220000001,16.967752000000075],[112.31441800000005,16.967864000000077],[112.3141730000001,16.967997000000025],[112.31396800000005,16.96810800000003],[112.31376300000011,16.96821700000004],[112.31351700000005,16.96834800000005],[112.31310600000006,16.968566000000067],[112.31240700000001,16.968939000000034],[112.31195600000001,16.96918000000005],[112.31175000000007,16.969288000000063],[112.31150200000002,16.969418000000076],[112.31129500000009,16.969525000000033],[112.31104700000003,16.96965300000005],[112.3108400000001,16.969761000000062],[112.31059300000004,16.969890000000078],[112.31018200000005,16.970109000000036],[112.3099380000001,16.970244000000037],[112.30969500000003,16.97038100000003],[112.30945500000007,16.970522000000074],[112.30901600000004,16.970784000000037],[112.30881700000009,16.970905000000073],[112.30861600000003,16.97102600000005],[112.30841800000007,16.971149000000025],[112.30822,16.971276000000046],[112.30802600000004,16.97140500000006],[112.30783500000007,16.97153700000007],[112.30764900000008,16.97167500000006],[112.30743200000006,16.971847000000025],[112.30722400000002,16.972028000000023],[112.30702600000006,16.97221600000006],[112.3068310000001,16.972411000000022],[112.30663900000002,16.97260700000004],[112.30644900000004,16.97280600000005],[112.30626200000006,16.973007000000052],[112.30607700000007,16.97321100000005],[112.305924,16.973382000000072],[112.30577200000005,16.973555000000033],[112.30559100000005,16.973763000000076],[112.30544100000009,16.973937000000035],[112.30529200000001,16.974112000000048],[112.30514400000004,16.974288000000058],[112.30499600000007,16.97446400000007],[112.3048490000001,16.974641000000076],[112.30470300000002,16.974820000000022],[112.30455600000005,16.97499700000003],[112.30441000000008,16.975175000000036],[112.3042640000001,16.975352000000044],[112.30411800000002,16.97553000000005],[112.30397200000004,16.975707000000057],[112.30382500000007,16.975884000000065],[112.30364900000006,16.97609600000004],[112.30347300000005,16.976307000000077],[112.30332800000008,16.976485000000025],[112.3031830000001,16.97666300000003],[112.30301200000008,16.976878000000056],[112.3028690000001,16.977058000000056],[112.30269900000008,16.977274000000023],[112.30255800000009,16.977456000000075],[112.30238900000006,16.97767200000004],[112.30210900000009,16.978035000000034],[112.3019690000001,16.978218000000027],[112.30168900000001,16.978581000000077],[112.3015200000001,16.97879800000004],[112.30137900000011,16.978980000000035],[112.30123700000001,16.979160000000036],[112.3010670000001,16.97937600000006],[112.30092400000001,16.97955500000006],[112.3007510000001,16.979768000000035],[112.30057700000009,16.979981000000066],[112.30040100000008,16.980192000000045],[112.30022300000007,16.980402000000026],[112.30004300000007,16.98061000000007],[112.29986200000008,16.980815000000064],[112.29967700000009,16.981020000000058],[112.2994900000001,16.98122200000006],[112.29930100000001,16.981422000000066],[112.29914100000008,16.981588000000045],[112.29898000000003,16.981753000000026],[112.2988170000001,16.981917000000067],[112.29865300000006,16.982079000000056],[112.29848700000002,16.982240000000047],[112.2983200000001,16.98240000000004],[112.29815100000008,16.982560000000035],[112.29798200000005,16.982717000000036],[112.29781100000002,16.98287300000004],[112.29763900000012,16.983028000000047],[112.2974660000001,16.983182000000056],[112.29729100000009,16.983333000000073],[112.29711600000007,16.983484000000033],[112.29690500000004,16.983663000000035],[112.29669200000001,16.983839000000046],[112.29644100000007,16.984042000000045],[112.29622600000005,16.984214000000065],[112.29600400000004,16.984380000000044],[112.29580800000008,16.984507000000065],[112.29560400000003,16.984624000000053],[112.2953930000001,16.984731000000068],[112.29517600000008,16.984825000000058],[112.29495500000007,16.984909000000073],[112.29473200000007,16.984979000000067],[112.29446200000007,16.985046000000068],[112.29418700000008,16.985099000000048],[112.2939550000001,16.985133000000076],[112.293721,16.985160000000064],[112.29348400000003,16.985183000000063],[112.29324700000006,16.98520300000007],[112.2930090000001,16.985220000000027],[112.29277200000001,16.985239000000036],[112.29253500000004,16.985258000000044],[112.29230000000007,16.985281000000043],[112.29206700000009,16.985311000000024],[112.2917900000001,16.985356000000024],[112.29151900000011,16.98541300000005],[112.2912540000001,16.985487000000035],[112.29099600000006,16.985583000000076],[112.29074600000001,16.985701000000063],[112.29050300000006,16.985836000000063],[112.2903040000001,16.985959000000037],[112.29010900000003,16.986088000000052],[112.28991500000006,16.986222000000055],[112.28952900000002,16.98649400000005],[112.28933600000005,16.986626000000058],[112.28914200000008,16.98675300000002],[112.28875000000005,16.987007000000062],[112.28855600000009,16.987138000000073],[112.28836700000011,16.987272000000075],[112.28814800000009,16.98744300000004],[112.28794300000004,16.987625000000037],[112.28775800000005,16.987825000000043],[112.28759300000002,16.98804400000006],[112.28746400000011,16.988234000000034],[112.2873370000001,16.98842700000006],[112.28720700000008,16.98861800000003],[112.28707100000008,16.988801000000024],[112.2869310000001,16.988983000000076],[112.28678900000011,16.989163000000076],[112.28661700000009,16.989379000000042],[112.28647300000011,16.989558000000045],[112.28633000000002,16.989738000000045],[112.28618800000004,16.989918000000046],[112.28604600000006,16.990099000000043],[112.28590800000006,16.99028100000004],[112.28574500000002,16.99050200000005],[112.28558700000008,16.990726000000052],[112.285436,16.990953000000047],[112.28529300000002,16.99118500000003],[112.28518300000007,16.991385000000037],[112.28507900000011,16.991588000000036],[112.28497900000002,16.99179300000003],[112.28488300000004,16.991999000000078],[112.28469300000006,16.992414000000053],[112.28459600000008,16.99262200000004],[112.2844960000001,16.992827000000034],[112.28437000000008,16.99306800000005],[112.28425700000003,16.993266000000062],[112.28411200000005,16.99349600000005],[112.2839590000001,16.993723000000045],[112.28380200000004,16.993948000000046],[112.28366800000003,16.99413400000003],[112.28350400000011,16.99435500000004],[112.28336500000012,16.994538000000034],[112.28322400000002,16.994718000000034],[112.28308000000004,16.994899000000032],[112.28293500000007,16.995077000000038],[112.2827880000001,16.995254000000045],[112.28263900000002,16.99542900000006],[112.28248900000006,16.995603000000074],[112.2823370000001,16.995775000000037],[112.2821540000001,16.99598100000003],[112.28196700000001,16.996182000000033],[112.28176900000005,16.99637400000006],[112.28156200000001,16.996557000000053],[112.28138500000011,16.996706000000074],[112.28120400000012,16.996852000000047],[112.28102200000001,16.996996000000024],[112.28084000000001,16.99714000000006],[112.28066000000001,16.997285000000034],[112.280482,16.997435000000053],[112.28030600000011,16.997587000000067],[112.2801310000001,16.997742000000073],[112.27995400000009,16.997895000000028],[112.27977500000009,16.99804400000005],[112.27955500000007,16.998215000000073],[112.27932700000008,16.998371000000077],[112.27909100000011,16.998508000000072],[112.27884000000006,16.998623000000066],[112.27857800000004,16.998718000000054],[112.27835200000004,16.998784000000057],[112.27812200000005,16.998841000000027],[112.27788800000008,16.998888000000022],[112.2776540000001,16.998931000000027],[112.27742100000012,16.998968000000048],[112.27714300000002,16.99900800000006],[112.27686400000005,16.999037000000044],[112.27663000000007,16.999056000000053],[112.2763490000001,16.99907100000007],[112.276114,16.999081000000047],[112.27564400000006,16.999100000000055],[112.27540800000008,16.999111000000028]]],[[[111.51974400000006,17.08272900000003],[111.52518000000003,17.08452600000004],[111.53061700000006,17.087630000000047],[111.53537400000005,17.090081000000055],[111.53741300000007,17.091715000000022],[111.54030200000005,17.093185000000062],[111.54319000000004,17.093676000000073],[111.54726700000003,17.094003000000043],[111.55389400000007,17.094493000000057],[111.55763100000007,17.095473000000027],[111.56018000000006,17.09678100000002],[111.56153900000004,17.09825100000006],[111.56204900000006,17.100212000000056],[111.56153900000004,17.10233500000004],[111.56018000000006,17.105766000000074],[111.55797100000007,17.108708000000036],[111.55355400000008,17.112955000000056],[111.55355100000008,17.11295700000005],[111.55066200000005,17.11475500000006],[111.54590500000006,17.11655200000007],[111.54046800000003,17.11867600000005],[111.53469100000007,17.119983000000047],[111.52891400000004,17.120963000000074],[111.52398700000003,17.121125000000063],[111.51889000000006,17.120799000000034],[111.51532200000008,17.120308000000023],[111.51090400000004,17.119327000000055],[111.50963100000007,17.11920800000007],[111.50564200000008,17.118837000000042],[111.50156500000008,17.118020000000058],[111.49765700000006,17.116550000000075],[111.49188000000004,17.114589000000024],[111.48542400000008,17.112465000000043],[111.48049700000007,17.110668000000032],[111.47217200000006,17.10740000000004],[111.46724500000005,17.105930000000058],[111.46146800000008,17.103316000000063],[111.45841000000007,17.100865000000056],[111.45569200000006,17.09825100000006],[111.45263400000005,17.094984000000068],[111.45161500000006,17.091552000000036],[111.45144500000004,17.087957000000074],[111.45145200000007,17.087941000000058],[111.45145200000007,17.087938000000065],[111.45213500000006,17.08643900000004],[111.45263400000005,17.085342000000026],[111.45263700000004,17.085337000000038],[111.45264300000008,17.08532500000007],[111.45404300000007,17.082922000000053],[111.45501200000007,17.08125700000005],[111.45501500000006,17.081254000000058],[111.45502300000004,17.08124200000003],[111.45842200000004,17.077485000000024],[111.46097100000009,17.07503600000007],[111.46420000000006,17.072587000000055],[111.46895700000005,17.06997400000006],[111.47303400000004,17.06850600000007],[111.47796100000005,17.067691000000025],[111.48254700000007,17.06801900000005],[111.48968000000008,17.07063500000004],[111.49630400000007,17.074231000000054],[111.50207900000004,17.07701000000003],[111.50607400000007,17.078391000000067],[111.50870000000003,17.079297000000054],[111.51447700000006,17.080768000000035],[111.51974400000006,17.08272900000003]]],[[[112.52433400000007,16.020875000000046],[112.53448900000001,16.023730000000057],[112.54344700000001,16.02834500000006],[112.55075000000011,16.033704000000057],[112.56264700000008,16.04618400000004],[112.57102600000007,16.053729000000033],[112.58030100000008,16.059650000000033],[112.5879010000001,16.064129000000037],[112.59246500000006,16.06745600000005],[112.59490100000005,16.069344000000058],[112.59612300000003,16.070798000000025],[112.59660100000008,16.073713000000055],[112.59616700000004,16.07620000000003],[112.59512000000007,16.077672000000064],[112.59256400000004,16.079443000000026],[112.59030400000006,16.080490000000054],[112.58758200000011,16.080655000000036],[112.58546500000011,16.08081500000003],[112.58032100000003,16.080708000000072],[112.56958200000008,16.08078800000004],[112.56821800000012,16.08049900000003],[112.56639500000006,16.079492000000073],[112.56427000000008,16.07863100000003],[112.56048200000009,16.077927000000045],[112.55593500000009,16.07679500000006],[112.55078200000003,16.075658000000033],[112.54775000000006,16.074659000000054],[112.53925100000004,16.071206000000075],[112.5307610000001,16.06863800000002],[112.52257000000009,16.065923000000055],[112.513731,16.063698000000045],[112.5063520000001,16.060962000000075],[112.50195300000007,16.05933600000003],[112.50000000000011,16.058558000000062],[112.49999600000001,16.058557000000064],[112.48960700000009,16.05681400000003],[112.48407300000008,16.05618400000003],[112.47577100000001,16.055127000000027],[112.4738010000001,16.054770000000076],[112.47115300000007,16.053822000000025],[112.46491300000002,16.05119200000007],[112.45913900000005,16.049226000000033],[112.45174500000007,16.04615700000005],[112.44816300000002,16.04448000000002],[112.44550000000004,16.042858000000024],[112.44403000000011,16.041412000000037],[112.44248000000005,16.03931300000005],[112.44060200000001,16.034424000000058],[112.43941900000004,16.03019900000004],[112.43933600000003,16.028947000000073],[112.43940000000009,16.027526000000023],[112.43965700000001,16.025840000000073],[112.4405250000001,16.023731000000055],[112.4434920000001,16.01992400000006],[112.44411100000002,16.018306000000052],[112.44461500000011,16.01590600000003],[112.44571500000006,16.01457700000003],[112.44758900000011,16.01298900000006],[112.45102700000007,16.01073800000006],[112.45345900000007,16.009761000000026],[112.4570020000001,16.00869300000005],[112.46275500000002,16.007985000000076],[112.46874500000001,16.00816700000007],[112.47427000000005,16.00768400000004],[112.47504500000002,16.00789700000007],[112.47624800000006,16.00844100000006],[112.47704400000009,16.00900100000007],[112.4778530000001,16.009722000000068],[112.47913700000004,16.01026600000006],[112.4805100000001,16.010537000000056],[112.48718800000006,16.010268000000053],[112.49271800000008,16.010452000000043],[112.4948250000001,16.01112100000006],[112.49574700000005,16.011664000000053],[112.50000000000011,16.01494800000006],[112.50000000000011,16.01494900000006],[112.50357700000006,16.015764000000047],[112.50933300000008,16.017033000000026],[112.5138740000001,16.017589000000044],[112.52433400000007,16.020875000000046]]],[[[112.67311600000005,16.319903000000068],[112.68064900000002,16.316714000000047],[112.68895000000009,16.314517000000023],[112.69878900000003,16.314302000000055],[112.70494500000007,16.316040000000044],[112.70603600000004,16.31803300000007],[112.70582200000001,16.321638000000064],[112.70291100000009,16.324727000000053],[112.69640900000002,16.32731700000005],[112.6906120000001,16.328164000000072],[112.68541000000005,16.32899800000007],[112.67965300000003,16.33157200000005],[112.67788400000006,16.332474000000047],[112.67266300000006,16.332444000000066],[112.6690410000001,16.33065000000005],[112.66750700000011,16.32881100000003],[112.6671510000001,16.326370000000054],[112.6681410000001,16.32404400000007],[112.67311600000005,16.319903000000068]]],[[[112.45657200000005,16.393475000000024],[112.45629500000007,16.39350600000006],[112.45601700000009,16.39353200000005],[112.45573700000011,16.393552000000057],[112.45545700000002,16.393568000000073],[112.45517700000005,16.393580000000043],[112.45494300000007,16.393589000000077],[112.4547090000001,16.39359500000006],[112.454474,16.39360000000005],[112.45423900000003,16.39360400000004],[112.45330100000001,16.393615000000068],[112.45306600000004,16.393619000000058],[112.45259800000008,16.393631000000028],[112.4523630000001,16.393639000000064],[112.45208300000002,16.393615000000068],[112.45184900000004,16.39360000000005],[112.45161400000006,16.393587000000025],[112.45114300000012,16.39356300000003],[112.45090800000003,16.39355000000006],[112.45067300000005,16.39353600000004],[112.45044000000007,16.39351700000003],[112.4501600000001,16.393489000000045],[112.44988400000011,16.393452000000025],[112.44960900000001,16.39340500000003],[112.44933700000001,16.393345000000068],[112.44906600000002,16.393278000000066],[112.44861000000003,16.39316400000007],[112.44838100000004,16.39310400000005],[112.44815200000005,16.39304400000003],[112.44792300000006,16.392982000000075],[112.44769400000007,16.392917000000068],[112.44746600000008,16.392850000000067],[112.44724000000008,16.392780000000073],[112.44701400000008,16.39270700000003],[112.44679100000008,16.39263200000005],[112.44657000000007,16.392552000000023],[112.44635100000005,16.392469000000062],[112.44613500000003,16.392381000000057],[112.4458800000001,16.392270000000053],[112.44563000000005,16.392152000000067],[112.4453860000001,16.39202700000004],[112.44514800000002,16.391894000000036],[112.44491800000003,16.391752000000054],[112.44469700000002,16.391595000000052],[112.4444840000001,16.391426000000024],[112.44427900000005,16.391246000000024],[112.4440800000001,16.39105600000005],[112.44391900000005,16.390891000000067],[112.44376000000011,16.390723000000037],[112.44360500000005,16.390550000000076],[112.4434510000001,16.390375000000063],[112.44329800000003,16.390197000000057],[112.44299600000011,16.38984000000005],[112.44284500000003,16.389662000000044],[112.44269200000008,16.389486000000034],[112.44253900000001,16.389312000000075],[112.44238300000006,16.38914200000005],[112.44219400000009,16.38894300000004],[112.44203400000004,16.38877700000006],[112.4418740000001,16.388612000000023],[112.44171300000005,16.388447000000042],[112.44155100000012,16.38828200000006],[112.44138900000007,16.388117000000022],[112.44106700000009,16.38778700000006],[112.44090700000004,16.387621000000024],[112.4407480000001,16.387455000000045],[112.44059000000004,16.38728700000007],[112.4404340000001,16.38711900000004],[112.44028000000003,16.386948000000075],[112.44012700000007,16.386776000000054],[112.43994900000007,16.386569000000065],[112.4398020000001,16.386392000000058],[112.43963100000008,16.386179000000027],[112.43946500000004,16.385962000000063],[112.4393040000001,16.385741000000053],[112.43914700000005,16.38551700000005],[112.4389920000001,16.385293000000047],[112.43883800000003,16.385068000000047],[112.43868600000008,16.384840000000054],[112.43853500000012,16.38461200000006],[112.43838600000004,16.38438300000007],[112.43823800000007,16.384153000000026],[112.43811600000004,16.38396000000006],[112.43797100000006,16.383728000000076],[112.43782600000009,16.383497000000034],[112.43770700000005,16.38330200000007],[112.437588,16.38310800000005],[112.43746900000008,16.382912000000033],[112.43735200000003,16.382716000000073],[112.43721200000005,16.38248100000004],[112.43709500000011,16.382284000000027],[112.43674900000008,16.38169400000004],[112.43663400000003,16.381496000000027],[112.43649700000003,16.381260000000054],[112.43622300000004,16.38078500000006],[112.43599600000005,16.380389000000037],[112.43585900000005,16.380152000000066],[112.43574600000011,16.379954000000055],[112.43563200000006,16.379756000000043],[112.43547300000012,16.37947900000006],[112.435336,16.37924300000003],[112.43511000000001,16.378847000000064],[112.434976,16.378610000000037],[112.43486500000006,16.37841000000003],[112.43473200000005,16.378172000000063],[112.43460100000004,16.377932000000044],[112.43449200000009,16.377732000000037],[112.43438400000002,16.37753200000003],[112.43425400000001,16.37729100000007],[112.4341260000001,16.377050000000054],[112.43401800000004,16.37684900000005],[112.43389000000002,16.376608000000033],[112.43378400000006,16.37640700000003],[112.4336770000001,16.376205000000027],[112.43335900000011,16.375601000000074],[112.43323100000009,16.375360000000057],[112.43312400000002,16.375159000000053],[112.43299600000012,16.374918000000036],[112.43288900000005,16.374717000000032],[112.43275900000003,16.374476000000072],[112.43254200000001,16.37407500000006],[112.43241100000012,16.373837000000037],[112.43227900000011,16.373597000000075],[112.43216800000005,16.373398000000066],[112.43203400000004,16.37316100000004],[112.4319220000001,16.372963000000027],[112.43180800000005,16.372765000000072],[112.43167100000005,16.37253000000004],[112.43155500000012,16.372333000000026],[112.43141500000002,16.37209900000005],[112.43127300000003,16.37186500000007],[112.43113000000005,16.371632000000034],[112.43101000000001,16.37143700000007],[112.43086500000004,16.37120600000003],[112.43071900000007,16.370975000000044],[112.43042300000002,16.37051400000007],[112.43027400000005,16.370285000000024],[112.43014900000003,16.37009400000005],[112.42987300000004,16.369674000000032],[112.42961900000012,16.369294000000025],[112.42946700000005,16.36906700000003],[112.42934000000002,16.368877000000055],[112.42918700000007,16.36865000000006],[112.42903300000012,16.368423000000064],[112.4289050000001,16.368233000000032],[112.42875100000003,16.368006000000037],[112.42859800000008,16.36777900000004],[112.42844500000001,16.367552000000046],[112.4281380000001,16.367098000000055],[112.42788400000006,16.36671800000005],[112.42763100000002,16.36633800000004],[112.42748000000006,16.36611000000005],[112.42735500000003,16.365919000000076],[112.42720500000007,16.36568900000003],[112.4270560000001,16.36546000000004],[112.42690800000003,16.365229000000056],[112.42678500000011,16.36503700000003],[112.42666200000008,16.364844000000062],[112.42651500000011,16.364613000000077],[112.42639200000008,16.364420000000052],[112.42609800000002,16.363958000000025],[112.42595200000005,16.363726000000042],[112.42558200000008,16.36314900000002],[112.42545800000005,16.36295700000005],[112.42530900000008,16.36272800000006],[112.42518400000006,16.362536000000034],[112.42505900000003,16.36234500000006],[112.42490800000007,16.36211700000007],[112.42478100000005,16.361927000000037],[112.4246270000001,16.36170100000004],[112.42449800000009,16.36151200000006],[112.42434200000002,16.36128800000006],[112.42418500000008,16.361064000000056],[112.42402500000003,16.36084100000005],[112.42386500000009,16.36062000000004],[112.42370200000005,16.360400000000027],[112.42342600000006,16.360036000000036],[112.42325900000003,16.359818000000075],[112.42309000000012,16.359602000000052],[112.42294800000002,16.359422000000052],[112.42280400000004,16.359244000000047],[112.42266000000006,16.359065000000044],[112.42251400000009,16.358888000000036],[112.422368,16.358711000000028],[112.42219100000011,16.35850000000005],[112.42204300000003,16.358325000000036],[112.42189300000007,16.358151000000078],[112.42174200000011,16.357977000000062],[112.42156100000011,16.35777100000007],[112.42140800000004,16.35759900000005],[112.42125500000009,16.35742700000003],[112.4210690000001,16.35722400000003],[112.42091300000004,16.357054000000062],[112.4207570000001,16.35688600000003],[112.42060000000004,16.356719000000055],[112.42041000000006,16.35651900000005],[112.42025100000001,16.35635300000007],[112.42009100000007,16.35618800000003],[112.4198980000001,16.35599200000007],[112.41970400000002,16.35579800000005],[112.41950900000006,16.355604000000028],[112.4193120000001,16.35541100000006],[112.41914700000007,16.35525000000007],[112.41894800000011,16.355060000000037],[112.41878100000008,16.35490200000004],[112.41858000000002,16.354712000000063],[112.4184110000001,16.35455500000006],[112.41807200000005,16.35424400000005],[112.41790200000003,16.354089000000045],[112.41769600000009,16.353904000000057],[112.41731700000003,16.353567000000055],[112.41714400000001,16.353414000000043],[112.41693500000008,16.353233000000046],[112.41676000000007,16.35308100000003],[112.41658600000005,16.35293100000007],[112.41641000000004,16.35278100000005],[112.41605800000002,16.352483000000063],[112.415704,16.35218700000007],[112.41549200000009,16.352010000000064],[112.41492200000005,16.351541000000054],[112.41474300000004,16.351395000000025],[112.41452800000002,16.351222000000064],[112.41434900000002,16.351076000000035],[112.4141340000001,16.350903000000073],[112.4139540000001,16.35075800000004],[112.41373800000008,16.350586000000078],[112.41352200000006,16.35041300000006],[112.41330500000004,16.35024100000004],[112.41294200000004,16.349954000000025],[112.41272500000002,16.349784000000056],[112.41232400000001,16.34947100000005],[112.41210600000011,16.349301000000025],[112.4117030000001,16.34899100000007],[112.41152000000011,16.348850000000027],[112.4113000000001,16.348682000000053],[112.41074800000001,16.348262000000034],[112.41037900000003,16.34798500000005],[112.40971200000001,16.347488000000055],[112.40952600000003,16.347350000000063],[112.40878100000009,16.346804000000077],[112.40833100000009,16.346480000000042],[112.40810600000009,16.346317000000056],[112.40788100000009,16.346156000000065],[112.40743000000009,16.345834000000025],[112.4072030000001,16.345673000000033],[112.4067510000001,16.345353000000046],[112.40656200000001,16.345219000000043],[112.40622100000007,16.344979000000023],[112.40599400000008,16.344820000000027],[112.4058040000001,16.34468700000002],[112.40561400000001,16.34455500000007],[112.40538500000002,16.34439800000007],[112.40519500000005,16.34426600000006],[112.40462200000002,16.34387300000003],[112.40443000000005,16.343743000000075],[112.40423800000008,16.34361400000006],[112.40404600000011,16.343484000000046],[112.40366100000006,16.34322700000007],[112.40346700000009,16.343099000000052],[112.40323500000011,16.342947000000038],[112.40300300000001,16.342795000000024],[112.40276900000003,16.342644000000064],[112.40253600000005,16.342495000000042],[112.40230100000008,16.342345000000023],[112.40210600000012,16.342221000000052],[112.40187000000003,16.342074000000025],[112.40167300000007,16.34195200000005],[112.4014370000001,16.341806000000076],[112.40100100000006,16.341541000000063],[112.4007630000001,16.34140000000002],[112.40056400000003,16.341281000000038],[112.40032400000007,16.341142000000048],[112.4000840000001,16.341003000000057],[112.39988300000005,16.340888000000064],[112.39964000000009,16.340752000000066],[112.39939700000002,16.340618000000063],[112.39915300000007,16.340485000000058],[112.398908,16.340354000000048],[112.39870300000007,16.34024500000004],[112.39845700000001,16.340115000000026],[112.39821000000006,16.339987000000065],[112.39800300000002,16.339881000000048],[112.39779600000008,16.33977500000003],[112.39754800000003,16.339649000000065],[112.39704900000004,16.33939900000007],[112.39617200000009,16.338969000000077],[112.39567000000011,16.338727000000063],[112.39546000000007,16.338625000000036],[112.39525000000003,16.338524000000064],[112.3949990000001,16.338403000000028],[112.39478900000006,16.338302000000056],[112.39453800000001,16.338182000000074],[112.39390900000001,16.337878000000046],[112.39365800000007,16.33775600000007],[112.39340800000002,16.337635000000034],[112.39315700000009,16.33751200000006],[112.39294800000005,16.337410000000034],[112.39269800000011,16.337286000000063],[112.39244800000006,16.337165000000027],[112.39223900000002,16.33706200000006],[112.39198800000008,16.336942000000022],[112.39177900000004,16.336840000000052],[112.39152800000011,16.33672000000007],[112.39131800000007,16.33662000000004],[112.39106600000002,16.336501000000055],[112.3908560000001,16.336400000000026],[112.39060400000005,16.336281000000042],[112.39009900000008,16.336043000000075],[112.38984700000003,16.33592500000003],[112.3895950000001,16.335806000000048],[112.38934300000005,16.33568800000006],[112.38913200000002,16.335589000000027],[112.38888000000009,16.335469000000046],[112.38862700000004,16.33535100000006],[112.38812300000006,16.335113000000035],[112.38787100000002,16.33499400000005],[112.3876610000001,16.334894000000077],[112.38740900000005,16.33477400000004],[112.38715800000011,16.334654000000057],[112.38669700000003,16.334431000000052],[112.38644700000009,16.334310000000073],[112.38623800000005,16.33420700000005],[112.38582200000008,16.334001000000058],[112.38532300000008,16.333751000000063],[112.38507400000003,16.33362500000004],[112.38482500000009,16.33350100000007],[112.38461800000005,16.333395000000053],[112.3843690000001,16.333270000000027],[112.38387100000011,16.33301800000004],[112.38366400000007,16.332913000000076],[112.38341500000001,16.33278800000005],[112.38320700000008,16.33268300000003],[112.38295800000003,16.332560000000058],[112.3827080000001,16.33243600000003],[112.38249900000005,16.332332000000065],[112.38224900000012,16.33221100000003],[112.38199800000007,16.332088000000056],[112.38174700000002,16.331968000000074],[112.38149500000009,16.331849000000034],[112.38128500000005,16.331750000000056],[112.381032,16.331633000000068],[112.38077800000008,16.331517000000076],[112.38052400000004,16.331402000000026],[112.38027000000011,16.331289000000027],[112.38001400000007,16.331177000000025],[112.37975800000004,16.331068000000073],[112.37954400000001,16.330977000000075],[112.37928600000009,16.33087100000006],[112.37902800000006,16.330765000000042],[112.37876900000003,16.330661000000077],[112.37851,16.330557000000056],[112.3782500000001,16.33045500000003],[112.37803300000007,16.33037100000007],[112.37759800000003,16.330204000000037],[112.37733700000001,16.33010500000006],[112.3771190000001,16.33002300000004],[112.37685700000009,16.32992500000006],[112.37659500000007,16.329829000000075],[112.37615800000003,16.32966700000003],[112.37589500000001,16.329571000000044],[112.37567600000011,16.329492000000073],[112.37444900000003,16.329046000000062],[112.374187,16.328949000000023],[112.3739240000001,16.328854000000035],[112.37348700000007,16.328692000000046],[112.37322500000005,16.328595000000064],[112.37300600000003,16.328513000000044],[112.37274500000001,16.328415000000064],[112.3725270000001,16.328333000000043],[112.37230800000009,16.328252000000077],[112.37204700000007,16.32815400000004],[112.37178500000005,16.328058000000055],[112.37156600000003,16.327977000000033],[112.37130400000001,16.32788000000005],[112.3710410000001,16.327784000000065],[112.37077900000008,16.327687000000026],[112.37051700000006,16.32759100000004],[112.37025400000005,16.327495000000056],[112.37003600000003,16.327414000000033],[112.36977300000001,16.327319000000045],[112.3695550000001,16.327238000000023],[112.36929200000009,16.327142000000038],[112.36907300000007,16.32706100000007],[112.36881100000005,16.326966000000027],[112.36859200000004,16.32688500000006],[112.36806800000011,16.326692000000037],[112.36754400000007,16.326496000000077],[112.36728300000004,16.326399000000038],[112.36706500000003,16.326317000000074],[112.366803,16.326219000000037],[112.3665850000001,16.326136000000076],[112.36632400000008,16.326037000000042],[112.36610700000006,16.325953000000027],[112.36584600000003,16.32585400000005],[112.36562900000001,16.325769000000037],[112.36476100000004,16.325431000000037],[112.36445700000002,16.32531400000005],[112.36402300000009,16.325145000000077],[112.36380700000007,16.325059000000067],[112.36359000000004,16.32497500000005],[112.36333000000002,16.324873000000025],[112.36311300000011,16.32478800000007],[112.36285300000009,16.324685000000045],[112.36237600000004,16.324497000000065],[112.36211700000001,16.32439400000004],[112.3619010000001,16.324307000000033],[112.36164200000007,16.324204000000066],[112.36138200000005,16.324099000000047],[112.36116700000002,16.32401100000004],[112.36090800000011,16.323907000000077],[112.36069200000009,16.32381900000007],[112.36026200000003,16.323641000000066],[112.36000400000012,16.323534000000052],[112.35978900000009,16.32344500000005],[112.35953200000006,16.323338000000035],[112.35927500000003,16.323229000000026],[112.35880500000007,16.323028000000022],[112.35837800000002,16.322844000000032],[112.3581220000001,16.322731000000033],[112.35786700000006,16.32262000000003],[112.3573550000001,16.32239500000003],[112.35710000000006,16.322283000000027],[112.35684400000002,16.32217000000003],[112.3565890000001,16.322058000000027],[112.35637600000007,16.32196300000004],[112.35535600000003,16.32150900000005],[112.354465,16.32110700000004],[112.35378800000001,16.320797000000027],[112.35336600000005,16.320601000000067],[112.35311300000001,16.32048400000002],[112.35269200000005,16.320286000000067],[112.35244000000012,16.320167000000026],[112.35223000000008,16.32006700000005],[112.35197900000003,16.319946000000073],[112.3517280000001,16.319825000000037],[112.35147700000005,16.31970300000006],[112.35101800000007,16.31947800000006],[112.35076900000001,16.319353000000035],[112.35052000000007,16.319229000000064],[112.35027200000002,16.31910300000004],[112.34985900000004,16.318891000000065],[112.34961200000009,16.318764000000044],[112.34936600000003,16.31863500000003],[112.3491610000001,16.318525000000022],[112.34891800000003,16.318392000000074],[112.34867600000007,16.318255000000022],[112.3484360000001,16.318116000000032],[112.34819800000002,16.31797400000005],[112.34796000000006,16.317830000000072],[112.3477630000001,16.31770800000004],[112.34752800000001,16.31756000000007],[112.34733200000005,16.317436000000043],[112.34713700000009,16.317311000000075],[112.34694300000001,16.317184000000054],[112.34671000000003,16.317034000000035],[112.34651500000007,16.31690700000007],[112.34628300000008,16.316755000000057],[112.34608800000001,16.316628000000037],[112.34585600000003,16.316477000000077],[112.34566100000006,16.316350000000057],[112.34542700000009,16.31619900000004],[112.34523200000001,16.31607400000007],[112.34503600000005,16.315950000000043],[112.34480100000007,16.315802000000076],[112.344603,16.31568100000004],[112.34440600000005,16.315560000000062],[112.34416700000008,16.315418000000022],[112.34396700000002,16.315301000000034],[112.34356400000001,16.315072000000043],[112.34336100000007,16.314959000000044],[112.34315700000002,16.314847000000043],[112.34295300000008,16.314737000000036],[112.34274700000003,16.314629000000025],[112.3425410000001,16.314519000000075],[112.34233500000005,16.31441200000006],[112.34212900000011,16.314305000000047],[112.34192200000007,16.314198000000033],[112.34171500000002,16.314092000000073],[112.34130000000005,16.31388000000004],[112.34067800000003,16.313562000000047],[112.34026500000004,16.313348000000076],[112.33985500000006,16.313131000000055],[112.33944600000007,16.312910000000045],[112.33920300000011,16.312776000000042],[112.33896100000004,16.312640000000044],[112.3387600000001,16.312524000000053],[112.33852100000001,16.312384000000065],[112.33828300000005,16.31224100000003],[112.33804800000007,16.312096000000054],[112.33781500000009,16.311947000000032],[112.33758300000011,16.311795000000075],[112.337354,16.311642000000063],[112.33716200000003,16.31151200000005],[112.33693400000004,16.31135400000005],[112.33674400000007,16.311221000000046],[112.33655500000009,16.31108800000004],[112.33636700000011,16.310952000000043],[112.33618000000001,16.310816000000045],[112.33599300000003,16.310678000000053],[112.33580700000005,16.310539000000063],[112.33562300000006,16.310399000000075],[112.33543900000006,16.310258000000033],[112.33525500000007,16.31011600000005],[112.33507400000008,16.309971000000075],[112.33489200000008,16.30982700000004],[112.33471300000008,16.30968100000007],[112.33453400000008,16.309533000000044],[112.33435600000007,16.309385000000077],[112.33418000000006,16.309235000000058],[112.33400500000005,16.30908500000004],[112.33383000000003,16.308933000000025],[112.3336230000001,16.308749000000034],[112.33341900000005,16.308564000000047],[112.3332160000001,16.308377000000064],[112.33301400000005,16.308189000000027],[112.3328160000001,16.307999000000052],[112.33261900000002,16.307807000000025],[112.33242600000005,16.307614000000058],[112.33223600000008,16.307417000000044],[112.33205100000009,16.307214000000045],[112.33187100000009,16.307008000000053],[112.33169400000008,16.30679900000007],[112.33154900000011,16.306621000000064],[112.33140700000001,16.30644200000006],[112.3312390000001,16.30622500000004],[112.3311010000001,16.30604100000005],[112.33096400000011,16.305856000000063],[112.33082900000011,16.305670000000077],[112.3306950000001,16.305484000000035],[112.3305630000001,16.305296000000055],[112.33043100000009,16.305107000000078],[112.33030000000008,16.304918000000043],[112.32978100000003,16.304163000000074],[112.32962500000008,16.303937000000076],[112.329338,16.30352400000004],[112.32920700000011,16.30333600000006],[112.3290770000001,16.303146000000027],[112.32894900000008,16.30295600000005],[112.32882100000006,16.302765000000022],[112.32869500000004,16.302573000000052],[112.32857200000001,16.30237900000003],[112.32845100000009,16.302185000000065],[112.32833200000005,16.30198900000005],[112.3282180000001,16.301791000000037],[112.3280860000001,16.301552000000072],[112.32795900000008,16.301311000000055],[112.32783900000004,16.30106900000004],[112.3277270000001,16.300824000000034],[112.32763000000011,16.300572000000045],[112.32754900000009,16.30031400000007],[112.327492,16.300095000000056],[112.32742500000006,16.299783000000048],[112.32738500000005,16.299558000000047],[112.32734900000003,16.29933200000005],[112.32731500000011,16.29910600000005],[112.32728200000008,16.29888100000005],[112.32724300000007,16.298613000000046],[112.32720800000004,16.298389000000043],[112.32717400000001,16.298162000000048],[112.3271410000001,16.29793600000005],[112.32711300000005,16.297708000000057],[112.32708900000011,16.29748200000006],[112.32707200000004,16.29725600000006],[112.32706300000007,16.297030000000063],[112.32706600000006,16.296760000000063],[112.32708600000001,16.296493000000055],[112.32712000000004,16.296227000000044],[112.32715400000006,16.296002000000044],[112.32719200000008,16.295776000000046],[112.32723700000008,16.29554900000005],[112.32728800000007,16.295323000000053],[112.32734500000004,16.29509900000005],[112.3274100000001,16.29487800000004],[112.32748300000003,16.29466000000002],[112.32756500000005,16.29444600000005],[112.32767600000011,16.29419800000005],[112.32780200000002,16.293960000000027],[112.327943,16.29373300000003],[112.32809300000008,16.293507000000034],[112.32824900000003,16.29328300000003],[112.32838500000003,16.293098000000043],[112.32852600000001,16.29291500000005],[112.3286700000001,16.292734000000053],[112.32881900000007,16.29255500000005],[112.32897200000002,16.29237900000004],[112.32912900000008,16.292205000000024],[112.32929000000001,16.292036000000053],[112.32945400000006,16.291870000000074],[112.32962200000009,16.29170700000003],[112.32979300000011,16.291549000000032],[112.32996600000001,16.291396000000077],[112.33014300000002,16.291248000000053],[112.33035900000004,16.291076000000032],[112.33057800000006,16.290913000000046],[112.33080200000006,16.290757000000042],[112.33103200000005,16.290607000000023],[112.33126700000003,16.290462000000048],[112.3315070000001,16.290323000000058],[112.33171000000004,16.290211000000056],[112.33191600000009,16.290103000000045],[112.33212400000002,16.289997000000028],[112.33233500000006,16.289895000000058],[112.33254700000009,16.289795000000026],[112.332761,16.289698000000044],[112.33297600000003,16.28960200000006],[112.33319200000005,16.289510000000064],[112.33340900000007,16.289419000000066],[112.33362800000009,16.289330000000064],[112.33384600000011,16.28924200000006],[112.33406400000001,16.289156000000048],[112.33450000000005,16.288989000000072],[112.33476000000007,16.288890000000038],[112.3350220000001,16.288794000000053],[112.33528500000011,16.28870100000006],[112.33555000000001,16.288613000000055],[112.33581600000002,16.288526000000047],[112.33603900000003,16.28845700000005],[112.33626200000003,16.288389000000052],[112.33653100000004,16.28831100000002],[112.33675600000004,16.28824700000007],[112.33698200000003,16.288186000000053],[112.33720800000003,16.288126000000034],[112.33743500000003,16.288068000000067],[112.33766300000002,16.28801100000004],[112.33789000000002,16.287955000000068],[112.33811800000001,16.28790200000003],[112.33834500000012,16.28785000000005],[112.33857400000011,16.287799000000064],[112.3388020000001,16.287749000000076],[112.33907600000009,16.287691000000052],[112.33935000000008,16.287634000000025],[112.33989900000006,16.287525000000073],[112.34035800000004,16.28743600000007],[112.34063300000003,16.28738500000003],[112.34109300000011,16.287300000000073],[112.3413230000001,16.287259000000063],[112.34159900000009,16.28721100000007],[112.34183000000007,16.287171000000058],[112.34206100000006,16.28713300000004],[112.34252200000003,16.28705700000006],[112.342892,16.286999000000037],[112.34335400000009,16.286928000000046],[112.34358600000007,16.286894000000075],[112.34381700000006,16.286861000000044],[112.34437300000002,16.28678300000007],[112.3448370000001,16.286721000000057],[112.34530100000006,16.286662000000035],[112.34613500000012,16.286561000000063],[112.3464140000001,16.28652900000003],[112.34711100000004,16.286447000000067],[112.34734400000002,16.286420000000078],[112.34757600000012,16.286393000000032],[112.34827500000006,16.28631400000006],[112.34897400000011,16.286238000000026],[112.34920800000009,16.28621400000003],[112.34967400000005,16.286168000000032],[112.34990700000003,16.286147000000028],[112.3503740000001,16.286105000000077],[112.35060800000008,16.28608600000007],[112.35084100000006,16.28606700000006],[112.35112100000003,16.286046000000056],[112.35135500000001,16.28603000000004],[112.3516350000001,16.286012000000028],[112.35191500000008,16.285997000000066],[112.35214800000006,16.28598500000004],[112.35242800000003,16.285972000000072],[112.352708,16.285963000000038],[112.3529880000001,16.28595400000006],[112.35326800000007,16.285948000000076],[112.35354800000005,16.28594400000003],[112.35382700000002,16.28594300000003],[112.35410700000011,16.28594400000003],[112.35438600000009,16.28594700000002],[112.35466600000007,16.285955000000058],[112.35494600000004,16.285964000000035],[112.35522500000002,16.285976000000062],[112.35550500000011,16.285990000000027],[112.35578400000009,16.286005000000046],[112.35601800000006,16.286020000000065],[112.35629700000004,16.28604000000007],[112.35657700000002,16.286062000000072],[112.3568570000001,16.28608500000007],[112.35709000000008,16.286106000000075],[112.35755600000005,16.286151000000075],[112.358022,16.286200000000065],[112.35848800000008,16.28625100000005],[112.35895300000004,16.28630400000003],[112.35918600000002,16.286332000000073],[112.35941900000012,16.286361000000056],[112.3596510000001,16.286389000000042],[112.36058200000002,16.286505000000034],[112.360814,16.28653500000007],[112.36127900000008,16.28659300000004],[112.36183600000004,16.286662000000035],[112.36206800000002,16.28669000000002],[112.36234600000012,16.28672400000005],[112.3625780000001,16.286752000000035],[112.36285600000008,16.28678700000006],[112.36313400000006,16.28682200000003],[112.36341300000004,16.286857000000055],[112.36369100000002,16.286894000000075],[112.36396900000011,16.286929000000043],[112.36424700000009,16.286966000000064],[112.36447800000008,16.286997000000042],[112.36475600000006,16.287034000000062],[112.36545100000001,16.287127000000055],[112.3657290000001,16.287165000000073],[112.3673490000001,16.287392000000068],[112.36818200000005,16.28751200000005],[112.36869100000001,16.287585000000036],[112.3689690000001,16.287626000000046],[112.36924600000009,16.28766600000006],[112.36952300000007,16.287708000000066],[112.36975500000005,16.287742000000037],[112.37003200000004,16.28778200000005],[112.37030900000002,16.28782300000006],[112.37054,16.28785800000003],[112.3708180000001,16.28789900000004],[112.3724360000001,16.288141000000053],[112.37271300000009,16.288184000000058],[112.37363800000003,16.28832200000005],[112.37391400000001,16.288365000000056],[112.37414600000011,16.288400000000024],[112.37442300000009,16.28844300000003],[112.37465400000008,16.288479000000052],[112.37493100000006,16.288523000000055],[112.37576100000001,16.28865600000006],[112.37599200000011,16.288694000000078],[112.3762680000001,16.288739000000078],[112.37696000000005,16.288853000000074],[112.37719000000004,16.288892000000033],[112.37769700000001,16.288976000000048],[112.37797300000011,16.289022000000045],[112.3782040000001,16.28906100000006],[112.37843500000008,16.289100000000076],[112.37871100000007,16.289145000000076],[112.37894200000005,16.289184000000034],[112.37921800000004,16.289230000000032],[112.37944800000002,16.289269000000047],[112.38087800000005,16.289505000000077],[112.3819850000001,16.289683000000025],[112.38253900000007,16.289770000000033],[112.38277000000005,16.289805000000058],[112.38304700000003,16.289848000000063],[112.38327800000002,16.289882000000034],[112.3838330000001,16.289964000000055],[112.38438800000006,16.290044000000023],[112.38461900000004,16.290077000000053],[112.38517500000012,16.290152000000035],[112.3854530000001,16.290189000000055],[112.38568500000008,16.290220000000033],[112.38596200000006,16.29025500000006],[112.38624100000004,16.290292000000022],[112.38651900000002,16.290327000000048],[112.38675100000012,16.29035600000003],[112.3870290000001,16.290392000000054],[112.38726200000008,16.290421000000038],[112.38754000000006,16.290455000000065],[112.38777200000004,16.29048400000005],[112.38805000000002,16.290518000000077],[112.38828200000012,16.29054700000006],[112.3885600000001,16.29058200000003],[112.38925600000005,16.290669000000037],[112.38953400000003,16.290703000000065],[112.389767,16.290733000000046],[112.39032300000008,16.290804000000037],[112.39087900000004,16.290877000000023],[112.39111100000002,16.29090800000006],[112.391388,16.290946000000076],[112.3916660000001,16.290984000000037],[112.39189800000008,16.29101600000007],[112.39213000000007,16.29104700000005],[112.39268500000003,16.291123000000027],[112.39361200000008,16.291247000000055],[112.39389000000006,16.291284000000076],[112.39551200000005,16.291503000000034],[112.39574400000004,16.291535000000067],[112.39597600000002,16.291566000000046],[112.39671600000008,16.291670000000067],[112.39778000000001,16.291823000000022],[112.3980580000001,16.291864000000032],[112.39833500000009,16.29190600000004],[112.39856600000007,16.291941000000065],[112.39912000000004,16.292028000000073],[112.399673,16.29211600000002],[112.3999490000001,16.292162000000076],[112.40022600000009,16.29220900000007],[112.40077800000006,16.292305000000056],[112.40105300000005,16.29235300000005],[112.40132900000003,16.29240500000003],[112.40155900000002,16.292448000000036],[112.40206300000011,16.29254700000007],[112.4023370000001,16.292602000000045],[112.40288500000008,16.29271600000004],[112.40334200000007,16.292815000000076],[112.40384400000005,16.292926000000023],[112.40452700000003,16.29308000000003],[112.40480000000002,16.293143000000043],[112.40507300000002,16.293207000000052],[112.40530100000001,16.293259000000035],[112.40557400000012,16.293323000000044],[112.4062560000001,16.293484000000035],[112.4064830000001,16.29353700000007],[112.40716500000008,16.29369900000006],[112.40743700000007,16.293762000000072],[112.40766500000007,16.29381600000005],[112.40789200000006,16.29386900000003],[112.40871000000004,16.29406000000006],[112.40893800000003,16.294114000000036],[112.40921000000003,16.294177000000047],[112.40989200000001,16.294339000000036],[112.41016400000001,16.294404000000043],[112.41039100000012,16.294457000000023],[112.41066400000011,16.294523000000027],[112.4109360000001,16.294588000000033],[112.41170800000009,16.294775000000072],[112.41193400000009,16.294831000000045],[112.41220600000008,16.29489700000005],[112.41227300000003,16.294913000000065],[112.42313800000011,16.29791000000006],[112.423359,16.297956000000056],[112.42363300000011,16.29801200000003],[112.42418300000008,16.298121000000037],[112.42464200000006,16.298208000000045],[112.42491700000005,16.29825900000003],[112.42514700000004,16.298302000000035],[112.42542300000002,16.298351000000025],[112.4259760000001,16.298449000000062],[112.42643700000008,16.298527000000036],[112.42689800000005,16.29860300000007],[112.42713000000003,16.298641000000032],[112.42740600000002,16.298685000000035],[112.4278690000001,16.298759000000075],[112.42814600000008,16.298802000000023],[112.42837700000007,16.298838000000046],[112.42860800000005,16.298872000000074],[112.42884000000004,16.29890800000004],[112.429302,16.298977000000036],[112.4295800000001,16.299018000000046],[112.42981100000009,16.29905300000007],[112.43008800000007,16.299094000000025],[112.43031900000005,16.29912900000005],[112.43059700000003,16.299168000000066],[112.43082800000002,16.299203000000034],[112.4313370000001,16.299274000000025],[112.43156900000008,16.29930500000006],[112.43184700000006,16.299341000000027],[112.43240300000002,16.299409000000026],[112.4328680000001,16.299462000000062],[112.43314700000008,16.29949300000004],[112.43337900000006,16.299519000000032],[112.43393700000001,16.299578000000054],[112.4342160000001,16.299607000000037],[112.43444900000009,16.299631000000034],[112.43519300000003,16.299708000000066],[112.435426,16.299732000000063],[112.4357050000001,16.299761000000046],[112.43593800000008,16.299785000000043],[112.43621700000006,16.299815000000024],[112.43644900000004,16.299840000000074],[112.43672800000002,16.299871000000053],[112.43700700000011,16.29990300000003],[112.43747100000007,16.299959000000058],[112.43774900000005,16.29999300000003],[112.43802700000003,16.300028000000054],[112.43830500000001,16.300066000000072],[112.43900000000008,16.300159000000065],[112.43927900000006,16.300196000000028],[112.4402090000001,16.300320000000056],[112.44044100000008,16.30035300000003],[112.44090500000004,16.30042000000003],[112.44113600000003,16.300455000000056],[112.44136800000001,16.300492000000077],[112.44159900000011,16.300530000000037],[112.4418750000001,16.300579000000027],[112.44215100000008,16.30062900000007],[112.44242600000007,16.300684000000047],[112.44270000000006,16.300741000000073],[112.44297200000005,16.300802000000033],[112.44324400000005,16.30086700000004],[112.44351400000005,16.300936000000036],[112.44378300000005,16.301009000000022],[112.44405200000006,16.301086000000055],[112.44431900000006,16.301165000000026],[112.44458500000007,16.301247000000046],[112.44485100000009,16.30133200000006],[112.4451160000001,16.30141800000007],[112.44533700000011,16.30149300000005],[112.44560200000001,16.301582000000053],[112.44586500000003,16.301674000000048],[112.44630400000005,16.301832000000047],[112.44652300000007,16.301911000000075],[112.4469610000001,16.302073000000064],[112.44722200000001,16.302171000000044],[112.44744100000003,16.30225400000006],[112.44765900000004,16.302336000000025],[112.44787700000006,16.302419000000043],[112.44809600000008,16.302501000000063],[112.44875000000002,16.302751000000058],[112.44896900000003,16.302833000000078],[112.44918700000005,16.30291500000004],[112.44962400000009,16.30307700000003],[112.45006200000012,16.303237000000024],[112.45028200000002,16.303315000000055],[112.45054500000003,16.30340700000005],[112.45076500000005,16.303485000000023],[112.45102900000006,16.303577000000075],[112.45124900000008,16.30365400000005],[112.45151300000009,16.303746000000046],[112.45265500000005,16.304149000000052],[112.45291900000007,16.304241000000047],[112.45384200000001,16.304567000000077],[112.45410500000003,16.304659000000072],[112.45432500000004,16.304736000000048],[112.45458900000006,16.304828000000043],[112.45480900000007,16.304906000000074],[112.4553370000001,16.305090000000064],[112.45555700000011,16.305166000000042],[112.45582100000001,16.305258000000038],[112.45608600000003,16.305349000000035],[112.45630600000004,16.30542500000007],[112.45683500000007,16.305607000000066],[112.45718700000009,16.305727000000047],[112.45771700000012,16.305907000000047],[112.45798200000002,16.305995000000053],[112.45842400000004,16.306143000000077],[112.45864500000005,16.306216000000063],[112.45886600000006,16.306290000000047],[112.45913200000007,16.306377000000055],[112.45939800000008,16.306464000000062],[112.45966400000009,16.306550000000072],[112.4599300000001,16.30663500000003],[112.46059600000001,16.30684800000006],[112.46086300000002,16.306932000000074],[112.46108600000002,16.30700100000007],[112.46135200000003,16.30708500000003],[112.46157500000004,16.307155000000023],[112.46237700000006,16.307403000000022],[112.46259900000007,16.307473000000073],[112.46286700000007,16.307555000000036],[112.46313400000008,16.307638000000054],[112.46335600000009,16.30770700000005],[112.4636240000001,16.30778900000007],[112.46469300000001,16.30812000000003],[112.46496000000002,16.308204000000046],[112.46518300000002,16.30827400000004],[112.46544900000004,16.308358000000055],[112.46567200000004,16.30842700000005],[112.46611600000006,16.308569000000034],[112.46638200000007,16.308654000000047],[112.46660400000007,16.308726000000036],[112.46687000000009,16.30881100000005],[112.4670920000001,16.308884000000035],[112.4673570000001,16.308970000000045],[112.46802200000002,16.30918900000006],[112.46828800000003,16.30927500000007],[112.46855400000004,16.309363000000076],[112.46881900000005,16.309450000000027],[112.46908500000006,16.30953900000003],[112.4697930000001,16.309772000000066],[112.4700140000001,16.30984600000005],[112.47023600000011,16.309919000000036],[112.47089900000003,16.310141000000044],[112.47112000000004,16.310217000000023],[112.47138400000006,16.310306000000026],[112.47160500000007,16.31038200000006],[112.47187000000008,16.31047200000006],[112.4720900000001,16.310549000000037],[112.47261800000001,16.31073200000003],[112.47305700000004,16.310887000000037],[112.47353900000007,16.311060000000055],[112.47402000000011,16.311235000000067],[112.47428200000002,16.31133200000005],[112.47454400000004,16.311429000000032],[112.47480600000006,16.311528000000067],[112.47546000000011,16.31177400000007],[112.47567900000001,16.311856000000034],[112.47589700000003,16.311939000000052],[112.47611500000005,16.31202200000007],[112.47633300000007,16.312107000000026],[112.4767690000001,16.31227800000005],[112.47698600000001,16.31236400000006],[112.47720200000003,16.312452000000064],[112.47741800000006,16.312541000000067],[112.47763300000008,16.312632000000065],[112.47784700000011,16.31272400000006],[112.47806000000003,16.312817000000052],[112.47831400000007,16.312932000000046],[112.47856700000011,16.313050000000032],[112.47881800000005,16.31317000000007],[112.47919000000002,16.313357000000053],[112.47943600000008,16.31348500000007],[112.47967900000003,16.313618000000076],[112.4799200000001,16.313754000000074],[112.48016000000007,16.31389400000006],[112.48040000000003,16.31403400000005],[112.4805980000001,16.314155000000028],[112.48079600000005,16.314276000000064],[112.48099300000001,16.314400000000035],[112.48118800000009,16.31452500000006],[112.48138300000005,16.314653000000078],[112.48157600000002,16.314783000000034],[112.4817680000001,16.314913000000047],[112.48195900000007,16.315046000000052],[112.48214900000005,16.31518200000005],[112.48233700000003,16.315318000000048],[112.48252300000001,16.31545600000004],[112.48270800000012,16.315596000000028],[112.48289100000011,16.315738000000067],[112.4830730000001,16.315881000000047],[112.4832520000001,16.316026000000022],[112.48343100000011,16.31617300000005],[112.48364100000003,16.316351000000054],[112.48384900000008,16.31653300000005],[112.48405400000001,16.316715000000045],[112.48425800000007,16.316900000000032],[112.48446100000001,16.317086000000074],[112.48463000000004,16.317243000000076],[112.48479800000007,16.317401000000075],[112.4849660000001,16.31756000000007],[112.48513300000002,16.317721000000063],[112.48529800000006,16.317882000000054],[112.4854630000001,16.31804500000004],[112.48562700000002,16.318208000000027],[112.48578900000007,16.318374000000063],[112.48595000000012,16.31854000000004],[112.48611000000005,16.31870900000007],[112.48626800000011,16.31887800000004],[112.48642400000006,16.319048000000066],[112.48657800000001,16.319219000000032],[112.48673000000008,16.319393000000048],[112.48688100000004,16.319567000000063],[112.487029,16.319742000000076],[112.4871750000001,16.319920000000025],[112.48734700000011,16.320134000000053],[112.4874880000001,16.32031500000005],[112.48765400000002,16.32053300000007],[112.48781500000007,16.320753000000025],[112.48797200000001,16.32097600000003],[112.48812500000008,16.321200000000033],[112.48827400000005,16.32142600000003],[112.48841900000002,16.321656000000075],[112.48856,16.32188700000006],[112.48869800000011,16.322122000000036],[112.48883300000011,16.322358000000065],[112.48896400000001,16.32259700000003],[112.48909300000003,16.32283700000005],[112.48921900000005,16.323078000000066],[112.48932200000002,16.323282000000063],[112.4894230000001,16.32348600000006],[112.48952300000008,16.323691000000053],[112.48962100000006,16.323897000000045],[112.48971800000004,16.324103000000036],[112.48981500000002,16.324310000000025],[112.48990900000001,16.32451800000007],[112.49000300000012,16.324726000000055],[112.49009600000011,16.324936000000037],[112.4902790000001,16.32535400000006],[112.4903700000001,16.325564000000043],[112.4905500000001,16.325984000000062],[112.4906400000001,16.326194000000044],[112.4907300000001,16.326404000000025],[112.4908190000001,16.326614000000063],[112.4909080000001,16.326824000000045],[112.4909980000001,16.32703300000003],[112.49119700000006,16.327491000000066],[112.49128800000005,16.327699000000052],[112.49146900000005,16.328116000000023],[112.49155900000005,16.32832700000006],[112.49164900000005,16.328536000000042],[112.49173700000006,16.32874700000002],[112.49182500000006,16.32895700000006],[112.49191100000007,16.329169000000036],[112.49199600000009,16.32938000000007],[112.4920790000001,16.329593000000045],[112.49216000000001,16.329806000000076],[112.49223800000004,16.33001900000005],[112.49231500000008,16.330233000000078],[112.49238900000012,16.330448000000047],[112.49247400000002,16.330706000000077],[112.49260500000003,16.331139000000064],[112.49267700000007,16.331399000000033],[112.49274400000002,16.33166200000005],[112.49280500000009,16.331923000000074],[112.49286100000006,16.332187000000033],[112.49291000000005,16.332452000000046],[112.49295500000005,16.33272000000005],[112.49299400000007,16.33298700000006],[112.49303000000009,16.333254000000068],[112.49305600000002,16.333479000000068],[112.49308500000006,16.33374900000007],[112.49310700000001,16.33397400000007],[112.49312700000007,16.334200000000067],[112.49314400000003,16.334426000000065],[112.4931610000001,16.334651000000065],[112.49317600000006,16.33487800000006],[112.49319100000002,16.335105000000055],[112.49321800000007,16.33555800000005],[112.493243,16.33601200000004],[112.49327000000005,16.336464000000035],[112.49328500000001,16.336690000000033],[112.49330000000009,16.33691600000003],[112.49332000000004,16.33718600000003],[112.49333500000012,16.33741100000003],[112.49335500000007,16.337681000000032],[112.49340200000006,16.338358000000028],[112.49342100000001,16.33862800000003],[112.49346700000001,16.339305000000024],[112.49348100000009,16.339531000000022],[112.49351200000001,16.340027000000077],[112.49353900000006,16.340478000000076],[112.49355100000002,16.340704000000073],[112.49357400000008,16.34115500000007],[112.49358500000005,16.34138100000007],[112.49360500000012,16.341833000000065],[112.4936140000001,16.342058000000065],[112.49362200000007,16.342284000000063],[112.49363000000005,16.342554000000064],[112.49363700000004,16.34278000000006],[112.49364300000002,16.34300600000006],[112.49364700000001,16.34323100000006],[112.49365100000011,16.343457000000058],[112.4936540000001,16.343683000000055],[112.4936560000001,16.343953000000056],[112.4936570000001,16.344179000000054],[112.4936550000001,16.34440500000005],[112.49365200000011,16.34463100000005],[112.49364600000001,16.34490100000005],[112.49363900000003,16.34512600000005],[112.49363100000005,16.345352000000048],[112.49362200000007,16.345578000000046],[112.4936090000001,16.345848000000046],[112.49359600000003,16.346074000000044],[112.49358400000006,16.346300000000042],[112.4935690000001,16.34652600000004],[112.49355200000002,16.34679600000004],[112.49353600000006,16.347022000000038],[112.49349900000004,16.347518000000036],[112.4934770000001,16.347788000000037],[112.49346000000003,16.348014000000035],[112.49343800000008,16.348284000000035],[112.49341900000002,16.348510000000033],[112.49339700000007,16.348780000000033],[112.49337500000001,16.349050000000034],[112.49335300000007,16.349320000000034],[112.49333700000011,16.349546000000032],[112.49332200000003,16.34977200000003],[112.49327800000003,16.350452000000075],[112.49326200000007,16.35067900000007],[112.49324600000011,16.35090500000007],[112.49322700000005,16.351132000000064],[112.4932060000001,16.35135800000006],[112.49318300000004,16.351583000000062],[112.49315600000011,16.351808000000062],[112.49312000000009,16.352076000000068],[112.49307800000008,16.352344000000073],[112.49302900000009,16.352610000000027],[112.492973,16.352873000000045],[112.49290800000006,16.353136000000063],[112.49277600000005,16.353613000000053],[112.49269900000002,16.353872000000024],[112.4926190000001,16.354130000000055],[112.49253500000009,16.354389000000026],[112.49246300000004,16.35460400000005],[112.49237500000004,16.354861000000028],[112.49229900000012,16.355075000000056],[112.49220600000001,16.355330000000038],[112.4921270000001,16.35554300000007],[112.49204700000007,16.355756000000042],[112.49196500000005,16.355969000000073],[112.49188200000003,16.35618100000005],[112.49179800000002,16.356393000000025],[112.49171400000012,16.35660400000006],[112.4916280000001,16.35681500000004],[112.49154300000009,16.357027000000073],[112.49128300000007,16.35765900000007],[112.4911780000001,16.35791000000006],[112.4910910000001,16.35812100000004],[112.49100400000009,16.358330000000024],[112.49081400000011,16.35879200000005],[112.4906420000001,16.359214000000065],[112.49047300000007,16.359635000000026],[112.49038800000005,16.35984700000006],[112.49030300000004,16.360058000000038],[112.49021800000003,16.360269000000073],[112.49013300000001,16.36048100000005],[112.49004800000012,16.36069200000003],[112.4899620000001,16.360903000000064],[112.48978900000009,16.361325000000022],[112.48970100000008,16.36153500000006],[112.48961300000008,16.36174500000004],[112.48952300000008,16.361954000000026],[112.48943300000008,16.362164000000064],[112.48934200000008,16.36237200000005],[112.48924900000009,16.362580000000037],[112.48913600000003,16.362828000000036],[112.48904000000005,16.363034000000027],[112.48892300000011,16.36328000000003],[112.48880400000007,16.36352500000004],[112.4887020000001,16.363729000000035],[112.48857800000008,16.36397000000005],[112.48845000000006,16.36421000000007],[112.48832000000004,16.364450000000033],[112.48818700000004,16.36468700000006],[112.48804900000005,16.364921000000038],[112.48791000000006,16.365155000000073],[112.48776800000007,16.365387000000055],[112.4876240000001,16.365619000000038],[112.48750200000006,16.365812000000062],[112.4873540000001,16.366041000000052],[112.48720500000002,16.366270000000043],[112.48705300000006,16.366497000000038],[112.4869000000001,16.366724000000033],[112.48674500000004,16.36695000000003],[112.48661500000003,16.367138000000068],[112.48645700000009,16.36736200000007],[112.48632400000008,16.367549000000054],[112.48619000000008,16.36773500000004],[112.48605600000008,16.367920000000026],[112.48589400000003,16.368141000000037],[112.48575800000003,16.368326000000025],[112.48548400000004,16.368694000000062],[112.48534500000005,16.368877000000055],[112.48506700000007,16.369242000000042],[112.4847870000001,16.369606000000033],[112.48464600000011,16.36978700000003],[112.48422200000005,16.370329000000027],[112.48393800000008,16.370690000000025],[112.4837960000001,16.370870000000025],[112.48362600000007,16.37108500000005],[112.48345500000005,16.371300000000076],[112.48331200000007,16.371479000000022],[112.48314200000004,16.371695000000045],[112.48297000000002,16.371909000000073],[112.48279600000001,16.37212100000005],[112.48265100000003,16.372298000000058],[112.48247500000002,16.37250800000004],[112.48229800000001,16.372719000000075],[112.48211900000001,16.37292800000006],[112.48191000000008,16.37317100000007],[112.48175900000001,16.37334400000003],[112.48139500000002,16.37375600000007],[112.48121100000003,16.373961000000065],[112.48105800000008,16.37413200000003],[112.48075100000005,16.374473000000023],[112.48056600000007,16.374677000000077],[112.48041100000012,16.374847000000045],[112.48025700000005,16.375016000000073],[112.4801020000001,16.37518700000004],[112.47979200000009,16.375526000000036],[112.47963800000002,16.37569600000006],[112.47948300000007,16.375865000000033],[112.47914500000002,16.376239000000055],[112.47899100000006,16.37641000000002],[112.47883800000011,16.376581000000044],[112.47865500000012,16.37678600000004],[112.47850200000005,16.37695800000006],[112.47835000000009,16.377130000000022],[112.4781680000001,16.37733600000007],[112.4777160000001,16.37785400000007],[112.4771750000001,16.37847800000003],[112.47702600000002,16.378652000000045],[112.47684500000003,16.37886000000003],[112.47651500000006,16.379241000000036],[112.47597400000006,16.379865000000052],[112.47567300000003,16.380210000000034],[112.47552100000007,16.38038300000005],[112.47533900000008,16.380589000000043],[112.475187,16.38076200000006],[112.47500500000001,16.380966000000058],[112.47485200000006,16.38113800000002],[112.47454500000003,16.38147900000007],[112.47436000000005,16.38168200000007],[112.47417300000006,16.38188400000007],[112.47398700000008,16.38208700000007],[112.4737990000001,16.382288000000074],[112.473611,16.382488000000023],[112.47345200000007,16.382655000000057],[112.47326200000009,16.38285300000007],[112.47291000000007,16.38321600000006],[112.4727160000001,16.383411000000024],[112.47255400000006,16.383575000000064],[112.47239200000001,16.38373800000005],[112.47219600000005,16.383931000000075],[112.47203200000001,16.384092000000066],[112.47186800000009,16.384254000000055],[112.47167100000001,16.384446000000025],[112.47130700000002,16.384799000000044],[112.4711410000001,16.38495800000004],[112.47094100000004,16.385148000000072],[112.47077500000012,16.38530700000007],[112.47057400000006,16.385497000000043],[112.4702400000001,16.38581300000004],[112.47003800000005,16.386002000000076],[112.4698370000001,16.386191000000053],[112.46943400000009,16.386569000000065],[112.46926600000006,16.386727000000064],[112.46906500000011,16.386915000000045],[112.46886300000006,16.387104000000022],[112.46869600000002,16.387263000000075],[112.4685300000001,16.387422000000072],[112.46836400000007,16.387583000000063],[112.46803200000011,16.387906000000044],[112.46786600000007,16.388066000000038],[112.46770000000004,16.388228000000026],[112.46753300000012,16.388388000000077],[112.46736600000008,16.38854800000007],[112.46719800000005,16.388708000000065],[112.46703000000002,16.388865000000067],[112.46686000000011,16.389022000000068],[112.46668900000009,16.389176000000077],[112.46651600000007,16.389329000000032],[112.46630700000003,16.38951000000003],[112.4659180000001,16.38983200000007],[112.46570100000008,16.390002000000038],[112.46548000000007,16.390166000000022],[112.46525700000007,16.39032700000007],[112.46502900000007,16.390482000000077],[112.46479700000009,16.390634000000034],[112.46456300000011,16.39078100000006],[112.46436600000004,16.39090200000004],[112.4641650000001,16.391021000000023],[112.46396400000003,16.39113800000007],[112.4637600000001,16.391251000000068],[112.46355400000004,16.391362000000072],[112.46334700000011,16.391471000000024],[112.46313900000007,16.39157700000004],[112.46292800000003,16.391681000000062],[112.46271700000011,16.391782000000035],[112.46250500000008,16.391882000000066],[112.46229200000005,16.39197800000005],[112.46207700000002,16.392071000000044],[112.46186200000011,16.39216300000004],[112.46164600000009,16.392251000000044],[112.46143000000006,16.392338000000052],[112.46117000000004,16.392438000000027],[112.46091000000001,16.39253300000007],[112.46064700000011,16.39262400000007],[112.4603820000001,16.392711000000077],[112.46011500000009,16.392791000000045],[112.45989000000009,16.392854000000057],[112.45966400000009,16.392915000000073],[112.4594370000001,16.392971000000045],[112.4592090000001,16.393025000000023],[112.45898000000011,16.393076000000065],[112.45875000000001,16.393124000000057],[112.45851900000002,16.393170000000055],[112.45828800000004,16.39321300000006],[112.45805600000006,16.39325400000007],[112.45782400000007,16.393294000000026],[112.45759200000009,16.393331000000046],[112.45736000000011,16.39336700000007],[112.45712800000001,16.393400000000042],[112.45685000000003,16.39343800000006],[112.45657200000005,16.393475000000024]]],[[[112.52666900000008,16.362540000000024],[112.52298900000005,16.35373500000003],[112.52375600000005,16.343637000000058],[112.525889,16.339031000000034],[112.532058,16.336981000000037],[112.54005300000006,16.338733000000047],[112.55235700000003,16.35503600000004],[112.5578650000001,16.367642000000046],[112.56055800000001,16.376707000000067],[112.55915900000002,16.380817000000036],[112.5522380000001,16.382644000000028],[112.54049700000007,16.38025200000004],[112.53599600000007,16.379147000000046],[112.53447700000004,16.37797900000004],[112.5293170000001,16.36968600000006],[112.52666900000008,16.362540000000024]]],[[[112.61371500000007,16.422853000000032],[112.61688900000001,16.417005000000074],[112.62136600000008,16.412955000000068],[112.62807500000008,16.410073000000068],[112.63468300000011,16.40962600000006],[112.63942200000008,16.410132000000033],[112.64560400000005,16.411672000000067],[112.64959800000008,16.414019000000053],[112.64999000000012,16.417357000000038],[112.64787700000011,16.421357000000057],[112.64200800000003,16.426503000000025],[112.63810500000011,16.428108000000066],[112.63592500000004,16.429220000000043],[112.61707500000011,16.431907000000024],[112.61436900000001,16.43074800000005],[112.61255600000004,16.42728900000003],[112.61371500000007,16.422853000000032]]],[[[112.52349000000004,16.519404000000065],[112.52465300000006,16.518011000000058],[112.52754600000003,16.51723000000004],[112.53780000000006,16.51838300000003],[112.54722700000002,16.519336000000067],[112.55396900000005,16.520345000000077],[112.55721200000005,16.52178900000007],[112.55852900000002,16.52392100000003],[112.55842900000005,16.526084000000026],[112.55698900000004,16.528419000000042],[112.55455600000005,16.52976700000005],[112.55001600000003,16.53036700000007],[112.543901,16.530640000000062],[112.54000700000006,16.53014600000006],[112.53061600000001,16.527536000000055],[112.52554500000008,16.524474000000055],[112.52361000000008,16.52141800000004],[112.52349000000004,16.519404000000065]]],[[[112.72611100000006,16.695696000000055],[112.72606400000006,16.695697000000052],[112.72597000000007,16.69569800000005],[112.72592300000008,16.695700000000045],[112.72582900000009,16.695701000000042],[112.7257820000001,16.69570200000004],[112.7257360000001,16.69570200000004],[112.7256880000001,16.695704000000035],[112.72564100000011,16.695704000000035],[112.72559400000011,16.69570600000003],[112.72554800000012,16.69570600000003],[112.72540700000002,16.695711000000074],[112.72536000000002,16.695711000000074],[112.72520100000008,16.69571600000006],[112.72512600000005,16.695719000000054],[112.7250610000001,16.695722000000046],[112.7250150000001,16.69571600000006],[112.7249680000001,16.69571200000007],[112.72487400000011,16.69570200000004],[112.72482800000012,16.69569800000005],[112.72478100000001,16.695692000000065],[112.72468800000001,16.69568400000003],[112.72464100000002,16.69567900000004],[112.72454100000004,16.695670000000064],[112.72445500000003,16.695662000000027],[112.72440800000004,16.69565700000004],[112.7243410000001,16.695651000000055],[112.7242500000001,16.695643000000075],[112.72419900000011,16.69563900000003],[112.72408100000007,16.695628000000056],[112.72396700000002,16.695618000000024],[112.72384700000009,16.69560800000005],[112.7237070000001,16.695595000000026],[112.72356700000012,16.695583000000056],[112.72342700000002,16.695570000000032],[112.72338000000002,16.695565000000045],[112.72328700000003,16.695557000000065],[112.72324000000003,16.695552000000077],[112.72314700000004,16.695543000000043],[112.72305400000005,16.69553300000007],[112.72300700000005,16.695529000000022],[112.72286700000006,16.695513000000062],[112.72282100000007,16.695509000000072],[112.72277400000007,16.695504000000028],[112.72272700000008,16.695497000000046],[112.72258900000008,16.69548100000003],[112.72254200000009,16.695475000000044],[112.7224950000001,16.695470000000057],[112.7224490000001,16.695463000000075],[112.7224030000001,16.695457000000033],[112.7223100000001,16.695444000000066],[112.72226400000011,16.695438000000024],[112.72217100000012,16.695425000000057],[112.722125,16.695418000000075],[112.72207900000001,16.695411000000036],[112.72197300000005,16.69539400000002],[112.72184000000004,16.695372000000077],[112.72175600000003,16.695359000000053],[112.72170900000003,16.695350000000076],[112.72161700000004,16.695335000000057],[112.72157100000004,16.695326000000023],[112.72152500000004,16.69531900000004],[112.72147900000004,16.695310000000063],[112.72143300000005,16.695303000000024],[112.72138700000005,16.695294000000047],[112.72134100000005,16.695286000000067],[112.72129500000005,16.69527800000003],[112.72124900000006,16.69527000000005],[112.72115700000006,16.695253000000037],[112.72111000000007,16.695245000000057],[112.72101800000007,16.695228000000043],[112.72092600000008,16.69521100000003],[112.72088000000008,16.69520300000005],[112.72079800000006,16.69518800000003],[112.72076200000004,16.695181000000048],[112.72073300000011,16.69517600000006],[112.72065000000009,16.695160000000044],[112.7206030000001,16.69515000000007],[112.72053700000004,16.695138000000043],[112.7204200000001,16.69511600000004],[112.72037300000011,16.695106000000067],[112.72028100000011,16.695089000000053],[112.72023500000012,16.695079000000078],[112.72019000000012,16.695070000000044],[112.720144,16.69506000000007],[112.72009700000001,16.695052000000032],[112.72000600000001,16.695032000000026],[112.71996000000001,16.69502300000005],[112.71985600000005,16.695001000000047],[112.71978600000011,16.69498600000003],[112.71968500000003,16.694965000000025],[112.71959300000003,16.694945000000075],[112.71954700000003,16.694935000000044],[112.71941000000004,16.69490600000006],[112.71936400000004,16.69489500000003],[112.71931900000004,16.694885000000056],[112.71927300000004,16.694875000000025],[112.71922700000005,16.69486500000005],[112.71918100000005,16.694854000000078],[112.71913600000005,16.694844000000046],[112.71909000000005,16.694833000000074],[112.71904500000005,16.694823000000042],[112.71895300000006,16.69480100000004],[112.718883,16.694785000000024],[112.71884000000011,16.694774000000052],[112.71879500000011,16.694763000000023],[112.71872600000006,16.694747000000064],[112.71863500000006,16.694725000000062],[112.71859000000006,16.694713000000036],[112.71849900000007,16.694691000000034],[112.71845300000007,16.694679000000065],[112.71840800000007,16.694668000000036],[112.71836300000007,16.694656000000066],[112.71831800000007,16.694645000000037],[112.71818200000007,16.69460900000007],[112.71813700000007,16.694598000000042],[112.71804600000007,16.694574000000046],[112.71800200000007,16.69456100000002],[112.71795700000007,16.694549000000052],[112.71787800000004,16.694528000000048],[112.71782200000007,16.69451300000003],[112.71777700000007,16.694500000000062],[112.71773200000007,16.694488000000035],[112.71768700000007,16.69447400000007],[112.71764200000007,16.694462000000044],[112.71757800000012,16.694444000000033],[112.71750700000007,16.69442300000003],[112.71746300000007,16.69441100000006],[112.71741700000007,16.694398000000035],[112.717307,16.69436500000006],[112.71719400000006,16.69433200000003],[112.71714900000006,16.694319000000064],[112.71710400000006,16.694304000000045],[112.71701500000006,16.694278000000054],[112.71697000000006,16.694264000000032],[112.71692500000006,16.694250000000068],[112.71688000000006,16.694236000000046],[112.71683500000006,16.694223000000022],[112.71679100000006,16.694209000000058],[112.71674600000006,16.694195000000036],[112.716586,16.69414400000005],[112.71654000000001,16.694129000000032],[112.71643400000005,16.69409500000006],[112.71630000000005,16.694052000000056],[112.71625600000004,16.694037000000037],[112.71616700000004,16.694008000000053],[112.71612200000004,16.693993000000034],[112.71607800000004,16.69397900000007],[112.71599000000003,16.693948000000034],[112.71594500000003,16.693933000000072],[112.71590100000003,16.693918000000053],[112.71585700000003,16.693902000000037],[112.71578900000009,16.693879000000038],[112.71572400000002,16.69385600000004],[112.71563600000002,16.69382500000006],[112.71559200000002,16.693810000000042],[112.71554800000001,16.693793000000028],[112.71545900000001,16.69376200000005],[112.71541500000001,16.693746000000033],[112.71537200000012,16.693730000000073],[112.71532800000011,16.693714000000057],[112.71528400000011,16.69369800000004],[112.71524000000011,16.693682000000024],[112.7151960000001,16.693665000000067],[112.7151090000001,16.693632000000036],[112.71502200000009,16.693599000000063],[112.71497700000009,16.69358200000005],[112.71484700000008,16.69353300000006],[112.71480300000007,16.693515000000048],[112.71476000000007,16.693498000000034],[112.71471700000006,16.693481000000077],[112.71467400000006,16.693464000000063],[112.71463000000006,16.69344600000005],[112.71458700000005,16.693430000000035],[112.71452600000009,16.69340500000004],[112.71445700000004,16.693377000000055],[112.71441400000003,16.693359000000044],[112.71428600000002,16.693306000000064],[112.7142,16.69327000000004],[112.71415700000011,16.69325200000003],[112.71411400000011,16.693234000000075],[112.7140720000001,16.693215000000066],[112.7140290000001,16.693197000000055],[112.71398600000009,16.693178000000046],[112.71394300000009,16.693160000000034],[112.71390100000008,16.693142000000023],[112.71373200000005,16.693066000000044],[112.71368900000004,16.693047000000035],[112.71364800000003,16.69302600000003],[112.71348000000012,16.69294700000006],[112.71343900000011,16.692926000000057],[112.71335600000009,16.69288300000005],[112.71331400000008,16.692862000000048],[112.71327300000007,16.692841000000044],[112.71323200000006,16.692819000000043],[112.71319200000005,16.69279800000004],[112.7131290000001,16.692764000000068],[112.71306900000002,16.692731000000038],[112.71302800000001,16.692709000000036],[112.71298700000011,16.69268500000004],[112.7129470000001,16.69266300000004],[112.71290700000009,16.69264000000004],[112.71286600000008,16.692616000000044],[112.71282600000006,16.692593000000045],[112.71278500000005,16.692570000000046],[112.71274500000004,16.69254600000005],[112.71270500000003,16.692522000000054],[112.71266500000002,16.692498000000057],[112.71262600000011,16.69247400000006],[112.7125860000001,16.692450000000065],[112.71254600000009,16.69242600000007],[112.71248500000002,16.69238800000005],[112.71242700000005,16.692352000000028],[112.71238800000003,16.692328000000032],[112.71234800000002,16.69230200000004],[112.712309,16.692278000000044],[112.7122700000001,16.692252000000053],[112.71223000000009,16.692228000000057],[112.71215300000006,16.692176000000075],[112.71211300000004,16.69215200000002],[112.71207400000003,16.69212600000003],[112.71203600000001,16.69210000000004],[112.7119580000001,16.692049000000054],[112.71192000000008,16.692022000000065],[112.71188100000006,16.69199700000007],[112.71184300000004,16.691971000000024],[112.71180400000003,16.691945000000032],[112.71176600000001,16.69191900000004],[112.71172800000011,16.69189300000005],[112.71169000000009,16.69186600000006],[112.71165100000007,16.691841000000068],[112.71161300000006,16.691814000000022],[112.71157500000004,16.69178800000003],[112.71153700000002,16.691761000000042],[112.71149900000012,16.691734000000054],[112.7114610000001,16.69170900000006],[112.71138500000006,16.691655000000026],[112.71134700000005,16.691629000000034],[112.71130900000003,16.691603000000043],[112.7112340000001,16.691549000000066],[112.71119600000009,16.691523000000075],[112.71115800000007,16.691497000000027],[112.71096900000009,16.691363000000024],[112.71093100000007,16.691336000000035],[112.7107420000001,16.691202000000033],[112.71070500000008,16.691175000000044],[112.71055400000012,16.69106800000003],[112.7105160000001,16.691040000000044],[112.71047900000008,16.691014000000052],[112.71044200000006,16.690987000000064],[112.71040400000004,16.690960000000075],[112.71036600000002,16.69093300000003],[112.71032900000012,16.690905000000043],[112.71025300000008,16.690852000000064],[112.71021600000006,16.690824000000077],[112.71017900000004,16.690797000000032],[112.71014100000002,16.690770000000043],[112.71010400000011,16.690742000000057],[112.7100670000001,16.69071500000007],[112.71002900000008,16.690688000000023],[112.70999200000006,16.690661000000034],[112.70995500000004,16.690633000000048],[112.70991700000002,16.69060600000006],[112.70988000000011,16.690578000000073],[112.70984300000009,16.690551000000028],[112.70980500000007,16.69052300000004],[112.70976800000005,16.69049700000005],[112.70969300000002,16.690441000000078],[112.70965600000011,16.690414000000033],[112.70958200000007,16.69035800000006],[112.70954500000005,16.69033100000007],[112.7094330000001,16.690248000000054],[112.70939600000008,16.690221000000065],[112.70932200000004,16.690165000000036],[112.70928500000002,16.69013700000005],[112.7092110000001,16.690081000000077],[112.70917400000008,16.690053000000034],[112.70910000000003,16.689997000000062],[112.70906400000001,16.689970000000073],[112.70902600000011,16.68994200000003],[112.70895300000007,16.689886000000058],[112.70891600000004,16.689858000000072],[112.70888000000002,16.68983000000003],[112.70884300000012,16.689801000000045],[112.7088060000001,16.68977300000006],[112.70873300000005,16.68971700000003],[112.70869600000003,16.689688000000046],[112.7086230000001,16.689632000000074],[112.70858600000008,16.689603000000034],[112.70851300000004,16.68954700000006],[112.70847700000002,16.689518000000078],[112.70844100000011,16.689490000000035],[112.70840400000009,16.68946100000005],[112.70836800000006,16.689433000000065],[112.70833100000004,16.689404000000025],[112.70829500000002,16.68937600000004],[112.70825800000011,16.689347000000055],[112.70822300000009,16.68931900000007],[112.70818600000007,16.689290000000028],[112.70815000000005,16.689261000000045],[112.70811400000002,16.68923300000006],[112.70807700000012,16.689204000000075],[112.70800500000007,16.68914600000005],[112.70796900000005,16.689118000000065],[112.70787700000005,16.689043000000026],[112.70782500000007,16.689002000000073],[112.7076810000001,16.688886000000025],[112.70764600000007,16.68885700000004],[112.70761000000005,16.688828000000058],[112.70757500000002,16.688799000000074],[112.70753900000011,16.688769000000036],[112.70750300000009,16.688740000000053],[112.70746700000007,16.68871100000007],[112.70743200000004,16.68868200000003],[112.70739600000002,16.688652000000047],[112.70734100000004,16.688607000000047],[112.70729000000006,16.68856500000004],[112.70725400000003,16.68853500000006],[112.70721900000001,16.688506000000075],[112.7071830000001,16.68847500000004],[112.70714800000007,16.688446000000056],[112.70711300000005,16.688416000000075],[112.70707800000002,16.688387000000034],[112.70704200000011,16.688357000000053],[112.70700700000009,16.68832800000007],[112.70693700000004,16.688267000000053],[112.70690200000001,16.688237000000072],[112.7068670000001,16.688207000000034],[112.70683200000008,16.68817800000005],[112.70676300000002,16.68811800000003],[112.70672800000011,16.688086000000055],[112.70662300000004,16.687996000000055],[112.70658900000001,16.687966000000074],[112.7065540000001,16.68793400000004],[112.70652000000007,16.68790400000006],[112.70648500000004,16.687874000000022],[112.70645100000002,16.687842000000046],[112.7064170000001,16.687812000000065],[112.70638200000008,16.68778100000003],[112.70634800000005,16.68775100000005],[112.70631300000002,16.687719000000072],[112.7062800000001,16.687688000000037],[112.70624500000008,16.687658000000056],[112.70617700000003,16.687595000000044],[112.70614300000011,16.687564000000066],[112.70610900000008,16.687532000000033],[112.70607500000006,16.687501000000054],[112.70604100000003,16.687470000000076],[112.70597400000008,16.687407000000064],[112.70593900000006,16.68737600000003],[112.70583900000008,16.68728200000004],[112.70580500000005,16.687249000000065],[112.70573800000011,16.68718700000005],[112.70570500000008,16.687154000000078],[112.70567100000005,16.687123000000042],[112.70563800000002,16.687091000000066],[112.7056050000001,16.687059000000033],[112.70557100000008,16.687028000000055],[112.70550500000002,16.68696300000005],[112.7054720000001,16.686931000000072],[112.70543900000007,16.68689900000004],[112.70540600000004,16.686866000000066],[112.70537300000001,16.68683500000003],[112.70534000000009,16.686803000000054],[112.70530700000006,16.686770000000024],[112.70527400000003,16.686738000000048],[112.70524200000011,16.686705000000075],[112.70520900000008,16.68667300000004],[112.70509900000002,16.686563000000035],[112.705014,16.686478000000022],[112.70498100000009,16.68644500000005],[112.70494900000006,16.686412000000075],[112.70491600000003,16.686379000000045],[112.7048840000001,16.68634700000007],[112.70485200000007,16.68631400000004],[112.70482000000004,16.686281000000065],[112.70478800000001,16.686248000000035],[112.70475500000009,16.68621600000006],[112.70472300000006,16.68618200000003],[112.70469100000003,16.686150000000055],[112.7046600000001,16.686116000000027],[112.70462800000007,16.68608400000005],[112.70459600000004,16.686050000000023],[112.704564,16.686018000000047],[112.70450100000005,16.685950000000048],[112.70446900000002,16.685918000000072],[112.7044370000001,16.685884000000044],[112.70437500000003,16.685817000000043],[112.70434300000011,16.68578400000007],[112.70429600000011,16.685734000000025],[112.704249,16.685684000000037],[112.70421800000008,16.685650000000066],[112.70415600000001,16.685583000000065],[112.70412600000009,16.68554800000004],[112.70409500000005,16.68551400000007],[112.70406400000002,16.68548000000004],[112.70403400000009,16.68544600000007],[112.70400300000006,16.685411000000045],[112.70397300000002,16.685377000000074],[112.7039430000001,16.685343000000046],[112.70391300000006,16.685308000000077],[112.70388300000002,16.685273000000052],[112.7038530000001,16.685239000000024],[112.70382300000006,16.685203000000058],[112.70376400000009,16.685133000000064],[112.70373500000005,16.68509700000004],[112.70370500000001,16.68506300000007],[112.70367600000009,16.685027000000048],[112.70364700000005,16.684992000000022],[112.70358900000008,16.684920000000034],[112.70356000000004,16.684885000000065],[112.70353100000011,16.684849000000042],[112.70350200000007,16.684813000000076],[112.70341700000006,16.684706000000062],[112.70338900000002,16.684669000000042],[112.70336000000009,16.684633000000076],[112.70333200000005,16.684597000000053],[112.70330400000012,16.68456100000003],[112.70327600000007,16.684524000000067],[112.70324800000003,16.684488000000044],[112.7032200000001,16.684451000000024],[112.70319200000006,16.684415000000058],[112.70316500000001,16.684378000000038],[112.70313700000008,16.684342000000072],[112.70308200000011,16.68426800000003],[112.70302700000002,16.684195000000045],[112.70300000000009,16.684158000000025],[112.70297300000004,16.68412100000006],[112.70291900000007,16.684047000000078],[112.70286500000009,16.683973000000037],[112.70283800000004,16.683936000000074],[112.70278400000007,16.683862000000033],[112.70275800000002,16.68382500000007],[112.70273200000008,16.683787000000052],[112.70270500000004,16.683750000000032],[112.7026790000001,16.68371300000007],[112.70265200000006,16.683676000000048],[112.70262600000001,16.683639000000028],[112.70260000000007,16.68360000000007],[112.70257400000003,16.68356300000005],[112.70254800000009,16.68352600000003],[112.70252200000004,16.683488000000068],[112.70249600000011,16.683451000000048],[112.70246900000006,16.68341300000003],[112.70244300000002,16.683376000000067],[112.70240700000011,16.68332300000003],[112.70238000000006,16.683283000000074],[112.70234000000005,16.683224000000052],[112.70231400000011,16.683186000000035],[112.70228800000007,16.683148000000074],[112.70223700000008,16.68307200000004],[112.70221100000003,16.683032000000026],[112.7021860000001,16.682994000000065],[112.70216100000005,16.682956000000047],[112.70213600000011,16.68291700000003],[112.70211100000006,16.682878000000073],[112.70206200000007,16.68280100000004],[112.70198900000003,16.682683000000054],[112.7019170000001,16.682565000000068],[112.70189400000004,16.682526000000053],[112.7018710000001,16.682485000000042],[112.70184800000004,16.682446000000027],[112.7018260000001,16.68240600000007],[112.70180400000004,16.68236600000006],[112.7017820000001,16.682327000000043],[112.70176000000004,16.682286000000033],[112.70173800000009,16.682246000000077],[112.70169600000008,16.682166000000052],[112.70167500000002,16.68212600000004],[112.70165500000007,16.68208400000003],[112.70163500000001,16.68204300000002],[112.70161500000006,16.682003000000066],[112.70159600000011,16.681962000000055],[112.70157800000004,16.681921000000045],[112.70154100000002,16.681840000000022],[112.70152300000007,16.68179800000007],[112.70150500000011,16.68175700000006],[112.70148900000004,16.681715000000054],[112.70147200000008,16.681674000000044],[112.70144100000005,16.68159000000003],[112.70142700000008,16.681547000000023],[112.70141300000012,16.681504000000075],[112.70140100000003,16.68146100000007],[112.70138900000006,16.681418000000065],[112.70137800000009,16.68137500000006],[112.701367,16.68133000000006],[112.70135700000003,16.681286000000057],[112.70134800000005,16.681242000000054],[112.70133900000008,16.681197000000054],[112.7013310000001,16.681152000000054],[112.70131800000001,16.681061000000057],[112.70131100000003,16.681016000000056],[112.70130600000005,16.680971000000056],[112.70129500000007,16.68088000000006],[112.70128800000009,16.680788000000064],[112.70128100000011,16.680697000000066],[112.70127800000012,16.68065100000007],[112.70127600000001,16.68060600000007],[112.70127400000001,16.680559000000073],[112.70127200000002,16.680514000000073],[112.70127100000002,16.680468000000076],[112.70127000000002,16.680423000000076],[112.70126900000002,16.680378000000076],[112.70126800000003,16.68033200000002],[112.70126600000003,16.680061000000023],[112.70126600000003,16.680016000000023],[112.70126500000003,16.679926000000023],[112.70126600000003,16.679881000000023],[112.70126500000003,16.679834000000028],[112.70126600000003,16.67971300000005],[112.70126600000003,16.67965300000003],[112.70126700000003,16.679607000000033],[112.70126700000003,16.679561000000035],[112.70126800000003,16.679470000000038],[112.70127000000002,16.679425000000037],[112.70127000000002,16.679378000000042],[112.70127500000001,16.679242000000045],[112.701277,16.67917300000005],[112.70128000000011,16.67910500000005],[112.70128800000009,16.678968000000054],[112.70129700000007,16.678833000000054],[112.70130100000006,16.67878600000006],[112.70130500000005,16.67874100000006],[112.70131100000003,16.678672000000063],[112.70131800000001,16.678607000000056],[112.701322,16.67856100000006],[112.70133300000009,16.67847100000006],[112.70133900000008,16.678427000000056],[112.70134500000006,16.678382000000056],[112.70135800000003,16.67829400000005],[112.70136500000001,16.678248000000053],[112.7013720000001,16.67820400000005],[112.70138800000007,16.678116000000045],[112.70139600000005,16.67807300000004],[112.70141400000011,16.677985000000035],[112.70142400000009,16.67794200000003],[112.70143300000007,16.677898000000027],[112.70144300000004,16.677855000000022],[112.70145500000001,16.677812000000074],[112.7014660000001,16.67776900000007],[112.70147800000007,16.677726000000064],[112.70150600000011,16.677640000000054],[112.70153600000003,16.67755500000004],[112.7015530000001,16.677513000000033],[112.70158600000002,16.677428000000077],[112.70160500000009,16.67738600000007],[112.7016420000001,16.67730300000005],[112.70166200000006,16.677261000000044],[112.70170300000007,16.677179000000024],[112.70172400000001,16.67713800000007],[112.70176800000002,16.67705600000005],[112.70179000000007,16.67701500000004],[112.70181300000002,16.676976000000025],[112.70183600000007,16.67693500000007],[112.70185900000001,16.67689500000006],[112.70188400000006,16.676855000000046],[112.701907,16.67681600000003],[112.70193200000006,16.676776000000075],[112.70195600000011,16.67673700000006],[112.70198100000005,16.676697000000047],[112.7020060000001,16.67665900000003],[112.70203200000003,16.67662000000007],[112.70205600000008,16.676582000000053],[112.70208200000002,16.676544000000035],[112.70210800000007,16.676506000000074],[112.70215900000005,16.676431000000036],[112.7021850000001,16.676393000000076],[112.70221000000004,16.676356000000055],[112.70223700000008,16.676319000000035],[112.70226400000001,16.67628300000007],[112.7023210000001,16.676213000000075],[112.70235000000002,16.676177000000052],[112.70238000000006,16.676142000000027],[112.7024120000001,16.676108000000056],[112.70244300000002,16.676075000000026],[112.70247500000005,16.676041000000055],[112.70250800000008,16.676009000000022],[112.70254100000011,16.67597600000005],[112.70257400000003,16.675944000000072],[112.70267700000011,16.67584800000003],[112.70271200000002,16.67581800000005],[112.70274700000004,16.67578700000007],[112.70278200000007,16.675757000000033],[112.7028180000001,16.67572700000005],[112.70289100000002,16.67566800000003],[112.70292700000005,16.675639000000047],[112.70296300000007,16.675610000000063],[112.70299900000009,16.675581000000022],[112.70303500000011,16.675553000000036],[112.70307100000002,16.675526000000048],[112.70310800000004,16.675497000000064],[112.70314500000006,16.675470000000075],[112.70325900000012,16.675391000000047],[112.70329800000002,16.675365000000056],[112.70333600000004,16.675339000000065],[112.70337600000005,16.67531400000007],[112.70345500000008,16.675266000000022],[112.7035360000001,16.67521800000003],[112.70357600000011,16.67519500000003],[112.70365700000002,16.675149000000033],[112.70374000000004,16.675106000000028],[112.70382300000006,16.675062000000025],[112.70388400000002,16.675032000000044],[112.70394800000008,16.675000000000068],[112.7040740000001,16.674941000000047],[112.70411600000011,16.67492100000004],[112.70419700000002,16.674884000000077],[112.70428700000002,16.674843000000067],[112.70433000000003,16.674824000000058],[112.70437300000003,16.67480500000005],[112.70441600000004,16.67478600000004],[112.70446000000004,16.67476800000003],[112.70450300000005,16.674750000000074],[112.70454700000005,16.67473300000006],[112.70463600000005,16.674701000000027],[112.70472400000006,16.674671000000046],[112.70476900000006,16.674657000000025],[112.70481400000006,16.674644000000058],[112.70485900000006,16.674631000000034],[112.70495000000005,16.67461000000003],[112.70499600000005,16.674601000000052],[112.70504100000005,16.67459400000007],[112.70508700000005,16.674586000000033],[112.70517900000004,16.674574000000064],[112.70527200000004,16.674562000000037],[112.70536400000003,16.674550000000067],[112.70544000000007,16.67454200000003],[112.70555000000002,16.67453100000006],[112.705689,16.67451600000004],[112.70573600000012,16.67451200000005],[112.70578200000011,16.674507000000062],[112.70588800000007,16.674499000000026],[112.7059690000001,16.674492000000043],[112.70604500000002,16.67448600000006],[112.70615500000008,16.674477000000024],[112.70620200000008,16.674474000000032],[112.70624900000007,16.67447100000004],[112.70629600000007,16.674468000000047],[112.70634300000006,16.674464000000057],[112.70643600000005,16.67445900000007],[112.70648300000005,16.674455000000023],[112.70656400000007,16.674451000000033],[112.70659400000011,16.67444900000004],[112.70664700000009,16.674446000000046],[112.70670400000006,16.674443000000053],[112.70672600000012,16.674442000000056],[112.70681100000002,16.67443700000007],[112.70685800000001,16.674434000000076],[112.706905,16.674431000000027],[112.70698500000003,16.674427000000037],[112.70702300000005,16.674425000000042],[112.70706100000007,16.674423000000047],[112.7071390000001,16.67441800000006],[112.70718700000009,16.674416000000065],[112.70723400000008,16.674413000000072],[112.70732700000008,16.674408000000028],[112.70741400000009,16.67440300000004],[112.70742700000005,16.674402000000043],[112.70751500000006,16.674397000000056],[112.70760900000005,16.67439200000007],[112.70765600000004,16.67438800000002],[112.70774900000004,16.674383000000034],[112.70779600000003,16.674380000000042],[112.70784400000002,16.674376000000052],[112.70789000000002,16.674374000000057],[112.70793700000002,16.674370000000067],[112.70798400000001,16.674367000000075],[112.70807700000012,16.674360000000036],[112.70812400000011,16.674357000000043],[112.7082650000001,16.67434600000007],[112.7083110000001,16.674341000000027],[112.70840400000009,16.674333000000047],[112.70845100000008,16.67432800000006],[112.70849800000008,16.674325000000067],[112.70859100000007,16.674315000000036],[112.70868400000006,16.67430500000006],[112.70877700000005,16.67429500000003],[112.70882300000005,16.674289000000044],[112.70887000000005,16.674284000000057],[112.70892600000002,16.674277000000075],[112.70905500000003,16.67426000000006],[112.70914100000005,16.674247000000037],[112.70919400000002,16.674239000000057],[112.70928700000002,16.674222000000043],[112.70942500000001,16.67419700000005],[112.70956300000012,16.674169000000063],[112.70960900000011,16.674158000000034],[112.70965500000011,16.674149000000057],[112.70974600000011,16.674128000000053],[112.7097920000001,16.674116000000026],[112.7098380000001,16.67410600000005],[112.70989400000008,16.674091000000033],[112.7100200000001,16.674059000000057],[112.71013300000004,16.674027000000024],[112.7102000000001,16.67400800000007],[112.7102450000001,16.673995000000048],[112.7102900000001,16.673981000000026],[112.7103350000001,16.67396800000006],[112.7104680000001,16.67392700000005],[112.71051200000011,16.67391200000003],[112.71055600000011,16.673898000000065],[112.71068900000012,16.673853000000065],[112.71073400000012,16.67383700000005],[112.71077900000012,16.673821000000032],[112.71082400000012,16.673804000000075],[112.71086900000012,16.67378800000006],[112.71091400000012,16.673771000000045],[112.711003,16.673734000000024],[112.71109100000001,16.673695000000066],[112.71113400000002,16.673674000000062],[112.71117600000002,16.67365300000006],[112.71121800000003,16.673631000000057],[112.71125900000004,16.67360800000006],[112.71129900000005,16.673586000000057],[112.71133800000007,16.67356200000006],[112.71137700000008,16.67353600000007],[112.7114140000001,16.673511000000076],[112.71145000000001,16.67348400000003],[112.71148600000004,16.673456000000044],[112.71151900000007,16.673428000000058],[112.7115510000001,16.673398000000077],[112.71158200000002,16.673366000000044],[112.71161000000006,16.67333300000007],[112.71163600000011,16.673297000000048],[112.71166100000005,16.673260000000028],[112.7116840000001,16.67322100000007],[112.71170600000005,16.673181000000056],[112.71172700000011,16.673141000000044],[112.71174700000006,16.673099000000036],[112.71178300000008,16.673013000000026],[112.71181800000011,16.672924000000023],[112.71183400000007,16.672880000000077],[112.71185000000003,16.672836000000075],[112.7118670000001,16.672792000000072],[112.71190000000001,16.672706000000062],[112.71192300000007,16.672649000000035],[112.71195200000011,16.67258000000004],[112.71198600000002,16.672495000000026],[112.7120020000001,16.672453000000075],[112.71203400000002,16.672367000000065],[112.71206400000005,16.672282000000052],[112.71207900000002,16.672239000000047],[112.7120930000001,16.672195000000045],[112.71212000000003,16.672109000000034],[112.71213300000011,16.67206600000003],[112.71214600000008,16.672022000000027],[112.71215800000004,16.671977000000027],[112.71217000000001,16.67193400000002],[112.71219100000008,16.671846000000073],[112.71220100000005,16.67180200000007],[112.71221000000003,16.671758000000068],[112.7122270000001,16.671670000000063],[112.71224200000006,16.671580000000063],[112.71224900000004,16.67153600000006],[112.71225500000003,16.67149100000006],[112.71226800000011,16.671402000000057],[112.7122730000001,16.671357000000057],[112.71228400000007,16.671267000000057],[112.71229500000004,16.671177000000057],[112.71230600000001,16.671088000000054],[112.71231100000011,16.671042000000057],[112.7123170000001,16.670997000000057],[112.71232300000008,16.670952000000057],[112.71232900000007,16.670908000000054],[112.71234200000004,16.670817000000056],[112.71235600000011,16.67072900000005],[112.7123640000001,16.67068400000005],[112.71237300000007,16.67064000000005],[112.71238200000005,16.670596000000046],[112.71239100000003,16.670552000000043],[112.71240000000012,16.670506000000046],[112.71242600000005,16.670374000000038],[112.71243500000003,16.670329000000038],[112.712444,16.670285000000035],[112.71245700000009,16.670218000000034],[112.71247100000005,16.670151000000033],[112.71248000000003,16.670106000000033],[112.71248800000001,16.67006200000003],[112.7124970000001,16.670018000000027],[112.71250600000008,16.669973000000027],[112.71251600000005,16.669928000000027],[112.71252500000003,16.669884000000025],[112.712534,16.669839000000024],[112.7125430000001,16.669795000000022],[112.71255200000007,16.669751000000076],[112.71256200000005,16.669707000000074],[112.71257100000003,16.669662000000073],[112.71258100000011,16.669617000000073],[112.71259100000009,16.66957300000007],[112.71262100000001,16.669441000000063],[112.71266400000002,16.669264000000055],[112.7126760000001,16.669220000000053],[112.71269900000004,16.669133000000045],[112.71271100000001,16.66909000000004],[112.7127230000001,16.669046000000037],[112.71273500000007,16.669003000000032],[112.71274800000003,16.66895900000003],[112.7127670000001,16.668894000000023],[112.71278700000005,16.66883000000007],[112.71280100000001,16.668787000000066],[112.71281500000009,16.66874400000006],[112.71282900000006,16.668702000000053],[112.71284300000002,16.668659000000048],[112.71287400000006,16.668574000000035],[112.71289000000002,16.66853100000003],[112.71292200000005,16.668446000000074],[112.712939,16.668404000000066],[112.71295600000008,16.66836200000006],[112.71297400000003,16.66832000000005],[112.713029,16.668194000000028],[112.71304800000007,16.668153000000075],[112.71306800000002,16.668111000000067],[112.71308800000008,16.668070000000057],[112.71310800000003,16.66802800000005],[112.71314900000004,16.66794600000003],[112.71319200000005,16.667864000000066],[112.71323600000005,16.66778400000004],[112.71325900000011,16.667744000000027],[112.71328200000005,16.66770500000007],[112.71332900000004,16.66762600000004],[112.7133530000001,16.667588000000023],[112.71337700000004,16.667549000000065],[112.71340100000009,16.66751000000005],[112.71342600000003,16.66747300000003],[112.71347700000001,16.66739800000005],[112.71350300000006,16.667361000000028],[112.71352900000011,16.667324000000065],[112.71355600000004,16.667288000000042],[112.71358400000008,16.66725100000002],[112.71361300000001,16.667215000000056],[112.71364100000005,16.66718000000003],[112.71367100000009,16.667145000000062],[112.71373200000005,16.667075000000068],[112.71376300000009,16.66704100000004],[112.71382700000004,16.66697400000004],[112.71386000000007,16.666941000000065],[112.7138930000001,16.666909000000032],[112.71392600000001,16.66687600000006],[112.71396000000004,16.666844000000026],[112.71399400000007,16.66681200000005],[112.71406400000001,16.666751000000033],[112.71410000000003,16.666720000000055],[112.71417000000008,16.666661000000033],[112.7142060000001,16.666631000000052],[112.71424300000001,16.666603000000066],[112.71427900000003,16.666574000000026],[112.71431600000005,16.666547000000037],[112.71435300000007,16.66651900000005],[112.7143900000001,16.666492000000062],[112.71442800000011,16.666465000000073],[112.71446500000002,16.666440000000023],[112.71450400000003,16.66641500000003],[112.71454300000005,16.666391000000033],[112.71462200000008,16.66634300000004],[112.71466300000009,16.66632000000004],[112.7147030000001,16.66629800000004],[112.71474500000011,16.666277000000036],[112.714785,16.666255000000035],[112.71482700000001,16.666233000000034],[112.71486900000002,16.66621200000003],[112.71493100000009,16.66618200000005],[112.71499500000004,16.666150000000073],[112.71503800000005,16.666131000000064],[112.71508000000006,16.66611000000006],[112.71520700000008,16.66605100000004],[112.71525000000008,16.666031000000032],[112.7153350000001,16.665992000000074],[112.71541900000011,16.665950000000066],[112.71546000000001,16.665931000000057],[112.71550200000001,16.665910000000054],[112.71554300000003,16.66588900000005],[112.71562700000004,16.66584800000004],[112.71566900000005,16.665828000000033],[112.71571100000006,16.665808000000027],[112.71575300000006,16.665787000000023],[112.71579500000007,16.66576800000007],[112.71587900000009,16.665726000000063],[112.7159630000001,16.665687000000048],[112.71600500000011,16.66566700000004],[112.71604700000012,16.665647000000035],[112.71608900000001,16.66562700000003],[112.71613100000002,16.665607000000023],[112.71617300000003,16.665587000000073],[112.71621600000003,16.665568000000064],[112.71625800000004,16.665548000000058],[112.71630000000005,16.66552900000005],[112.71634300000005,16.66551000000004],[112.71638500000006,16.66549100000003],[112.71642800000006,16.665472000000022],[112.71647000000007,16.66545300000007],[112.71655500000008,16.66541600000005],[112.71659900000009,16.66539700000004],[112.7166840000001,16.665360000000078],[112.7167270000001,16.665342000000066],[112.71681300000012,16.66530800000004],[112.716856,16.66528900000003],[112.71690000000001,16.665272000000073],[112.71694300000001,16.665256000000056],[112.71703000000002,16.66522100000003],[112.71707300000003,16.66520500000007],[112.71716100000003,16.66517300000004],[112.71729200000004,16.66512400000005],[112.71733600000005,16.66510900000003],[112.71737900000005,16.66509300000007],[112.71742400000005,16.66507800000005],[112.71746800000005,16.665063000000032],[112.71751200000006,16.665047000000072],[112.71764500000006,16.665001000000075],[112.71768800000007,16.664986000000056],[112.71777700000007,16.664956000000075],[112.71782100000007,16.664942000000053],[112.71791000000007,16.664912000000072],[112.71799800000008,16.664882000000034],[112.71804300000008,16.66486800000007],[112.71822000000009,16.66480800000005],[112.71826400000009,16.66479300000003],[112.71835300000009,16.66476300000005],[112.7183970000001,16.66474800000003],[112.7184850000001,16.66471800000005],[112.7185740000001,16.66468800000007],[112.71866200000011,16.66465800000003],[112.71879500000011,16.664612000000034],[112.71883900000012,16.664599000000067],[112.71888400000012,16.66458300000005],[112.718928,16.664570000000026],[112.71897200000001,16.664555000000064],[112.71906200000001,16.664527000000078],[112.71910600000001,16.66451200000006],[112.71915100000001,16.664498000000037],[112.71919600000001,16.664484000000073],[112.71924000000001,16.664469000000054],[112.71928400000002,16.664455000000032],[112.71932900000002,16.66444000000007],[112.71941800000002,16.664412000000027],[112.71946200000002,16.664397000000065],[112.71950700000002,16.664383000000043],[112.71964000000003,16.664338000000043],[112.71968400000003,16.664324000000022],[112.71977200000003,16.66429400000004],[112.71981600000004,16.664278000000024],[112.71990400000004,16.664248000000043],[112.71996500000012,16.664225000000044],[112.72003600000005,16.664199000000053],[112.72008000000005,16.664183000000037],[112.72016700000006,16.66415100000006],[112.72021000000007,16.66413300000005],[112.72025300000007,16.664117000000033],[112.72029700000007,16.664100000000076],[112.72033900000008,16.664081000000067],[112.72038300000008,16.664064000000053],[112.72042500000009,16.66404600000004],[112.7204680000001,16.66402800000003],[112.7205110000001,16.664010000000076],[112.72055300000011,16.66399000000007],[112.72059600000011,16.663972000000058],[112.720639,16.66395200000005],[112.72068100000001,16.66393400000004],[112.72072400000002,16.663914000000034],[112.72076600000003,16.663895000000025],[112.72080800000003,16.663875000000075],[112.72085000000004,16.66385500000007],[112.72089200000005,16.663835000000063],[112.72095500000012,16.663804000000027],[112.72101800000007,16.66377300000005],[112.72106000000008,16.663752000000045],[112.72110200000009,16.66373100000004],[112.7211430000001,16.663710000000037],[112.72122600000012,16.663666000000035],[112.72126700000001,16.663644000000033],[112.72130700000002,16.663622000000032],[112.72134900000003,16.663599000000033],[112.72138900000004,16.663577000000032],[112.72143000000005,16.663554000000033],[112.72147000000007,16.663530000000037],[112.72151000000008,16.66350700000004],[112.7215500000001,16.663483000000042],[112.7215900000001,16.663460000000043],[112.72163,16.663436000000047],[112.72166900000002,16.663411000000053],[112.72170800000004,16.663387000000057],[112.72178600000007,16.66333700000007],[112.72182500000008,16.66331100000002],[112.7218640000001,16.663286000000028],[112.72190200000011,16.663261000000034],[112.72197700000004,16.66320900000005],[112.72205200000008,16.663154000000077],[112.7220880000001,16.663126000000034],[112.722125,16.663098000000048],[112.72216200000003,16.66307000000006],[112.72219800000005,16.663042000000075],[112.72223400000007,16.663012000000037],[112.7222690000001,16.66298400000005],[112.722305,16.66295400000007],[112.72234100000003,16.662924000000032],[112.72239400000001,16.66288000000003],[112.7224460000001,16.66283500000003],[112.72251600000004,16.66277400000007],[112.72255100000007,16.662744000000032],[112.72262,16.662683000000072],[112.72265500000003,16.662652000000037],[112.72272400000008,16.662590000000023],[112.72275900000011,16.662560000000042],[112.72279400000002,16.662529000000063],[112.72282800000005,16.662498000000028],[112.72286300000007,16.662468000000047],[112.7228980000001,16.662438000000066],[112.72293200000001,16.66240700000003],[112.72296700000004,16.66237600000005],[112.72300200000006,16.66234600000007],[112.72303700000009,16.662316000000033],[112.72307200000012,16.66228600000005],[112.72310700000003,16.66225600000007],[112.72314300000005,16.66222700000003],[112.7232160000001,16.66217000000006],[112.72325300000011,16.662141000000076],[112.72329100000002,16.66211400000003],[112.72332900000004,16.662086000000045],[112.72336700000005,16.66205800000006],[112.72340600000007,16.662030000000073],[112.7234810000001,16.66197500000004],[112.72355600000003,16.66191800000007],[112.72359200000005,16.661890000000028],[112.72362900000007,16.661860000000047],[112.7236630000001,16.661831000000063],[112.72369800000001,16.661800000000028],[112.72373100000004,16.661768000000052],[112.72376300000008,16.661736000000076],[112.72379400000011,16.661703000000045],[112.72382300000004,16.661669000000074],[112.72385100000008,16.66163300000005],[112.72387800000001,16.66159600000003],[112.72392900000011,16.66152100000005],[112.72400300000004,16.66140900000005],[112.72402800000009,16.661370000000034],[112.72405300000003,16.66133300000007],[112.72409200000004,16.661271000000056],[112.72412500000007,16.661217000000022],[112.7241580000001,16.661163000000045],[112.724196,16.66110100000003],[112.72421900000006,16.66106300000007],[112.72424200000012,16.661023000000057],[112.72426600000006,16.66098400000004],[112.72428900000011,16.660945000000027],[112.72431200000005,16.660906000000068],[112.72433400000011,16.660866000000055],[112.72435700000005,16.66082700000004],[112.72440200000005,16.66074700000007],[112.72442400000011,16.66070700000006],[112.72444700000005,16.660668000000044],[112.72446800000012,16.66062800000003],[112.72449100000006,16.660588000000075],[112.72451300000012,16.66054900000006],[112.72453500000006,16.66050800000005],[112.72457900000006,16.660429000000022],[112.72460000000001,16.66038800000007],[112.72462200000007,16.660348000000056],[112.72464300000001,16.660307000000046],[112.72466500000007,16.660267000000033],[112.72470800000008,16.660186000000067],[112.72472900000002,16.660146000000054],[112.72477200000003,16.660064000000034],[112.72479300000009,16.660025000000076],[112.7248360000001,16.659943000000055],[112.72485700000004,16.659903000000043],[112.72492100000011,16.659781000000066],[112.72494300000005,16.659741000000054],[112.72496400000011,16.659700000000043],[112.725007,16.659620000000075],[112.72502800000007,16.659579000000065],[112.72509300000002,16.659459000000027],[112.72511400000008,16.659418000000073],[112.72513600000002,16.65937800000006],[112.72516900000005,16.659317000000044],[112.72520100000008,16.659257000000025],[112.72522300000003,16.65921700000007],[112.72524600000008,16.659177000000057],[112.72528900000009,16.65909800000003],[112.72531200000003,16.659058000000073],[112.72533400000009,16.659019000000058],[112.72535600000003,16.658979000000045],[112.72544600000003,16.65882000000005],[112.72546900000009,16.658780000000036],[112.72551400000009,16.658701000000065],[112.72554900000011,16.658641000000046],[112.72558300000003,16.65858300000002],[112.72560500000009,16.658543000000066],[112.72562800000003,16.65850400000005],[112.72565100000008,16.658464000000038],[112.72569600000008,16.658386000000064],[112.72572000000002,16.65834600000005],[112.72574200000008,16.65830600000004],[112.72576500000002,16.658266000000026],[112.72578800000008,16.658227000000068],[112.72581100000002,16.658187000000055],[112.72585600000002,16.658108000000027],[112.72587800000008,16.65806900000007],[112.72596800000008,16.657910000000072],[112.72601300000008,16.657831000000044],[112.72603500000002,16.65779100000003],[112.72605700000008,16.65775000000002],[112.72607900000003,16.657711000000063],[112.72612300000003,16.657631000000038],[112.72620900000004,16.657471000000044],[112.7262300000001,16.657430000000033],[112.72625100000005,16.657391000000075],[112.72629400000005,16.657310000000052],[112.72637600000007,16.657148000000063],[112.72643600000004,16.65702600000003],[112.72647500000005,16.656944000000067],[112.72651500000006,16.65686100000005],[112.72655400000008,16.656780000000026],[112.72657300000003,16.656738000000075],[112.72661200000005,16.656656000000055],[112.72663100000011,16.656614000000047],[112.72665100000006,16.656573000000037],[112.72668900000008,16.656489000000022],[112.7267260000001,16.65640700000006],[112.72678100000007,16.656281000000035],[112.7268180000001,16.656197000000077],[112.726853,16.65611300000006],[112.72687000000008,16.656071000000054],[112.72688800000003,16.656029000000046],[112.7269050000001,16.655988000000036],[112.72692200000006,16.655944000000034],[112.72693900000002,16.655903000000023],[112.72695600000009,16.655861000000073],[112.726988,16.65577600000006],[112.72700400000008,16.655733000000055],[112.72702000000004,16.655691000000047],[112.72703600000011,16.655648000000042],[112.72705100000007,16.655606000000034],[112.72707400000002,16.655541000000028],[112.72709600000007,16.655477000000076],[112.72711000000004,16.65543400000007],[112.72712400000012,16.655392000000063],[112.72715200000005,16.655306000000053],[112.7271780000001,16.655220000000043],[112.72719000000006,16.65517600000004],[112.72720300000003,16.655133000000035],[112.72721500000011,16.655089000000032],[112.72722600000009,16.65504500000003],[112.72723700000006,16.655002000000025],[112.72724700000003,16.654958000000022],[112.72725700000001,16.654914000000076],[112.7272660000001,16.654870000000074],[112.72727400000008,16.65482600000007],[112.72728200000006,16.65478100000007],[112.72729000000004,16.65473700000007],[112.72729700000002,16.65469100000007],[112.72730400000012,16.654647000000068],[112.72731600000009,16.654557000000068],[112.72732700000006,16.65446600000007],[112.72733700000003,16.65437600000007],[112.72734100000002,16.65433100000007],[112.72734500000001,16.65428600000007],[112.72734900000012,16.654240000000073],[112.72735200000011,16.654195000000072],[112.7273560000001,16.654150000000072],[112.7273580000001,16.654105000000072],[112.72736100000009,16.654059000000075],[112.72736500000008,16.654000000000053],[112.72737100000006,16.653878000000077],[112.72738100000004,16.653652000000022],[112.72738300000003,16.653608000000077],[112.72738600000002,16.653518000000076],[112.72739100000001,16.65334800000005],[112.72739400000012,16.653271000000075],[112.72739600000011,16.653201000000024],[112.72739700000011,16.653156000000024],[112.72739800000011,16.653111000000024],[112.7273990000001,16.653065000000026],[112.7274000000001,16.65297400000003],[112.7274000000001,16.65292900000003],[112.7274020000001,16.65283900000003],[112.7274020000001,16.652772000000027],[112.7274030000001,16.65265800000003],[112.7274020000001,16.65261300000003],[112.7274020000001,16.65256800000003],[112.7274010000001,16.652431000000036],[112.7274000000001,16.652386000000035],[112.7274000000001,16.652341000000035],[112.72739700000011,16.652205000000038],[112.72739400000012,16.652115000000038],[112.727393,16.652070000000037],[112.72739100000001,16.652025000000037],[112.72738900000002,16.651980000000037],[112.72738700000002,16.65193400000004],[112.72738500000003,16.65188900000004],[112.72738300000003,16.65184400000004],[112.72738000000004,16.65179900000004],[112.72737800000004,16.65175400000004],[112.72737000000006,16.65161800000004],[112.72736300000008,16.65152900000004],[112.7273570000001,16.65143900000004],[112.72734900000012,16.651350000000036],[112.72734000000003,16.651260000000036],[112.72733200000005,16.651193000000035],[112.72732400000007,16.651125000000036],[112.72731800000008,16.651080000000036],[112.7273130000001,16.651035000000036],[112.72730600000011,16.650991000000033],[112.72730000000001,16.650946000000033],[112.72728600000005,16.650856000000033],[112.72727900000007,16.65081200000003],[112.7272640000001,16.65072200000003],[112.72725600000001,16.650678000000028],[112.72724800000003,16.650633000000028],[112.72724000000005,16.650589000000025],[112.72723100000007,16.650544000000025],[112.7272230000001,16.650500000000022],[112.72720900000002,16.650432000000023],[112.72719500000005,16.650365000000022],[112.72718600000007,16.650322000000074],[112.72717100000011,16.650253000000077],[112.72715700000003,16.65018800000007],[112.72714600000006,16.650145000000066],[112.72713600000009,16.650101000000063],[112.72712600000011,16.650056000000063],[112.72711500000003,16.65001200000006],[112.72709300000008,16.649924000000055],[112.72707200000002,16.64983600000005],[112.72706000000005,16.649793000000045],[112.72704900000008,16.649749000000043],[112.72703700000011,16.64970500000004],[112.72702500000003,16.649662000000035],[112.72701200000006,16.649618000000032],[112.72700000000009,16.649576000000025],[112.72698600000001,16.649532000000022],[112.72695900000008,16.64944600000007],[112.72694400000012,16.649403000000063],[112.72689900000012,16.649275000000046],[112.72685200000001,16.649147000000028],[112.72683600000005,16.649104000000023],[112.72682000000009,16.64906200000007],[112.72678800000006,16.64897700000006],[112.72675500000003,16.648892000000046],[112.72673800000007,16.64884900000004],[112.72672200000011,16.64880800000003],[112.72670500000004,16.648765000000026],[112.72668900000008,16.648722000000078],[112.72667200000001,16.648681000000067],[112.72665600000005,16.648638000000062],[112.72663900000009,16.648595000000057],[112.7265910000001,16.648468000000037],[112.72657600000002,16.64842500000003],[112.72656100000006,16.648382000000026],[112.72653000000003,16.64829700000007],[112.72646300000008,16.648127000000045],[112.72644600000001,16.648085000000037],[112.72642800000006,16.64804300000003],[112.7264100000001,16.648001000000022],[112.72639300000003,16.647958000000074],[112.72637600000007,16.647916000000066],[112.726358,16.64787400000006],[112.72634200000005,16.647831000000053],[112.72632400000009,16.647789000000046],[112.7262760000001,16.647661000000028],[112.72624600000006,16.647575000000074],[112.72621800000002,16.64749000000006],[112.72620500000005,16.647447000000057],[112.72619300000008,16.647403000000054],[112.72618200000011,16.64736000000005],[112.72617200000002,16.647316000000046],[112.72616300000004,16.647272000000044],[112.72615400000007,16.64722800000004],[112.72614600000009,16.64718400000004],[112.7261390000001,16.64713900000004],[112.72612500000002,16.647051000000033],[112.72611900000004,16.647006000000033],[112.72611300000005,16.646961000000033],[112.72610700000007,16.64691700000003],[112.7260970000001,16.64682700000003],[112.7260930000001,16.64678200000003],[112.72608900000012,16.646738000000028],[112.72608400000001,16.646693000000027],[112.72607400000004,16.646556000000032],[112.72606900000005,16.646466000000032],[112.72606700000006,16.646421000000032],[112.72606400000006,16.646376000000032],[112.72606200000007,16.646330000000034],[112.72606000000007,16.646285000000034],[112.72605700000008,16.646194000000037],[112.72605600000009,16.646149000000037],[112.72605400000009,16.646104000000037],[112.7260520000001,16.64601200000004],[112.7260520000001,16.64596700000004],[112.7260510000001,16.64592200000004],[112.7260510000001,16.64587700000004],[112.7260500000001,16.645831000000044],[112.72604700000011,16.645606000000043],[112.72604700000011,16.645560000000046],[112.72604600000011,16.64551400000005],[112.72604500000011,16.64546900000005],[112.726042,16.645346000000075],[112.72604100000001,16.645286000000056],[112.72604000000001,16.645148000000063],[112.72604000000001,16.645076000000074],[112.72604000000001,16.645012000000065],[112.72604300000012,16.64492000000007],[112.72604700000011,16.644829000000072],[112.72605300000009,16.644738000000075],[112.72606200000007,16.644649000000072],[112.72606700000006,16.644604000000072],[112.72607300000004,16.64456000000007],[112.72608000000002,16.64451500000007],[112.726088,16.64447000000007],[112.7260960000001,16.64442800000006],[112.72610500000008,16.64438300000006],[112.72612700000002,16.64429700000005],[112.72615200000007,16.64421100000004],[112.72616500000004,16.644168000000036],[112.726178,16.64412500000003],[112.72620600000005,16.644040000000075],[112.72622100000001,16.64399700000007],[112.72623700000008,16.64395600000006],[112.72625200000004,16.643912000000057],[112.72626900000012,16.643871000000047],[112.72628500000008,16.643828000000042],[112.72633700000006,16.64370100000002],[112.72639200000003,16.643575000000055],[112.7264110000001,16.643533000000048],[112.72643100000005,16.643492000000037],[112.72645100000011,16.64345000000003],[112.72647100000006,16.643409000000077],[112.72649100000001,16.64336700000007],[112.72655500000008,16.643245000000036],[112.72660000000008,16.64316400000007],[112.72662200000002,16.643125000000055],[112.72664500000008,16.643084000000044],[112.72666800000002,16.64304400000003],[112.72669100000007,16.643004000000076],[112.72671500000001,16.642966000000058],[112.72673900000007,16.642926000000045],[112.72678700000006,16.64284900000007],[112.72683700000005,16.642772000000036],[112.7268620000001,16.642734000000075],[112.72688800000003,16.642696000000058],[112.72693800000002,16.642621000000076],[112.72696500000006,16.64258300000006],[112.72699100000011,16.642547000000036],[112.72701700000005,16.642509000000075],[112.7270430000001,16.642472000000055],[112.72706900000003,16.642434000000037],[112.72709600000007,16.64239800000007],[112.72712200000001,16.64236100000005],[112.7271760000001,16.642287000000067],[112.72720300000003,16.642250000000047],[112.72723000000008,16.642214000000024],[112.727258,16.642178000000058],[112.72728500000005,16.642141000000038],[112.7273120000001,16.642104000000074],[112.72736800000007,16.64203100000003],[112.72739500000012,16.641995000000065],[112.72742300000004,16.64196000000004],[112.72747900000002,16.641887000000054],[112.72750700000006,16.641850000000034],[112.7275350000001,16.641814000000068],[112.72756300000003,16.641779000000042],[112.72762000000012,16.641706000000056],[112.72764800000004,16.64167100000003],[112.72767700000009,16.641634000000067],[112.72770600000001,16.641599000000042],[112.72773400000005,16.641563000000076],[112.72779200000002,16.641492000000028],[112.72782000000007,16.641456000000062],[112.72787800000003,16.641386000000068],[112.72790700000007,16.641349000000048],[112.72793600000011,16.641314000000023],[112.72796600000004,16.641279000000054],[112.72799500000008,16.64124300000003],[112.728024,16.641207000000065],[112.72805300000005,16.64117200000004],[112.72808200000009,16.64113700000007],[112.72811100000001,16.64110100000005],[112.72814100000005,16.641066000000023],[112.72817000000009,16.641030000000057],[112.72819900000002,16.640994000000035],[112.72822800000006,16.640959000000066],[112.7282580000001,16.64092400000004],[112.72828700000002,16.640889000000072],[112.72831600000006,16.64085300000005],[112.7283460000001,16.640818000000024],[112.72837500000003,16.64078200000006],[112.72840400000007,16.640747000000033],[112.72843300000011,16.640711000000067],[112.72846300000003,16.64067600000004],[112.72849200000007,16.640641000000073],[112.72855100000004,16.640570000000025],[112.72858000000008,16.64053400000006],[112.728609,16.640499000000034],[112.72863800000005,16.640464000000065],[112.72866700000009,16.640428000000043],[112.72872600000005,16.64035700000005],[112.72878400000002,16.64028600000006],[112.72881300000006,16.640250000000037],[112.72887100000003,16.640179000000046],[112.72891400000003,16.64012500000007],[112.72895700000004,16.640071000000034],[112.72898500000008,16.640036000000066],[112.729014,16.640000000000043],[112.72904300000005,16.639964000000077],[112.72907100000009,16.639928000000054],[112.72909900000002,16.63989300000003],[112.7291560000001,16.639820000000043],[112.72918500000003,16.639785000000074],[112.72924100000012,16.63971200000003],[112.72927000000004,16.639677000000063],[112.72929800000009,16.63964100000004],[112.72932700000001,16.639605000000074],[112.72935600000005,16.63956900000005],[112.7293850000001,16.639534000000026],[112.72941400000002,16.639497000000063],[112.7294720000001,16.63942700000007],[112.72950100000003,16.63939000000005],[112.72953000000007,16.639355000000023],[112.72955900000011,16.639319000000057],[112.72961700000008,16.639248000000066],[112.72964600000012,16.639212000000043],[112.72967500000004,16.639177000000075],[112.72970400000008,16.639140000000054],[112.72973300000001,16.63910500000003],[112.72976100000005,16.639069000000063],[112.7297900000001,16.63903300000004],[112.7298750000001,16.63892400000003],[112.72990300000004,16.638889000000063],[112.72993200000008,16.63885300000004],[112.72995900000001,16.638816000000077],[112.72998700000005,16.638779000000056],[112.7300140000001,16.638742000000036],[112.73004200000003,16.63870600000007],[112.73006800000007,16.63866900000005],[112.730095,16.63863200000003],[112.73012100000005,16.638595000000066],[112.73017300000004,16.638520000000028],[112.73022400000002,16.638445000000047],[112.73024900000007,16.63840700000003],[112.73027400000001,16.63836900000007],[112.73029800000006,16.63833100000005],[112.73034600000005,16.638254000000074],[112.73036900000011,16.63821500000006],[112.73039100000005,16.638175000000047],[112.73041300000011,16.638135000000034],[112.73043400000006,16.638095000000078],[112.730455,16.638055000000065],[112.73049500000002,16.637973000000045],[112.73051500000008,16.637932000000035],[112.73053400000003,16.637890000000027],[112.7305520000001,16.637848000000076],[112.73057100000005,16.63780600000007],[112.73058800000001,16.63776500000006],[112.73062200000004,16.63767900000005],[112.73063900000011,16.637636000000043],[112.73067100000003,16.637550000000033],[112.7306860000001,16.637507000000028],[112.73071600000003,16.637421000000074],[112.73073000000011,16.63737800000007],[112.73075700000004,16.63729200000006],[112.73077100000012,16.637249000000054],[112.73078400000009,16.63720500000005],[112.73079700000005,16.637162000000046],[112.73080900000002,16.63711900000004],[112.7308210000001,16.63707500000004],[112.73083300000008,16.637032000000033],[112.73084400000005,16.63698800000003],[112.73085500000002,16.636944000000028],[112.73088600000005,16.636811000000023],[112.73089400000003,16.636766000000023],[112.73090300000001,16.636722000000077],[112.7309120000001,16.636677000000077],[112.73092000000008,16.636633000000074],[112.73093400000005,16.636542000000077],[112.73094100000003,16.636497000000077],[112.73094700000001,16.636452000000077],[112.73095200000012,16.636408000000074],[112.7309570000001,16.636362000000076],[112.73096600000008,16.636272000000076],[112.73096900000007,16.636227000000076],[112.73097400000006,16.636136000000022],[112.73097600000006,16.63609100000002],[112.73097700000005,16.636047000000076],[112.73097800000005,16.636002000000076],[112.73097800000005,16.635957000000076],[112.73097900000005,16.635912000000076],[112.73097900000005,16.63586600000002],[112.73097800000005,16.635687000000075],[112.73097700000005,16.635642000000075],[112.73097600000006,16.635597000000075],[112.73097400000006,16.635529000000076],[112.73097100000007,16.635461000000078],[112.73096800000008,16.635394000000076],[112.73096500000008,16.635326000000077],[112.73096200000009,16.635281000000077],[112.7309600000001,16.635236000000077],[112.7309570000001,16.635190000000023],[112.73095400000011,16.635145000000023],[112.730951,16.635099000000025],[112.73094100000003,16.634964000000025],[112.73093500000004,16.63489100000004],[112.73093100000006,16.63485000000003],[112.73092800000006,16.634813000000065],[112.73092100000008,16.634738000000027],[112.73091700000009,16.634693000000027],[112.7309130000001,16.634648000000027],[112.73090400000001,16.63455700000003],[112.73089900000002,16.63451200000003],[112.73089000000004,16.634423000000027],[112.73087400000009,16.634288000000026],[112.7308700000001,16.634243000000026],[112.73086500000011,16.634199000000024],[112.73085900000001,16.634154000000024],[112.73085400000002,16.634108000000026],[112.73084800000004,16.634063000000026],[112.73084200000005,16.634019000000023],[112.73083700000007,16.633974000000023],[112.73083000000008,16.633929000000023],[112.7308230000001,16.633884000000023],[112.73080300000004,16.633750000000077],[112.73079600000005,16.633706000000075],[112.73078100000009,16.633616000000075],[112.73077400000011,16.633572000000072],[112.73076600000002,16.633527000000072],[112.73075800000004,16.633481000000074],[112.73074200000008,16.63339200000007],[112.7307340000001,16.63334700000007],[112.73071800000002,16.63325800000007],[112.73071000000004,16.633214000000066],[112.73070200000006,16.633169000000066],[112.73069300000009,16.633124000000066],[112.73068500000011,16.633080000000064],[112.73067600000002,16.633035000000064],[112.73066800000004,16.632990000000063],[112.73066000000006,16.63294600000006],[112.73065100000008,16.63290100000006],[112.7306430000001,16.632857000000058],[112.730635,16.632812000000058],[112.73062700000003,16.632767000000058],[112.73061800000005,16.632723000000055],[112.73061000000007,16.632678000000055],[112.73060200000009,16.632634000000053],[112.73058000000003,16.632511000000022],[112.73057000000006,16.632454000000052],[112.73056200000008,16.63241000000005],[112.73054200000001,16.632291000000066],[112.73053200000004,16.632231000000047],[112.73052500000006,16.632187000000044],[112.73051800000007,16.632142000000044],[112.73051200000009,16.632097000000044],[112.73050500000011,16.63205300000004],[112.73049500000002,16.631983000000048],[112.73048700000004,16.631928000000073],[112.73048000000006,16.63187400000004],[112.73047400000007,16.631830000000036],[112.7304610000001,16.631713000000047],[112.73045400000001,16.631650000000036],[112.73045000000002,16.631605000000036],[112.73044500000003,16.631561000000033],[112.73043800000005,16.631471000000033],[112.73043400000006,16.63142700000003],[112.73043100000007,16.63138200000003],[112.73042900000007,16.63133700000003],[112.73042600000008,16.631293000000028],[112.73042400000008,16.63124700000003],[112.73042100000009,16.631173000000047],[112.7304190000001,16.63111200000003],[112.7304180000001,16.631068000000027],[112.7304170000001,16.631023000000027],[112.73041500000011,16.63093200000003],[112.73041300000011,16.630841000000032],[112.73041,16.63061300000004],[112.73041100000012,16.63052200000004],[112.73041100000012,16.630430000000047],[112.73041400000011,16.63029300000005],[112.73041500000011,16.630247000000054],[112.7304180000001,16.630156000000056],[112.7304190000001,16.63011000000006],[112.73042100000009,16.63006400000006],[112.73042300000009,16.63001900000006],[112.73042500000008,16.629973000000064],[112.73043000000007,16.62988100000007],[112.73043300000006,16.62983600000007],[112.73043600000005,16.62979000000007],[112.73044000000004,16.62974500000007],[112.73044300000004,16.629698000000076],[112.73044600000003,16.629653000000076],[112.7304640000001,16.629471000000024],[112.73046800000009,16.629426000000024],[112.73048500000004,16.629291000000023],[112.73049100000003,16.629246000000023],[112.73049700000001,16.629201000000023],[112.7305100000001,16.629112000000077],[112.73051700000008,16.629066000000023],[112.73053200000004,16.628978000000075],[112.73054000000002,16.628934000000072],[112.73054800000011,16.628889000000072],[112.73055600000009,16.62884500000007],[112.73056500000007,16.628802000000064],[112.73057400000005,16.62875800000006],[112.73058400000002,16.62871400000006],[112.73059300000011,16.628670000000056],[112.73060300000009,16.628626000000054],[112.73061400000006,16.62858300000005],[112.730635,16.62849700000004],[112.73064700000009,16.628454000000033],[112.73067000000003,16.628368000000023],[112.73068300000011,16.628326000000072],[112.73069700000008,16.628285000000062],[112.73071200000004,16.628242000000057],[112.73072700000012,16.62820000000005],[112.73075900000003,16.62811700000003],[112.7307770000001,16.628075000000024],[112.73081300000001,16.627994000000058],[112.73083200000008,16.627953000000048],[112.73085200000003,16.627912000000038],[112.73089300000004,16.627830000000074],[112.73093600000004,16.62775000000005],[112.7309580000001,16.627710000000036],[112.73098100000004,16.627670000000023],[112.7310050000001,16.627631000000065],[112.73105200000009,16.62755100000004],[112.73110100000008,16.627473000000066],[112.73115100000007,16.627395000000035],[112.73117700000012,16.627356000000077],[112.73120700000004,16.627311000000077],[112.73125500000003,16.62724000000003],[112.73130800000001,16.627163000000053],[112.73133400000006,16.627125000000035],[112.7313610000001,16.627087000000074],[112.73138800000004,16.627049000000056],[112.73141500000008,16.62701100000004],[112.73147000000006,16.626936000000057],[112.7314970000001,16.62689800000004],[112.73152300000004,16.626861000000076],[112.73160500000006,16.626748000000077],[112.7316320000001,16.626711000000057],[112.73165900000004,16.62667300000004],[112.73168500000008,16.626637000000073],[112.73171200000002,16.626599000000056],[112.73173900000006,16.626563000000033],[112.73179200000004,16.62648800000005],[112.73181900000009,16.62645200000003],[112.73184600000002,16.626414000000068],[112.73187300000006,16.626378000000045],[112.73190000000011,16.626340000000027],[112.73195500000008,16.62626700000004],[112.73198200000002,16.626230000000078],[112.73201000000006,16.626194000000055],[112.7320380000001,16.626156000000037],[112.73206500000003,16.62612000000007],[112.73209400000007,16.62608400000005],[112.73212200000012,16.626047000000028],[112.73217800000009,16.625974000000042],[112.73220700000002,16.625938000000076],[112.73223600000006,16.625902000000053],[112.7322650000001,16.625867000000028],[112.73229400000002,16.625830000000065],[112.73232300000006,16.62579500000004],[112.73241200000007,16.625689000000023],[112.73250200000007,16.625583000000063],[112.73255200000006,16.62552800000003],[112.73259400000006,16.625481000000036],[112.73265700000002,16.625413000000037],[112.73268800000005,16.625380000000064],[112.73272000000009,16.625347000000033],[112.732752,16.62531400000006],[112.73278400000004,16.62528100000003],[112.73281600000007,16.625248000000056],[112.7328490000001,16.625216000000023],[112.73288200000002,16.62518300000005],[112.73291500000005,16.62515200000007],[112.73294800000008,16.625120000000038],[112.7329820000001,16.625088000000062],[112.73301600000002,16.625058000000024],[112.73305000000005,16.625027000000046],[112.73308400000008,16.624997000000064],[112.7331190000001,16.62496600000003],[112.73322400000006,16.624877000000026],[112.73325800000009,16.624847000000045],[112.73332800000003,16.624787000000026],[112.73336400000005,16.624758000000043],[112.73339900000008,16.62472800000006],[112.7334330000001,16.624698000000024],[112.73350400000004,16.62463900000006],[112.73353900000006,16.624609000000078],[112.73357500000009,16.62457900000004],[112.73361900000009,16.624541000000022],[112.73366600000008,16.624502000000064],[112.73369300000002,16.624480000000062],[112.7337520000001,16.624430000000075],[112.733787,16.624402000000032],[112.73382300000003,16.62437200000005],[112.73385900000005,16.62434200000007],[112.73389400000008,16.62431300000003],[112.7339300000001,16.624283000000048],[112.73396600000001,16.624254000000064],[112.73400200000003,16.624224000000027],[112.73403700000006,16.624195000000043],[112.7341090000001,16.62413600000002],[112.73414500000001,16.624107000000038],[112.73418200000003,16.624078000000054],[112.73421800000006,16.62404900000007],[112.73425400000008,16.62402000000003],[112.7342900000001,16.623991000000046],[112.73432600000001,16.623961000000065],[112.73436200000003,16.623933000000022],[112.73439900000005,16.62390300000004],[112.73443500000008,16.623875000000055],[112.734508,16.62381800000003],[112.73454500000003,16.623788000000047],[112.73464100000001,16.623713000000066],[112.73469100000011,16.62367400000005],[112.73472800000002,16.623646000000065],[112.73476500000004,16.62361800000002],[112.73480200000006,16.623589000000038],[112.73483900000008,16.623561000000052],[112.7348760000001,16.623533000000066],[112.734913,16.623505000000023],[112.73495000000003,16.623477000000037],[112.73498700000005,16.62344900000005],[112.73502500000006,16.623421000000064],[112.73506200000008,16.62339300000002],[112.73513600000001,16.623338000000047],[112.73517400000003,16.623311000000058],[112.73521100000005,16.62328300000007],[112.73524900000007,16.623256000000026],[112.73528600000009,16.623229000000038],[112.7353240000001,16.62320100000005],[112.73536200000001,16.62317500000006],[112.73540000000003,16.623147000000074],[112.73543800000004,16.623121000000026],[112.73547600000006,16.623094000000037],[112.73551300000008,16.62306700000005],[112.7355520000001,16.62304000000006],[112.73559000000012,16.62301400000007],[112.73562800000002,16.622987000000023],[112.73566600000004,16.622961000000032],[112.73574300000007,16.62290900000005],[112.73578100000009,16.62288300000006],[112.73585800000001,16.622831000000076],[112.73589600000003,16.622806000000026],[112.73593500000004,16.622780000000034],[112.73597400000006,16.622754000000043],[112.73601300000007,16.62272900000005],[112.73605100000009,16.622704000000056],[112.7360900000001,16.622679000000062],[112.736129,16.62265300000007],[112.73616800000002,16.622629000000074],[112.73620700000004,16.622604000000024],[112.73624600000005,16.622580000000028],[112.73628600000006,16.622555000000034],[112.73632500000008,16.622531000000038],[112.7363640000001,16.62250700000004],[112.73640300000011,16.622483000000045],[112.73652200000004,16.622411000000056],[112.73656200000005,16.622388000000058],[112.73660100000006,16.62236400000006],[112.73664200000007,16.622341000000063],[112.73668100000009,16.622318000000064],[112.7367210000001,16.622294000000068],[112.73676100000012,16.622272000000066],[112.73684100000003,16.62222600000007],[112.73688200000004,16.622205000000065],[112.73692200000005,16.622182000000066],[112.73696300000006,16.622160000000065],[112.73700300000007,16.622138000000064],[112.73704400000008,16.62211700000006],[112.73708600000009,16.622096000000056],[112.7371260000001,16.622075000000052],[112.73729200000002,16.621992000000034],[112.73733300000004,16.621973000000025],[112.73737500000004,16.62195200000002],[112.73754300000007,16.621874000000048],[112.73758500000008,16.62185500000004],[112.73762800000009,16.62183600000003],[112.73784100000012,16.621744000000035],[112.73788300000001,16.621725000000026],[112.73792600000002,16.62170700000007],[112.73797000000002,16.621690000000058],[112.73801200000003,16.62167100000005],[112.73814200000004,16.621619000000067],[112.73822500000006,16.621586000000036],[112.73831600000005,16.62155000000007],[112.73835900000006,16.621533000000056],[112.73840300000006,16.62151700000004],[112.73844600000007,16.62149900000003],[112.73849000000007,16.62148200000007],[112.73853300000007,16.621466000000055],[112.73857700000008,16.62144900000004],[112.73870800000009,16.62140000000005],[112.73875300000009,16.621383000000037],[112.7387960000001,16.621367000000077],[112.7388840000001,16.621334000000047],[112.7389280000001,16.62131800000003],[112.7390160000001,16.621286000000055],[112.73906000000011,16.621268000000043],[112.73910400000011,16.621252000000027],[112.73914800000011,16.621236000000067],[112.739236,16.621204000000034],[112.73928000000001,16.621188000000075],[112.73934400000007,16.62116400000002],[112.73945600000002,16.62112300000007],[112.73950000000002,16.621107000000052],[112.73954400000002,16.621090000000038],[112.73958800000003,16.62107400000002],[112.73963200000003,16.621058000000062],[112.73967600000003,16.621041000000048],[112.73972000000003,16.62102500000003],[112.73976400000004,16.621009000000072],[112.73980800000004,16.620992000000058],[112.73985200000004,16.620975000000044],[112.73989500000005,16.620959000000028],[112.73993900000005,16.620941000000073],[112.73998300000005,16.620925000000057],[112.74002700000005,16.620908000000043],[112.74007000000006,16.62089100000003],[112.74011400000006,16.62087500000007],[112.74015700000007,16.620857000000058],[112.74020100000007,16.620840000000044],[112.74024400000008,16.62082300000003],[112.74033100000008,16.62078800000006],[112.74037400000009,16.62077000000005],[112.7404610000001,16.620735000000025],[112.7405040000001,16.62071700000007],[112.74054600000011,16.62069800000006],[112.74059000000011,16.620681000000047],[112.74065300000007,16.62065400000006],[112.74071800000002,16.620626000000073],[112.74076100000002,16.620606000000066],[112.74080300000003,16.620588000000055],[112.74084600000003,16.62056800000005],[112.74088800000004,16.620550000000037],[112.74093000000005,16.62053000000003],[112.74097300000005,16.620511000000022],[112.74105700000007,16.620471000000066],[112.74109900000008,16.62045100000006],[112.74114000000009,16.620431000000053],[112.7411820000001,16.620411000000047],[112.7412240000001,16.62039100000004],[112.74129000000005,16.620358000000067],[112.74134900000001,16.620329000000027],[112.74139100000002,16.620309000000077],[112.74143300000003,16.62028900000007],[112.74155900000005,16.620227000000057],[112.74160000000006,16.620206000000053],[112.74168400000008,16.620165000000043],[112.74172600000009,16.62014400000004],[112.7417670000001,16.620123000000035],[112.7418090000001,16.62010200000003],[112.74185100000011,16.620081000000027],[112.741893,16.620060000000024],[112.74193400000001,16.620038000000022],[112.74197600000002,16.620018000000073],[112.74201800000003,16.61999600000007],[112.74205900000004,16.619975000000068],[112.74210100000005,16.619953000000066],[112.74214200000006,16.619932000000063],[112.74218400000007,16.61991100000006],[112.7423080000001,16.619846000000052],[112.74239000000011,16.61980200000005],[112.74243200000001,16.61978000000005],[112.74247300000002,16.61975700000005],[112.74251400000003,16.61973500000005],[112.74255500000004,16.619714000000045],[112.74259600000005,16.619691000000046],[112.74263700000006,16.619669000000044],[112.74267800000007,16.619646000000046],[112.74271900000008,16.619623000000047],[112.74276000000009,16.619601000000046],[112.7428010000001,16.619578000000047],[112.74284100000011,16.619556000000046],[112.74292200000002,16.619510000000048],[112.74296300000003,16.61948600000005],[112.74300300000004,16.619463000000053],[112.74304400000005,16.619440000000054],[112.74308400000007,16.619416000000058],[112.74312300000008,16.61939300000006],[112.7432040000001,16.619345000000067],[112.743243,16.61932100000007],[112.74328400000002,16.619297000000074],[112.74340200000006,16.61922400000003],[112.74344100000008,16.619200000000035],[112.74348100000009,16.61917500000004],[112.7435200000001,16.619151000000045],[112.74356000000012,16.61912600000005],[112.74359900000002,16.619101000000057],[112.74363700000004,16.619076000000064],[112.74367600000005,16.61905100000007],[112.74371400000007,16.619025000000022],[112.74375300000008,16.619000000000028],[112.7437920000001,16.618974000000037],[112.74383000000012,16.618949000000043],[112.74386800000002,16.618922000000055],[112.74390700000004,16.61889700000006],[112.74398900000006,16.618840000000034],[112.74405800000011,16.61879200000004],[112.74409500000002,16.618765000000053],[112.74413200000004,16.618738000000064],[112.74416900000006,16.618711000000076],[112.74420700000007,16.618685000000028],[112.7442440000001,16.61865700000004],[112.74435400000004,16.618575000000078],[112.74439100000006,16.618548000000033],[112.74442800000008,16.61851900000005],[112.7444650000001,16.61849200000006],[112.74450200000001,16.618463000000077],[112.74453900000003,16.61843600000003],[112.74461300000007,16.61837900000006],[112.74465000000009,16.618350000000078],[112.74476200000004,16.618265000000065],[112.74479900000006,16.618235000000027],[112.74483500000008,16.618206000000043],[112.7448730000001,16.61817700000006],[112.744909,16.618148000000076],[112.74494600000003,16.618118000000038],[112.74509300000011,16.618000000000052],[112.74512900000002,16.617969000000073],[112.74516600000004,16.617939000000035],[112.74520200000006,16.617909000000054],[112.74523800000009,16.617879000000073],[112.74534600000004,16.617787000000078],[112.74541700000009,16.617725000000064],[112.74545300000011,16.61769300000003],[112.74548800000002,16.617662000000053],[112.74555800000007,16.617598000000044],[112.74566000000004,16.617503000000056],[112.74569500000007,16.617470000000026],[112.7457280000001,16.61743800000005],[112.74576200000001,16.617405000000076],[112.74579500000004,16.617373000000043],[112.74582800000007,16.61734000000007],[112.7458610000001,16.61730700000004],[112.74589300000002,16.61727300000007],[112.74592600000005,16.617240000000038],[112.74595800000009,16.617207000000064],[112.74600900000007,16.617151000000035],[112.74605100000008,16.61710400000004],[112.74611300000004,16.61703600000004],[112.74614300000007,16.61700200000007],[112.74620200000004,16.616931000000022],[112.74626,16.61686100000003],[112.74628800000005,16.61682600000006],[112.74631600000009,16.616790000000037],[112.74634400000002,16.61675400000007],[112.74637100000007,16.616719000000046],[112.74642400000005,16.61664600000006],[112.7464500000001,16.616610000000037],[112.74647600000003,16.616573000000074],[112.74650100000008,16.616536000000053],[112.74655000000007,16.61646200000007],[112.74657400000001,16.61642500000005],[112.74659700000007,16.616386000000034],[112.74662000000001,16.61634900000007],[112.74666500000001,16.616273000000035],[112.74668700000007,16.616234000000077],[112.74670700000001,16.616194000000064],[112.74672800000008,16.616156000000046],[112.74674800000003,16.616116000000034],[112.74676800000009,16.616076000000078],[112.74678700000004,16.616037000000063],[112.7468060000001,16.61599700000005],[112.74682400000006,16.61595600000004],[112.74684200000002,16.615917000000024],[112.74686000000008,16.61587600000007],[112.74687700000004,16.615834000000063],[112.74691000000007,16.615752000000043],[112.7469420000001,16.615669000000025],[112.74695700000007,16.615627000000075],[112.74697200000003,16.615585000000067],[112.7469870000001,16.61554200000006],[112.74700200000007,16.615500000000054],[112.74701600000003,16.61545700000005],[112.74704300000008,16.615372000000036],[112.74705700000004,16.615328000000034],[112.74708300000009,16.615242000000023],[112.74709500000006,16.615198000000078],[112.74710800000003,16.615154000000075],[112.74713100000008,16.61506600000007],[112.74714300000005,16.615022000000067],[112.74715900000001,16.614962000000048],[112.74717700000008,16.61489000000006],[112.74718900000005,16.614846000000057],[112.74719900000002,16.614801000000057],[112.74721000000011,16.614756000000057],[112.74722100000008,16.614712000000054],[112.74723100000006,16.614667000000054],[112.74724100000003,16.61462300000005],[112.74725200000012,16.614577000000054],[112.74727200000007,16.614487000000054],[112.74728200000004,16.61444300000005],[112.7473020000001,16.614352000000054],[112.74731100000008,16.614307000000053],[112.74732100000006,16.614262000000053],[112.74733100000003,16.614217000000053],[112.7473500000001,16.614126000000056],[112.74736000000007,16.614081000000056],[112.74737000000005,16.614036000000056],[112.74737900000002,16.613990000000058],[112.74739000000011,16.613946000000055],[112.74739900000009,16.613901000000055],[112.74743000000001,16.613765000000058],[112.7474390000001,16.613720000000058],[112.74746000000005,16.613631000000055],[112.74747000000002,16.613585000000057],[112.7474810000001,16.613540000000057],[112.74749100000008,16.613496000000055],[112.74751300000003,16.613407000000052],[112.74752400000011,16.613362000000052],[112.74753500000008,16.613317000000052],[112.74754700000005,16.61327300000005],[112.74759400000005,16.61309700000004],[112.7476200000001,16.613009000000034],[112.74763200000007,16.61296600000003],[112.74764600000003,16.612922000000026],[112.74765900000011,16.612879000000078],[112.74767300000008,16.612836000000073],[112.74769200000003,16.61277700000005],[112.74773000000005,16.612664000000052],[112.74775900000009,16.612578000000042],[112.74778200000003,16.61251500000003],[112.74782100000004,16.61240600000002],[112.74786900000004,16.61227800000006],[112.74788500000011,16.612235000000055],[112.74790100000007,16.612193000000048],[112.7479330000001,16.612107000000037],[112.74794900000006,16.61206500000003],[112.74796500000002,16.612022000000024],[112.74798200000009,16.611979000000076],[112.74799800000005,16.61193700000007],[112.74801400000001,16.611894000000063],[112.74803100000008,16.611852000000056],[112.74804800000004,16.61180900000005],[112.74806400000011,16.611766000000046],[112.74808000000007,16.611724000000038],[112.74809600000003,16.611681000000033],[112.7481130000001,16.611638000000028],[112.74813500000005,16.611579000000063],[112.7481610000001,16.611511000000064],[112.74818500000003,16.611447000000055],[112.74820900000009,16.61138200000005],[112.74822400000005,16.61134000000004],[112.74825500000009,16.61125400000003],[112.74828500000001,16.611169000000075],[112.74833000000001,16.61104000000006],[112.74834400000009,16.610997000000054],[112.74835800000005,16.61095400000005],[112.74837200000002,16.610911000000044],[112.7483860000001,16.61086800000004],[112.74839900000006,16.610825000000034],[112.74841300000003,16.61078200000003],[112.74842500000011,16.610739000000024],[112.74843800000008,16.610696000000075],[112.74845000000005,16.610652000000073],[112.74846200000002,16.610609000000068],[112.7484740000001,16.610566000000063],[112.74848600000007,16.610521000000062],[112.74849600000005,16.610478000000057],[112.74850700000002,16.610434000000055],[112.7485180000001,16.61039100000005],[112.74852800000008,16.610347000000047],[112.74853800000005,16.610303000000044],[112.74854700000003,16.61026000000004],[112.74855600000001,16.610216000000037],[112.74857300000008,16.61012800000003],[112.74858100000006,16.61008400000003],[112.74859500000002,16.609996000000024],[112.748602,16.609950000000026],[112.7486090000001,16.609906000000024],[112.74862100000007,16.609817000000078],[112.74863200000004,16.609728000000075],[112.74864200000002,16.609638000000075],[112.74864600000001,16.609593000000075],[112.74865000000011,16.609548000000075],[112.7486570000001,16.609458000000075],[112.74866700000007,16.609322000000077],[112.74867200000006,16.609232000000077],[112.74867500000005,16.609164000000078],[112.74867800000004,16.609096000000022],[112.74868200000003,16.608959000000027],[112.74868500000002,16.608777000000032],[112.74868500000002,16.608686000000034],[112.74868500000002,16.608641000000034],[112.74868500000002,16.608596000000034],[112.74868300000003,16.60841400000004],[112.74868000000004,16.608277000000044],[112.74867600000005,16.608096000000046],[112.74867300000005,16.60800500000005],[112.74867200000006,16.60796000000005],[112.74866700000007,16.60781000000003],[112.74866400000008,16.60773400000005],[112.74866200000008,16.60768900000005],[112.7486560000001,16.60759900000005],[112.74865000000011,16.60750900000005],[112.74864200000002,16.607420000000047],[112.74862800000005,16.60728400000005],[112.74862300000007,16.60723900000005],[112.74861800000008,16.60719400000005],[112.74861300000009,16.60714900000005],[112.74860100000001,16.60705900000005],[112.74859500000002,16.60701300000005],[112.74858900000004,16.60696800000005],[112.74857700000007,16.60687800000005],[112.74857000000009,16.60683400000005],[112.7485640000001,16.60678900000005],[112.748557,16.60674400000005],[112.74855000000002,16.60669900000005],[112.74854400000004,16.60665400000005],[112.74851600000011,16.60647300000005],[112.74849600000005,16.60633800000005],[112.74848200000008,16.606249000000048],[112.7484760000001,16.606204000000048],[112.74846900000011,16.606159000000048],[112.74846000000002,16.60609100000005],[112.74845000000005,16.60602300000005],[112.74844500000006,16.60597800000005],[112.74843800000008,16.605934000000047],[112.7484270000001,16.605844000000047],[112.74841200000003,16.605709000000047],[112.74840700000004,16.605665000000045],[112.74839800000007,16.605574000000047],[112.74839000000009,16.605485000000044],[112.7483870000001,16.605440000000044],[112.7483820000001,16.605361000000073],[112.74837900000011,16.60530600000004],[112.748377,16.60526100000004],[112.74837300000002,16.605170000000044],[112.74837200000002,16.60512600000004],[112.74837200000002,16.60503600000004],[112.74837200000002,16.60499200000004],[112.74837300000002,16.60494700000004],[112.74837500000001,16.604858000000036],[112.748377,16.604812000000038],[112.74837900000011,16.604767000000038],[112.7483820000001,16.604686000000072],[112.7483830000001,16.604665000000068],[112.7483850000001,16.60460800000004],[112.7483870000001,16.604572000000076],[112.74839000000009,16.604495000000043],[112.74840300000005,16.604265000000055],[112.74840600000005,16.60421800000006],[112.74840800000004,16.604172000000062],[112.74841200000003,16.604126000000065],[112.74841500000002,16.60407900000007],[112.748422,16.603986000000077],[112.7484300000001,16.603893000000028],[112.74843400000009,16.60384700000003],[112.74843900000008,16.603800000000035],[112.74844300000007,16.603754000000038],[112.74844900000005,16.60370800000004],[112.74845300000004,16.603661000000045],[112.74846400000001,16.60356900000005],[112.74847000000011,16.603523000000052],[112.7484760000001,16.603477000000055],[112.74849000000006,16.60338500000006],[112.74850400000003,16.603294000000062],[112.7485200000001,16.603202000000067],[112.74853600000006,16.603113000000064],[112.74854500000004,16.603068000000064],[112.7485640000001,16.602978000000064],[112.74857400000008,16.602933000000064],[112.74858500000005,16.60288900000006],[112.74859500000002,16.60284500000006],[112.74861800000008,16.60275800000005],[112.74863000000005,16.602715000000046],[112.74864200000002,16.602671000000043],[112.7486550000001,16.60262800000004],[112.74866900000006,16.60258600000003],[112.74868200000003,16.602543000000026],[112.74871100000007,16.602459000000067],[112.7487420000001,16.602375000000052],[112.74877400000003,16.60229300000003],[112.7487910000001,16.602253000000076],[112.74880800000005,16.602213000000063],[112.74884500000007,16.602134000000035],[112.74886400000003,16.602094000000022],[112.74888300000009,16.602055000000064],[112.74890300000004,16.602017000000046],[112.74894700000004,16.601941000000068],[112.7489690000001,16.60190300000005],[112.74899200000004,16.60186600000003],[112.7490160000001,16.60182800000007],[112.74904100000003,16.601792000000046],[112.74906600000008,16.601756000000023],[112.74909200000002,16.60171900000006],[112.74914700000011,16.60164700000007],[112.74917400000004,16.601611000000048],[112.74920300000008,16.601576000000023],[112.749232,16.601541000000054],[112.74926100000005,16.60150600000003],[112.74929200000008,16.601472000000058],[112.749322,16.601437000000033],[112.74935300000004,16.60140300000006],[112.74941700000011,16.601335000000063],[112.74945000000002,16.601302000000032],[112.74951600000009,16.60123600000003],[112.74955000000011,16.601203000000055],[112.74958400000003,16.601171000000022],[112.74961900000005,16.60113800000005],[112.7496880000001,16.60107400000004],[112.74972400000001,16.601042000000064],[112.74976000000004,16.601012000000026],[112.74979600000006,16.60098000000005],[112.74983200000008,16.60094900000007],[112.74994200000003,16.60085600000002],[112.74997900000005,16.600827000000038],[112.75001600000007,16.60079600000006],[112.75009000000011,16.600737000000038],[112.75012800000002,16.600707000000057],[112.75016600000004,16.600678000000073],[112.75020300000006,16.600649000000033],[112.75024100000007,16.60062000000005],[112.75027900000009,16.600590000000068],[112.75035400000002,16.60053300000004],[112.75039200000003,16.600505000000055],[112.75043000000005,16.60047700000007],[112.75046800000007,16.600449000000026],[112.75050500000009,16.60042100000004],[112.7505430000001,16.600393000000054],[112.75058000000001,16.600365000000068],[112.75065400000005,16.600311000000033],[112.75069100000007,16.600284000000045],[112.75076500000011,16.600230000000067],[112.75080300000002,16.600203000000022],[112.75087800000006,16.60015100000004],[112.75091700000007,16.600126000000046],[112.75095600000009,16.600099000000057],[112.75103400000012,16.60004900000007],[112.75107300000002,16.600025000000073],[112.75111300000003,16.600000000000023],[112.75115300000004,16.599976000000026],[112.75119300000006,16.59995200000003],[112.75123300000007,16.59992900000003],[112.75127400000008,16.599905000000035],[112.75131500000009,16.599882000000036],[112.7513560000001,16.599859000000038],[112.75139800000011,16.599837000000036],[112.751439,16.599814000000038],[112.75148100000001,16.599792000000036],[112.75152300000002,16.59977200000003],[112.75156600000003,16.59975000000003],[112.75160800000003,16.599729000000025],[112.75165000000004,16.599708000000078],[112.75169300000005,16.59968900000007],[112.75173600000005,16.599668000000065],[112.75177800000006,16.599649000000056],[112.75184200000001,16.599622000000068],[112.75190800000007,16.599593000000027],[112.75195200000007,16.599575000000073],[112.75199500000008,16.59955800000006],[112.75208300000008,16.599523000000033],[112.75217100000009,16.599491000000057],[112.75221500000009,16.59947600000004],[112.7522590000001,16.599459000000024],[112.7523030000001,16.59944500000006],[112.7523480000001,16.59943000000004],[112.7524370000001,16.599403000000052],[112.7525250000001,16.59937700000006],[112.75261400000011,16.599354000000062],[112.75265900000011,16.599342000000036],[112.75279400000011,16.59931000000006],[112.7529300000001,16.599282000000073],[112.7530670000001,16.599257000000023],[112.7531130000001,16.59925000000004],[112.75325100000009,16.599229000000037],[112.75329700000009,16.599221000000057],[112.75336500000003,16.599213000000077],[112.75348300000007,16.59919700000006],[112.75352900000007,16.599192000000073],[112.75357600000007,16.59918600000003],[112.75385600000004,16.599157000000048],[112.75390300000004,16.599153000000058],[112.75395100000003,16.59914800000007],[112.75399700000003,16.599144000000024],[112.75404400000002,16.599139000000037],[112.75409200000001,16.599136000000044],[112.75413800000001,16.599131000000057],[112.75423300000011,16.599123000000077],[112.75427900000011,16.599118000000033],[112.7543270000001,16.599114000000043],[112.7543740000001,16.599110000000053],[112.7544200000001,16.599106000000063],[112.75456100000008,16.599091000000044],[112.75460800000008,16.599087000000054],[112.75465600000007,16.599082000000067],[112.75470200000007,16.599076000000025],[112.75479600000006,16.59906600000005],[112.75484300000005,16.599060000000065],[112.75489000000005,16.599055000000078],[112.75498300000004,16.59904400000005],[112.75502900000004,16.59903600000007],[112.75507500000003,16.599030000000027],[112.75526100000002,16.59900200000004],[112.75532800000008,16.59899000000007],[112.75539900000001,16.598977000000048],[112.75544500000001,16.598967000000073],[112.755491,16.598959000000036],[112.75553700000012,16.59895000000006],[112.75558200000012,16.598941000000025],[112.75562800000012,16.598932000000048],[112.75567500000011,16.598924000000068],[112.75572100000011,16.598914000000036],[112.7557670000001,16.598906000000056],[112.7558130000001,16.598896000000025],[112.7559060000001,16.598880000000065],[112.7559520000001,16.598870000000034],[112.75609200000008,16.598846000000037],[112.75613800000008,16.598836000000063],[112.75623200000007,16.598820000000046],[112.75627800000007,16.59881000000007],[112.75632500000006,16.598802000000035],[112.75637100000006,16.59879200000006],[112.75641700000006,16.598784000000023],[112.75646400000005,16.598775000000046],[112.75651000000005,16.59876600000007],[112.75665000000004,16.598738000000026],[112.75669700000003,16.598730000000046],[112.75678900000003,16.598711000000037],[112.75683600000002,16.598700000000065],[112.75692800000002,16.598681000000056],[112.75697400000001,16.598671000000024],[112.75702100000001,16.598662000000047],[112.75711300000012,16.598640000000046],[112.75715900000012,16.59863100000007],[112.75720500000011,16.59862000000004],[112.75725100000011,16.598609000000067],[112.75734200000011,16.598588000000063],[112.7573880000001,16.598576000000037],[112.7574330000001,16.598564000000067],[112.7574790000001,16.598553000000038],[112.7575690000001,16.598529000000042],[112.7576150000001,16.598517000000072],[112.7576600000001,16.598505000000046],[112.7577050000001,16.59849200000002],[112.7577490000001,16.598479000000054],[112.7577940000001,16.598465000000033],[112.7578380000001,16.598452000000066],[112.75797100000011,16.598411000000056],[112.75801500000011,16.598397000000034],[112.75806000000011,16.598382000000072],[112.758103,16.59836800000005],[112.75814700000001,16.598352000000034],[112.75823300000002,16.598322000000053],[112.75827700000002,16.59830500000004],[112.75831900000003,16.598289000000022],[112.75836200000003,16.598272000000065],[112.75840500000004,16.59825600000005],[112.75844800000004,16.598238000000038],[112.75849000000005,16.598220000000026],[112.75853200000006,16.59820300000007],[112.75861600000007,16.59816600000005],[112.75865700000008,16.59814700000004],[112.7586980000001,16.59812800000003],[112.7587400000001,16.598107000000027],[112.75878200000011,16.598088000000075],[112.758823,16.59806700000007],[112.75886400000002,16.598046000000068],[112.75893200000007,16.598011000000042],[112.75898700000005,16.59798100000006],[112.75906900000007,16.597935000000064],[112.75911000000008,16.597912000000065],[112.75915000000009,16.597889000000066],[112.7591900000001,16.59786500000007],[112.75923000000012,16.597840000000076],[112.75927000000001,16.597816000000023],[112.75931100000003,16.59779100000003],[112.75939000000005,16.597740000000044],[112.75942900000007,16.597714000000053],[112.75946900000008,16.597688000000062],[112.75954700000011,16.597635000000025],[112.75958500000002,16.597608000000037],[112.75962400000003,16.59758000000005],[112.75966300000005,16.59755300000006],[112.75970000000007,16.597526000000073],[112.759814,16.597440000000063],[112.75985100000003,16.597411000000022],[112.75988800000005,16.59738200000004],[112.75992500000007,16.597352000000058],[112.75996200000009,16.597323000000074],[112.75999800000011,16.597293000000036],[112.76007000000004,16.597233000000074],[112.76014100000009,16.597172000000057],[112.76017600000011,16.597141000000022],[112.76021100000003,16.597110000000043],[112.76024600000005,16.597078000000067],[112.76028000000008,16.59704800000003],[112.76033300000006,16.596998000000042],[112.76038100000005,16.596952000000044],[112.76041400000008,16.59692000000007],[112.76044600000012,16.596888000000035],[112.76047900000003,16.596855000000062],[112.76051100000006,16.59682300000003],[112.7605430000001,16.596790000000055],[112.76057400000002,16.596757000000025],[112.76060500000006,16.59672500000005],[112.76063600000009,16.596692000000075],[112.76066600000001,16.596659000000045],[112.76069600000005,16.596625000000074],[112.76072600000009,16.596592000000044],[112.76075500000002,16.596558000000073],[112.76078400000006,16.596524000000045],[112.7608120000001,16.596489000000076],[112.76084100000003,16.596452000000056],[112.76086800000007,16.59641700000003],[112.760895,16.596380000000067],[112.76092200000005,16.596343000000047],[112.76097400000003,16.596268000000066],[112.76099900000008,16.596230000000048],[112.76104900000007,16.596152000000075],[112.76109600000007,16.596073000000047],[112.76112,16.596033000000034],[112.76116400000001,16.595952000000068],[112.76120800000001,16.595870000000048],[112.76123000000007,16.59582800000004],[112.76125000000002,16.595786000000032],[112.76129000000003,16.595702000000074],[112.76132900000005,16.59561700000006],[112.76134700000011,16.595575000000053],[112.76136600000007,16.59553200000005],[112.76138300000002,16.595489000000043],[112.76141800000005,16.595403000000033],[112.76143400000001,16.595360000000028],[112.76145000000008,16.595317000000023],[112.76146600000004,16.595273000000077],[112.76148100000012,16.595230000000072],[112.76149600000008,16.595187000000067],[112.76151100000004,16.595142000000067],[112.76152400000001,16.59510000000006],[112.76153800000009,16.59505500000006],[112.76156400000002,16.59496900000005],[112.7615770000001,16.594926000000044],[112.76160000000004,16.594839000000036],[112.7616230000001,16.594753000000026],[112.76163300000007,16.594710000000077],[112.76164300000005,16.594666000000075],[112.76165300000002,16.59462300000007],[112.76166300000011,16.594579000000067],[112.76167300000009,16.594535000000064],[112.76169100000004,16.59444700000006],[112.76170700000011,16.594358000000057],[112.7617150000001,16.594314000000054],[112.76172300000007,16.594269000000054],[112.76173100000005,16.59422500000005],[112.76173800000004,16.59418000000005],[112.76174400000002,16.59413600000005],[112.76175200000012,16.59409000000005],[112.7617580000001,16.59404600000005],[112.76176400000008,16.59400100000005],[112.76177000000007,16.59395600000005],[112.76177600000005,16.59391100000005],[112.76178100000004,16.59386500000005],[112.761795,16.593740000000025],[112.7618010000001,16.59368500000005],[112.7618040000001,16.593638000000055],[112.76180900000008,16.593593000000055],[112.76181600000007,16.593503000000055],[112.76181900000006,16.59345600000006],[112.76182500000004,16.59336600000006],[112.76183300000002,16.593229000000065],[112.76183500000002,16.593183000000067],[112.76183900000001,16.59309200000007],[112.76184,16.593046000000072],[112.76184100000012,16.593001000000072],[112.76184200000012,16.592955000000075],[112.76184300000011,16.592910000000074],[112.76184400000011,16.592865000000074],[112.76184400000011,16.592818000000022],[112.76184500000011,16.592773000000022],[112.76184500000011,16.592683000000022],[112.76184500000011,16.592636000000027],[112.76184400000011,16.592501000000027],[112.76184,16.59232000000003],[112.76183700000001,16.592247000000043],[112.76183500000002,16.592186000000027],[112.76182900000003,16.592052000000024],[112.76182600000004,16.592007000000024],[112.76181500000007,16.591827000000023],[112.7618020000001,16.591647000000023],[112.76178200000004,16.591422000000023],[112.76177300000006,16.591333000000077],[112.7617600000001,16.591198000000077],[112.76175,16.591108000000077],[112.76174500000002,16.591063000000076],[112.76174000000003,16.591018000000076],[112.76172900000006,16.590928000000076],[112.76172400000007,16.590884000000074],[112.76171900000008,16.590839000000074],[112.7617110000001,16.590779000000055],[112.76170200000001,16.590704000000073],[112.76169000000004,16.590614000000073],[112.76168400000006,16.590569000000073],[112.76167800000007,16.590524000000073],[112.76167200000009,16.590479000000073],[112.7616660000001,16.59043500000007],[112.76164800000004,16.59030000000007],[112.76163500000007,16.590211000000068],[112.76162900000008,16.590166000000067],[112.7616220000001,16.59012000000007],[112.76161600000012,16.59007500000007],[112.76160900000002,16.590031000000067],[112.76160300000004,16.589986000000067],[112.76159600000005,16.589941000000067],[112.76158400000008,16.589851000000067],[112.7615770000001,16.589807000000064],[112.76157100000012,16.589762000000064],[112.76156400000002,16.589717000000064],[112.76155800000004,16.589672000000064],[112.76155100000005,16.589627000000064],[112.76154400000007,16.589582000000064],[112.76153800000009,16.589537000000064],[112.7615310000001,16.589492000000064],[112.76152400000001,16.589447000000064],[112.76151200000004,16.58935800000006],[112.76150500000006,16.58931300000006],[112.76149300000009,16.58922400000006],[112.7614860000001,16.58917900000006],[112.76147800000001,16.589120000000037],[112.76146400000005,16.58902100000006],[112.76145000000008,16.588922000000025],[112.7614420000001,16.588864000000058],[112.76143600000012,16.588820000000055],[112.76143000000002,16.588775000000055],[112.76142400000003,16.588730000000055],[112.76141800000005,16.588685000000055],[112.76140400000008,16.58857500000005],[112.7613950000001,16.58850700000005],[112.76138900000001,16.58846200000005],[112.76137200000005,16.58832700000005],[112.76136600000007,16.58828200000005],[112.7613540000001,16.58819200000005],[112.76134800000011,16.588148000000047],[112.76133700000003,16.588058000000046],[112.76133000000004,16.588014000000044],[112.76131900000007,16.587924000000044],[112.76131300000009,16.587878000000046],[112.76130100000012,16.587789000000043],[112.76129500000002,16.587744000000043],[112.76129000000003,16.587699000000043],[112.76128300000005,16.58765500000004],[112.76127800000006,16.58761000000004],[112.76127100000008,16.58756500000004],[112.76126600000009,16.587521000000038],[112.76125900000011,16.587476000000038],[112.76125400000001,16.587431000000038],[112.76124700000003,16.587386000000038],[112.76124200000004,16.587342000000035],[112.76123500000006,16.587296000000038],[112.76123000000007,16.587251000000037],[112.76122400000008,16.587207000000035],[112.7612180000001,16.587162000000035],[112.76120500000002,16.587072000000035],[112.76120000000003,16.587028000000032],[112.76119300000005,16.586983000000032],[112.76118800000006,16.586938000000032],[112.7611750000001,16.58684900000003],[112.7611700000001,16.58680400000003],[112.76115700000003,16.58671400000003],[112.76115100000004,16.58666900000003],[112.76113900000007,16.586580000000026],[112.76113300000009,16.586535000000026],[112.76112100000012,16.586446000000024],[112.76111400000002,16.586401000000023],[112.76110900000003,16.586356000000023],[112.76109600000007,16.586267000000078],[112.76109100000008,16.586222000000078],[112.76107800000011,16.586133000000075],[112.76107200000001,16.586087000000077],[112.76106600000003,16.586042000000077],[112.76106000000004,16.585998000000075],[112.76105100000007,16.585934000000066],[112.76104100000009,16.585863000000074],[112.7610350000001,16.585819000000072],[112.76101000000006,16.58564000000007],[112.76100500000007,16.58559500000007],[112.76098700000011,16.58547100000004],[112.76097900000002,16.58541500000007],[112.76097400000003,16.585371000000066],[112.76096800000005,16.585326000000066],[112.76095500000008,16.585237000000063],[112.7609490000001,16.585192000000063],[112.76094300000011,16.585147000000063],[112.76093700000001,16.58510300000006],[112.76092700000004,16.585031000000072],[112.76091800000006,16.584967000000063],[112.76091200000008,16.584924000000058],[112.76090600000009,16.58487800000006],[112.7609000000001,16.58483300000006],[112.76089400000001,16.584789000000058],[112.76088700000003,16.584744000000057],[112.76087500000006,16.584655000000055],[112.76086900000007,16.584610000000055],[112.76085300000011,16.584493000000066],[112.76083800000004,16.584386000000052],[112.76083200000005,16.58434200000005],[112.76082000000008,16.58425100000005],[112.76080700000011,16.58416200000005],[112.76080100000001,16.58411700000005],[112.76079200000004,16.58404900000005],[112.76078300000006,16.583983000000046],[112.76077600000008,16.583938000000046],[112.76077100000009,16.583894000000043],[112.76075500000002,16.583780000000047],[112.76074600000004,16.58371500000004],[112.76074000000006,16.583669000000043],[112.76073100000008,16.58360200000004],[112.7607210000001,16.58353500000004],[112.76071600000012,16.58349000000004],[112.76069700000005,16.583356000000038],[112.76069100000007,16.583312000000035],[112.7606790000001,16.583222000000035],[112.76067300000011,16.583177000000035],[112.76066700000001,16.583133000000032],[112.76066000000003,16.583088000000032],[112.76065500000004,16.583042000000034],[112.76064800000006,16.582998000000032],[112.76064200000008,16.582953000000032],[112.76063600000009,16.58290800000003],[112.760624,16.58281900000003],[112.76061800000002,16.58277400000003],[112.76061200000004,16.58272900000003],[112.76060600000005,16.582685000000026],[112.76060000000007,16.582640000000026],[112.76059400000008,16.582595000000026],[112.7605880000001,16.582551000000024],[112.76057600000001,16.582460000000026],[112.76057000000003,16.582415000000026],[112.76056400000004,16.582371000000023],[112.76055800000006,16.582326000000023],[112.76055200000008,16.582281000000023],[112.76054600000009,16.582237000000077],[112.7605400000001,16.582192000000077],[112.760534,16.582147000000077],[112.76052800000002,16.582102000000077],[112.76052200000004,16.582058000000075],[112.76051600000005,16.582013000000074],[112.76051000000007,16.581968000000074],[112.76050400000008,16.581922000000077],[112.76049300000011,16.581833000000074],[112.76048600000001,16.581788000000074],[112.76048100000003,16.58174400000007],[112.76047400000004,16.58169900000007],[112.76046300000007,16.58160900000007],[112.76045700000009,16.58156500000007],[112.76044000000002,16.581431000000066],[112.76043400000003,16.581386000000066],[112.76042200000006,16.58129500000007],[112.76042000000007,16.581282000000044],[112.75984100000005,16.575911000000076],[112.75984500000004,16.575776000000076],[112.75984700000004,16.57573000000002],[112.75984800000003,16.575686000000076],[112.75985000000003,16.575641000000076],[112.75985300000002,16.575596000000075],[112.75985500000002,16.575551000000075],[112.75985700000001,16.575506000000075],[112.75986000000012,16.575460000000078],[112.75986300000011,16.575415000000078],[112.7598650000001,16.575370000000078],[112.75987400000008,16.575245000000052],[112.75987800000007,16.575190000000077],[112.75988500000005,16.575100000000077],[112.75988800000005,16.575055000000077],[112.75989300000003,16.575010000000077],[112.75990000000002,16.574919000000023],[112.759904,16.574874000000023],[112.75990800000011,16.574829000000022],[112.75992900000006,16.574604000000022],[112.75993400000004,16.574559000000022],[112.75993800000003,16.574514000000022],[112.75994300000002,16.574468000000024],[112.75994700000001,16.574423000000024],[112.75995200000011,16.574378000000024],[112.7599570000001,16.574333000000024],[112.75996100000009,16.574288000000024],[112.75997500000005,16.574152000000026],[112.75998000000004,16.574107000000026],[112.75998500000003,16.574063000000024],[112.75998900000002,16.574017000000026],[112.75999900000011,16.573927000000026],[112.7600030000001,16.573882000000026],[112.76001300000007,16.57379100000003],[112.76001700000006,16.57374600000003],[112.76002700000004,16.573657000000026],[112.76003100000003,16.573612000000026],[112.76003600000001,16.573566000000028],[112.76004100000011,16.573521000000028],[112.76006100000006,16.573311000000047],[112.76007000000004,16.573206000000027],[112.76007400000003,16.573161000000027],[112.76007800000002,16.573116000000027],[112.76008600000011,16.573026000000027],[112.7600900000001,16.572981000000027],[112.7600940000001,16.572936000000027],[112.76009800000008,16.572891000000027],[112.76010200000007,16.572846000000027],[112.76011000000005,16.572756000000027],[112.76011400000004,16.572711000000027],[112.76012700000001,16.572576000000026],[112.76013100000011,16.572531000000026],[112.76014800000007,16.572351000000026],[112.76015200000006,16.572307000000023],[112.76017300000001,16.572082000000023],[112.76017800000011,16.572037000000023],[112.7601820000001,16.571991000000025],[112.76019100000008,16.571901000000025],[112.76019500000007,16.571857000000023],[112.76020000000005,16.571812000000023],[112.76020900000003,16.571721000000025],[112.76021400000002,16.571677000000022],[112.76022200000011,16.571587000000022],[112.7602270000001,16.571541000000025],[112.76023100000009,16.571496000000025],[112.76023600000008,16.571452000000022],[112.76024000000007,16.571407000000022],[112.76024500000005,16.571362000000022],[112.76024900000004,16.571317000000022],[112.76025400000003,16.571273000000076],[112.76025900000002,16.57122700000002],[112.76026300000001,16.57118200000002],[112.76026800000011,16.57113700000002],[112.7602730000001,16.57109200000002],[112.76027700000009,16.571048000000076],[112.76028700000006,16.57095700000002],[112.76029100000005,16.570912000000078],[112.76030100000003,16.570823000000075],[112.76030500000002,16.570778000000075],[112.76031000000012,16.570732000000078],[112.76031400000011,16.570688000000075],[112.76032400000008,16.570598000000075],[112.76032800000007,16.570553000000075],[112.76033800000005,16.570463000000075],[112.76034200000004,16.570418000000075],[112.76035200000001,16.570328000000075],[112.76035600000012,16.570284000000072],[112.7603610000001,16.570239000000072],[112.76037000000008,16.570148000000074],[112.76037500000007,16.570103000000074],[112.76038000000005,16.57005900000007],[112.76038400000004,16.57001400000007],[112.76038900000003,16.569968000000074],[112.76039400000002,16.569923000000074],[112.760399,16.56987900000007],[112.76040300000011,16.56983400000007],[112.7604080000001,16.56978900000007],[112.76041200000009,16.56974400000007],[112.76042200000006,16.56965400000007],[112.76042600000005,16.56960900000007],[112.76043100000004,16.56956400000007],[112.76043500000003,16.56951900000007],[112.76044000000002,16.569475000000068],[112.76044500000012,16.56942900000007],[112.76044900000011,16.56938400000007],[112.7604540000001,16.56933900000007],[112.76045800000009,16.569295000000068],[112.76046300000007,16.569250000000068],[112.76046700000006,16.56920400000007],[112.76047200000005,16.56915900000007],[112.76048100000003,16.569070000000067],[112.76048600000001,16.569025000000067],[112.76049,16.568980000000067],[112.7604950000001,16.56893400000007],[112.76050700000008,16.568800000000067],[112.76051200000006,16.568755000000067],[112.76051900000004,16.568684000000076],[112.76052500000003,16.568620000000067],[112.76053000000002,16.568575000000067],[112.7605410000001,16.568462000000068],[112.76055100000008,16.568350000000066],[112.76056200000005,16.568242000000055],[112.76057700000001,16.568080000000066],[112.76058100000012,16.568035000000066],[112.76059400000008,16.567901000000063],[112.76059700000008,16.567855000000066],[112.76060600000005,16.567766000000063],[112.76061000000004,16.567721000000063],[112.76061400000003,16.567676000000063],[112.76061700000002,16.567630000000065],[112.76062200000001,16.567585000000065],[112.76062900000011,16.567496000000062],[112.7606330000001,16.567451000000062],[112.76064100000008,16.567360000000065],[112.76065100000005,16.567240000000027],[112.76066200000002,16.567106000000024],[112.7606780000001,16.56691100000006],[112.76068100000009,16.56686600000006],[112.76068400000008,16.566820000000064],[112.76068800000007,16.566775000000064],[112.76069500000006,16.566685000000064],[112.76069800000005,16.56664100000006],[112.76070200000004,16.566595000000063],[112.76070800000002,16.566505000000063],[112.76071200000001,16.566460000000063],[112.76071800000011,16.566369000000066],[112.7607210000001,16.566324000000066],[112.7607250000001,16.566280000000063],[112.76073100000008,16.566190000000063],[112.76073700000006,16.566099000000065],[112.76074100000005,16.566054000000065],[112.76075000000003,16.565920000000062],[112.76075300000002,16.565875000000062],[112.76075600000001,16.565829000000065],[112.76076200000011,16.565739000000065],[112.7607680000001,16.565649000000064],[112.76077400000008,16.565558000000067],[112.76077700000008,16.565514000000064],[112.76078300000006,16.565424000000064],[112.76078500000006,16.565379000000064],[112.76079200000004,16.565288000000066],[112.76079400000003,16.565243000000066],[112.76079700000003,16.565198000000066],[112.76080000000002,16.565153000000066],[112.76080600000012,16.56506200000007],[112.76080900000011,16.565018000000066],[112.7608120000001,16.564973000000066],[112.76081700000009,16.564883000000066],[112.76082000000008,16.564838000000066],[112.76082200000008,16.564792000000068],[112.76082500000007,16.564747000000068],[112.76083000000006,16.564657000000068],[112.76083400000005,16.564612000000068],[112.76083900000003,16.564522000000068],[112.76084200000003,16.564477000000068],[112.76084900000001,16.564342000000067],[112.76085200000011,16.56429600000007],[112.7608560000001,16.56423200000006],[112.76086200000009,16.56411600000007],[112.76086600000008,16.564070000000072],[112.76087300000006,16.56393600000007],[112.76087700000005,16.563865000000078],[112.76088100000004,16.56380000000007],[112.76088400000003,16.56375500000007],[112.76088600000003,16.56371000000007],[112.76089200000001,16.563603000000057],[112.7609040000001,16.563394000000073],[112.76091000000008,16.56327600000003],[112.76091400000007,16.563214000000073],[112.76093400000002,16.562853000000075],[112.7609450000001,16.562659000000053],[112.76095200000009,16.562538000000075],[112.76096200000006,16.562351000000035],[112.76096500000006,16.56230000000005],[112.76097200000004,16.562176000000022],[112.76097500000003,16.562131000000022],[112.76097800000002,16.56206700000007],[112.7609920000001,16.56181600000002],[112.76100000000008,16.561680000000024],[112.76100300000007,16.561635000000024],[112.76101200000005,16.56148200000007],[112.76101600000004,16.561410000000024],[112.76101900000003,16.561365000000023],[112.76102600000002,16.561229000000026],[112.76103,16.561184000000026],[112.7610350000001,16.561094000000026],[112.7610370000001,16.561049000000025],[112.7610400000001,16.561003000000028],[112.76104500000008,16.560914000000025],[112.76104800000007,16.560869000000025],[112.76105100000007,16.560824000000025],[112.76105400000006,16.560779000000025],[112.76105900000005,16.560688000000027],[112.76106200000004,16.560643000000027],[112.76106500000003,16.560598000000027],[112.76106800000002,16.560553000000027],[112.76107000000002,16.560508000000027],[112.76107600000012,16.560418000000027],[112.76107900000011,16.560373000000027],[112.7610820000001,16.560328000000027],[112.7610850000001,16.560283000000027],[112.76109100000008,16.56019200000003],[112.76109300000007,16.56014700000003],[112.76110300000005,16.56001200000003],[112.76110500000004,16.559968000000026],[112.76111100000003,16.55987700000003],[112.76111800000001,16.55978700000003],[112.76112400000011,16.55969600000003],[112.76113200000009,16.559570000000065],[112.76113900000007,16.559472000000028],[112.76114500000006,16.55938100000003],[112.76114900000005,16.55933600000003],[112.76115800000002,16.559202000000028],[112.76116200000001,16.55915600000003],[112.76116800000011,16.55906600000003],[112.7611720000001,16.55902100000003],[112.7611750000001,16.55897600000003],[112.76117900000008,16.558930000000032],[112.76118200000008,16.55888600000003],[112.76118900000006,16.55879600000003],[112.76119200000005,16.55875100000003],[112.76120000000003,16.55866000000003],[112.76120300000002,16.55861500000003],[112.76122300000009,16.558367000000032],[112.76122600000008,16.558328000000074],[112.76123500000006,16.558218000000068],[112.76124700000003,16.55807500000003],[112.76125100000002,16.558031000000028],[112.76125900000011,16.557941000000028],[112.7612630000001,16.55789500000003],[112.76126700000009,16.55785000000003],[112.76127300000007,16.55778300000003],[112.76128000000006,16.557716000000028],[112.76128300000005,16.557671000000028],[112.76129200000003,16.55758000000003],[112.76129600000002,16.557536000000027],[112.76130100000012,16.557491000000027],[112.76131400000008,16.557356000000027],[112.76131900000007,16.557311000000027],[112.76132300000006,16.557266000000027],[112.76133300000004,16.557176000000027],[112.76133700000003,16.557132000000024],[112.7613510000001,16.556996000000026],[112.76135600000009,16.556952000000024],[112.76137400000005,16.556791000000032],[112.76138100000003,16.556727000000024],[112.76138600000002,16.556682000000023],[112.7613960000001,16.556592000000023],[112.76140100000009,16.556547000000023],[112.76140600000008,16.556502000000023],[112.76141100000007,16.556458000000077],[112.76141600000005,16.556413000000077],[112.76142700000003,16.556322000000023],[112.76143200000001,16.556278000000077],[112.7614400000001,16.55621300000007],[112.76144800000009,16.556143000000077],[112.76145400000007,16.556098000000077],[112.76146700000004,16.555989000000068],[112.76148100000012,16.555874000000074],[112.7614870000001,16.55583000000007],[112.76149500000008,16.555761000000075],[112.76150300000006,16.555694000000074],[112.76150800000005,16.55565000000007],[112.76151400000003,16.55560500000007],[112.761525,16.55551500000007],[112.7615310000001,16.55547000000007],[112.76154200000008,16.555381000000068],[112.76154800000006,16.555336000000068],[112.76155900000003,16.55524500000007],[112.76156500000002,16.555201000000068],[112.76157100000012,16.555156000000068],[112.7615770000001,16.555111000000068],[112.76158200000009,16.555067000000065],[112.76158800000007,16.555021000000067],[112.76159400000006,16.554976000000067],[112.76160000000004,16.554932000000065],[112.76160500000003,16.554887000000065],[112.76161700000011,16.554798000000062],[112.7616230000001,16.554752000000065],[112.76162900000008,16.554707000000064],[112.76163400000007,16.554663000000062],[112.76164000000006,16.554618000000062],[112.76164600000004,16.55457300000006],[112.76165800000001,16.55448300000006],[112.76166300000011,16.55443800000006],[112.7616690000001,16.55439300000006],[112.76167400000008,16.55434900000006],[112.76168100000007,16.55430400000006],[112.76168600000005,16.55425800000006],[112.76169200000004,16.55421400000006],[112.76169700000003,16.55416900000006],[112.76171000000011,16.554080000000056],[112.7617150000001,16.554035000000056],[112.76172100000008,16.55398900000006],[112.76172600000007,16.553945000000056],[112.76173200000005,16.553900000000056],[112.76173800000004,16.553855000000055],[112.76174400000002,16.553811000000053],[112.76175500000011,16.553720000000055],[112.76176100000009,16.553676000000053],[112.76176600000008,16.553631000000053],[112.76177200000006,16.553586000000053],[112.76178300000004,16.55349700000005],[112.76178900000002,16.553451000000052],[112.761795,16.553406000000052],[112.76181100000008,16.55327200000005],[112.76181700000006,16.55322700000005],[112.76182800000004,16.55313700000005],[112.76183300000002,16.553093000000047],[112.76184400000011,16.553003000000047],[112.76185500000008,16.552913000000046],[112.76186600000005,16.552823000000046],[112.76187100000004,16.552779000000044],[112.76188200000001,16.552688000000046],[112.76188700000012,16.552644000000043],[112.76189800000009,16.552554000000043],[112.76190200000008,16.552509000000043],[112.76190800000006,16.55246500000004],[112.76191300000005,16.552419000000043],[112.76191800000004,16.552374000000043],[112.76192300000002,16.55233000000004],[112.76193300000011,16.55224000000004],[112.7619380000001,16.55219500000004],[112.76194800000007,16.55210500000004],[112.76195800000005,16.55201500000004],[112.76196700000003,16.55192500000004],[112.76197200000001,16.55188000000004],[112.7619810000001,16.551791000000037],[112.76198600000009,16.551746000000037],[112.76199000000008,16.551701000000037],[112.76199500000007,16.551657000000034],[112.76200000000006,16.551611000000037],[112.76201600000002,16.55144000000007],[112.76201900000001,16.55140700000004],[112.76203300000009,16.551263000000063],[112.76203800000008,16.551207000000034],[112.76204200000006,16.551162000000033],[112.76204600000005,16.551116000000036],[112.76205000000004,16.551071000000036],[112.76205400000003,16.551027000000033],[112.76206000000002,16.550959000000034],[112.762065,16.550892000000033],[112.76206900000011,16.550846000000035],[112.7620730000001,16.550802000000033],[112.76207600000009,16.550757000000033],[112.76208400000007,16.550667000000033],[112.76208700000007,16.550622000000033],[112.76209000000006,16.550577000000033],[112.76209300000005,16.550532000000032],[112.76209700000004,16.550487000000032],[112.76210300000002,16.550397000000032],[112.7621160000001,16.550217000000032],[112.76212100000009,16.550137000000063],[112.76212300000009,16.550110000000075],[112.76212600000008,16.550064000000077],[112.76213100000007,16.549991000000034],[112.76213400000006,16.549946000000034],[112.76214300000004,16.549811000000034],[112.76214600000003,16.549766000000034],[112.76215200000001,16.549676000000034],[112.76215400000001,16.549631000000034],[112.76216000000011,16.549540000000036],[112.7621630000001,16.549495000000036],[112.7621660000001,16.549450000000036],[112.76216900000009,16.549405000000036],[112.76217200000008,16.549360000000036],[112.76217700000007,16.549269000000038],[112.76218000000006,16.549224000000038],[112.76218500000004,16.54913300000004],[112.76219000000003,16.54904300000004],[112.76220300000011,16.548816000000045],[112.76220500000011,16.548771000000045],[112.7622070000001,16.548726000000045],[112.76221200000009,16.548635000000047],[112.76221400000009,16.548590000000047],[112.76221600000008,16.548545000000047],[112.76221800000008,16.548500000000047],[112.76222100000007,16.54845400000005],[112.76223800000002,16.54805700000003],[112.76224000000002,16.548001000000056],[112.76224200000001,16.547956000000056],[112.76224300000001,16.54791000000006],[112.762246,16.54782000000006],[112.76224800000011,16.54777500000006],[112.7622530000001,16.547607000000028],[112.7622550000001,16.547548000000063],[112.7622560000001,16.547503000000063],[112.76225800000009,16.547412000000065],[112.76225900000009,16.547367000000065],[112.76226000000008,16.547322000000065],[112.76226100000008,16.54725600000006],[112.76226200000008,16.547199000000035],[112.76226300000008,16.54717100000005],[112.76226400000007,16.54709500000007],[112.76226600000007,16.54700500000007],[112.76226600000007,16.546959000000072],[112.76226700000007,16.546914000000072],[112.76226700000007,16.546779000000072],[112.76226800000006,16.546732000000077],[112.76226700000007,16.546687000000077],[112.76226800000006,16.546552000000077],[112.76226700000007,16.546462000000076],[112.76226700000007,16.546416000000022],[112.76226600000007,16.54623600000002],[112.76226500000007,16.54619100000002],[112.76226400000007,16.546145000000024],[112.76226200000008,16.546055000000024],[112.76226200000008,16.546010000000024],[112.76226100000008,16.545965000000024],[112.76225900000009,16.545920000000024],[112.76225700000009,16.545829000000026],[112.7622560000001,16.545784000000026],[112.7622550000001,16.545739000000026],[112.7622510000001,16.54563100000007],[112.76224800000011,16.545559000000026],[112.762246,16.545514000000026],[112.76224500000001,16.545469000000026],[112.76224000000002,16.545379000000025],[112.76223900000002,16.545334000000025],[112.76223600000003,16.545289000000025],[112.76223200000004,16.545199000000025],[112.76222900000005,16.545154000000025],[112.76222700000005,16.545109000000025],[112.76222200000007,16.545029000000056],[112.76221900000007,16.544975000000022],[112.76221500000008,16.544930000000022],[112.76221200000009,16.544885000000022],[112.7622090000001,16.544840000000022],[112.7622060000001,16.544795000000022],[112.76220300000011,16.544750000000022],[112.76219900000001,16.54470500000002],[112.76219200000003,16.544616000000076],[112.76217700000007,16.544437000000073],[112.76217300000008,16.54439300000007],[112.7621640000001,16.544302000000073],[112.76215900000011,16.54425800000007],[112.76215400000001,16.54421300000007],[112.76214900000002,16.54416800000007],[112.76214300000004,16.544124000000068],[112.76213800000005,16.544079000000067],[112.76213300000006,16.544035000000065],[112.76212100000009,16.543945000000065],[112.76211500000011,16.543901000000062],[112.76210900000001,16.543856000000062],[112.76210300000002,16.54381200000006],[112.76209600000004,16.54376700000006],[112.76209000000006,16.543723000000057],[112.7620720000001,16.54360500000007],[112.76206300000001,16.543543000000057],[112.76205500000003,16.543499000000054],[112.76204000000007,16.54341000000005],[112.76203200000009,16.54336500000005],[112.76202500000011,16.54332100000005],[112.76201300000002,16.543252000000052],[112.76200100000005,16.543187000000046],[112.76199300000007,16.543143000000043],[112.7619840000001,16.543098000000043],[112.76197600000012,16.54305400000004],[112.76196700000003,16.54300900000004],[112.76195000000007,16.542921000000035],[112.76194100000009,16.542876000000035],[112.76193200000012,16.542832000000033],[112.76192200000003,16.542787000000033],[112.76190400000007,16.542699000000027],[112.7618940000001,16.542654000000027],[112.761885,16.542610000000025],[112.76187000000004,16.54254100000003],[112.76185600000008,16.542477000000076],[112.76184500000011,16.542433000000074],[112.76183600000002,16.542388000000074],[112.76181500000007,16.54230000000007],[112.7618050000001,16.54225500000007],[112.76179400000001,16.542211000000066],[112.76177300000006,16.54212300000006],[112.76176300000009,16.54207800000006],[112.76175200000012,16.542034000000058],[112.76173800000004,16.54197700000003],[112.76171900000008,16.54190200000005],[112.76170800000011,16.54185700000005],[112.76169800000002,16.541813000000047],[112.76168600000005,16.541769000000045],[112.76167500000008,16.541725000000042],[112.76166400000011,16.54168100000004],[112.76165300000002,16.541638000000034],[112.76163000000008,16.54155000000003],[112.76160700000003,16.541461000000027],[112.76159500000006,16.541417000000024],[112.76158300000009,16.54137300000002],[112.76156000000003,16.541285000000073],[112.76153600000009,16.541197000000068],[112.76152400000001,16.541153000000065],[112.76150000000007,16.54106500000006],[112.7614880000001,16.541022000000055],[112.76145000000008,16.54088500000006],[112.76142700000003,16.54080300000004],[112.76141500000006,16.540759000000037],[112.76140300000009,16.540715000000034],[112.76137800000004,16.540628000000027],[112.76136600000007,16.540584000000024],[112.76134700000011,16.540519000000074],[112.76132800000005,16.540454000000068],[112.76131600000008,16.540410000000065],[112.76130300000011,16.54036700000006],[112.76129100000003,16.540323000000058],[112.76127900000006,16.540279000000055],[112.76126600000009,16.54023600000005],[112.76125400000001,16.540192000000047],[112.76124100000004,16.540148000000045],[112.76122900000007,16.540106000000037],[112.7612160000001,16.540062000000034],[112.76120400000002,16.54001900000003],[112.76119200000005,16.539975000000027],[112.7611740000001,16.539912000000072],[112.76115400000003,16.539844000000073],[112.76114200000006,16.53980000000007],[112.7611290000001,16.539756000000068],[112.76110500000004,16.539670000000058],[112.76109300000007,16.539626000000055],[112.7610800000001,16.539582000000053],[112.76104400000008,16.539450000000045],[112.76103100000012,16.539406000000042],[112.7609950000001,16.539274000000034],[112.76098200000001,16.539230000000032],[112.7609460000001,16.539098000000024],[112.76093300000002,16.539055000000076],[112.76092100000005,16.539011000000073],[112.76090800000009,16.53896700000007],[112.76089600000012,16.53892200000007],[112.76088400000003,16.538878000000068],[112.76087200000006,16.538834000000065],[112.7608590000001,16.538790000000063],[112.76084700000001,16.53874600000006],[112.76080000000002,16.53858500000007],[112.76077400000008,16.53849400000007],[112.76075800000001,16.538438000000042],[112.76074500000004,16.53839400000004],[112.76073200000008,16.538350000000037],[112.76071900000011,16.53830700000003],[112.76070600000003,16.53826300000003],[112.76066200000002,16.538117000000057],[112.76064000000008,16.538043000000073],[112.76062600000012,16.53799900000007],[112.76061300000003,16.537956000000065],[112.76057100000003,16.537825000000055],[112.76055700000006,16.53778200000005],[112.76052900000002,16.537694000000045],[112.76051500000005,16.53765100000004],[112.76050000000009,16.537607000000037],[112.76048600000001,16.53756500000003],[112.76047200000005,16.537521000000027],[112.76044300000001,16.537435000000073],[112.76042800000005,16.53739100000007],[112.76041300000009,16.537348000000065],[112.76038300000005,16.537263000000053],[112.76036700000009,16.537220000000048],[112.76035200000001,16.537177000000042],[112.76032100000009,16.53709200000003],[112.76030500000002,16.537049000000025],[112.76028900000006,16.537006000000076],[112.76025700000002,16.536921000000063],[112.76022400000011,16.53683600000005],[112.76020700000004,16.53679500000004],[112.76019000000008,16.536752000000035],[112.76017300000001,16.536710000000028],[112.76015600000005,16.536669000000074],[112.7601390000001,16.53662600000007],[112.76012200000002,16.53658400000006],[112.76010400000007,16.53654300000005],[112.76008700000011,16.536501000000044],[112.76006900000004,16.536459000000036],[112.76003500000002,16.536384000000055],[112.76002800000003,16.53636700000004],[112.75999500000012,16.536294000000055],[112.75997700000005,16.536253000000045],[112.7599580000001,16.536213000000032],[112.75993800000003,16.536171000000024],[112.75991900000008,16.53613100000007],[112.75988900000004,16.536069000000055],[112.75986000000012,16.536009000000035],[112.75980000000004,16.535888000000057],[112.7597790000001,16.53584900000004],[112.75975800000003,16.53580800000003],[112.75973700000009,16.535769000000073],[112.75969400000008,16.535690000000045],[112.75965000000008,16.535611000000074],[112.75960600000008,16.535533000000044],[112.75958300000002,16.53549300000003],[112.75954800000011,16.535434000000066],[112.75952500000005,16.53539500000005],[112.75949200000002,16.535338000000024],[112.75946900000008,16.535300000000063],[112.75944600000003,16.535261000000048],[112.75942200000009,16.53522300000003],[112.75937500000009,16.535145000000057],[112.7593270000001,16.53506900000002],[112.75930300000005,16.53503100000006],[112.7592790000001,16.534991000000048],[112.75920600000006,16.53487700000005],[112.75918100000001,16.534839000000034],[112.75915700000007,16.534800000000075],[112.7590570000001,16.53464800000006],[112.75903200000005,16.534610000000043],[112.75900600000011,16.534572000000026],[112.75898100000006,16.534534000000065],[112.75895600000001,16.534496000000047],[112.75893000000008,16.53445800000003],[112.75890400000003,16.534421000000066],[112.7588780000001,16.534383000000048],[112.75882600000011,16.53430700000007],[112.75872100000004,16.53415700000005],[112.7586950000001,16.53412000000003],[112.75866800000006,16.534083000000066],[112.75864100000001,16.53404500000005],[112.75861400000008,16.53400800000003],[112.75858800000003,16.533971000000065],[112.7585600000001,16.533934000000045],[112.75853400000005,16.533897000000024],[112.75850600000001,16.53386000000006],[112.75845200000003,16.533786000000077],[112.7584240000001,16.533749000000057],[112.75839700000006,16.533712000000037],[112.75834100000009,16.533637000000056],[112.75831300000004,16.53360200000003],[112.75825800000007,16.533528000000047],[112.75822900000003,16.533492000000024],[112.7582010000001,16.53345500000006],[112.75817300000006,16.53341800000004],[112.75814400000002,16.533382000000074],[112.75811600000009,16.533345000000054],[112.75805900000012,16.533273000000065],[112.75803000000008,16.533236000000045],[112.75800200000003,16.533200000000022],[112.75791500000003,16.533092000000067],[112.7578860000001,16.533055000000047],[112.75782800000002,16.532984000000056],[112.7577980000001,16.53294900000003],[112.75776900000005,16.532913000000065],[112.75772200000006,16.532856000000038],[112.75768000000005,16.532805000000053],[112.75765100000001,16.532770000000028],[112.75762100000009,16.53273500000006],[112.75756700000011,16.53267100000005],[112.75755500000002,16.53265600000003],[112.757518,16.532613000000026],[112.75747100000001,16.532557000000054],[112.75741100000005,16.532488000000058],[112.75738100000001,16.532452000000035],[112.75735100000009,16.532417000000066],[112.75732000000005,16.53238300000004],[112.75729000000001,16.53234800000007],[112.75722800000005,16.532278000000076],[112.75719800000002,16.53224400000005],[112.75716800000009,16.532209000000023],[112.75710600000002,16.53213900000003],[112.7570750000001,16.532106000000056],[112.75701300000003,16.532036000000062],[112.75698200000011,16.53200300000003],[112.75695100000007,16.531968000000063],[112.75692000000004,16.531934000000035],[112.75688800000012,16.531900000000064],[112.75685700000008,16.531866000000036],[112.75679400000001,16.531799000000035],[112.75676300000009,16.531764000000067],[112.75673200000006,16.53173000000004],[112.75670000000002,16.531697000000065],[112.75663700000007,16.531630000000064],[112.75657300000012,16.531562000000065],[112.75654200000008,16.531530000000032],[112.75647800000002,16.53146300000003],[112.7564460000001,16.531430000000057],[112.75641500000006,16.531397000000027],[112.75638300000003,16.531364000000053],[112.75635100000011,16.531331000000023],[112.75631800000008,16.53129800000005],[112.75628600000005,16.53126400000002],[112.75625400000001,16.531232000000045],[112.7562220000001,16.53120000000007],[112.75619000000006,16.53116700000004],[112.75612500000011,16.531102000000033],[112.75609300000008,16.531070000000057],[112.75600600000007,16.53098200000005],[112.75596300000007,16.530940000000044],[112.75593100000003,16.530908000000068],[112.75589800000012,16.530876000000035],[112.75586600000008,16.530845000000056],[112.75583300000005,16.530812000000026],[112.75580000000002,16.530781000000047],[112.7557680000001,16.530748000000074],[112.75570200000004,16.53068600000006],[112.75566900000001,16.53065300000003],[112.75560200000007,16.530590000000075],[112.75553500000001,16.53052800000006],[112.75550200000009,16.530496000000028],[112.75546800000006,16.53046500000005],[112.75543400000004,16.53043400000007],[112.755401,16.530403000000035],[112.7553660000001,16.53037100000006],[112.75533300000006,16.530340000000024],[112.75526400000001,16.53027700000007],[112.7552300000001,16.53024700000003],[112.75519500000007,16.530216000000053],[112.75516100000004,16.530185000000074],[112.75512600000002,16.53015400000004],[112.7550920000001,16.530124000000058],[112.75505700000008,16.530093000000022],[112.75502200000005,16.530062000000044],[112.75498700000003,16.530032000000062],[112.75495200000012,16.530001000000027],[112.75491700000009,16.529971000000046],[112.75488200000007,16.529941000000065],[112.7547760000001,16.529850000000067],[112.75474000000008,16.529821000000027],[112.75470400000006,16.529791000000046],[112.75466900000004,16.529761000000065],[112.75463200000002,16.529731000000027],[112.7545970000001,16.529701000000045],[112.75456100000008,16.529672000000062],[112.75452500000006,16.529642000000024],[112.75448900000004,16.52961300000004],[112.75445200000001,16.529584000000057],[112.7544160000001,16.529554000000076],[112.75434300000006,16.52949600000005],[112.75430600000004,16.529468000000065],[112.75427000000002,16.529439000000025],[112.75423300000011,16.52941000000004],[112.75419600000009,16.529381000000058],[112.75415900000007,16.52935300000007],[112.75412200000005,16.52932400000003],[112.75408500000003,16.529296000000045],[112.75404800000001,16.52926700000006],[112.75397300000009,16.529211000000032],[112.75393600000007,16.529183000000046],[112.75389900000005,16.52915500000006],[112.75382300000001,16.52909900000003],[112.7537860000001,16.529072000000042],[112.75374800000009,16.529045000000053],[112.75371000000007,16.529018000000065],[112.75367200000005,16.52899000000002],[112.75363300000004,16.528963000000033],[112.75359600000002,16.528936000000044],[112.75348100000008,16.528856000000076],[112.75344200000006,16.52882900000003],[112.75340400000005,16.52880200000004],[112.75336600000003,16.528777000000048],[112.75332700000001,16.52875000000006],[112.75319400000001,16.52866300000005],[112.75313200000005,16.52862200000004],[112.75309400000003,16.52859600000005],[112.75305400000002,16.52857000000006],[112.753015,16.528546000000063],[112.7529760000001,16.52852000000007],[112.75293600000009,16.528496000000075],[112.75289700000008,16.528471000000025],[112.75281700000005,16.528422000000035],[112.75273800000002,16.528373000000045],[112.752699,16.528350000000046],[112.75265900000011,16.528325000000052],[112.75259700000004,16.52828900000003],[112.75245900000004,16.528208000000063],[112.75241800000003,16.528185000000065],[112.75237800000002,16.528163000000063],[112.75233700000001,16.528140000000064],[112.75221600000009,16.528073000000063],[112.75209400000006,16.52800600000006],[112.75205300000005,16.527985000000058],[112.75201200000004,16.527964000000054],[112.75197100000003,16.527942000000053],[112.75193000000002,16.52792100000005],[112.751889,16.527901000000043],[112.7518060000001,16.527858000000037],[112.75172400000008,16.527818000000025],[112.75168200000007,16.527797000000078],[112.75164100000006,16.52777700000007],[112.75159900000006,16.527757000000065],[112.7515370000001,16.527727000000027],[112.75147500000003,16.527697000000046],[112.75143300000002,16.527679000000035],[112.75135000000012,16.527639000000022],[112.75130800000011,16.52762000000007],[112.7512660000001,16.527600000000064],[112.7512240000001,16.527581000000055],[112.75118100000009,16.527562000000046],[112.75114000000008,16.527543000000037],[112.75109700000007,16.52752300000003],[112.75105600000006,16.52750400000002],[112.75092900000004,16.52744800000005],[112.75088700000003,16.527430000000038],[112.75080200000002,16.527393000000075],[112.75076000000001,16.527375000000063],[112.75071700000001,16.527356000000054],[112.75067400000012,16.527338000000043],[112.75063200000011,16.527319000000034],[112.7505890000001,16.527302000000077],[112.7505470000001,16.527284000000066],[112.75050400000009,16.527265000000057],[112.75046100000009,16.527248000000043],[112.75041900000008,16.52723000000003],[112.75033300000007,16.527194000000065],[112.75029000000006,16.52717700000005],[112.75020400000005,16.52714100000003],[112.75016100000005,16.52712500000007],[112.75011800000004,16.527107000000058],[112.75007500000004,16.527089000000046],[112.75003200000003,16.52707300000003],[112.74998900000003,16.527055000000075],[112.74994600000002,16.52703800000006],[112.74990200000002,16.527021000000047],[112.74981600000001,16.526988000000074],[112.749773,16.526970000000063],[112.74973000000011,16.52695300000005],[112.749592,16.526901000000066],[112.74946900000009,16.52685400000007],[112.74938200000008,16.52682100000004],[112.74929500000007,16.526788000000067],[112.74925100000007,16.52677200000005],[112.74920800000007,16.526756000000034],[112.74916400000006,16.526739000000077],[112.74912000000006,16.52672300000006],[112.74907600000006,16.526707000000044],[112.74903300000005,16.52669000000003],[112.74898900000005,16.52667500000007],[112.74894500000005,16.526658000000054],[112.74885700000004,16.526628000000073],[112.74881400000004,16.52661100000006],[112.74877000000004,16.526595000000043],[112.74872600000003,16.526580000000024],[112.74868200000003,16.526563000000067],[112.74854900000003,16.52651700000007],[112.74850600000002,16.52650200000005],[112.74846100000002,16.526485000000037],[112.74839300000008,16.52646100000004],[112.74832900000001,16.52643900000004],[112.74825900000008,16.526414000000045],[112.748197,16.526392000000044],[112.74815300000012,16.526377000000025],[112.74810900000011,16.52636300000006],[112.74804200000005,16.526339000000064],[112.7479320000001,16.526301000000046],[112.7478870000001,16.526286000000027],[112.7478430000001,16.526271000000065],[112.7477990000001,16.526256000000046],[112.7477550000001,16.52624000000003],[112.7477110000001,16.526225000000068],[112.7476660000001,16.526211000000046],[112.74757700000009,16.526180000000068],[112.74753300000009,16.526166000000046],[112.74744400000009,16.526135000000068],[112.74740000000008,16.52612000000005],[112.74735500000008,16.52610500000003],[112.74731100000008,16.52608900000007],[112.74726700000008,16.52607500000005],[112.74722200000008,16.52606000000003],[112.74717800000008,16.526045000000067],[112.74708900000007,16.52601500000003],[112.74704500000007,16.526000000000067],[112.74700000000007,16.52598500000005],[112.74695600000007,16.52597000000003],[112.74691200000007,16.525955000000067],[112.74686700000007,16.525941000000046],[112.74682200000007,16.52592500000003],[112.74677800000006,16.525911000000065],[112.74673400000006,16.525896000000046],[112.74668900000006,16.525881000000027],[112.74660000000006,16.525850000000048],[112.74655600000006,16.525836000000027],[112.74651100000005,16.525821000000064],[112.74646700000005,16.525806000000046],[112.74642300000005,16.525791000000027],[112.74637800000005,16.525777000000062],[112.74633300000005,16.525761000000045],[112.74628900000005,16.525747000000024],[112.74624500000004,16.525731000000064],[112.74620000000004,16.525717000000043],[112.74615600000004,16.525702000000024],[112.74611100000004,16.525686000000064],[112.74606700000004,16.525672000000043],[112.74602200000004,16.525656000000026],[112.74597800000004,16.52564200000006],[112.74588900000003,16.525611000000026],[112.74584500000003,16.52559700000006],[112.74580000000003,16.525582000000043],[112.74575600000003,16.525566000000026],[112.74571200000003,16.52555200000006],[112.74564500000008,16.525528000000065],[112.74557800000002,16.525506000000064],[112.74553400000002,16.525491000000045],[112.74535700000001,16.52543000000003],[112.74531300000001,16.525415000000066],[112.74524100000008,16.525390000000073],[112.74519600000008,16.525375000000054],[112.74509100000012,16.525338000000033],[112.74495900000011,16.525292000000036],[112.74491400000011,16.525276000000076],[112.7448260000001,16.52524500000004],[112.7447820000001,16.525229000000024],[112.74460600000009,16.525167000000067],[112.74456200000009,16.525150000000053],[112.74451800000008,16.525135000000034],[112.74447400000008,16.525118000000077],[112.74438600000008,16.52508800000004],[112.74434200000007,16.525071000000025],[112.74429900000007,16.525056000000063],[112.74421000000007,16.525022000000035],[112.74416700000006,16.525007000000073],[112.74407900000006,16.524974000000043],[112.74403500000005,16.524958000000026],[112.74399200000005,16.524942000000067],[112.74394800000005,16.524925000000053],[112.74386100000004,16.524892000000023],[112.74381700000004,16.524875000000065],[112.74369500000012,16.524829000000068],[112.74360000000001,16.524793000000045],[112.74355600000001,16.524775000000034],[112.743469,16.52474200000006],[112.74342600000011,16.52472400000005],[112.74338200000011,16.524707000000035],[112.7433400000001,16.524690000000078],[112.7432960000001,16.524673000000064],[112.7432530000001,16.52465600000005],[112.74316600000009,16.524622000000022],[112.74312200000008,16.524605000000065],[112.74307900000008,16.52458800000005],[112.74303600000007,16.52457000000004],[112.74294900000007,16.524537000000066],[112.74290500000006,16.524520000000052],[112.74286200000006,16.52450300000004],[112.74281900000005,16.524485000000027],[112.74273200000005,16.524452000000053],[112.74268900000004,16.524434000000042],[112.74264500000004,16.524418000000026],[112.74260200000003,16.52440000000007],[112.74251500000003,16.52436700000004],[112.74247100000002,16.52434900000003],[112.74242800000002,16.52433300000007],[112.74238400000002,16.52431500000006],[112.74234100000001,16.524298000000044],[112.742298,16.524282000000028],[112.74225400000012,16.524264000000073],[112.74221100000011,16.524248000000057],[112.74216700000011,16.524230000000045],[112.7420800000001,16.524197000000072],[112.7420370000001,16.52417900000006],[112.7419930000001,16.524162000000047],[112.74195000000009,16.524145000000033],[112.74186300000008,16.52411200000006],[112.74182000000008,16.524094000000048],[112.74177600000007,16.524077000000034],[112.74173300000007,16.524060000000077],[112.74164600000006,16.52402600000005],[112.74160200000006,16.524009000000035],[112.74155900000005,16.523992000000078],[112.74151500000005,16.523975000000064],[112.74147200000004,16.52395800000005],[112.74142900000004,16.52394000000004],[112.74138500000004,16.523924000000022],[112.74134200000003,16.523906000000068],[112.74129900000003,16.523889000000054],[112.74125500000002,16.52387200000004],[112.74121200000002,16.523855000000026],[112.74116800000002,16.52383700000007],[112.74112500000001,16.523821000000055],[112.74108100000001,16.523803000000044],[112.74103800000012,16.523787000000027],[112.74099400000011,16.523769000000073],[112.74095100000011,16.52375200000006],[112.7409080000001,16.523735000000045],[112.7408640000001,16.52371800000003],[112.74077800000009,16.523683000000062],[112.74073400000009,16.52366600000005],[112.74064700000008,16.523631000000023],[112.74060400000008,16.523614000000066],[112.74051700000007,16.52357900000004],[112.74047400000006,16.523562000000027],[112.74043100000006,16.523544000000072],[112.74038800000005,16.52352700000006],[112.74034400000005,16.523510000000044],[112.74030100000004,16.523492000000033],[112.74025800000004,16.523475000000076],[112.74021400000004,16.523457000000064],[112.74017100000003,16.52344000000005],[112.74012800000003,16.523423000000037],[112.74004100000002,16.52338700000007],[112.73999800000001,16.523370000000057],[112.73995500000001,16.523353000000043],[112.73991200000012,16.52333500000003],[112.73982500000011,16.523300000000063],[112.7397820000001,16.52328200000005],[112.7397390000001,16.52326400000004],[112.73965300000009,16.52322900000007],[112.73960900000009,16.52321100000006],[112.73956600000008,16.523194000000046],[112.73950300000001,16.523167000000058],[112.73943700000007,16.52314000000007],[112.73930800000005,16.523087000000032],[112.73926400000005,16.523069000000078],[112.73913600000003,16.523015000000044],[112.73909200000003,16.52299800000003],[112.73904900000002,16.522979000000078],[112.73896400000001,16.522943000000055],[112.738921,16.522925000000043],[112.73883500000011,16.522889000000077],[112.7387920000001,16.52287000000007],[112.7387490000001,16.522853000000055],[112.7387060000001,16.522834000000046],[112.73866400000009,16.522816000000034],[112.73862100000008,16.522797000000025],[112.73857800000008,16.52278000000007],[112.73853500000007,16.52276100000006],[112.73849300000006,16.522743000000048],[112.73840700000005,16.52270500000003],[112.73836400000005,16.522688000000073],[112.73832200000004,16.522669000000064],[112.73827900000003,16.522650000000056],[112.73823600000003,16.522632000000044],[112.73819400000002,16.522613000000035],[112.73815100000002,16.522595000000024],[112.73810800000001,16.522576000000072],[112.73802300000011,16.522538000000054],[112.7379800000001,16.522520000000043],[112.73789600000009,16.522483000000022],[112.73785300000009,16.52246400000007],[112.73776800000007,16.522426000000053],[112.73772500000007,16.522406000000046],[112.73757100000012,16.522338000000047],[112.73751400000003,16.522312000000056],[112.73747100000003,16.52229200000005],[112.73738700000001,16.522254000000032],[112.73734400000001,16.522234000000026],[112.73730200000011,16.522215000000074],[112.7372600000001,16.522196000000065],[112.7372180000001,16.522177000000056],[112.73717600000009,16.52215700000005],[112.73713300000009,16.52213800000004],[112.73709200000008,16.522118000000034],[112.73704900000007,16.522098000000028],[112.73700800000006,16.522079000000076],[112.73696500000005,16.52205900000007],[112.73692400000004,16.522039000000063],[112.73688100000004,16.522020000000055],[112.73679800000002,16.521980000000042],[112.73675600000001,16.521960000000036],[112.73668100000009,16.521925000000067],[112.73665900000003,16.521914000000038],[112.7365890000001,16.521880000000067],[112.73651600000005,16.52184600000004],[112.7364970000001,16.521836000000064],[112.73642200000006,16.52180100000004],[112.73638000000005,16.521779000000038],[112.73629600000004,16.521739000000025],[112.73625500000003,16.521718000000078],[112.73621400000002,16.52169800000007],[112.73617200000001,16.521677000000068],[112.73613100000011,16.521656000000064],[112.7360890000001,16.521636000000058],[112.7360480000001,16.521614000000056],[112.73596600000008,16.52157200000005],[112.73592500000007,16.52154900000005],[112.73588400000006,16.521528000000046],[112.73584300000005,16.521506000000045],[112.73580200000004,16.521484000000044],[112.73568000000012,16.521417000000042],[112.7356400000001,16.521394000000043],[112.7355990000001,16.521371000000045],[112.73555800000008,16.521348000000046],[112.73551800000007,16.521325000000047],[112.73547800000006,16.521303000000046],[112.73543800000004,16.52127900000005],[112.73539800000003,16.521255000000053],[112.735318,16.52120800000006],[112.73527800000011,16.521183000000065],[112.7352380000001,16.521160000000066],[112.73519800000008,16.521135000000072],[112.73515800000007,16.521111000000076],[112.73508800000002,16.521067000000073],[112.73506800000007,16.521055000000047],[112.73500100000001,16.52101300000004],[112.73496100000011,16.520987000000048],[112.7349220000001,16.52096300000005],[112.73484400000007,16.52091100000007],[112.73480500000005,16.520887000000073],[112.73476600000004,16.520861000000025],[112.734688,16.52081000000004],[112.7346500000001,16.52078400000005],[112.73461100000009,16.520758000000058],[112.73457200000007,16.520732000000066],[112.73453400000005,16.520705000000078],[112.73449600000004,16.52067900000003],[112.73441900000012,16.52062600000005],[112.7343810000001,16.52060000000006],[112.73434200000008,16.52057300000007],[112.73426700000005,16.520520000000033],[112.73422900000003,16.520492000000047],[112.7341530000001,16.52043800000007],[112.73411600000009,16.520411000000024],[112.73407900000007,16.520384000000035],[112.73404100000005,16.52035600000005],[112.73400400000003,16.52032900000006],[112.73396600000001,16.520301000000075],[112.7339290000001,16.52027300000003],[112.73385500000006,16.52021700000006],[112.73381800000004,16.520189000000073],[112.73374400000012,16.52013400000004],[112.73367100000007,16.52007800000007],[112.73363400000005,16.52004900000003],[112.73356100000001,16.519993000000056],[112.7335250000001,16.519964000000073],[112.73348900000008,16.519935000000032],[112.73345300000005,16.519907000000046],[112.73338100000001,16.519849000000022],[112.7333450000001,16.519821000000036],[112.73329400000011,16.519780000000026],[112.73323800000003,16.519734000000028],[112.73318500000005,16.519691000000023],[112.73313100000007,16.519646000000023],[112.73309600000005,16.519616000000042],[112.73306100000002,16.519587000000058],[112.73302600000011,16.519558000000075],[112.73299100000008,16.519528000000037],[112.73295600000006,16.519498000000056],[112.73292100000003,16.519469000000072],[112.73281700000007,16.519378000000074],[112.73278200000004,16.519348000000036],[112.73274800000002,16.519318000000055],[112.7327130000001,16.519286000000022],[112.73267900000008,16.51925600000004],[112.73261100000002,16.519195000000025],[112.73257600000011,16.51916300000005],[112.73254200000008,16.519133000000068],[112.73250900000005,16.519102000000032],[112.73247400000002,16.519070000000056],[112.73238800000001,16.51899000000003],[112.73230600000011,16.518914000000052],[112.73227200000008,16.51888100000002],[112.73223900000005,16.518850000000043],[112.73220600000002,16.518819000000065],[112.7321730000001,16.518786000000034],[112.73213900000007,16.518755000000056],[112.73207300000001,16.51869000000005],[112.7320400000001,16.518658000000073],[112.73200700000007,16.51862600000004],[112.731941,16.518561000000034],[112.73187600000006,16.518496000000027],[112.73184300000003,16.51846400000005],[112.7318110000001,16.518431000000078],[112.73177800000008,16.518398000000047],[112.73171300000001,16.518332000000044],[112.73168200000009,16.518300000000067],[112.73164900000006,16.51826600000004],[112.73161700000003,16.518234000000064],[112.73158500000011,16.518200000000036],[112.73155300000008,16.51816800000006],[112.73152000000005,16.518134000000032],[112.73148800000001,16.51810100000006],[112.7314560000001,16.518068000000028],[112.73142500000006,16.518035000000054],[112.7313610000001,16.517967000000056],[112.73132900000007,16.517935000000023],[112.73129800000004,16.51790100000005],[112.731266,16.51786800000002],[112.73123400000009,16.51783400000005],[112.73120200000005,16.517800000000022],[112.73110900000006,16.517700000000048],[112.7310460000001,16.51763200000005],[112.73101500000007,16.517598000000078],[112.73095200000012,16.517530000000022],[112.73092100000008,16.51749700000005],[112.73089000000004,16.517463000000077],[112.73085900000001,16.517428000000052],[112.73082800000009,16.517395000000022],[112.73079600000005,16.51736100000005],[112.73076600000002,16.517327000000023],[112.7307350000001,16.517293000000052],[112.73070400000006,16.517259000000024],[112.73067300000002,16.517224000000056],[112.73061200000006,16.517157000000054],[112.73058100000003,16.51712200000003],[112.73055000000011,16.517089000000055],[112.73051900000007,16.51705400000003],[112.73048900000003,16.51702000000006],[112.73045800000011,16.51698700000003],[112.73042800000007,16.51695200000006],[112.73039700000004,16.51691900000003],[112.73033700000008,16.516849000000036],[112.73030600000004,16.516815000000065],[112.73027600000012,16.516781000000037],[112.73024600000008,16.51674600000007],[112.73021600000004,16.516711000000043],[112.73018600000012,16.516677000000072],[112.73012700000004,16.516608000000076],[112.73009700000011,16.516572000000053],[112.73006700000008,16.516537000000028],[112.73003800000004,16.516503000000057],[112.73000800000011,16.51646800000003],[112.72997900000007,16.516432000000066],[112.72995000000003,16.51639700000004],[112.7299200000001,16.516362000000072],[112.72989100000007,16.516327000000047],[112.72986200000003,16.51629200000002],[112.7298330000001,16.516256000000055],[112.72980400000006,16.51622100000003],[112.72977500000002,16.516185000000064],[112.72974600000009,16.51614900000004],[112.72971700000005,16.51611500000007],[112.72968900000001,16.516079000000047],[112.72966000000008,16.516043000000025],[112.72957500000007,16.51593500000007],[112.72954600000003,16.515899000000047],[112.72948900000006,16.51582700000006],[112.72946100000001,16.515791000000036],[112.72937600000012,16.51568400000002],[112.72934800000007,16.515648000000056],[112.72932000000003,16.515611000000035],[112.7292920000001,16.51557500000007],[112.72926300000006,16.515539000000047],[112.72923500000002,16.515503000000024],[112.72920800000009,16.51546600000006],[112.72918000000004,16.515430000000038],[112.72915100000012,16.51539400000007],[112.72912400000007,16.51535700000005],[112.72909600000003,16.51532100000003],[112.7290680000001,16.515284000000065],[112.72901200000001,16.515213000000074],[112.72898400000008,16.515175000000056],[112.72895700000004,16.51514000000003],[112.72891300000003,16.515082000000064],[112.72887400000002,16.515030000000024],[112.72884600000009,16.51499400000006],[112.72881800000005,16.514957000000038],[112.72879000000012,16.514921000000072],[112.72876300000007,16.514884000000052],[112.72873500000003,16.51484800000003],[112.7287070000001,16.514811000000066],[112.72868000000005,16.514774000000045],[112.72865200000001,16.514738000000023],[112.72862400000008,16.51470100000006],[112.72859700000004,16.514665000000036],[112.7285690000001,16.514628000000073],[112.72854100000006,16.51459200000005],[112.72851400000002,16.51455500000003],[112.72848600000009,16.514519000000064],[112.72845900000004,16.514482000000044],[112.72843100000011,16.514446000000078],[112.72840300000007,16.514409000000057],[112.72837500000003,16.514373000000035],[112.72832800000003,16.514310000000023],[112.72829200000001,16.514263000000028],[112.72826400000008,16.514227000000062],[112.72823600000004,16.514190000000042],[112.72818100000006,16.51411900000005],[112.72815300000002,16.51408200000003],[112.72812500000009,16.514046000000064],[112.72809700000005,16.51401000000004],[112.728069,16.51397300000002],[112.72801300000003,16.513901000000033],[112.7279850000001,16.513865000000067],[112.72795700000006,16.513828000000046],[112.72792900000002,16.513792000000024],[112.72790100000009,16.513756000000058],[112.72786600000006,16.513711000000058],[112.72781700000007,16.51364700000005],[112.72778800000003,16.513611000000026],[112.7277610000001,16.513576000000057],[112.72773200000006,16.513540000000035],[112.72770400000002,16.51350400000007],[112.72767600000009,16.51346700000005],[112.72764800000004,16.513431000000026],[112.72762000000012,16.51339500000006],[112.72756300000003,16.51332300000007],[112.7275350000001,16.513287000000048],[112.72750700000006,16.513251000000025],[112.72747800000002,16.513214000000062],[112.72742100000005,16.513142000000073],[112.727393,16.513107000000048],[112.72719500000005,16.51285500000006],[112.72716600000001,16.51281800000004],[112.72710900000004,16.512747000000047],[112.72708100000011,16.512711000000024],[112.72685400000012,16.51242300000007],[112.72682500000008,16.512388000000044],[112.72671100000002,16.512244000000067],[112.7266820000001,16.512208000000044],[112.72659700000008,16.512100000000032],[112.72656800000004,16.512064000000066],[112.72651100000007,16.511993000000075],[112.72648200000003,16.511957000000052],[112.7264540000001,16.51192100000003],[112.72642500000006,16.51188600000006],[112.72639600000002,16.511850000000038],[112.7263680000001,16.511814000000072],[112.72633900000005,16.51177800000005],[112.72631000000001,16.511742000000027],[112.72625400000004,16.511671000000035],[112.72622500000011,16.51163500000007],[112.72619600000007,16.511599000000047],[112.72616700000003,16.511563000000024],[112.7261390000001,16.511527000000058],[112.72611000000006,16.511491000000035],[112.72605300000009,16.511419000000046],[112.72602400000005,16.511384000000078],[112.72599600000001,16.511349000000052],[112.72596700000008,16.51131300000003],[112.72593800000004,16.511277000000064],[112.72590900000012,16.51124100000004],[112.72588100000007,16.511205000000075],[112.72585200000003,16.511169000000052],[112.7258230000001,16.51113300000003],[112.72579400000006,16.51109800000006],[112.72576600000002,16.511062000000038],[112.7257370000001,16.511026000000072],[112.72570900000005,16.51099000000005],[112.72568000000001,16.510955000000024],[112.72562300000004,16.510883000000035],[112.72559400000011,16.51084700000007],[112.72556500000007,16.510812000000044],[112.72553600000003,16.510776000000078],[112.7255080000001,16.510740000000055],[112.72547900000006,16.510704000000032],[112.72545100000002,16.510668000000067],[112.7254220000001,16.510632000000044],[112.72539300000005,16.510596000000078],[112.72536400000001,16.510561000000052],[112.72533600000008,16.51052500000003],[112.72530700000004,16.51049000000006],[112.72527800000012,16.51045400000004],[112.72524900000008,16.510418000000072],[112.72522100000003,16.51038200000005],[112.7251920000001,16.510346000000027],[112.72516400000006,16.51031000000006],[112.72513500000002,16.510274000000038],[112.7251060000001,16.510238000000072],[112.7250620000001,16.510184000000038],[112.72502000000009,16.510132000000056],[112.72499100000005,16.510096000000033],[112.724962,16.510060000000067],[112.72493400000008,16.510024000000044],[112.72490500000004,16.509988000000078],[112.72484800000007,16.509916000000032],[112.72481900000002,16.509880000000067],[112.7247910000001,16.50984500000004],[112.72476200000006,16.509809000000075],[112.72470500000009,16.50973700000003],[112.72467600000004,16.509701000000064],[112.72464800000012,16.50966500000004],[112.72461900000008,16.509630000000072],[112.7245620000001,16.509559000000024],[112.72453300000006,16.50952300000006],[112.7244760000001,16.50945100000007],[112.72444700000005,16.509415000000047],[112.72436200000004,16.509307000000035],[112.72433300000012,16.50927100000007],[112.7242470000001,16.509164000000055],[112.72421800000006,16.509128000000032],[112.72407600000008,16.508948000000032],[112.72404700000004,16.508912000000066],[112.72396200000003,16.508805000000052],[112.7239340000001,16.50876900000003],[112.72384900000009,16.508661000000075],[112.72382000000005,16.508625000000052],[112.72379200000012,16.50858800000003],[112.7236210000001,16.508373000000063],[112.72359300000005,16.50833700000004],[112.72353700000008,16.50826500000005],[112.72350800000004,16.50822800000003],[112.72348000000011,16.508192000000065],[112.72345200000007,16.508156000000042],[112.72336700000005,16.508049000000028],[112.72333300000003,16.508005000000026],[112.72328300000004,16.507940000000076],[112.72322600000007,16.50786800000003],[112.72319800000002,16.507832000000064],[112.7231700000001,16.507795000000044],[112.72314200000005,16.50775900000002],[112.72311300000001,16.507723000000055],[112.72308600000008,16.507687000000033],[112.72305700000004,16.507651000000067],[112.72302900000011,16.507614000000046],[112.72300200000006,16.507578000000024],[112.72297300000002,16.507543000000055],[112.7229450000001,16.507507000000032],[112.72291800000005,16.50747000000007],[112.72288900000001,16.507434000000046],[112.72286100000008,16.507398000000023],[112.72283300000004,16.50736100000006],[112.72277800000006,16.50728900000007],[112.72274900000002,16.50725200000005],[112.72269400000005,16.507180000000062],[112.72266600000012,16.507143000000042],[112.72261000000003,16.507071000000053],[112.7225820000001,16.507034000000033],[112.72252700000001,16.50696300000004],[112.72249900000008,16.50692600000002],[112.72247200000004,16.506890000000055],[112.72244400000011,16.506853000000035],[112.72241600000007,16.50681700000007],[112.72238800000002,16.50678000000005],[112.72236100000009,16.506744000000026],[112.72233300000005,16.506707000000063],[112.722305,16.50667100000004],[112.72225000000003,16.506598000000054],[112.7222230000001,16.506561000000033],[112.72219500000006,16.506525000000067],[112.72216800000001,16.506488000000047],[112.72214000000008,16.506452000000024],[112.72211300000004,16.50641500000006],[112.7220850000001,16.506379000000038],[112.72205800000006,16.506342000000075],[112.72203100000002,16.506306000000052],[112.72200300000009,16.50626900000003],[112.72197500000004,16.506232000000068],[112.72194800000011,16.506196000000045],[112.72192100000007,16.506159000000025],[112.72189400000002,16.50612300000006],[112.72183900000005,16.506049000000075],[112.72181200000011,16.506013000000053],[112.72175800000002,16.50593900000007],[112.7217300000001,16.505903000000046],[112.72167600000012,16.505829000000062],[112.72164900000007,16.505792000000042],[112.72162200000002,16.505756000000076],[112.7215950000001,16.505719000000056],[112.72156800000005,16.505682000000036],[112.72151300000007,16.505608000000052],[112.72146000000009,16.505535000000066],[112.72140600000012,16.505461000000025],[112.72137900000007,16.505424000000062],[112.72132600000009,16.50535000000002],[112.72129900000004,16.505314000000055],[112.72127200000011,16.505277000000035],[112.72122600000012,16.505214000000024],[112.72117700000001,16.505145000000027],[112.72111200000006,16.505055000000027],[112.72108600000001,16.505018000000064],[112.7210060000001,16.50490700000006],[112.72095300000001,16.504831000000024],[112.72092600000008,16.50479400000006],[112.72090000000003,16.50475700000004],[112.7208740000001,16.504720000000077],[112.72082100000011,16.504646000000037],[112.72079500000007,16.504609000000073],[112.72076900000002,16.504571000000055],[112.7207350000001,16.50452400000006],[112.7206900000001,16.50446000000005],[112.72066400000006,16.504422000000034],[112.72061200000007,16.504347000000053],[112.72058600000003,16.504310000000032],[112.72056000000009,16.50427200000007],[112.72050800000011,16.50419800000003],[112.72048200000006,16.50416000000007],[112.72045600000001,16.50412300000005],[112.72040500000003,16.50404800000007],[112.7203790000001,16.504011000000048],[112.72035300000005,16.503972000000033],[112.72032700000011,16.50393500000007],[112.72030200000006,16.50389700000005],[112.72027600000001,16.50386000000003],[112.72025100000008,16.50382200000007],[112.7201990000001,16.503747000000033],[112.72017400000004,16.50370900000007],[112.72014800000011,16.50367200000005],[112.72012300000006,16.503633000000036],[112.72009800000001,16.503596000000073],[112.72007200000007,16.503558000000055],[112.72004700000002,16.503520000000037],[112.72002200000009,16.503482000000076],[112.71999700000003,16.50344400000006],[112.7199720000001,16.50340700000004],[112.71987200000001,16.503254000000027],[112.71984800000007,16.503216000000066],[112.71982300000002,16.50317700000005],[112.71979900000008,16.503138000000035],[112.71975000000009,16.503062000000057],[112.7197010000001,16.502985000000024],[112.71967700000005,16.502946000000065],[112.71965300000011,16.502908000000048],[112.71962900000005,16.502868000000035],[112.71960500000012,16.502830000000074],[112.71958100000006,16.502792000000056],[112.71953300000007,16.502715000000023],[112.71948500000008,16.502636000000052],[112.71946100000002,16.502598000000035],[112.71943800000008,16.502558000000022],[112.71941500000003,16.502519000000063],[112.71936800000003,16.50244200000003],[112.71932100000004,16.50236300000006],[112.7192970000001,16.502324000000044],[112.71927400000004,16.50228400000003],[112.7192510000001,16.50224600000007],[112.71922900000004,16.502207000000055],[112.71918200000005,16.502128000000027],[112.71913700000005,16.50204800000006],[112.71909100000005,16.50197000000003],[112.7190680000001,16.501930000000073],[112.7190230000001,16.501852000000042],[112.7189780000001,16.501772000000074],[112.71895600000005,16.50173200000006],[112.71891100000005,16.501653000000033],[112.7188890000001,16.501613000000077],[112.71886700000005,16.501573000000064],[112.7188000000001,16.501454000000024],[112.71877800000004,16.50141300000007],[112.7187560000001,16.501374000000055],[112.71873500000004,16.501334000000043],[112.7187130000001,16.50129400000003],[112.71869100000004,16.501254000000074],[112.71866900000009,16.501213000000064],[112.71864700000003,16.50117400000005],[112.71862600000009,16.50113300000004],[112.71860400000003,16.501093000000026],[112.71858200000008,16.501052000000072],[112.71856100000002,16.501013000000057],[112.71845400000007,16.500811000000056],[112.718432,16.500771000000043],[112.71841100000006,16.50073100000003],[112.71839000000011,16.500690000000077],[112.71836900000005,16.500650000000064],[112.7183480000001,16.50061000000005],[112.7183060000001,16.50052900000003],[112.71828500000004,16.500488000000075],[112.71826400000009,16.500448000000063],[112.71824300000003,16.500406000000055],[112.71821200000011,16.50034500000004],[112.71818000000007,16.500285000000076],[112.71816000000001,16.500244000000066],[112.71811900000012,16.500163000000043],[112.71809800000005,16.500121000000036],[112.71807700000011,16.500081000000023],[112.71805700000004,16.50004000000007],[112.7180360000001,16.500000000000057],[112.71801600000003,16.49995800000005],[112.71799600000008,16.499918000000036],[112.71797500000002,16.499877000000026],[112.71795500000007,16.499836000000073],[112.71791400000006,16.49975500000005],[112.71789400000011,16.499713000000042],[112.7178530000001,16.499632000000076],[112.71783400000004,16.499591000000066],[112.71781400000009,16.499550000000056],[112.71779300000003,16.499509000000046],[112.7177170000001,16.499352000000044],[112.71770800000002,16.499332000000038],[112.71768300000008,16.49928200000005],[112.71765400000004,16.49922200000003],[112.71763400000009,16.499180000000024],[112.71761400000003,16.499140000000068],[112.71759500000007,16.49909800000006],[112.71757500000001,16.499058000000048],[112.71753600000011,16.498974000000032],[112.71751600000005,16.498934000000077],[112.7174960000001,16.49889200000007],[112.71747700000003,16.498852000000056],[112.71745700000008,16.49881000000005],[112.71741300000008,16.498718000000054],[112.71734000000004,16.498563000000047],[112.71732100000008,16.49852100000004],[112.71730100000002,16.498481000000027],[112.71726300000012,16.498397000000068],[112.71724400000005,16.498357000000055],[112.71720500000004,16.498274000000038],[112.71716700000002,16.498191000000077],[112.71712800000012,16.49810800000006],[112.71710900000005,16.498068000000046],[112.7170900000001,16.49802600000004],[112.71705200000008,16.497943000000078],[112.71703300000001,16.497902000000067],[112.71701400000006,16.497861000000057],[112.71699500000011,16.49781900000005],[112.71697600000005,16.49777800000004],[112.7169570000001,16.49773700000003],[112.71693800000003,16.49769500000002],[112.71692000000007,16.497654000000068],[112.71690000000001,16.49761200000006],[112.71688100000006,16.497572000000048],[112.7168630000001,16.49753000000004],[112.71682500000009,16.497447000000022],[112.71678700000007,16.49736500000006],[112.71676900000011,16.49732300000005],[112.71674000000007,16.497261000000037],[112.71671200000003,16.497199000000023],[112.71667500000001,16.497116000000062],[112.71665600000006,16.49707600000005],[112.71661900000004,16.496992000000034],[112.71658100000002,16.49691000000007],[112.71656300000006,16.49686900000006],[112.71654400000011,16.496827000000053],[112.71652500000005,16.496785000000045],[112.71650700000009,16.496744000000035],[112.71648800000003,16.496703000000025],[112.716451,16.496620000000064],[112.7164140000001,16.496537000000046],[112.71639500000003,16.496496000000036],[112.71635800000001,16.496413000000075],[112.71634000000006,16.496371000000067],[112.71628500000008,16.49624700000004],[112.71626600000002,16.49620600000003],[112.71621000000005,16.49608100000006],[112.71619300000009,16.49604000000005],[112.71613700000012,16.495915000000025],[112.71611900000005,16.495873000000074],[112.71608200000003,16.495790000000056],[112.71606400000007,16.49574800000005],[112.716046,16.495708000000036],[112.71602800000005,16.49566600000003],[112.7160090000001,16.495624000000078],[112.71599100000003,16.495583000000067],[112.71597300000008,16.49554100000006],[112.71595500000001,16.495499000000052],[112.71593600000006,16.495458000000042],[112.7159190000001,16.495416000000034],[112.71590000000003,16.495375000000024],[112.71586400000001,16.495291000000066],[112.71584600000006,16.495250000000055],[112.71581000000003,16.49516600000004],[112.71579100000008,16.49512500000003],[112.71576900000002,16.495073000000048],[112.7157370000001,16.49500000000006],[112.71571900000004,16.494958000000054],[112.71570100000008,16.494917000000044],[112.71568300000001,16.49487400000004],[112.7156470000001,16.494791000000077],[112.71562900000004,16.49474900000007],[112.71559000000002,16.494657000000075],[112.71554000000003,16.494541000000027],[112.71550400000001,16.494458000000066],[112.71548600000006,16.49441500000006],[112.71545000000003,16.494332000000043],[112.71543300000008,16.494290000000035],[112.71539700000005,16.494207000000074],[112.7153790000001,16.494165000000066],[112.71536200000003,16.49412200000006],[112.715326,16.494039000000043],[112.71530900000005,16.493997000000036],[112.71527300000002,16.493914000000075],[112.71525500000007,16.49387100000007],[112.71523700000012,16.49383000000006],[112.71522000000004,16.493788000000052],[112.71520200000009,16.493746000000044],[112.71517600000004,16.493683000000033],[112.71515000000011,16.49362000000002],[112.71513200000004,16.493579000000068],[112.71509700000001,16.49349600000005],[112.71507900000006,16.493453000000045],[112.71504400000003,16.493370000000027],[112.71502600000008,16.493328000000076],[112.71500900000001,16.49328500000007],[112.7149740000001,16.493202000000053],[112.71495600000003,16.493160000000046],[112.71493900000007,16.49311700000004],[112.71490400000005,16.493034000000023],[112.71488700000009,16.492991000000075],[112.71483500000011,16.49286600000005],[112.71481800000004,16.49282400000004],[112.71480000000008,16.492782000000034],[112.71478300000001,16.492740000000026],[112.71476600000005,16.492698000000075],[112.71473100000003,16.49261400000006],[112.71471400000007,16.492572000000052],[112.71467900000005,16.492488000000037],[112.7146560000001,16.492432000000065],[112.71462800000006,16.492361000000074],[112.71459300000004,16.492278000000056],[112.71457600000008,16.49223500000005],[112.71454100000005,16.492152000000033],[112.7145250000001,16.492109000000028],[112.71450700000003,16.492067000000077],[112.71449100000007,16.49202500000007],[112.71445600000004,16.491941000000054],[112.71443900000008,16.491899000000046],[112.71442200000001,16.49185700000004],[112.71440500000006,16.491814000000034],[112.7143880000001,16.491773000000023],[112.71437100000003,16.491731000000073],[112.71435400000007,16.491688000000067],[112.71433700000011,16.491647000000057],[112.71432000000004,16.491604000000052],[112.71430300000009,16.491562000000044],[112.71428600000002,16.49151900000004],[112.71426900000006,16.49147800000003],[112.7142530000001,16.491435000000024],[112.71423500000003,16.491393000000073],[112.71421800000007,16.491352000000063],[112.71420200000011,16.491309000000058],[112.71418500000004,16.49126700000005],[112.71416800000009,16.491224000000045],[112.71415100000002,16.491183000000035],[112.71413400000006,16.49114000000003],[112.7141170000001,16.491098000000022],[112.71410100000003,16.49105600000007],[112.71408400000007,16.491014000000064],[112.71406700000011,16.49097100000006],[112.71405000000004,16.49093000000005],[112.71403400000008,16.490887000000043],[112.71401700000001,16.490845000000036],[112.71400000000006,16.49080200000003],[112.7139830000001,16.490761000000077],[112.71396700000003,16.490718000000072],[112.71395000000007,16.490676000000065],[112.71392100000003,16.49060300000002],[112.71390000000008,16.490549000000044],[112.71388300000001,16.490507000000036],[112.71386700000005,16.49046500000003],[112.71383400000002,16.490380000000073],[112.71381700000006,16.490338000000065],[112.7138000000001,16.490296000000058],[112.71378400000003,16.490253000000052],[112.71376700000008,16.490212000000042],[112.71375,16.490169000000037],[112.71373400000004,16.490126000000032],[112.71371800000009,16.490084000000024],[112.71370100000001,16.490042000000074],[112.71368500000005,16.490000000000066],[112.7136680000001,16.48995700000006],[112.71360300000003,16.489788000000033],[112.71358600000008,16.489746000000025],[112.71357000000012,16.489703000000077],[112.71354900000006,16.489649000000043],[112.71352000000002,16.489577000000054],[112.71350400000006,16.48953400000005],[112.71347100000003,16.489450000000033],[112.71343900000011,16.489364000000023],[112.71340600000008,16.489280000000065],[112.71339000000012,16.48923700000006],[112.71337400000004,16.489195000000052],[112.71335800000008,16.489152000000047],[112.71334100000001,16.489111000000037],[112.7133090000001,16.489025000000026],[112.71329300000002,16.488984000000073],[112.71324400000003,16.488855000000058],[112.71322800000007,16.488814000000048],[112.71319600000004,16.488728000000037],[112.71318000000008,16.48868600000003],[112.713164,16.488644000000022],[112.71314800000005,16.488601000000074],[112.71313200000009,16.488559000000066],[112.71309900000006,16.488474000000053],[112.7130840000001,16.48843100000005],[112.71306800000002,16.48838900000004],[112.71305200000006,16.488346000000035],[112.7130360000001,16.488304000000028],[112.71302000000003,16.488262000000077],[112.71300400000007,16.488219000000072],[112.71298800000011,16.488176000000067],[112.71297200000004,16.48813400000006],[112.71294000000012,16.488049000000046],[112.71292400000004,16.48800700000004],[112.71287700000005,16.487879000000078],[112.71286100000009,16.48783700000007],[112.71283900000003,16.487780000000043],[112.7128130000001,16.487709000000052],[112.71278200000006,16.48762400000004],[112.7127660000001,16.48758200000003],[112.7127190000001,16.48745400000007],[112.71270300000003,16.487412000000063],[112.71267200000011,16.48732700000005],[112.71264000000008,16.48724100000004],[112.71262500000012,16.487199000000032],[112.71260900000004,16.487157000000025],[112.71259300000008,16.487114000000076],[112.71256200000005,16.487028000000066],[112.71254600000009,16.486987000000056],[112.7124990000001,16.48685800000004],[112.71248400000002,16.486816000000033],[112.71246900000006,16.486774000000025],[112.71243800000002,16.486688000000072],[112.71239100000003,16.486560000000054],[112.71237600000006,16.486518000000046],[112.71234500000003,16.486433000000034],[112.71233000000007,16.48639000000003],[112.71229900000003,16.486304000000075],[112.7122690000001,16.486219000000062],[112.71225300000003,16.486177000000055],[112.71223800000007,16.48613400000005],[112.71219300000007,16.48600600000003],[112.71213300000011,16.485835000000066],[112.71211900000003,16.48579200000006],[112.71208800000011,16.485707000000048],[112.71207400000003,16.485664000000043],[112.71205900000007,16.485621000000037],[112.71203000000003,16.485535000000027],[112.71201500000006,16.485493000000076],[112.7120010000001,16.485449000000074],[112.71190000000001,16.485149000000035],[112.71187200000008,16.485063000000025],[112.71184300000004,16.48497700000007],[112.71182900000008,16.484934000000067],[112.71181400000012,16.484890000000064],[112.71180100000004,16.48484700000006],[112.71178600000007,16.48480500000005],[112.71177200000011,16.484762000000046],[112.71175900000003,16.484718000000044],[112.71174400000007,16.48467500000004],[112.71171600000002,16.484590000000026],[112.71170300000006,16.484546000000023],[112.71166100000005,16.484417000000064],[112.71164700000008,16.484373000000062],[112.71162000000004,16.48428800000005],[112.71160600000007,16.484244000000047],[112.71159300000011,16.48420100000004],[112.71157900000003,16.484158000000036],[112.7115520000001,16.48407100000003],[112.71153800000002,16.484029000000078],[112.71152500000005,16.483985000000075],[112.71151100000009,16.48394200000007],[112.71149700000001,16.483898000000067],[112.71148400000004,16.483855000000062],[112.71147000000008,16.483812000000057],[112.71145600000011,16.483768000000055],[112.71144300000003,16.483726000000047],[112.71143000000006,16.483682000000044],[112.7114160000001,16.48363900000004],[112.71140300000002,16.483596000000034],[112.71139000000005,16.48355200000003],[112.71137600000009,16.483509000000026],[112.711363,16.483465000000024],[112.71135000000004,16.483423000000073],[112.71133700000007,16.48337900000007],[112.7113230000001,16.483336000000065],[112.71131000000003,16.483292000000063],[112.71129700000006,16.483249000000058],[112.71128400000009,16.483205000000055],[112.71125700000005,16.483120000000042],[112.71123100000011,16.483033000000034],[112.71121800000003,16.482989000000032],[112.71120500000006,16.482946000000027],[112.7111910000001,16.482902000000024],[112.71117800000002,16.482860000000073],[112.71116600000005,16.48281600000007],[112.71115200000008,16.482772000000068],[112.71113900000012,16.482729000000063],[112.71112600000004,16.48268500000006],[112.71111300000007,16.482642000000055],[112.7111000000001,16.482598000000053],[112.71108700000002,16.482555000000048],[112.71107400000005,16.482511000000045],[112.71106100000009,16.482469000000037],[112.71104900000012,16.482425000000035],[112.71103500000004,16.48238200000003],[112.71102300000007,16.482338000000027],[112.7110090000001,16.482295000000022],[112.71099700000002,16.482251000000076],[112.71098300000006,16.482207000000074],[112.71097100000009,16.482165000000066],[112.710958,16.482121000000063],[112.71094500000004,16.482078000000058],[112.71093200000007,16.482034000000056],[112.7109200000001,16.48199100000005],[112.71090600000002,16.481947000000048],[112.71089400000005,16.481903000000045],[112.71088100000009,16.48186000000004],[112.710868,16.481816000000038],[112.71085500000004,16.48177400000003],[112.7108300000001,16.481686000000025],[112.71080700000005,16.48160900000005],[112.71079100000009,16.48155600000007],[112.71076600000004,16.481468000000064],[112.71075300000007,16.481426000000056],[112.7107400000001,16.481382000000053],[112.71072700000002,16.481339000000048],[112.71071400000005,16.481295000000046],[112.71070200000008,16.481251000000043],[112.71068900000012,16.481208000000038],[112.71067600000003,16.481164000000035],[112.71066400000007,16.48112100000003],[112.7106500000001,16.481078000000025],[112.71063800000002,16.481034000000022],[112.71062000000006,16.480972000000065],[112.71060000000011,16.480904000000066],[112.71057500000006,16.48081600000006],[112.7105620000001,16.480773000000056],[112.71054900000001,16.480729000000053],[112.71053600000005,16.480687000000046],[112.71051100000011,16.48059900000004],[112.71049800000003,16.480556000000036],[112.71048500000006,16.480512000000033],[112.7104720000001,16.48046800000003],[112.71045900000001,16.480425000000025],[112.71044700000004,16.480381000000023],[112.71043400000008,16.480339000000072],[112.71040900000003,16.480251000000067],[112.71039500000006,16.48020800000006],[112.71038300000009,16.48016400000006],[112.71037000000001,16.480121000000054],[112.71034500000007,16.48003300000005],[112.71033100000011,16.47999100000004],[112.71031900000003,16.47994700000004],[112.71030600000006,16.479904000000033],[112.71029300000009,16.47986000000003],[112.71028000000001,16.479817000000025],[112.71025500000007,16.479729000000077],[112.71024200000011,16.479686000000072],[112.71022900000003,16.479643000000067],[112.71021600000006,16.47960000000006],[112.71020300000009,16.47955600000006],[112.71019000000001,16.479513000000054],[112.71017700000004,16.47946900000005],[112.71016400000008,16.47942500000005],[112.71015100000011,16.479382000000044],[112.71013800000003,16.47933800000004],[112.71012500000006,16.479296000000033],[112.71011300000009,16.47925200000003],[112.71009900000001,16.479209000000026],[112.71008700000004,16.479165000000023],[112.71007300000008,16.479122000000075],[112.71006000000011,16.479078000000072],[112.71004700000003,16.479035000000067],[112.7100210000001,16.47894800000006],[112.71000800000002,16.478905000000054],[112.70999500000005,16.47886100000005],[112.70998200000008,16.478818000000047],[112.70996900000011,16.478774000000044],[112.70995600000003,16.47873100000004],[112.70994300000007,16.478687000000036],[112.7099290000001,16.47864400000003],[112.70991600000002,16.478601000000026],[112.70990300000005,16.478558000000078],[112.70989000000009,16.478514000000075],[112.70986300000004,16.478428000000065],[112.70985000000007,16.478384000000062],[112.7098370000001,16.478342000000055],[112.70982300000003,16.478298000000052],[112.70981000000006,16.478255000000047],[112.7097970000001,16.478211000000044],[112.70978300000002,16.47816800000004],[112.70977000000005,16.478124000000037],[112.70974300000012,16.478039000000024],[112.70972900000004,16.47799500000002],[112.70971600000007,16.477952000000073],[112.7097020000001,16.47790800000007],[112.70968900000003,16.477865000000065],[112.70967500000006,16.47782200000006],[112.7096620000001,16.477778000000058],[112.70964800000002,16.47773600000005],[112.70963500000005,16.477692000000047],[112.709607,16.477606000000037],[112.70959400000004,16.477562000000034],[112.70956600000011,16.47747700000002],[112.70955300000003,16.477433000000076],[112.70953900000006,16.47739000000007],[112.7095260000001,16.477347000000066],[112.70951200000002,16.477303000000063],[112.70948500000009,16.477216000000055],[112.70947100000001,16.477174000000048],[112.70945800000004,16.477131000000043],[112.70944400000008,16.47708700000004],[112.70943100000011,16.477044000000035],[112.70941700000003,16.47700100000003],[112.70940400000006,16.476957000000027],[112.7093900000001,16.476915000000076],[112.70936300000005,16.47682800000007],[112.70934900000009,16.476785000000064],[112.70933600000001,16.47674100000006],[112.70932200000004,16.476698000000056],[112.70930900000008,16.476654000000053],[112.70929500000011,16.476612000000046],[112.70928100000003,16.47656900000004],[112.70926800000007,16.476525000000038],[112.7092540000001,16.476482000000033],[112.70923500000004,16.476423000000068],[112.70921300000009,16.476353000000074],[112.70920000000001,16.47630900000007],[112.70918600000005,16.476266000000066],[112.70917300000008,16.47622300000006],[112.70915900000011,16.47617900000006],[112.70914600000003,16.476136000000054],[112.70913200000007,16.47609200000005],[112.70910500000002,16.47600700000004],[112.70909100000006,16.475963000000036],[112.70907800000009,16.47592000000003],[112.70906400000001,16.475877000000025],[112.70905000000005,16.475833000000023],[112.70903700000008,16.475791000000072],[112.70902300000012,16.47574700000007],[112.70901000000003,16.475704000000064],[112.70899600000007,16.47566100000006],[112.7089820000001,16.475617000000057],[112.70896900000002,16.47557400000005],[112.70895500000006,16.475531000000046],[112.70894200000009,16.47548800000004],[112.70892800000001,16.475445000000036],[112.70890100000008,16.47535800000003],[112.70888700000012,16.475315000000023],[112.70887400000004,16.475271000000077],[112.70886000000007,16.47522900000007],[112.7088470000001,16.475185000000067],[112.70881900000006,16.475099000000057],[112.7088060000001,16.475055000000054],[112.70877800000005,16.47497000000004],[112.70876500000008,16.47492600000004],[112.708751,16.474883000000034],[112.70873800000004,16.47483900000003],[112.70871000000011,16.474753000000078],[112.70869700000003,16.474709000000075],[112.7086690000001,16.474624000000063],[112.70865600000002,16.47458000000006],[112.70862800000009,16.47449400000005],[112.70861500000001,16.474450000000047],[112.70860100000004,16.47440800000004],[112.70858800000008,16.474364000000037],[112.70857400000011,16.47432100000003],[112.70856000000003,16.474278000000027],[112.70854700000007,16.474234000000024],[112.70851900000002,16.47414800000007],[112.70850600000006,16.474105000000066],[112.70847800000001,16.474019000000055],[112.70846400000005,16.473975000000053],[112.70845000000008,16.473932000000048],[112.70843700000012,16.47389000000004],[112.70842300000004,16.473846000000037],[112.7083960000001,16.473760000000027],[112.70838200000003,16.473716000000024],[112.70836800000006,16.473673000000076],[112.7083550000001,16.47363000000007],[112.70834100000002,16.473587000000066],[112.70831300000009,16.473501000000056],[112.70829900000001,16.473457000000053],[112.70827200000008,16.473371000000043],[112.70825800000011,16.47332700000004],[112.70823000000007,16.473242000000027],[112.7082160000001,16.473198000000025],[112.70818900000006,16.47311200000007],[112.7081750000001,16.47306800000007],[112.70814700000005,16.472983000000056],[112.70813300000009,16.472939000000054],[112.70810600000004,16.472853000000043],[112.70809200000008,16.472811000000036],[112.70807800000011,16.472767000000033],[112.70805000000007,16.472681000000023],[112.7080360000001,16.472637000000077],[112.70802300000003,16.472594000000072],[112.70800800000006,16.472552000000064],[112.7079940000001,16.47250800000006],[112.70795300000009,16.472379000000046],[112.70793800000001,16.472335000000044],[112.70789700000012,16.472207000000026],[112.70788200000004,16.472163000000023],[112.70785500000011,16.47207700000007],[112.70784000000003,16.472035000000062],[112.70782700000007,16.47199100000006],[112.7078130000001,16.471948000000054],[112.70779800000003,16.47190500000005],[112.70778000000007,16.471850000000074],[112.70775600000002,16.471776000000034],[112.70774200000005,16.47173300000003],[112.70772800000009,16.471690000000024],[112.70771400000001,16.471646000000078],[112.70770000000005,16.471603000000073],[112.70768500000008,16.471561000000065],[112.707671,16.47151800000006],[112.70765700000004,16.471474000000057],[112.70764300000008,16.471431000000052],[112.70761400000004,16.471345000000042],[112.70760100000007,16.471303000000034],[112.7075860000001,16.471259000000032],[112.70757200000003,16.471216000000027],[112.70755800000006,16.47117300000002],[112.70752900000002,16.471088000000066],[112.70751500000006,16.471044000000063],[112.70748600000002,16.470958000000053],[112.70744300000001,16.470830000000035],[112.70742900000005,16.470786000000032],[112.7074060000001,16.470717000000036],[112.70739500000002,16.470684000000062],[112.70737900000006,16.470638000000065],[112.70735700000012,16.47057200000006],[112.70734300000004,16.47052800000006],[112.70732800000008,16.470485000000053],[112.70728500000007,16.470357000000035],[112.7072710000001,16.47031400000003],[112.70725600000003,16.470271000000025],[112.70724100000007,16.470228000000077],[112.7072270000001,16.470184000000074],[112.70719800000006,16.47009900000006],[112.7071830000001,16.470056000000056],[112.70716900000002,16.47001300000005],[112.7071400000001,16.46992800000004],[112.70712500000002,16.469884000000036],[112.70711000000006,16.46984100000003],[112.70709600000009,16.469798000000026],[112.70706700000005,16.46971300000007],[112.70705200000009,16.469670000000065],[112.70703800000001,16.469626000000062],[112.70700900000008,16.469540000000052],[112.70699400000001,16.469498000000044],[112.70697900000005,16.46945500000004],[112.70696400000008,16.469412000000034],[112.70695,16.46936800000003],[112.70693500000004,16.469325000000026],[112.70692000000008,16.469283000000075],[112.706905,16.46924000000007],[112.70689100000004,16.469197000000065],[112.70686100000012,16.469111000000055],[112.70684600000004,16.469069000000047],[112.70683100000008,16.469025000000045],[112.70678600000008,16.46889600000003],[112.70677,16.46885400000002],[112.70674000000008,16.46876800000007],[112.70667800000001,16.468597000000045],[112.70666200000005,16.468555000000038],[112.70663900000011,16.46849000000003],[112.70661600000005,16.468427000000077],[112.70658300000002,16.468341000000066],[112.70656800000006,16.468300000000056],[112.7065520000001,16.46825700000005],[112.70651900000007,16.46817200000004],[112.70650300000011,16.46813000000003],[112.70648600000004,16.468087000000025],[112.70646900000008,16.468045000000075],[112.70645300000001,16.468003000000067],[112.70643600000005,16.46796100000006],[112.7064190000001,16.467918000000054],[112.70640200000003,16.467876000000047],[112.70638500000007,16.467835000000036],[112.70636700000011,16.46779200000003],[112.70635000000004,16.467750000000024],[112.70631500000002,16.467667000000063],[112.70629700000006,16.467626000000052],[112.7062800000001,16.467583000000047],[112.70626200000004,16.46754100000004],[112.70624400000008,16.467499000000032],[112.70622600000002,16.467458000000022],[112.70620700000006,16.46741700000007],[112.70618300000001,16.467363000000034],[112.70615200000009,16.467292000000043],[112.70611400000007,16.467210000000023],[112.706095,16.46716900000007],[112.70607500000006,16.46712800000006],[112.7060560000001,16.46708700000005],[112.70603700000004,16.46704600000004],[112.70601700000009,16.46700400000003],[112.70599700000002,16.466964000000075],[112.70597700000008,16.466924000000063],[112.70595700000001,16.466882000000055],[112.70591700000011,16.466801000000032],[112.70589700000005,16.466760000000022],[112.7058770000001,16.466720000000066],[112.70585700000004,16.46667800000006],[112.70581500000003,16.466594000000043],[112.705779,16.466523000000052],[112.70573500000012,16.466435000000047],[112.70571500000005,16.466394000000037],[112.70569400000011,16.466353000000026],[112.7056540000001,16.46627200000006],[112.70563300000003,16.466232000000048],[112.70559200000002,16.466151000000025],[112.70557200000007,16.46611000000007],[112.70555100000001,16.46607000000006],[112.70551000000012,16.465989000000036],[112.70548900000006,16.465948000000026],[112.70544800000005,16.465868000000057],[112.7054280000001,16.465827000000047],[112.70537500000012,16.465725000000077],[112.70533000000012,16.465637000000072],[112.70527300000003,16.465526000000068],[112.70521900000006,16.465422000000046],[112.70517700000005,16.465342000000078],[112.70513500000004,16.465262000000052],[112.7051140000001,16.465221000000042],[112.70507200000009,16.465140000000076],[112.70500900000002,16.465020000000038],[112.70498800000007,16.464979000000028],[112.70496600000001,16.464939000000072],[112.70494500000007,16.464898000000062],[112.704924,16.46485800000005],[112.70490300000006,16.464819000000034],[112.70488200000011,16.464778000000024],[112.70486000000005,16.464738000000068],[112.70481800000005,16.464658000000043],[112.7047540000001,16.464536000000066],[112.70473200000004,16.46449700000005],[112.70469000000003,16.46441600000003],[112.70466900000008,16.464376000000073],[112.70464700000002,16.46433600000006],[112.70458300000007,16.464215000000024],[112.70454000000007,16.464135000000056],[112.70451800000001,16.464094000000046],[112.70449700000006,16.46405500000003],[112.70445400000006,16.463974000000064],[112.70443300000011,16.46393500000005],[112.70441100000005,16.46389400000004],[112.70436800000004,16.463815000000068],[112.70432500000004,16.463734000000045],[112.7043030000001,16.463694000000032],[112.70426000000009,16.463613000000066],[112.70423800000003,16.46357400000005],[112.70419500000003,16.463493000000028],[112.70417300000008,16.46345400000007],[112.70415200000002,16.46341300000006],[112.70410900000002,16.463333000000034],[112.70408700000007,16.46329300000002],[112.70406500000001,16.463254000000063],[112.70404400000007,16.463213000000053],[112.70402200000001,16.46317300000004],[112.703978,16.46309300000007],[112.70395700000006,16.46305200000006],[112.70393500000011,16.463013000000046],[112.70391400000005,16.462973000000034],[112.70389100000011,16.462933000000078],[112.70387000000005,16.462893000000065],[112.70384800000011,16.462852000000055],[112.70382600000005,16.46281300000004],[112.7038050000001,16.46277200000003],[112.70378300000004,16.46273300000007],[112.7037610000001,16.46269300000006],[112.70373900000004,16.46265200000005],[112.7037170000001,16.462613000000033],[112.70369600000004,16.462572000000023],[112.70367400000009,16.462533000000064],[112.70365200000003,16.462493000000052],[112.70363000000009,16.46245200000004],[112.70360800000003,16.462413000000026],[112.70358700000008,16.462372000000073],[112.70356500000003,16.462333000000058],[112.70354400000008,16.462292000000048],[112.70352200000002,16.462253000000032],[112.70350000000008,16.462213000000077],[112.70347800000002,16.462172000000066],[112.70345600000007,16.46213300000005],[112.70343400000002,16.46209200000004],[112.70337700000005,16.461987000000022],[112.70336400000008,16.461963000000026],[112.70332500000006,16.461892000000034],[112.703303,16.461853000000076],[112.70328200000006,16.461812000000066],[112.70326000000011,16.46177300000005],[112.70323900000005,16.461733000000038],[112.70321700000011,16.461692000000028],[112.70319500000005,16.46165300000007],[112.7031730000001,16.46161200000006],[112.70315100000005,16.461573000000044],[112.7031290000001,16.461532000000034],[112.70310800000004,16.461492000000078],[112.7030860000001,16.461453000000063],[112.70306400000004,16.461412000000053],[112.7030420000001,16.461373000000037],[112.70302100000004,16.461332000000027],[112.70299900000009,16.46129200000007],[112.70297700000003,16.461253000000056],[112.70295600000009,16.461212000000046],[112.70293400000003,16.46117300000003],[112.70291200000008,16.461132000000077],[112.70287900000005,16.46107200000006],[112.70284700000002,16.46101200000004],[112.70282500000008,16.46097100000003],[112.70280300000002,16.46093200000007],[112.70278200000007,16.460892000000058],[112.70276000000001,16.460852000000045],[112.70273900000007,16.460812000000033],[112.70269500000006,16.460732000000064],[112.70267400000012,16.46069200000005],[112.70263000000011,16.460612000000026],[112.70260900000005,16.460571000000073],[112.70256500000005,16.460492000000045],[112.7025440000001,16.460451000000035],[112.7025010000001,16.460371000000066],[112.70245800000009,16.460290000000043],[112.70243600000003,16.460251000000028],[112.70237200000008,16.46012900000005],[112.70235000000002,16.460090000000037],[112.70232900000008,16.460050000000024],[112.70228500000007,16.459970000000055],[112.70222100000001,16.459848000000022],[112.70220000000006,16.459809000000064],[112.7020500000001,16.459527000000037],[112.70202900000004,16.459487000000024],[112.70200800000009,16.45944700000007],[112.70196900000008,16.459373000000028],[112.7019600000001,16.459357000000068],[112.70192300000008,16.459286000000077],[112.70190200000002,16.459246000000064],[112.70188100000007,16.459205000000054],[112.70185900000001,16.45916500000004],[112.70183900000006,16.45912400000003],[112.701817,16.459084000000075],[112.70179600000006,16.459043000000065],[112.70177500000011,16.45900400000005],[112.70175400000005,16.458964000000037],[112.7017330000001,16.458923000000027],[112.70167000000004,16.45880200000005],[112.70164900000009,16.458761000000038],[112.70154500000001,16.458559000000037],[112.70152400000006,16.458519000000024],[112.70149600000002,16.458466000000044],[112.70139900000004,16.45827600000007],[112.70135800000003,16.45819400000005],[112.70133700000008,16.458154000000036],[112.70131700000002,16.458113000000026],[112.70129600000007,16.45807300000007],[112.70127500000001,16.458033000000057],[112.70125500000006,16.457992000000047],[112.70123400000011,16.457952000000034],[112.70121400000005,16.457911000000024],[112.70117200000004,16.457830000000058],[112.70113100000003,16.457749000000035],[112.70111100000008,16.457709000000023],[112.70109000000002,16.45766700000007],[112.70107000000007,16.45762700000006],[112.70102900000006,16.457546000000036],[112.70100800000012,16.457505000000026],[112.70092700000009,16.45734200000004],[112.70088600000008,16.457261000000074],[112.70084600000007,16.45718000000005],[112.70082500000001,16.457138000000043],[112.70078500000011,16.457057000000077],[112.7007440000001,16.45697700000005],[112.70072400000004,16.456935000000044],[112.70068400000002,16.456854000000078],[112.70064300000001,16.456773000000055],[112.70062300000006,16.456731000000048],[112.70059300000003,16.45667100000003],[112.7005620000001,16.45661000000007],[112.70052200000009,16.45652800000005],[112.70048200000008,16.456447000000026],[112.70046200000002,16.456405000000075],[112.70044100000007,16.456365000000062],[112.70040100000006,16.45628300000004],[112.7003810000001,16.45624200000003],[112.70036100000004,16.456202000000076],[112.7003410000001,16.456161000000066],[112.70030100000008,16.456079000000045],[112.70028100000002,16.456039000000033],[112.700241,16.45595600000007],[112.70022100000006,16.45591600000006],[112.7002010000001,16.45587400000005],[112.7001610000001,16.45579300000003],[112.70010100000002,16.455671000000052],[112.70008100000007,16.455630000000042],[112.700061,16.45558900000003],[112.70004100000006,16.45554800000002],[112.70000100000004,16.455466000000058],[112.69998200000009,16.455426000000045],[112.69996200000003,16.455384000000038],[112.69994200000008,16.455343000000028],[112.69988200000012,16.45522100000005],[112.69986200000005,16.45518000000004],[112.6998420000001,16.45513900000003],[112.69982200000004,16.455098000000078],[112.69980200000009,16.455058000000065],[112.69978200000003,16.455016000000057],[112.69976300000008,16.454976000000045],[112.69974300000001,16.454935000000035],[112.69972300000006,16.454894000000024],[112.69969400000002,16.454834000000062],[112.699655,16.454754000000037],[112.69963800000005,16.45471900000007],[112.69958400000007,16.454608000000064],[112.69954400000006,16.454526000000044],[112.69952500000011,16.454484000000036],[112.69950400000005,16.454444000000024],[112.6994850000001,16.45440300000007],[112.69946500000003,16.45436200000006],[112.69944500000008,16.45432100000005],[112.69942500000002,16.45428000000004],[112.69937300000004,16.454172000000028],[112.6993460000001,16.454116000000056],[112.69932600000004,16.454075000000046],[112.69930600000009,16.454034000000036],[112.69928600000003,16.453994000000023],[112.69926700000008,16.453952000000072],[112.69924700000001,16.45391200000006],[112.69922700000006,16.45387100000005],[112.69920700000011,16.45383000000004],[112.69918700000005,16.45378900000003],[112.6991680000001,16.453748000000076],[112.69914700000004,16.453707000000065],[112.69912800000009,16.453667000000053],[112.69910800000002,16.453625000000045],[112.69908800000007,16.453584000000035],[112.69906800000001,16.453543000000025],[112.69901700000003,16.453438000000062],[112.6989860000001,16.453373000000056],[112.69895900000006,16.453319000000022],[112.69892900000002,16.453257000000065],[112.69891000000007,16.453216000000054],[112.69888900000001,16.453175000000044],[112.69887000000006,16.45313500000003],[112.6988500000001,16.453093000000024],[112.69883000000004,16.45305200000007],[112.6988100000001,16.453012000000058],[112.69879100000003,16.45297000000005],[112.69877000000008,16.452930000000038],[112.69875100000002,16.45288800000003],[112.69873100000007,16.452848000000074],[112.69871100000012,16.452807000000064],[112.69869100000005,16.452766000000054],[112.6986710000001,16.452725000000044],[112.69865100000004,16.45268500000003],[112.69863100000009,16.452643000000023],[112.69861100000003,16.452603000000067],[112.69853200000011,16.452440000000024],[112.6984920000001,16.452357000000063],[112.69847200000004,16.45231700000005],[112.69845200000009,16.452275000000043],[112.69843200000003,16.45223500000003],[112.6984020000001,16.452173000000073],[112.69837200000006,16.452112000000056],[112.69835200000011,16.452072000000044],[112.6983120000001,16.451990000000023],[112.69829200000004,16.45194900000007],[112.69827200000009,16.45190800000006],[112.69823200000008,16.451827000000037],[112.69821200000001,16.45178500000003],[112.69819200000006,16.451744000000076],[112.69817200000011,16.451704000000063],[112.69815200000005,16.451663000000053],[112.6981320000001,16.451622000000043],[112.69811200000004,16.451581000000033],[112.69807200000002,16.45149900000007],[112.69803100000001,16.451418000000047],[112.69799100000012,16.451336000000026],[112.69796000000008,16.45127400000007],[112.69793000000004,16.451215000000047],[112.69789100000003,16.451133000000027],[112.69783000000007,16.45101100000005],[112.69781000000012,16.45097000000004],[112.69776800000011,16.450887000000023],[112.6977290000001,16.450808000000052],[112.69770800000003,16.450766000000044],[112.69768800000008,16.45072600000003],[112.69766700000002,16.45068500000002],[112.69762700000001,16.450604000000055],[112.69760700000006,16.450564000000043],[112.69758600000011,16.450522000000035],[112.69756600000005,16.450481000000025],[112.6975450000001,16.45044100000007],[112.69750500000009,16.450360000000046],[112.69748400000003,16.450320000000033],[112.69746400000008,16.450279000000023],[112.69744300000002,16.450237000000072],[112.69742300000007,16.45019700000006],[112.69740200000001,16.45015600000005],[112.69738200000006,16.450116000000037],[112.69736100000011,16.450075000000027],[112.69734100000005,16.45003500000007],[112.6973200000001,16.449995000000058],[112.69730000000004,16.449954000000048],[112.69725800000003,16.449873000000025],[112.69723800000008,16.44983300000007],[112.69719600000008,16.449752000000046],[112.69715500000007,16.449670000000026],[112.697134,16.449629000000073],[112.69711400000006,16.44958900000006],[112.6970520000001,16.449467000000027],[112.69703100000004,16.44942800000007],[112.69700100000011,16.449370000000044],[112.6969600000001,16.449290000000076],[112.69688500000007,16.449144000000047],[112.69682300000011,16.449023000000068],[112.69680100000005,16.448982000000058],[112.69676000000004,16.448902000000032],[112.6967380000001,16.448862000000076],[112.69669600000009,16.448781000000054],[112.69667500000003,16.44874100000004],[112.69665400000008,16.44870000000003],[112.69662400000004,16.44864300000006],[112.69659100000001,16.44858000000005],[112.69657000000007,16.448540000000037],[112.69649500000003,16.448397000000057],[112.69647800000007,16.44836600000002],[112.69644200000005,16.448298000000023],[112.6964200000001,16.448258000000067],[112.69639900000004,16.448218000000054],[112.6963780000001,16.448177000000044],[112.69635700000003,16.44813700000003],[112.69633500000009,16.448098000000073],[112.69629200000008,16.44801700000005],[112.69627100000002,16.447977000000037],[112.69622800000002,16.44789600000007],[112.69620600000007,16.447857000000056],[112.69618400000002,16.447817000000043],[112.69614100000001,16.447737000000075],[112.69612000000006,16.447696000000064],[112.696098,16.44765700000005],[112.69607600000006,16.44761600000004],[112.69605400000012,16.447577000000024],[112.69603300000006,16.447537000000068],[112.69601100000011,16.447497000000055],[112.69598900000005,16.447457000000043],[112.69596700000011,16.447416000000032],[112.69594500000005,16.447377000000074],[112.6959230000001,16.44733700000006],[112.69590100000005,16.44729700000005],[112.6958800000001,16.447257000000036],[112.69585800000004,16.447217000000023],[112.6958360000001,16.447177000000067],[112.6957920000001,16.44709800000004],[112.69577000000004,16.447058000000027],[112.6957480000001,16.44701800000007],[112.69572600000004,16.44697800000006],[112.69569600000011,16.446924000000024],[112.69566900000007,16.44687600000003],[112.69563700000003,16.446819000000062],[112.69561500000009,16.44677900000005],[112.69559300000003,16.446740000000034],[112.69557100000009,16.446699000000024],[112.69554900000003,16.446660000000065],[112.69552600000009,16.44662100000005],[112.69550400000003,16.44658000000004],[112.69548200000008,16.446541000000025],[112.69546000000003,16.44650100000007],[112.69543800000008,16.446461000000056],[112.69539300000008,16.44638200000003],[112.69537100000002,16.446342000000072],[112.69534800000008,16.44630200000006],[112.69532600000002,16.446263000000044],[112.69530400000008,16.44622400000003],[112.69528100000002,16.446183000000076],[112.69525800000008,16.44614400000006],[112.69523600000002,16.446105000000045],[112.69521400000008,16.446065000000033],[112.69519100000002,16.446025000000077],[112.69512300000008,16.445907000000034],[112.69510200000002,16.445866000000024],[112.69501100000002,16.445709000000022],[112.69498900000008,16.44566800000007],[112.69496600000002,16.445629000000054],[112.69494300000008,16.44559000000004],[112.69489800000008,16.445511000000067],[112.69487500000002,16.445471000000055],[112.69483000000002,16.445392000000027],[112.69480700000008,16.44535300000007],[112.69476200000008,16.44527400000004],[112.69472600000006,16.445212000000026],[112.69467100000008,16.445115000000044],[112.69464800000003,16.44507600000003],[112.69462500000009,16.44503700000007],[112.69460200000003,16.444998000000055],[112.69455700000003,16.444919000000027],[112.69453400000009,16.44488000000007],[112.69451100000003,16.444840000000056],[112.69448800000009,16.44480100000004],[112.69446500000004,16.44476000000003],[112.6944420000001,16.444721000000072],[112.69442000000004,16.444682000000057],[112.69437300000004,16.44460300000003],[112.6943510000001,16.44456400000007],[112.69432800000004,16.444524000000058],[112.6943050000001,16.444485000000043],[112.6942590000001,16.444406000000072],[112.69423600000005,16.444367000000057],[112.6941670000001,16.44424900000007],[112.69414400000005,16.444210000000055],[112.69407500000011,16.44409200000007],[112.69405200000006,16.444052000000056],[112.69400600000006,16.443974000000026],[112.69395900000006,16.443895000000055],[112.693937,16.44385600000004],[112.69390400000009,16.44379900000007],[112.69383500000004,16.443684000000076],[112.69377500000007,16.443580000000054],[112.69375200000002,16.44354100000004],[112.69372900000008,16.443502000000024],[112.69366000000002,16.443384000000037],[112.69363600000008,16.443344000000025],[112.69359000000009,16.44326600000005],[112.69354400000009,16.443187000000023],[112.69352100000003,16.443149000000062],[112.6934970000001,16.44310900000005],[112.69344600000011,16.44302200000004],[112.69341600000007,16.442972000000054],[112.69336400000009,16.44288300000005],[112.69329400000004,16.442764000000068],[112.69328100000007,16.442742000000067],[112.69322000000011,16.442637000000047],[112.69319600000006,16.442598000000032],[112.69317300000012,16.442559000000074],[112.69315000000006,16.442521000000056],[112.69312700000012,16.442481000000043],[112.693081,16.44240300000007],[112.69305700000007,16.442363000000057],[112.6929990000001,16.442264000000023],[112.69291900000007,16.442127000000028],[112.6928620000001,16.442031000000043],[112.69282600000008,16.441970000000026],[112.69280300000003,16.441932000000065],[112.69278000000008,16.441892000000053],[112.69273300000009,16.441814000000022],[112.69268700000009,16.44173500000005],[112.6926410000001,16.441656000000023],[112.6925940000001,16.44157800000005],[112.6925480000001,16.44149900000002],[112.6925020000001,16.44142000000005],[112.69245500000011,16.441342000000077],[112.69240900000011,16.44126300000005],[112.69238600000006,16.44122500000003],[112.69236300000011,16.441186000000073],[112.69234000000006,16.44114600000006],[112.69222400000001,16.440949000000046],[112.69220200000007,16.44091000000003],[112.69217900000001,16.440871000000072],[112.69210900000007,16.44075300000003],[112.69208500000002,16.440713000000073],[112.69206200000008,16.440674000000058],[112.69203900000002,16.44063600000004],[112.69199100000003,16.44055700000007],[112.69196700000009,16.44051900000005],[112.69194400000003,16.440480000000036],[112.6919190000001,16.440440000000024],[112.6918710000001,16.440363000000048],[112.69184700000005,16.44032500000003],[112.69182300000011,16.440285000000074],[112.69179100000008,16.44023500000003],[112.69175000000007,16.440170000000023],[112.69172500000002,16.440130000000067],[112.6916920000001,16.440078000000028],[112.69165200000009,16.440015000000074],[112.69162700000004,16.43997600000006],[112.69157800000005,16.439899000000025],[112.69152800000006,16.439823000000047],[112.69150300000001,16.439783000000034],[112.69142800000009,16.439669000000038],[112.69140300000004,16.439629000000025],[112.6913780000001,16.439591000000064],[112.69135300000005,16.439553000000046],[112.69130300000006,16.439477000000068],[112.69127800000001,16.439437000000055],[112.69125300000007,16.439399000000037],[112.69117800000004,16.43928500000004],[112.6911530000001,16.439246000000026],[112.69112800000005,16.439207000000067],[112.69110300000011,16.43916900000005],[112.69107700000006,16.43913100000003],[112.69100300000002,16.439016000000038],[112.69097800000009,16.438977000000023],[112.69095300000004,16.43893900000006],[112.6909270000001,16.438900000000046],[112.69087700000011,16.438824000000068],[112.69085300000006,16.438785000000053],[112.69080300000007,16.438708000000076],[112.69077800000002,16.43867000000006],[112.69072900000003,16.438593000000026],[112.6907040000001,16.438554000000067],[112.69068000000004,16.438515000000052],[112.6906560000001,16.438477000000034],[112.69063100000005,16.438439000000074],[112.69060600000012,16.43839900000006],[112.69055800000001,16.438323000000025],[112.6905200000001,16.438262000000066],[112.69048500000008,16.438206000000037],[112.69046100000003,16.438168000000076],[112.69041400000003,16.438089000000048],[112.6903900000001,16.43805100000003],[112.69036600000004,16.43801200000007],[112.6903420000001,16.437974000000054],[112.69031900000004,16.43793400000004],[112.6902960000001,16.437895000000026],[112.69024900000011,16.437817000000052],[112.69017900000006,16.437699000000066],[112.69013400000006,16.437621000000036],[112.69011100000012,16.437581000000023],[112.69008800000006,16.437542000000064],[112.69006600000012,16.43750300000005],[112.69004400000006,16.437463000000037],[112.68999900000006,16.437384000000065],[112.68997800000011,16.437344000000053],[112.68993400000011,16.437266000000022],[112.68991200000005,16.43722500000007],[112.6898910000001,16.437186000000054],[112.68986900000004,16.437145000000044],[112.6898480000001,16.43710600000003],[112.68980600000009,16.437025000000062],[112.68978600000003,16.436986000000047],[112.68976500000008,16.436945000000037],[112.68972400000007,16.43686400000007],[112.68968400000006,16.436783000000048],[112.68962500000009,16.43666200000007],[112.68960600000003,16.43662100000006],[112.68958700000007,16.43657900000005],[112.68954900000006,16.43649700000003],[112.6895310000001,16.436456000000078],[112.68951300000003,16.43641400000007],[112.68947700000001,16.436331000000052],[112.6894420000001,16.436248000000035],[112.68942600000003,16.43620500000003],[112.68940900000007,16.436163000000022],[112.68937500000004,16.436078000000066],[112.68935900000008,16.43603500000006],[112.689344,16.435992000000056],[112.68932700000005,16.43594900000005],[112.68931200000009,16.435907000000043],[112.68928800000003,16.435838000000047],[112.68926700000009,16.435778000000028],[112.68923700000005,16.435691000000077],[112.68922400000008,16.435647000000074],[112.689209,16.43560400000007],[112.68919500000004,16.435561000000064],[112.68918200000007,16.43551700000006],[112.68916800000011,16.43547300000006],[112.68915500000003,16.435429000000056],[112.68910400000004,16.435253000000046],[112.68909200000007,16.435209000000043],[112.6890810000001,16.43516500000004],[112.68906900000002,16.435121000000038],[112.68905700000005,16.435078000000033],[112.68904600000008,16.435032000000035],[112.68902400000002,16.43494400000003],[112.68901400000004,16.43489900000003],[112.68900300000007,16.434855000000027],[112.6889920000001,16.434812000000022],[112.68898300000001,16.434766000000025],[112.68896800000005,16.434698000000026],[112.68895300000008,16.434633000000076],[112.6889440000001,16.434588000000076],[112.68893500000001,16.434544000000074],[112.68892600000004,16.434499000000073],[112.68891700000006,16.43445500000007],[112.68890900000008,16.43441000000007],[112.6889010000001,16.434366000000068],[112.68888500000003,16.434277000000066],[112.68887400000006,16.434210000000064],[112.68886200000009,16.434143000000063],[112.6888560000001,16.43409900000006],[112.688849,16.43405400000006],[112.68883500000004,16.433966000000055],[112.68882900000006,16.433921000000055],[112.68882300000007,16.433877000000052],[112.68881700000009,16.433832000000052],[112.6888110000001,16.43378800000005],[112.68880500000012,16.43374300000005],[112.68880000000001,16.433699000000047],[112.68878900000004,16.43360800000005],[112.68877400000008,16.433474000000047],[112.68875100000002,16.43324800000005],[112.68874500000004,16.433181000000047],[112.68873900000006,16.43311300000005],[112.68873600000006,16.43306700000005],[112.68873100000008,16.432999000000052],[112.68872600000009,16.432931000000053],[112.6887230000001,16.432885000000056],[112.6887200000001,16.432840000000056],[112.68871700000011,16.432795000000056],[112.68871500000012,16.432749000000058],[112.68871200000001,16.43270300000006],[112.68870800000002,16.432612000000063],[112.68870600000002,16.432567000000063],[112.68870400000003,16.432521000000065],[112.68870100000004,16.432430000000068],[112.68869700000005,16.432247000000075],[112.68869600000005,16.432111000000077],[112.68869600000005,16.431928000000028],[112.68869800000004,16.43183700000003],[112.68869900000004,16.431791000000032],[112.68870300000003,16.431656000000032],[112.68870900000002,16.431519000000037],[112.688714,16.43142800000004],[112.6887210000001,16.43133800000004],[112.68872700000009,16.43124800000004],[112.68873100000008,16.431204000000037],[112.68873400000007,16.431159000000036],[112.68873900000006,16.43111300000004],[112.68874200000005,16.43106800000004],[112.68874700000003,16.431024000000036],[112.68875100000002,16.430979000000036],[112.68875600000001,16.430935000000034],[112.68876200000011,16.430890000000034],[112.6887670000001,16.430845000000033],[112.68877200000009,16.43080100000003],[112.68877800000007,16.43075600000003],[112.68878400000006,16.430712000000028],[112.68879000000004,16.430668000000026],[112.68879600000002,16.430624000000023],[112.6888100000001,16.430536000000075],[112.68881700000009,16.430492000000072],[112.68883200000005,16.430402000000072],[112.68884000000003,16.43035800000007],[112.688849,16.430314000000067],[112.6888580000001,16.430270000000064],[112.68886600000008,16.430225000000064],[112.68888500000003,16.43013700000006],[112.68889500000012,16.43009100000006],[112.68890500000009,16.43004700000006],[112.68891500000007,16.43000200000006],[112.68892600000004,16.429958000000056],[112.68893700000001,16.429914000000053],[112.6889480000001,16.429868000000056],[112.68896300000006,16.429810000000032],[112.688984,16.429736000000048],[112.68899600000009,16.429691000000048],[112.68900800000006,16.429647000000045],[112.68902200000002,16.429602000000045],[112.6890350000001,16.429558000000043],[112.68906200000004,16.429470000000038],[112.68907600000011,16.429426000000035],[112.68909000000008,16.42938300000003],[112.68912000000012,16.429295000000025],[112.68915100000004,16.429208000000074],[112.68918300000007,16.429121000000066],[112.6892160000001,16.429035000000056],[112.68923300000006,16.42899200000005],[112.68926800000008,16.428907000000038],[112.6893040000001,16.428822000000025],[112.68934000000002,16.428738000000067],[112.68937900000003,16.428656000000046],[112.6893980000001,16.42861400000004],[112.68945800000006,16.428491000000065],[112.689479,16.428450000000055],[112.68950000000007,16.42841100000004],[112.68954300000007,16.428330000000074],[112.68956400000002,16.428292000000056],[112.68958700000007,16.428252000000043],[112.68960900000002,16.42821200000003],[112.68963100000008,16.42817400000007],[112.68967700000007,16.428097000000037],[112.68972400000007,16.428022000000055],[112.689749,16.42798300000004],[112.68977300000006,16.427946000000077],[112.68979800000011,16.42790800000006],[112.68982300000005,16.427869000000044],[112.68987300000003,16.42779500000006],[112.68992500000002,16.427720000000022],[112.68995200000006,16.427681000000064],[112.68997900000011,16.42764500000004],[112.69000600000004,16.427607000000023],[112.69006100000001,16.427532000000042],[112.69008900000006,16.427496000000076],[112.6901170000001,16.42745800000006],[112.69014600000003,16.427422000000035],[112.69017500000007,16.427385000000072],[112.69023300000003,16.42731200000003],[112.69026300000007,16.427275000000066],[112.69029200000011,16.427239000000043],[112.69032200000004,16.427204000000074],[112.69035200000008,16.42716800000005],[112.69038300000011,16.42713200000003],[112.69041400000003,16.42709700000006],[112.69044500000007,16.427062000000035],[112.6904760000001,16.42702600000007],[112.69050800000002,16.426991000000044],[112.69057200000009,16.426923000000045],[112.69066900000007,16.426821000000075],[112.69073500000002,16.426754000000074],[112.6908360000001,16.42665500000004],[112.69093900000007,16.426560000000052],[112.69100900000001,16.426498000000038],[112.69104400000003,16.42646700000006],[112.69107900000006,16.42643700000002],[112.6911500000001,16.42637700000006],[112.69118600000002,16.426348000000075],[112.69122200000004,16.426319000000035],[112.69125800000006,16.42629000000005],[112.69129500000008,16.426262000000065],[112.6913310000001,16.426234000000022],[112.69136700000001,16.426206000000036],[112.69140400000003,16.426179000000047],[112.69144100000005,16.426153000000056],[112.69147800000007,16.426126000000068],[112.69151600000009,16.426100000000076],[112.69155300000011,16.426075000000026],[112.69159100000002,16.426049000000035],[112.69162900000003,16.42602500000004],[112.69170500000007,16.425977000000046],[112.6917820000001,16.425929000000053],[112.691821,16.425906000000055],[112.69186000000002,16.425883000000056],[112.69190000000003,16.425861000000054],[112.69194000000005,16.425838000000056],[112.69198000000006,16.425816000000054],[112.69206200000008,16.42577300000005],[112.69210300000009,16.425752000000045],[112.69218500000011,16.425711000000035],[112.69222700000012,16.42569000000003],[112.69231100000002,16.425651000000073],[112.69243900000004,16.42559200000005],[112.69248200000004,16.42557400000004],[112.69252500000005,16.42555600000003],[112.69256900000005,16.425537000000077],[112.69261200000005,16.425520000000063],[112.69265600000006,16.425501000000054],[112.69274400000006,16.425467000000026],[112.69278800000006,16.425451000000066],[112.69283200000007,16.425433000000055],[112.69292100000007,16.425401000000022],[112.69296600000007,16.425385000000063],[112.69301100000007,16.425370000000044],[112.69305600000007,16.425354000000027],[112.69310900000005,16.425336000000073],[112.69319200000007,16.425309000000027],[112.69332800000007,16.425267000000076],[112.69341900000006,16.425239000000033],[112.69346500000006,16.42522500000007],[112.69352800000001,16.425207000000057],[112.69358900000009,16.42519100000004],[112.69364800000005,16.425174000000027],[112.69369400000005,16.425162000000057],[112.69374100000005,16.425149000000033],[112.69383200000004,16.425126000000034],[112.69387800000004,16.42511600000006],[112.69392500000004,16.425104000000033],[112.69397000000004,16.42509300000006],[112.69401600000003,16.42508200000003],[112.69410800000003,16.425061000000028],[112.69415400000003,16.425051000000053],[112.69420000000002,16.42504100000002],[112.69442800000002,16.424994000000027],[112.69447300000002,16.42498500000005],[112.69451900000001,16.424976000000072],[112.69456400000001,16.424968000000035],[112.69465500000001,16.42495100000002],[112.69473800000003,16.424938000000054],[112.694792,16.424930000000074],[112.694838,16.424923000000035],[112.69488400000012,16.42491700000005],[112.6950230000001,16.42489900000004],[112.69509300000004,16.42489100000006],[112.6951630000001,16.424884000000077],[112.69521000000009,16.42488000000003],[112.69525600000009,16.424875000000043],[112.69535000000008,16.42486800000006],[112.69539700000007,16.424865000000068],[112.69544400000007,16.42486100000002],[112.69549100000006,16.424859000000026],[112.69553900000005,16.424856000000034],[112.69558500000005,16.424855000000036],[112.69563300000004,16.424852000000044],[112.69577500000003,16.424847000000057],[112.69601200000011,16.42484500000006],[112.69615400000009,16.424848000000054],[112.69620100000009,16.42485000000005],[112.69624900000008,16.42485000000005],[112.69629600000007,16.424852000000044],[112.69634300000007,16.42485400000004],[112.69639100000006,16.424856000000034],[112.69658000000004,16.42486800000006],[112.69662700000003,16.424871000000053],[112.69686200000001,16.424892000000057],[112.69693200000006,16.424900000000036],[112.69704800000011,16.42491300000006],[112.6970950000001,16.424919000000045],[112.6971410000001,16.424924000000033],[112.6972330000001,16.424937000000057],[112.6972790000001,16.424945000000037],[112.69732500000009,16.42495100000002],[112.69737100000009,16.424959000000058],[112.69741700000009,16.424965000000043],[112.69752900000003,16.424983000000054],[112.69764600000008,16.42500300000006],[112.69769200000007,16.425010000000043],[112.69773800000007,16.425019000000077],[112.69778400000007,16.42502600000006],[112.69783000000007,16.42503400000004],[112.69792100000006,16.425051000000053],[112.69796700000006,16.425059000000033],[112.69828800000005,16.425119000000052],[112.69833400000005,16.42512800000003],[112.69837900000005,16.42513800000006],[112.69842500000004,16.425147000000038],[112.69847100000004,16.425156000000072],[112.69851600000004,16.42516500000005],[112.69860800000004,16.425185000000056],[112.69865400000003,16.425193000000036],[112.69874400000003,16.425213000000042],[112.69881600000008,16.42522800000006],[112.69897400000002,16.425262000000032],[112.69901900000002,16.42527300000006],[112.69911000000002,16.42529200000007],[112.69915600000002,16.425303000000042],[112.69920200000001,16.425313000000074],[112.69929200000001,16.425335000000075],[112.69933800000001,16.42534500000005],[112.69943,16.425366000000054],[112.699475,16.425377000000026],[112.69952,16.425387000000057],[112.69959800000004,16.425406000000066],[112.69965700000012,16.42542000000003],[112.69970300000011,16.425432000000058],[112.69974800000011,16.42544300000003],[112.69979400000011,16.42545400000006],[112.69988500000011,16.42547600000006],[112.69993000000011,16.42548800000003],[112.69997500000011,16.42549900000006],[112.7000210000001,16.42551100000003],[112.7000660000001,16.425522000000058],[112.7001120000001,16.425534000000027],[112.7001570000001,16.425545000000056],[112.7002030000001,16.425557000000026],[112.7002480000001,16.425568000000055],[112.7003390000001,16.42559200000005],[112.7003840000001,16.425604000000078],[112.7004300000001,16.42561500000005],[112.70059400000002,16.425658000000055],[112.70062500000006,16.425667000000033],[112.7007460000001,16.425699000000066],[112.70083700000009,16.425723000000062],[112.70088200000009,16.42573600000003],[112.70097300000009,16.425760000000025],[112.70106300000009,16.425785000000076],[112.70110800000009,16.425798000000043],[112.70119800000009,16.42582200000004],[112.70124400000009,16.425835000000063],[112.70128900000009,16.425847000000033],[112.70133400000009,16.425860000000057],[112.70137900000009,16.425872000000027],[112.70142400000009,16.425886000000048],[112.70146900000009,16.425898000000075],[112.70151400000009,16.425911000000042],[112.70156000000009,16.42592300000007],[112.70160500000009,16.425936000000036],[112.70164900000009,16.425948000000062],[112.70174000000009,16.425974000000053],[112.70178500000009,16.425987000000077],[112.70187500000009,16.42601300000007],[112.70192000000009,16.42602500000004],[112.70196400000009,16.426038000000062],[112.70200900000009,16.42605100000003],[112.70205400000009,16.426063000000056],[112.70212500000002,16.42608400000006],[112.70218900000009,16.42610300000007],[112.70223300000009,16.42611500000004],[112.70232300000009,16.42614100000003],[112.70241300000009,16.426168000000075],[112.7024570000001,16.426180000000045],[112.70252900000003,16.42620100000005],[112.7025920000001,16.42621900000006],[112.7026370000001,16.42623100000003],[112.7027270000001,16.426258000000075],[112.7027720000001,16.426270000000045],[112.7028170000001,16.42628300000007],[112.7028620000001,16.426296000000036],[112.7029070000001,16.426308000000063],[112.7029520000001,16.42632100000003],[112.7029970000001,16.426334000000054],[112.7030420000001,16.426347000000078],[112.7030870000001,16.426359000000048],[112.7031320000001,16.42637200000007],[112.7031770000001,16.42638400000004],[112.7032220000001,16.426397000000065],[112.7033120000001,16.42642100000006],[112.7033580000001,16.42643400000003],[112.7034030000001,16.426446000000055],[112.7034480000001,16.426460000000077],[112.70353900000009,16.426484000000073],[112.70358400000009,16.42649700000004],[112.70362900000009,16.426509000000067],[112.70367400000009,16.426522000000034],[112.70376500000009,16.42654600000003],[112.70381000000009,16.426559000000054],[112.70385500000009,16.42657200000002],[112.70390100000009,16.426585000000046],[112.70399100000009,16.42660900000004],[112.70403700000008,16.426622000000066],[112.70408200000008,16.426634000000035],[112.70412700000008,16.42664700000006],[112.70417300000008,16.42665900000003],[112.70421800000008,16.426672000000053],[112.70426300000008,16.426685000000077],[112.70430800000008,16.426698000000044],[112.70435300000008,16.42671000000007],[112.70439900000008,16.426723000000038],[112.70444400000008,16.426735000000065],[112.70453400000008,16.426761000000056],[112.70458000000008,16.426773000000026],[112.70462500000008,16.426787000000047],[112.70467000000008,16.42680000000007],[112.70471500000008,16.42681200000004],[112.70480600000008,16.426838000000032],[112.70489600000008,16.426865000000078],[112.70494100000008,16.426878000000045],[112.70498600000008,16.42689000000007],[112.70512100000008,16.42692900000003],[112.70516700000007,16.42694400000005],[112.70521100000008,16.426957000000073],[112.70530200000007,16.426983000000064],[112.70534600000008,16.42699600000003],[112.70539100000008,16.42701100000005],[112.70548100000008,16.42703700000004],[112.70552600000008,16.427051000000063],[112.70557100000008,16.427065000000027],[112.70561500000008,16.42707900000005],[112.70566100000008,16.427092000000073],[112.70575100000008,16.427121000000056],[112.70583900000008,16.427149000000043],[112.70588300000009,16.427163000000064],[112.70597300000009,16.42719100000005],[112.70601700000009,16.427207000000067],[112.70610600000009,16.427235000000053],[112.7061500000001,16.427250000000072],[112.7061950000001,16.427265000000034],[112.7062390000001,16.427279000000055],[112.7062840000001,16.427295000000072],[112.7063280000001,16.427309000000037],[112.7063720000001,16.427325000000053],[112.7064160000001,16.427340000000072],[112.7064600000001,16.427354000000037],[112.70650400000011,16.427370000000053],[112.70654800000011,16.427385000000072],[112.70659200000011,16.42740100000003],[112.70663600000012,16.427417000000048],[112.70676800000001,16.427464000000043],[112.70681100000002,16.42748000000006],[112.70685500000002,16.427497000000074],[112.70689900000002,16.427512000000036],[112.70703200000003,16.427563000000077],[112.70711700000004,16.42759600000005],[112.70720300000005,16.427628000000027],[112.70724500000006,16.42764600000004],[112.70728900000006,16.427663000000052],[112.70746000000008,16.427734000000044],[112.7075890000001,16.427787000000023],[112.7076310000001,16.427804000000037],[112.70767400000011,16.427823000000046],[112.707716,16.427842000000055],[112.70775900000001,16.427860000000067],[112.70792800000004,16.427935000000048],[112.70796900000005,16.427955000000054],[112.70801200000005,16.427974000000063],[112.70805300000006,16.42799400000007],[112.70809500000007,16.42801300000002],[112.7081720000001,16.42805000000004],[112.70818600000007,16.428056000000026],[112.7082620000001,16.428093000000047],[112.70830300000011,16.42811400000005],[112.70834500000001,16.428134000000057],[112.70842700000003,16.428176000000065],[112.70846800000004,16.42819600000007],[112.70859100000007,16.428259000000025],[112.70863300000008,16.428281000000027],[112.70875600000011,16.42834400000004],[112.70879700000012,16.428365000000042],[112.70883800000001,16.428386000000046],[112.70892000000003,16.428428000000054],[112.70896100000004,16.428451000000052],[112.70904300000007,16.42849300000006],[112.70908300000008,16.428514000000064],[112.70912400000009,16.428536000000065],[112.7091660000001,16.42855700000007],[112.70920600000011,16.428580000000068],[112.709247,16.42860100000007],[112.70928800000002,16.428623000000073],[112.70932900000003,16.428644000000077],[112.70937000000004,16.428666000000078],[112.70941000000005,16.428688000000022],[112.70945100000006,16.428710000000024],[112.70949200000007,16.428732000000025],[112.70953200000008,16.42875300000003],[112.70957400000009,16.42877500000003],[112.70965500000011,16.42882000000003],[112.70969500000001,16.428841000000034],[112.70973600000002,16.428863000000035],[112.7097950000001,16.428895000000068],[112.70989900000006,16.428952000000038],[112.71006100000011,16.42904100000004],[112.71010100000001,16.429065000000037],[112.71022300000004,16.42913100000004],[112.71026300000005,16.429155000000037],[112.71034400000008,16.42919900000004],[112.71038500000009,16.429223000000036],[112.7104250000001,16.429245000000037],[112.71046500000011,16.429268000000036],[112.71050600000001,16.429291000000035],[112.71054600000002,16.429314000000034],[112.71058600000003,16.429336000000035],[112.71062600000005,16.42936000000003],[112.71066700000006,16.429382000000032],[112.71070700000007,16.42940500000003],[112.71074700000008,16.42942800000003],[112.7107880000001,16.42945100000003],[112.7108280000001,16.429474000000027],[112.710868,16.429498000000024],[112.71090900000002,16.429520000000025],[112.71098900000004,16.429567000000077],[112.71102900000005,16.429590000000076],[112.71114900000009,16.42966000000007],[112.7111900000001,16.429684000000066],[112.71134900000004,16.42977700000006],[112.71150900000009,16.42987100000005],[112.7115490000001,16.429895000000045],[112.71166900000003,16.42996500000004],[112.71170900000004,16.429990000000032],[112.71174900000005,16.43001300000003],[112.71178900000007,16.430038000000025],[112.71186900000009,16.430085000000076],[112.7119090000001,16.430109000000073],[112.711948,16.43013200000007],[112.71198800000002,16.430157000000065],[112.71202800000003,16.430180000000064],[112.71206700000005,16.430205000000058],[112.71210800000006,16.430228000000056],[112.71214700000007,16.43025300000005],[112.71218700000009,16.430277000000046],[112.7122260000001,16.430301000000043],[112.71226600000011,16.43032500000004],[112.71230600000001,16.430350000000033],[112.71234600000003,16.43037400000003],[112.71238500000004,16.430398000000025],[112.71242400000006,16.43042200000002],[112.71246400000007,16.430447000000072],[112.7125430000001,16.430496000000062],[112.71258300000011,16.43051900000006],[112.71266200000002,16.43056800000005],[112.7127220000001,16.43060500000007],[112.71278100000006,16.430642000000034],[112.71282000000008,16.43066600000003],[112.7128990000001,16.430715000000077],[112.71296900000004,16.430759000000023],[112.71301700000004,16.43078900000006],[112.71305700000005,16.430814000000055],[112.71309600000006,16.43083900000005],[112.71321400000011,16.430913000000032],[112.71325300000001,16.430938000000026],[112.71331600000008,16.43097700000004],[112.71337200000005,16.431012000000067],[112.71341100000006,16.43103700000006],[112.71345000000008,16.431062000000054],[112.7134890000001,16.43108600000005],[112.71352900000011,16.43111200000004],[112.71356700000001,16.431137000000035],[112.71360700000002,16.43116200000003],[112.71364600000004,16.431187000000023],[112.71368500000005,16.431212000000073],[112.71372400000007,16.431237000000067],[112.71376300000009,16.431263000000058],[112.7138030000001,16.431287000000054],[112.71384100000012,16.431313000000046],[112.71388100000001,16.431337000000042],[112.71392000000003,16.431363000000033],[112.71395900000005,16.43138700000003],[112.71399800000006,16.431413000000077],[112.71403700000008,16.43143900000007],[112.71407600000009,16.431463000000065],[112.7141150000001,16.431489000000056],[112.71415400000001,16.431515000000047],[112.71419300000002,16.431539000000043],[112.71423200000004,16.431565000000035],[112.71427100000005,16.43159000000003],[112.71431000000007,16.431615000000022],[112.71434900000008,16.43164100000007],[112.71446500000002,16.431718000000046],[112.71450500000003,16.431742000000042],[112.71454300000005,16.431768000000034],[112.71458200000006,16.431793000000027],[112.7146600000001,16.431845000000067],[112.71469800000011,16.43187000000006],[112.71481700000004,16.43194900000003],[112.71493100000009,16.43202400000007],[112.71496900000011,16.43205000000006],[112.71504700000003,16.432101000000046],[112.71508600000004,16.432127000000037],[112.71512400000006,16.432153000000028],[112.71520200000009,16.43220400000007],[112.71524000000011,16.432229000000063],[112.71527900000001,16.432255000000055],[112.71531700000003,16.432281000000046],[112.71535600000004,16.432308000000035],[112.71539400000006,16.43233300000003],[112.71543300000008,16.432359000000076],[112.7154710000001,16.432385000000068],[112.71551000000011,16.43241000000006],[112.71554800000001,16.432436000000052],[112.71558700000003,16.43246300000004],[112.71562500000005,16.432488000000035],[112.71566400000006,16.432514000000026],[112.71570300000008,16.432540000000074],[112.7157410000001,16.432566000000065],[112.71577900000011,16.432592000000056],[112.71581800000001,16.432618000000048],[112.71585600000003,16.43264400000004],[112.71593300000006,16.43269600000002],[112.71597200000008,16.432723000000067],[112.7160100000001,16.43274800000006],[112.71604800000011,16.43277400000005],[112.71608600000002,16.43280100000004],[112.71616300000005,16.432852000000025],[112.71620100000007,16.43287900000007],[112.71623900000009,16.432904000000065],[112.7162780000001,16.432931000000053],[112.716316,16.432957000000044],[112.71635400000002,16.432984000000033],[112.71643100000006,16.433035000000075],[112.71646900000007,16.433062000000064],[112.71650700000009,16.433087000000057],[112.71654500000011,16.433114000000046],[112.71658300000001,16.433140000000037],[112.71662100000003,16.433167000000026],[112.71666000000005,16.433192000000076],[112.71669800000006,16.433219000000065],[112.71673600000008,16.433245000000056],[112.7167740000001,16.433272000000045],[112.716812,16.433298000000036],[112.71685000000002,16.433324000000027],[112.71688800000004,16.433351000000073],[112.71692600000006,16.433376000000067],[112.71696400000008,16.433403000000055],[112.7170020000001,16.433429000000046],[112.71704000000011,16.433456000000035],[112.71707800000001,16.433482000000026],[112.71711600000003,16.433508000000074],[112.71715400000005,16.433535000000063],[112.71719200000007,16.433561000000054],[112.71723000000009,16.433587000000045],[112.7172680000001,16.433614000000034],[112.71730600000001,16.433640000000025],[112.71734300000003,16.43366700000007],[112.71738200000004,16.433693000000062],[112.71741900000006,16.433719000000053],[112.71745700000008,16.433746000000042],[112.7174950000001,16.43377300000003],[112.71753300000012,16.433798000000024],[112.71760800000004,16.43385200000006],[112.71764700000006,16.43387800000005],[112.71779700000002,16.433985000000064],[112.71783500000004,16.434011000000055],[112.71787200000006,16.434038000000044],[112.7179470000001,16.434092000000078],[112.71798500000011,16.434119000000067],[112.71802200000002,16.434145000000058],[112.71806000000004,16.434172000000046],[112.71809700000006,16.434200000000033],[112.71813500000007,16.43422700000002],[112.71820900000012,16.434281000000055],[112.71824700000002,16.434308000000044],[112.71828400000004,16.434335000000033],[112.71832100000006,16.434363000000076],[112.71835800000008,16.434390000000064],[112.7183950000001,16.43441800000005],[112.718432,16.43444500000004],[112.71850600000005,16.43450100000007],[112.71854300000007,16.43452700000006],[112.71861700000011,16.434583000000032],[112.71865400000002,16.434611000000075],[112.71869100000004,16.434638000000064],[112.71872800000006,16.43466600000005],[112.71876500000008,16.434694000000036],[112.7188020000001,16.434722000000022],[112.718838,16.434750000000065],[112.71887500000003,16.43477800000005],[112.71894800000007,16.434833000000026],[112.71898600000009,16.43486100000007],[112.71902200000011,16.434889000000055],[112.71905900000002,16.43491800000004],[112.71913200000006,16.434974000000068],[112.71916800000008,16.435002000000054],[112.7192050000001,16.435031000000038],[112.71927800000003,16.435087000000067],[112.71931400000005,16.43511600000005],[112.71935100000007,16.435144000000037],[112.7193870000001,16.435173000000077],[112.719423,16.435201000000063],[112.72773000000007,16.442672000000073],[112.72774500000003,16.442686000000037],[112.72777900000006,16.442719000000068],[112.72781200000009,16.442750000000046],[112.72784500000012,16.442783000000077],[112.72787800000003,16.442814000000055],[112.7279440000001,16.44287900000006],[112.72797700000001,16.44291000000004],[112.72801000000004,16.44294300000007],[112.72804300000007,16.44297400000005],[112.7280760000001,16.443007000000023],[112.72811000000002,16.443038000000058],[112.72814300000005,16.44307100000003],[112.72817600000008,16.443103000000065],[112.7282090000001,16.443134000000043],[112.72824200000002,16.443167000000074],[112.72827500000005,16.443198000000052],[112.72834100000011,16.44326300000006],[112.72837400000003,16.443294000000037],[112.72840700000006,16.443327000000068],[112.72844000000009,16.443358000000046],[112.72847300000001,16.443391000000076],[112.72850600000004,16.443423000000053],[112.72853900000007,16.44345500000003],[112.72860500000002,16.443519000000038],[112.72863800000005,16.44355100000007],[112.7287040000001,16.443616000000077],[112.72873700000002,16.443647000000055],[112.72880300000008,16.443712000000062],[112.72883500000012,16.443745000000035],[112.72886800000003,16.44377600000007],[112.7289340000001,16.443841000000077],[112.72896700000001,16.443872000000056],[112.7290660000001,16.443970000000036],[112.72909900000002,16.44400100000007],[112.72916500000008,16.444066000000078],[112.72919700000011,16.444098000000054],[112.72923000000003,16.444131000000027],[112.72926300000006,16.444162000000063],[112.72929600000009,16.444195000000036],[112.729329,16.44422700000007],[112.72936100000004,16.444260000000043],[112.72939400000007,16.444291000000078],[112.7294270000001,16.444323000000054],[112.72946000000002,16.444356000000028],[112.72949300000005,16.44438800000006],[112.72952500000008,16.444421000000034],[112.72955800000011,16.444453000000067],[112.72959100000003,16.444485000000043],[112.72962400000006,16.444517000000076],[112.72965600000009,16.44455000000005],[112.72968900000001,16.444582000000025],[112.72972200000004,16.444615000000056],[112.72975500000007,16.44464700000003],[112.7297870000001,16.444679000000065],[112.72982000000002,16.44471100000004],[112.72985300000005,16.444743000000074],[112.72988500000008,16.444776000000047],[112.72991800000011,16.444808000000023],[112.72998300000006,16.44487300000003],[112.73001600000009,16.44490600000006],[112.73008100000004,16.444971000000066],[112.73011400000007,16.445003000000042],[112.73017900000002,16.44506800000005],[112.73021200000005,16.445099000000027],[112.73024500000008,16.445132000000058],[112.73032500000011,16.445213000000024],[112.7303740000001,16.44526200000007],[112.73040800000001,16.445294000000047],[112.73045300000001,16.445339000000047],[112.73053700000003,16.44542400000006],[112.73057000000006,16.445457000000033],[112.73060300000009,16.445489000000066],[112.73066800000004,16.445554000000072],[112.73076500000002,16.445651000000055],[112.73079800000005,16.445685000000026],[112.73092800000006,16.44581500000004],[112.73099200000001,16.445880000000045],[112.73105700000008,16.44594500000005],[112.73108900000011,16.445977000000028],[112.73115400000006,16.446042000000034],[112.73118700000009,16.446076000000062],[112.73125200000004,16.44614100000007],[112.73128400000007,16.446173000000044],[112.7313160000001,16.446206000000075],[112.73138100000006,16.446271000000024],[112.73141300000009,16.446304000000055],[112.731446,16.446337000000028],[112.73147800000004,16.44636900000006],[112.7315430000001,16.446434000000067],[112.73157500000002,16.44646700000004],[112.73160700000005,16.44650100000007],[112.73163900000009,16.446533000000045],[112.731671,16.446565000000078],[112.73173600000007,16.446630000000027],[112.7317680000001,16.446664000000055],[112.73183300000005,16.44672900000006],[112.73186500000008,16.446761000000038],[112.73189700000012,16.446795000000066],[112.73192900000004,16.44682800000004],[112.73196200000007,16.446860000000072],[112.7319940000001,16.446892000000048],[112.73202600000002,16.446926000000076],[112.73205800000005,16.44695900000005],[112.73209000000008,16.446991000000025],[112.73212200000012,16.447024000000056],[112.73215500000003,16.44705700000003],[112.73218700000007,16.44709000000006],[112.7322190000001,16.447122000000036],[112.73225100000002,16.447156000000064],[112.73228300000005,16.44718800000004],[112.73231500000009,16.44722100000007],[112.732347,16.447254000000044],[112.73237900000004,16.447287000000074],[112.73241200000007,16.44731900000005],[112.7324440000001,16.447353000000078],[112.73247500000002,16.447385000000054],[112.73250800000005,16.447418000000027],[112.73254000000009,16.447451000000058],[112.732572,16.44748400000003],[112.73260400000004,16.447516000000064],[112.73263600000007,16.447550000000035],[112.73270000000002,16.44761500000004],[112.73273200000006,16.44764900000007],[112.73276400000009,16.447681000000046],[112.73279600000001,16.447715000000073],[112.73286000000007,16.447780000000023],[112.7328920000001,16.447813000000053],[112.73292400000003,16.447846000000027],[112.73295500000006,16.447879000000057],[112.7329870000001,16.44791200000003],[112.73301900000001,16.44794500000006],[112.73305200000004,16.447978000000035],[112.73308400000008,16.448010000000068],[112.73311500000011,16.44804400000004],[112.73314700000003,16.44807600000007],[112.73317900000006,16.448110000000042],[112.7332110000001,16.448142000000075],[112.73324300000002,16.448176000000046],[112.73327400000005,16.448209000000077],[112.73330600000008,16.44824200000005],[112.73333800000012,16.448275000000024],[112.73337000000004,16.448308000000054],[112.73340200000007,16.448341000000028],[112.7334340000001,16.448374000000058],[112.73346500000002,16.44840700000003],[112.73352900000009,16.448474000000033],[112.73356000000001,16.448507000000063],[112.73359100000005,16.448540000000037],[112.73362300000008,16.448574000000065],[112.73366600000008,16.448620000000062],[112.73378000000002,16.44874200000004],[112.73381000000006,16.448776000000066],[112.73387300000002,16.448843000000068],[112.73390400000005,16.44887600000004],[112.73393500000009,16.44891000000007],[112.73396600000001,16.44894400000004],[112.73399700000004,16.44897700000007],[112.73402800000008,16.44901200000004],[112.73408900000004,16.44907900000004],[112.73412000000008,16.449114000000066],[112.73418100000004,16.449181000000067],[112.73421200000007,16.449216000000035],[112.7342430000001,16.449250000000063],[112.73427400000003,16.449284000000034],[112.73430400000007,16.449318000000062],[112.7343350000001,16.44935300000003],[112.73436500000003,16.44938700000006],[112.73439500000006,16.44942100000003],[112.73445600000002,16.449491000000023],[112.73448600000006,16.449524000000054],[112.73457700000006,16.449628000000075],[112.7346070000001,16.449662000000046],[112.7346980000001,16.449766000000068],[112.73472700000002,16.449801000000036],[112.7347870000001,16.44987100000003],[112.73481700000002,16.449905000000058],[112.73484700000006,16.449940000000026],[112.7348770000001,16.44997500000005],[112.73490700000002,16.450010000000077],[112.7349660000001,16.450079000000073],[112.73499600000002,16.45011500000004],[112.73502600000006,16.450150000000065],[112.73511400000007,16.45025400000003],[112.7351440000001,16.450290000000052],[112.73520300000007,16.45035900000005],[112.73523300000011,16.45039500000007],[112.73526100000004,16.45043000000004],[112.73529100000007,16.450465000000065],[112.73535000000004,16.450536000000056],[112.735408,16.45060600000005],[112.73543800000004,16.450642000000073],[112.73546700000009,16.45067700000004],[112.73549600000001,16.450713000000064],[112.73552500000005,16.450747000000035],[112.73558300000002,16.450819000000024],[112.73561300000006,16.45085400000005],[112.7356420000001,16.450890000000072],[112.73567100000002,16.45092500000004],[112.7357290000001,16.450996000000032],[112.73575800000003,16.451031000000057],[112.73584500000004,16.45113900000007],[112.73587300000008,16.451174000000037],[112.73596000000009,16.45128100000005],[112.73598800000002,16.451317000000074],[112.73601700000006,16.451352000000043],[112.7360460000001,16.451388000000065],[112.73607500000003,16.45142400000003],[112.73610300000007,16.451460000000054],[112.73613200000011,16.451496000000077],[112.73616100000004,16.451531000000045],[112.73618900000008,16.451567000000068],[112.73624600000005,16.451639000000057],[112.73627500000009,16.451675000000023],[112.7363600000001,16.451783000000034],[112.73639000000003,16.451819000000057],[112.73673000000008,16.45224900000005],[112.73678600000005,16.452322000000038],[112.73684300000002,16.452394000000027],[112.73687100000006,16.45243000000005],[112.73695600000008,16.45253800000006],[112.736984,16.452575000000024],[112.73701300000005,16.452611000000047],[112.73704000000009,16.45264700000007],[112.73709700000006,16.45271800000006],[112.7371250000001,16.452754000000027],[112.73718100000008,16.45282700000007],[112.73721,16.452863000000036],[112.73723700000005,16.45289900000006],[112.73726600000009,16.452935000000025],[112.73729400000002,16.452972000000045],[112.73732200000006,16.453008000000068],[112.7373500000001,16.453044000000034],[112.73737800000004,16.453080000000057],[112.73740600000008,16.453115000000025],[112.737435,16.453152000000046],[112.7374900000001,16.453224000000034],[112.73751900000002,16.453260000000057],[112.73754600000007,16.453296000000023],[112.73757400000011,16.453333000000043],[112.73760300000004,16.453369000000066],[112.73765800000001,16.453441000000055],[112.73768700000005,16.453478000000075],[112.73774200000003,16.453550000000064],[112.73777100000007,16.45358600000003],[112.73779900000011,16.45362300000005],[112.73785400000008,16.45369400000004],[112.73788300000001,16.453730000000064],[112.73791000000006,16.453767000000028],[112.73796600000003,16.453839000000073],[112.73799400000007,16.453876000000037],[112.73802200000011,16.45391200000006],[112.73807800000009,16.453984000000048],[112.73810600000002,16.45402100000007],[112.7381610000001,16.454093000000057],[112.73818900000003,16.454130000000077],[112.738245,16.454202000000066],[112.73827300000005,16.454238000000032],[112.73830100000009,16.454274000000055],[112.73832900000002,16.454310000000078],[112.73835700000006,16.45434700000004],[112.73838500000011,16.454383000000064],[112.73841200000004,16.454420000000027],[112.73844000000008,16.45445600000005],[112.73849500000006,16.454529000000036],[112.7385230000001,16.45456500000006],[112.73855100000003,16.454602000000023],[112.738606,16.454674000000068],[112.73863400000005,16.45471100000003],[112.73866200000009,16.454747000000054],[112.73869000000002,16.454784000000075],[112.73871700000007,16.45482000000004],[112.73874500000011,16.454856000000063],[112.73877300000004,16.454893000000027],[112.73880100000008,16.45492900000005],[112.73883400000011,16.454973000000052],[112.7388840000001,16.455039000000056],[112.73891100000003,16.455074000000025],[112.73896100000002,16.45514000000003],[112.73899400000005,16.45518400000003],[112.73902200000009,16.455220000000054],[112.73904900000002,16.455257000000074],[112.73907700000007,16.45529300000004],[112.73911900000007,16.455348000000072],[112.73916000000008,16.455403000000047],[112.73918800000001,16.45543900000007],[112.73921500000006,16.455476000000033],[112.7392430000001,16.455512000000056],[112.73927000000003,16.455549000000076],[112.73929800000008,16.455585000000042],[112.73932500000001,16.455622000000062],[112.73935300000005,16.455658000000028],[112.7393800000001,16.45569500000005],[112.73943500000007,16.455768000000035],[112.73949000000005,16.455841000000078],[112.73951800000009,16.45587800000004],[112.73954500000002,16.455914000000064],[112.73957300000006,16.455951000000027],[112.7396010000001,16.455988000000048],[112.73963300000003,16.456031000000053],[112.73968300000001,16.456097000000057],[112.73971000000006,16.456134000000077],[112.7397380000001,16.45617100000004],[112.73976500000003,16.456207000000063],[112.73979200000008,16.456244000000027],[112.73984700000005,16.45631700000007],[112.73990200000003,16.456391000000053],[112.73992900000007,16.456427000000076],[112.73995700000012,16.45646400000004],[112.73998400000005,16.45650100000006],[112.7400110000001,16.456537000000026],[112.74006600000007,16.456611000000066],[112.74012100000004,16.456684000000052],[112.74014800000009,16.456721000000073],[112.74017600000002,16.456758000000036],[112.74020300000007,16.45679400000006],[112.74023000000011,16.456831000000022],[112.74025700000004,16.456868000000043],[112.74028400000009,16.456904000000065],[112.74031200000002,16.45694000000003],[112.74036600000011,16.45701500000007],[112.74039300000004,16.457051000000035],[112.74044800000001,16.457125000000076],[112.74047500000006,16.45716200000004],[112.7405020000001,16.45719900000006],[112.74052900000004,16.457235000000026],[112.74056300000007,16.457281000000023],[112.7406380000001,16.45738300000005],[112.74069200000008,16.457456000000036],[112.7407740000001,16.45756700000004],[112.74080000000004,16.45760400000006],[112.74082700000008,16.457640000000026],[112.74085500000001,16.457677000000047],[112.74088100000006,16.457714000000067],[112.74093600000003,16.45778800000005],[112.74096300000008,16.45782500000007],[112.7409980000001,16.457873000000063],[112.7410440000001,16.457935000000077],[112.74107100000003,16.45797200000004],[112.74109800000008,16.45800900000006],[112.74112500000001,16.458046000000024],[112.74115200000006,16.458083000000045],[112.7411790000001,16.458120000000065],[112.74120500000004,16.45815700000003],[112.74123300000008,16.45819400000005],[112.74128600000006,16.458268000000032],[112.74131800000009,16.458312000000035],[112.74136700000008,16.45837800000004],[112.74142000000006,16.458452000000023],[112.7414480000001,16.458489000000043],[112.74150100000008,16.458563000000026],[112.74152800000002,16.458600000000047],[112.74160800000004,16.458712000000048],[112.74163500000009,16.45874900000007],[112.74166200000002,16.458786000000032],[112.74171500000011,16.458860000000072],[112.74174200000004,16.458897000000036],[112.74176900000009,16.458934000000056],[112.74179600000002,16.458971000000076],[112.74182300000007,16.459009000000037],[112.7419030000001,16.45912000000004],[112.74195600000007,16.459194000000025],[112.74200900000005,16.459268000000066],[112.74211600000001,16.459416000000033],[112.74214200000006,16.459455000000048],[112.7422160000001,16.459557000000075],[112.74227500000006,16.459640000000036],[112.74230100000011,16.459677000000056],[112.74232800000004,16.459714000000076],[112.74235500000009,16.459752000000037],[112.74238100000002,16.459789000000058],[112.74240700000007,16.459826000000078],[112.74246100000005,16.45990000000006],[112.7424870000001,16.459938000000022],[112.74254000000008,16.460012000000063],[112.74256600000001,16.460050000000024],[112.74259300000006,16.460087000000044],[112.74264600000004,16.460162000000025],[112.74267200000008,16.460199000000046],[112.74269800000002,16.460236000000066],[112.74272500000006,16.46027300000003],[112.74275100000011,16.460311000000047],[112.74277800000004,16.460348000000067],[112.7428470000001,16.460446000000047],[112.742883,16.460497000000032],[112.74290900000005,16.460534000000052],[112.7429350000001,16.460573000000068],[112.74296100000004,16.46061000000003],[112.74298800000008,16.46064700000005],[112.74301400000002,16.46068400000007],[112.74304000000006,16.460722000000032],[112.74306600000011,16.460759000000053],[112.74309300000004,16.460796000000073],[112.74311900000009,16.460834000000034],[112.74318300000004,16.46092600000003],[112.7432500000001,16.461020000000076],[112.74327600000004,16.461059000000034],[112.74330200000009,16.461096000000055],[112.74332800000002,16.461133000000075],[112.74335400000007,16.461171000000036],[112.74338000000012,16.461208000000056],[112.74340600000005,16.461246000000074],[112.74347300000011,16.46134100000006],[112.74349500000005,16.46137200000004],[112.74353700000006,16.461433000000056],[112.7435640000001,16.461471000000074],[112.74359000000004,16.461508000000038],[112.74361600000009,16.461546000000055],[112.743649,16.461592000000053],[112.74368200000004,16.461640000000045],[112.7437470000001,16.46173200000004],[112.74377300000003,16.461770000000058],[112.74379900000008,16.46180700000002],[112.74382500000002,16.461844000000042],[112.74385200000006,16.461883000000057],[112.74387800000011,16.461920000000077],[112.74390400000004,16.46195800000004],[112.74393000000009,16.46199500000006],[112.74395600000003,16.462032000000022],[112.74398300000007,16.46207000000004],[112.74403500000005,16.462144000000023],[112.74408700000004,16.46221900000006],[112.74411400000008,16.462256000000025],[112.74414000000002,16.46229500000004],[112.74416600000006,16.46233200000006],[112.74419200000011,16.46237000000002],[112.74421800000005,16.46240700000004],[112.74425800000006,16.46246300000007],[112.74432300000001,16.462556000000063],[112.74434900000006,16.462594000000024],[112.7443760000001,16.462631000000044],[112.74440200000004,16.46267000000006],[112.7444650000001,16.462759000000062],[112.74449200000004,16.462797000000023],[112.74453300000005,16.462856000000045],[112.7445590000001,16.462894000000063],[112.74458600000003,16.462931000000026],[112.74461200000007,16.462969000000044],[112.74466400000006,16.463043000000027],[112.7446900000001,16.463082000000043],[112.74471700000004,16.463119000000063],[112.74474300000008,16.463157000000024],[112.74479500000007,16.463231000000064],[112.74482200000011,16.463269000000025],[112.74484800000005,16.463306000000046],[112.7448740000001,16.463344000000063],[112.74490000000003,16.463381000000027],[112.74492600000008,16.463419000000044],[112.74495200000001,16.463456000000065],[112.74497900000006,16.463494000000026],[112.7450050000001,16.463532000000043],[112.74503100000004,16.463569000000064],[112.74505700000009,16.463607000000025],[112.74508300000002,16.463644000000045],[112.74510900000007,16.463682000000063],[112.745135,16.463719000000026],[112.74516100000005,16.463757000000044],[112.7451870000001,16.463794000000064],[112.74521400000003,16.463831000000027],[112.74524000000008,16.463870000000043],[112.74526600000002,16.463907000000063],[112.74529200000006,16.463945000000024],[112.74531800000011,16.463982000000044],[112.74534500000004,16.464020000000062],[112.74537100000009,16.464057000000025],[112.74539700000003,16.464095000000043],[112.74542300000007,16.464132000000063],[112.74544900000001,16.464170000000024],[112.74547500000006,16.464208000000042],[112.7455010000001,16.46424600000006],[112.74552700000004,16.464283000000023],[112.74555200000009,16.46432100000004],[112.74557900000002,16.46435800000006],[112.74560500000007,16.464396000000022],[112.74563100000012,16.464433000000042],[112.74565700000005,16.46447100000006],[112.7456830000001,16.464508000000023],[112.74570900000003,16.46454700000004],[112.74573500000008,16.464585000000056],[112.74576100000002,16.464622000000077],[112.74578700000006,16.464660000000038],[112.74581300000011,16.464697000000058],[112.74583800000005,16.464735000000076],[112.7458640000001,16.46477200000004],[112.74589000000003,16.464810000000057],[112.74591600000008,16.464849000000072],[112.74594200000001,16.464886000000035],[112.74602000000004,16.464999000000034],[112.7460450000001,16.465037000000052],[112.74607100000003,16.465074000000072],[112.74609700000008,16.465112000000033],[112.74612300000001,16.46515100000005],[112.74614900000006,16.46518800000007],[112.74620000000004,16.465264000000047],[112.74622600000009,16.465301000000068],[112.74625100000003,16.46533900000003],[112.74630300000001,16.465414000000067],[112.74632900000006,16.465453000000025],[112.74638000000004,16.465528000000063],[112.74643100000003,16.46560400000004],[112.74645700000008,16.465641000000062],[112.74653400000011,16.465756000000056],[112.74655900000005,16.465793000000076],[112.74660100000006,16.46585600000003],[112.74662400000011,16.46589000000006],[112.74666100000002,16.46594600000003],[112.74668700000007,16.46598300000005],[112.74672200000009,16.466035000000034],[112.74678900000004,16.466135000000065],[112.74681400000009,16.466173000000026],[112.74683900000002,16.466211000000044],[112.74686500000007,16.46624900000006],[112.74689000000001,16.466287000000023],[112.74691500000006,16.46632500000004],[112.7469410000001,16.466363000000058],[112.74696600000004,16.466401000000076],[112.7469910000001,16.466440000000034],[112.74706700000002,16.466553000000033],[112.74709200000007,16.46659100000005],[112.74711700000012,16.46662900000007],[112.7471670000001,16.466706000000045],[112.74719300000004,16.466744000000062],[112.74726700000008,16.46685800000006],[112.74729300000001,16.466897000000074],[112.74734300000011,16.466973000000053],[112.7473920000001,16.46704900000003],[112.74744200000009,16.467126000000064],[112.74746700000003,16.467165000000023],[112.74751700000002,16.467241000000058],[112.74754100000007,16.467280000000073],[112.74759100000006,16.467356000000052],[112.74761600000011,16.46739400000007],[112.74764500000003,16.46743900000007],[112.74769000000003,16.46751000000006],[112.74771500000008,16.467548000000022],[112.74773900000002,16.46758600000004],[112.74776400000007,16.467624000000058],[112.74778800000001,16.46766400000007],[112.74781300000006,16.46770200000003],[112.74783800000012,16.46774000000005],[112.74786200000005,16.467778000000067],[112.74788600000011,16.467818000000022],[112.74791000000005,16.46785600000004],[112.7479350000001,16.467894000000058],[112.74796000000003,16.467932000000076],[112.74798400000009,16.467971000000034],[112.74803300000008,16.468048000000067],[112.74808100000007,16.468125000000043],[112.74810500000001,16.46816300000006],[112.74813000000006,16.468203000000074],[112.74815400000011,16.468241000000035],[112.74817800000005,16.46828000000005],[112.7482020000001,16.468318000000068],[112.7482500000001,16.46839600000004],[112.74827400000004,16.46843400000006],[112.74829800000009,16.46847400000007],[112.74832700000002,16.46852000000007],[112.74837000000002,16.468589000000065],[112.74841700000002,16.468668000000036],[112.74844200000007,16.468706000000054],[112.74846600000001,16.46874500000007],[112.74848900000006,16.468784000000028],[112.74851300000012,16.468823000000043],[112.74853700000006,16.46886100000006],[112.74856000000011,16.468900000000076],[112.74858400000005,16.468940000000032],[112.7486070000001,16.46897800000005],[112.74863100000005,16.469017000000065],[112.7486540000001,16.469056000000023],[112.74867800000004,16.46909500000004],[112.7487020000001,16.469134000000054],[112.74872500000004,16.46917300000007],[112.74874900000009,16.469212000000027],[112.74879500000009,16.469290000000058],[112.74881900000003,16.46933000000007],[112.74884200000008,16.46936900000003],[112.74886500000002,16.469407000000047],[112.74891200000002,16.469486000000074],[112.74898100000007,16.46960400000006],[112.74900400000001,16.46964200000002],[112.74902700000007,16.469681000000037],[112.74905000000001,16.46972100000005],[112.74907300000007,16.469760000000065],[112.74909600000001,16.469799000000023],[112.74911900000006,16.46983800000004],[112.749142,16.46987800000005],[112.74916500000006,16.469917000000066],[112.74921000000006,16.469996000000037],[112.74923300000012,16.470035000000053],[112.74925600000006,16.470075000000065],[112.74930100000006,16.47015300000004],[112.74932300000012,16.47019400000005],[112.74934600000006,16.470233000000064],[112.74939100000006,16.470312000000035],[112.74941300000012,16.47035100000005],[112.74943600000006,16.470390000000066],[112.74945800000012,16.470431000000076],[112.74948000000006,16.470470000000034],[112.749502,16.47050900000005],[112.749547,16.470589000000075],[112.74959100000001,16.470668000000046],[112.74961300000007,16.47070800000006],[112.74963500000001,16.47074800000007],[112.74967800000002,16.470827000000043],[112.74970000000008,16.470867000000055],[112.74978700000008,16.47102600000005],[112.74980900000003,16.471067000000062],[112.74985200000003,16.47114700000003],[112.7498730000001,16.471187000000043],[112.74989500000004,16.471227000000056],[112.74993800000004,16.471307000000024],[112.75004400000012,16.47150800000003],[112.75006500000006,16.47154800000004],[112.75010700000007,16.471629000000064],[112.75014900000008,16.471709000000033],[112.75019900000007,16.471806000000072],[112.75025300000004,16.471911000000034],[112.75029500000005,16.471992000000057],[112.75031500000011,16.472033000000067],[112.75035700000001,16.472113000000036],[112.75037700000007,16.472154000000046],[112.75039800000002,16.47219400000006],[112.75041800000008,16.47223500000007],[112.75043900000003,16.472275000000025],[112.75048000000004,16.472356000000048],[112.7505010000001,16.472397000000058],[112.75054100000011,16.472478000000024],[112.75056100000006,16.472519000000034],[112.75060200000007,16.472600000000057],[112.75064200000008,16.472681000000023],[112.75066200000003,16.47272300000003],[112.75072300000011,16.472844000000066],[112.75074200000006,16.472886000000074],[112.750763,16.47292600000003],[112.75082200000008,16.47304900000006],[112.75084300000003,16.473089000000073],[112.7508620000001,16.473131000000024],[112.75093400000003,16.473279000000048],[112.75096100000007,16.473335000000077],[112.75098100000002,16.47337600000003],[112.75100100000009,16.47341700000004],[112.75102000000004,16.47345800000005],[112.7510400000001,16.47349900000006],[112.75106000000005,16.47354000000007],[112.75107900000012,16.473581000000024],[112.75111800000002,16.473663000000045],[112.75113800000008,16.473705000000052],[112.75115700000003,16.473745000000065],[112.7511770000001,16.473787000000073],[112.75129300000003,16.474033000000077],[112.7513120000001,16.474075000000028],[112.75133200000005,16.47411500000004],[112.75135100000011,16.474157000000048],[112.75137100000006,16.47419700000006],[112.75140900000008,16.474281000000076],[112.7514480000001,16.47436300000004],[112.75146700000005,16.47440400000005],[112.75148600000011,16.47444500000006],[112.75150500000007,16.47448600000007],[112.75152400000002,16.474528000000078],[112.75156300000003,16.47461000000004],[112.7515820000001,16.47465200000005],[112.75160100000005,16.47469200000006],[112.75163900000007,16.474775000000022],[112.75165900000002,16.474816000000033],[112.75167700000009,16.474857000000043],[112.7517150000001,16.474941000000058],[112.75173400000006,16.47498100000007],[112.751799,16.475123000000053],[112.75186700000006,16.475271000000077],[112.75188600000001,16.47531300000003],[112.75190500000008,16.47535400000004],[112.75192400000003,16.47539500000005],[112.7519430000001,16.475437000000056],[112.75199200000009,16.475545000000068],[112.75203800000008,16.475644000000045],[112.75205600000004,16.475685000000055],[112.7520750000001,16.475727000000063],[112.75213200000007,16.475851000000034],[112.75215000000003,16.475892000000044],[112.7521690000001,16.475934000000052],[112.75218800000005,16.47597600000006],[112.75220700000011,16.476016000000072],[112.75222600000006,16.476058000000023],[112.75224500000002,16.476099000000033],[112.75226300000008,16.47614100000004],[112.75228200000004,16.47618300000005],[112.7523010000001,16.47622400000006],[112.75232000000005,16.47626500000007],[112.75233800000001,16.476306000000022],[112.75235700000007,16.47634800000003],[112.75237600000003,16.476390000000038],[112.75239500000009,16.476431000000048],[112.75241400000004,16.476473000000055],[112.75245100000006,16.476555000000076],[112.75247000000002,16.476597000000027],[112.75248900000008,16.476638000000037],[112.75250700000004,16.476680000000044],[112.7525260000001,16.476721000000055],[112.75254500000005,16.476763000000062],[112.7525740000001,16.47682700000007],[112.75260200000002,16.476887000000033],[112.75262000000009,16.476928000000044],[112.75263900000004,16.47697000000005],[112.75265800000011,16.47701200000006],[112.75269500000002,16.477094000000022],[112.75271400000008,16.477135000000033],[112.75273300000003,16.47717700000004],[112.7527520000001,16.477219000000048],[112.75277100000005,16.477260000000058],[112.75279,16.477302000000066],[112.75280900000007,16.47734200000002],[112.75282700000002,16.47738400000003],[112.75284600000009,16.477426000000037],[112.75286500000004,16.477467000000047],[112.75290300000006,16.477550000000065],[112.75398100000007,16.479857000000038],[112.75400100000002,16.479899000000046],[112.75404000000003,16.47998000000007],[112.7540600000001,16.480021000000022],[112.75413900000001,16.480184000000065],[112.75415900000007,16.480226000000073],[112.75418700000012,16.480283000000043],[112.75421800000004,16.480349000000047],[112.7542380000001,16.48038900000006],[112.75425800000005,16.480431000000067],[112.75427800000011,16.480471000000023],[112.75429800000006,16.48051300000003],[112.7543270000001,16.480572000000052],[112.754365,16.480652000000077],[112.75441000000001,16.480743000000075],[112.75443700000005,16.48079800000005],[112.754456,16.480840000000057],[112.75447700000007,16.48088000000007],[112.75449600000002,16.480921000000023],[112.75451600000008,16.48096300000003],[112.75453600000003,16.481003000000044],[112.7545560000001,16.481044000000054],[112.75457600000004,16.481085000000064],[112.7545960000001,16.481126000000074],[112.75461500000006,16.48116600000003],[112.75463500000001,16.481208000000038],[112.75465500000007,16.48124800000005],[112.75469500000008,16.48133000000007],[112.75471500000003,16.481371000000024],[112.7547350000001,16.481412000000034],[112.75475500000005,16.481453000000045],[112.75478400000009,16.481512000000066],[112.75481500000001,16.481575000000078],[112.75483500000007,16.48161600000003],[112.75485500000002,16.48165800000004],[112.75487500000008,16.48169800000005],[112.75489400000004,16.48173900000006],[112.7549140000001,16.48178000000007],[112.75493400000005,16.481821000000025],[112.75496300000009,16.481880000000046],[112.75499400000001,16.481943000000058],[112.75501400000007,16.481984000000068],[112.75503400000002,16.48202500000002],[112.75507500000003,16.482106000000044],[112.7550940000001,16.482148000000052],[112.75511500000005,16.482188000000065],[112.75515400000006,16.482270000000028],[112.75517400000001,16.48231100000004],[112.75519400000007,16.48235100000005],[112.75521400000002,16.48239300000006],[112.75523400000009,16.48243300000007],[112.75525400000004,16.482474000000025],[112.7552740000001,16.482514000000037],[112.75531400000011,16.482597000000055],[112.75533400000006,16.482637000000068],[112.75535400000001,16.482679000000076],[112.75539500000002,16.48276000000004],[112.75541400000009,16.48280100000005],[112.75543500000003,16.482842000000062],[112.75547400000005,16.482924000000025],[112.75549500000011,16.482964000000038],[112.75551400000006,16.48300500000005],[112.75553500000001,16.48304500000006],[112.75555400000007,16.48308700000007],[112.75559500000008,16.483168000000035],[112.75561500000003,16.483209000000045],[112.75565500000005,16.483290000000068],[112.75567500000011,16.483332000000075],[112.75571500000001,16.48341300000004],[112.75575500000002,16.48349500000006],[112.75577600000008,16.483535000000074],[112.7558160000001,16.483618000000035],[112.75583600000004,16.483658000000048],[112.75587600000006,16.48374000000007],[112.755896,16.483781000000022],[112.75591600000007,16.483821000000034],[112.75593600000002,16.483862000000045],[112.75597600000003,16.483944000000065],[112.7559960000001,16.483984000000078],[112.75603600000011,16.48406600000004],[112.756077,16.484147000000064],[112.75609600000007,16.48418900000007],[112.75613700000008,16.484270000000038],[112.75615600000003,16.484311000000048],[112.7562170000001,16.484433000000024],[112.75623700000006,16.484474000000034],[112.75627700000007,16.484555000000057],[112.75629700000002,16.484597000000065],[112.75633800000003,16.48467800000003],[112.75637800000004,16.48476000000005],[112.75641800000005,16.484841000000074],[112.75643800000012,16.484883000000025],[112.75645800000007,16.484923000000038],[112.75647800000002,16.484964000000048],[112.75649800000008,16.485005000000058],[112.75652800000012,16.485066000000074],[112.75655900000004,16.485127000000034],[112.7565780000001,16.485168000000044],[112.75661900000011,16.485249000000067],[112.75663900000006,16.485291000000075],[112.75667900000008,16.48537200000004],[112.75669900000003,16.485412000000053],[112.75671900000009,16.48545400000006],[112.7567600000001,16.485535000000027],[112.75677900000005,16.485576000000037],[112.75682000000006,16.48565700000006],[112.75686000000007,16.485739000000024],[112.75688000000002,16.485780000000034],[112.75692000000004,16.485862000000054],[112.7569400000001,16.485902000000067],[112.75696000000005,16.485943000000077],[112.75698000000011,16.485983000000033],[112.75702000000001,16.48606600000005],[112.75704000000007,16.486106000000063],[112.75708000000009,16.486188000000027],[112.7571210000001,16.48626900000005],[112.75714000000005,16.486311000000057],[112.75718100000006,16.486392000000023],[112.75720100000001,16.486433000000034],[112.75724100000002,16.486514000000057],[112.75726100000009,16.486556000000064],[112.7573010000001,16.48663700000003],[112.75734100000011,16.48671900000005],[112.75736200000006,16.486759000000063],[112.7573910000001,16.486821000000077],[112.75742100000002,16.486882000000037],[112.75744200000008,16.48692200000005],[112.7574810000001,16.48700400000007],[112.75750200000004,16.487045000000023],[112.75754200000006,16.487127000000044],[112.75756200000001,16.487168000000054],[112.75759100000005,16.487228000000073],[112.75762200000008,16.48729000000003],[112.75764200000003,16.48733100000004],[112.75768200000005,16.48741300000006],[112.75770200000011,16.487453000000073],[112.75772200000006,16.487495000000024],[112.75774200000001,16.487535000000037],[112.75780200000008,16.487658000000067],[112.75782200000003,16.487698000000023],[112.75786200000005,16.487780000000043],[112.75788200000011,16.487821000000054],[112.75790200000006,16.487862000000064],[112.75792200000001,16.487903000000074],[112.75795100000005,16.487963000000036],[112.75798200000008,16.48802500000005],[112.75800200000003,16.48806600000006],[112.7580220000001,16.488108000000068],[112.75804200000005,16.488148000000024],[112.75806200000011,16.488189000000034],[112.75808100000006,16.488230000000044],[112.75810100000001,16.488271000000054],[112.75813100000005,16.48833200000007],[112.75816100000009,16.48839300000003],[112.75818100000004,16.48843400000004],[112.7582010000001,16.48847500000005],[112.75822100000005,16.48851600000006],[112.75824100000011,16.488556000000074],[112.75826100000006,16.488598000000025],[112.75828100000001,16.488638000000037],[112.75830100000007,16.488679000000047],[112.75832000000003,16.488720000000058],[112.75834000000009,16.488761000000068],[112.75836000000004,16.488801000000024],[112.7583800000001,16.48884300000003],[112.75840000000005,16.488883000000044],[112.75842000000011,16.48892500000005],[112.75844000000006,16.48896600000006],[112.75846000000001,16.489006000000074],[112.75847900000008,16.489048000000025],[112.75850000000003,16.489088000000038],[112.75851900000009,16.489129000000048],[112.75853900000004,16.48917000000006],[112.7585590000001,16.48921100000007],[112.75857900000005,16.489251000000024],[112.75859900000012,16.489293000000032],[112.75862600000005,16.489348000000064],[112.75867800000003,16.489456000000075],[112.7586980000001,16.489498000000026],[112.75871800000004,16.48953800000004],[112.75873800000011,16.489580000000046],[112.75877700000001,16.48966100000007],[112.75879700000007,16.489702000000023],[112.75881700000002,16.489743000000033],[112.75883700000009,16.489784000000043],[112.7588760000001,16.489865000000066],[112.75889600000005,16.489907000000073],[112.75891500000012,16.48994700000003],[112.75893500000006,16.489989000000037],[112.75895500000001,16.49002900000005],[112.75897500000008,16.49007000000006],[112.75899500000003,16.49011100000007],[112.75901400000009,16.490152000000023],[112.75903400000004,16.49019400000003],[112.75907300000006,16.490275000000054],[112.75909300000001,16.490316000000064],[112.75911300000007,16.490357000000074],[112.75913200000002,16.490398000000027],[112.75915200000009,16.490439000000038],[112.75917200000004,16.490480000000048],[112.7591910000001,16.490521000000058],[112.75921100000005,16.490562000000068],[112.75925000000007,16.490643000000034],[112.75927000000001,16.490685000000042],[112.75929000000008,16.490726000000052],[112.75931000000003,16.490767000000062],[112.7593290000001,16.490808000000072],[112.75934900000004,16.490849000000026],[112.7593690000001,16.490890000000036],[112.75938800000006,16.490931000000046],[112.75940800000001,16.490972000000056],[112.75944700000002,16.491054000000076],[112.75946600000009,16.491094000000032],[112.75948600000004,16.49113600000004],[112.7595060000001,16.491176000000053],[112.75952500000005,16.49121800000006],[112.75956400000007,16.491300000000024],[112.75958400000002,16.491341000000034],[112.75960400000008,16.491382000000044],[112.75962300000003,16.491423000000054],[112.7596420000001,16.491464000000065],[112.75966200000005,16.491505000000075],[112.75968200000011,16.491546000000028],[112.75972000000002,16.491629000000046],[112.75974000000008,16.49166900000006],[112.75975900000003,16.491711000000066],[112.7597790000001,16.491751000000022],[112.75979900000004,16.49179300000003],[112.75983700000006,16.49187500000005],[112.75985700000001,16.491915000000063],[112.75987600000008,16.49195700000007],[112.75989600000003,16.491997000000026],[112.75991500000009,16.492039000000034],[112.75993500000004,16.492080000000044],[112.7599540000001,16.492121000000054],[112.75999300000001,16.492203000000075],[112.76001200000007,16.492245000000025],[112.76004100000011,16.492306000000042],[112.76007000000004,16.49236700000006],[112.76010900000006,16.492450000000076],[112.76014800000007,16.49253200000004],[112.76016700000002,16.49257300000005],[112.76018600000009,16.492615000000058],[112.76021600000001,16.49267800000007],[112.76024400000006,16.492737000000034],[112.76028200000007,16.49282100000005],[112.76030200000002,16.49286100000006],[112.76032100000009,16.49290300000007],[112.76035100000001,16.492966000000024],[112.76037900000006,16.493025000000046],[112.76039800000001,16.493067000000053],[112.76041700000007,16.49310900000006],[112.76043600000003,16.493149000000074],[112.76045600000009,16.493191000000024],[112.76047500000004,16.493232000000035],[112.76049400000011,16.493273000000045],[112.76051300000006,16.493314000000055],[112.76053200000001,16.493355000000065],[112.76057100000003,16.493438000000026],[112.7605900000001,16.493479000000036],[112.76060900000004,16.493520000000046],[112.76062800000011,16.493562000000054],[112.76064700000006,16.493602000000067],[112.76068500000008,16.493686000000025],[112.76070400000003,16.493726000000038],[112.76074300000005,16.493809000000056],[112.76076200000011,16.493850000000066],[112.76078100000007,16.493891000000076],[112.76080000000002,16.493933000000027],[112.76081900000008,16.493974000000037],[112.76083800000004,16.494015000000047],[112.7608570000001,16.494057000000055],[112.76087600000005,16.494097000000068],[112.76091400000007,16.49418000000003],[112.76093300000002,16.49422100000004],[112.76095200000009,16.494263000000046],[112.76097100000004,16.494304000000056],[112.7609900000001,16.494345000000067],[112.76100800000006,16.494386000000077],[112.76102700000001,16.494428000000028],[112.76106500000003,16.494510000000048],[112.76110300000005,16.494593000000066],[112.76112200000011,16.494635000000073],[112.76114100000007,16.49467500000003],[112.76115900000002,16.494717000000037],[112.76117800000009,16.494759000000045],[112.76119700000004,16.494800000000055],[112.7612160000001,16.494841000000065],[112.76123400000006,16.494882000000075],[112.76125400000001,16.494924000000026],[112.76127200000008,16.494965000000036],[112.76129100000003,16.495006000000046],[112.76132800000005,16.495089000000064],[112.76135800000009,16.495153000000073],[112.76138500000002,16.495213000000035],[112.76142200000004,16.495296000000053],[112.76146000000006,16.495378000000073],[112.76149700000008,16.495462000000032],[112.76151600000003,16.495503000000042],[112.7615340000001,16.49554500000005],[112.76155300000005,16.495585000000062],[112.76157100000012,16.49562700000007],[112.76159000000007,16.495669000000078],[112.76164600000004,16.49579300000005],[112.76166400000011,16.49583400000006],[112.76168300000006,16.495876000000067],[112.76170200000001,16.495917000000077],[112.76173900000003,16.496000000000038],[112.7617580000001,16.496042000000045],[112.76177600000005,16.496082000000058],[112.761795,16.496124000000066],[112.76183200000003,16.496207000000027],[112.7618500000001,16.496249000000034],[112.76186900000005,16.496291000000042],[112.76190600000007,16.49637400000006],[112.76192400000002,16.496414000000073],[112.76196800000002,16.496512000000052],[112.76199100000008,16.496563000000037],[112.76202400000011,16.496639000000073],[112.76205400000003,16.496706000000074],[112.7620720000001,16.49674600000003],[112.76209100000005,16.496788000000038],[112.76210900000001,16.496829000000048],[112.76212700000008,16.496871000000056],[112.762155,16.496934000000067],[112.76222000000007,16.497079000000042],[112.76223800000002,16.49712100000005],[112.7622560000001,16.49716200000006],[112.76227500000005,16.49720300000007],[112.76229300000011,16.497245000000078],[112.76231100000007,16.49728600000003],[112.76236700000004,16.497411000000056],[112.76238500000011,16.497453000000064],[112.76242200000002,16.497536000000025],[112.76244000000008,16.497578000000033],[112.7624770000001,16.49766100000005],[112.76249500000006,16.49770200000006],[112.76251300000001,16.49774400000007],[112.76253100000008,16.497786000000076],[112.76255000000003,16.49782700000003],[112.7625680000001,16.497869000000037],[112.76258600000006,16.497911000000045],[112.76260500000001,16.497952000000055],[112.76262300000008,16.497994000000062],[112.76264100000003,16.498035000000073],[112.7626590000001,16.498077000000023],[112.76267800000005,16.49811900000003],[112.762696,16.49816000000004],[112.7627500000001,16.49828400000007],[112.76276800000005,16.498326000000077],[112.76278700000012,16.49836700000003],[112.76280500000007,16.498409000000038],[112.76282300000003,16.498452000000043],[112.7628410000001,16.498493000000053],[112.76285900000005,16.49853500000006],[112.76287800000011,16.49857600000007],[112.76291400000002,16.49866000000003],[112.76293200000009,16.49870100000004],[112.76296400000001,16.498774000000026],[112.76298600000007,16.498826000000065],[112.76300400000002,16.498868000000073],[112.76304000000005,16.498951000000034],[112.76305900000011,16.49899300000004],[112.76313100000004,16.499159000000077],[112.76314900000011,16.499201000000028],[112.76321400000006,16.499351000000047],[112.76323900000011,16.49940900000007],[112.76325700000007,16.499451000000022],[112.76327500000002,16.49949300000003],[112.76331100000004,16.499577000000045],[112.76334100000008,16.49964700000004],[112.76336500000002,16.499701000000073],[112.76339500000006,16.499772000000064],[112.76340500000003,16.499795000000063],[112.76347200000009,16.499951000000067],[112.76349000000005,16.499994000000072],[112.76354800000001,16.500129000000072],[112.76358000000005,16.50020200000006],[112.763597,16.500244000000066],[112.76363300000003,16.500327000000027],[112.7636510000001,16.500370000000032],[112.76370500000007,16.500495000000058],[112.76372200000003,16.500536000000068],[112.76375800000005,16.500620000000026],[112.76377600000001,16.500662000000034],[112.76379400000008,16.50070400000004],[112.76384700000006,16.500829000000067],[112.76386500000001,16.500870000000077],[112.76388300000008,16.500912000000028],[112.76390100000003,16.500955000000033],[112.7639180000001,16.500996000000043],[112.76395400000001,16.50108000000006],[112.76397100000008,16.50112100000007],[112.76398900000004,16.501163000000076],[112.76402400000006,16.501247000000035],[112.76404200000002,16.501289000000043],[112.76406000000009,16.50133100000005],[112.76407800000004,16.50137200000006],[112.76409500000011,16.501415000000065],[112.76413100000002,16.501498000000026],[112.76414800000009,16.501540000000034],[112.76416600000005,16.501581000000044],[112.76419400000009,16.501649000000043],[112.7642360000001,16.501749000000075],[112.76425400000005,16.501791000000026],[112.76427100000001,16.501833000000033],[112.76428900000008,16.50187500000004],[112.76430700000003,16.50191700000005],[112.7643250000001,16.50195800000006],[112.76434200000006,16.502000000000066],[112.76435900000001,16.50204300000007],[112.76437700000008,16.502084000000025],[112.7644120000001,16.50216800000004],[112.76443000000006,16.502210000000048],[112.76446400000009,16.502294000000063],[112.76448200000004,16.502335000000073],[112.76450000000011,16.502377000000024],[112.76451700000007,16.50242000000003],[112.76453500000002,16.50246100000004],[112.7645520000001,16.502503000000047],[112.76457000000005,16.502545000000055],[112.764587,16.502587000000062],[112.76462200000003,16.502671000000078],[112.7646400000001,16.50271200000003],[112.76465700000006,16.502755000000036],[112.76469200000008,16.502838000000054],[112.76470900000004,16.50288100000006],[112.76474400000006,16.502964000000077],[112.76476200000002,16.503006000000028],[112.76477900000009,16.503049000000033],[112.76483100000007,16.50317300000006],[112.76484900000003,16.503216000000066],[112.76488300000005,16.503299000000027],[112.76490100000001,16.503342000000032],[112.76493500000004,16.50342500000005],[112.7649530000001,16.503468000000055],[112.76500500000009,16.503593000000023],[112.76502200000004,16.50363600000003],[112.76503900000012,16.503678000000036],[112.76505600000007,16.503719000000046],[112.76507400000003,16.50376200000005],[112.76510800000005,16.50384500000007],[112.76512600000001,16.503888000000074],[112.76514300000008,16.503930000000025],[112.76517700000011,16.50401400000004],[112.76521200000002,16.50409700000006],[112.76524600000005,16.50418200000007],[112.765263,16.504223000000025],[112.76528100000007,16.50426600000003],[112.76529800000003,16.504308000000037],[112.76533200000006,16.504392000000053],[112.76534900000001,16.50443400000006],[112.76538400000004,16.504518000000076],[112.76540100000011,16.504560000000026],[112.76543500000002,16.50464400000004],[112.7654520000001,16.50468600000005],[112.76546900000005,16.504729000000054],[112.76548700000001,16.504770000000065],[112.76550300000008,16.504812000000072],[112.76553700000011,16.50489600000003],[112.76555500000006,16.50493800000004],[112.76557200000002,16.504981000000043],[112.76558900000009,16.505022000000054],[112.76560600000005,16.50506500000006],[112.765623,16.505107000000066],[112.7656740000001,16.505233000000032],[112.76570800000002,16.505317000000048],[112.76572500000009,16.505359000000055],[112.76574200000005,16.505401000000063],[112.76576000000011,16.50544300000007],[112.76577600000007,16.505486000000076],[112.76579300000003,16.50552700000003],[112.7658100000001,16.505569000000037],[112.76582700000006,16.505612000000042],[112.76585200000011,16.50567300000006],[112.76587900000004,16.505741000000057],[112.76590400000009,16.505802000000074],[112.76592900000003,16.50586400000003],[112.7659460000001,16.505907000000036],[112.76596200000006,16.505948000000046],[112.76598000000001,16.50599100000005],[112.76601300000004,16.50607400000007],[112.76603000000011,16.506117000000074],[112.76604700000007,16.506159000000025],[112.76606400000003,16.50620200000003],[112.7660810000001,16.50624300000004],[112.76609800000006,16.506286000000046],[112.76613100000009,16.506369000000063],[112.76614800000004,16.50641200000007],[112.76616500000011,16.506454000000076],[112.76618200000007,16.506496000000027],[112.76619900000003,16.506538000000035],[112.7662160000001,16.50658100000004],[112.76623200000006,16.50662200000005],[112.76624900000002,16.506665000000055],[112.76626600000009,16.506707000000063],[112.76628300000004,16.506750000000068],[112.76631600000007,16.50683300000003],[112.76633300000003,16.506876000000034],[112.7663500000001,16.506917000000044],[112.76636700000006,16.50696000000005],[112.76638300000002,16.507002000000057],[112.76640000000009,16.507044000000064],[112.76641700000005,16.507086000000072],[112.76643400000012,16.507129000000077],[112.76645000000008,16.50717000000003],[112.76646700000003,16.507213000000036],[112.76648300000011,16.507255000000043],[112.76650000000006,16.50729800000005],[112.76651700000002,16.50733900000006],[112.76653400000009,16.507382000000064],[112.76655100000005,16.50742400000007],[112.76660000000004,16.507551000000035],[112.76661700000011,16.507592000000045],[112.76663400000007,16.50763500000005],[112.76665100000002,16.507677000000058],[112.7666670000001,16.507720000000063],[112.76668300000006,16.507761000000073],[112.76671600000009,16.50784600000003],[112.76673300000004,16.507888000000037],[112.76675000000012,16.507930000000044],[112.76677200000006,16.507986000000074],[112.7668000000001,16.508057000000065],[112.76681600000006,16.508099000000072],[112.76683300000002,16.508142000000078],[112.7668490000001,16.50818300000003],[112.76686600000005,16.508226000000036],[112.76688200000001,16.50826900000004],[112.76689900000008,16.50831000000005],[112.76691500000004,16.508353000000056],[112.76693200000011,16.508395000000064],[112.76694800000007,16.50843800000007],[112.76696500000003,16.508479000000023],[112.7669810000001,16.508522000000028],[112.76699800000006,16.508564000000035],[112.76701400000002,16.508606000000043],[112.76703100000009,16.50864800000005],[112.76704700000005,16.508691000000056],[112.7670690000001,16.50874600000003],[112.76709700000004,16.508818000000076],[112.76711300000011,16.508860000000027],[112.76713000000007,16.508902000000035],[112.76714600000003,16.508944000000042],[112.7671620000001,16.508987000000047],[112.76717900000006,16.509028000000058],[112.76721100000009,16.509114000000068],[112.767244,16.509198000000026],[112.76726000000008,16.509240000000034],[112.76729300000011,16.509326000000044],[112.76730900000007,16.509367000000054],[112.7673410000001,16.509453000000065],[112.76735800000006,16.509494000000075],[112.76737400000002,16.509537000000023],[112.76739000000009,16.50957900000003],[112.76742200000001,16.509664000000043],[112.76743800000008,16.50970600000005],[112.76747100000011,16.509791000000064],[112.76748700000007,16.50983300000007],[112.76750300000003,16.509876000000077],[112.7675190000001,16.509919000000025],[112.76753500000007,16.509960000000035],[112.76755100000003,16.51000300000004],[112.7675670000001,16.510046000000045],[112.76758300000006,16.51008900000005],[112.76759900000002,16.51013000000006],[112.76761500000009,16.510173000000066],[112.76766300000008,16.51030000000003],[112.76767800000005,16.510343000000034],[112.76771000000008,16.51042700000005],[112.76772600000004,16.510470000000055],[112.76775800000007,16.510556000000065],[112.76777400000003,16.510597000000075],[112.76780500000007,16.51068300000003],[112.76782100000003,16.510726000000034],[112.7678370000001,16.510767000000044],[112.76785200000006,16.51081000000005],[112.76786800000002,16.510853000000054],[112.7678840000001,16.51089600000006],[112.76790000000005,16.510938000000067],[112.76791500000002,16.510980000000075],[112.76794500000005,16.51106100000004],[112.76797800000008,16.51115100000004],[112.76799300000005,16.51119300000005],[112.76805600000012,16.51136400000007],[112.76807100000008,16.511406000000022],[112.76809600000001,16.511474000000078],[112.76814900000011,16.511619000000053],[112.76816400000007,16.511662000000058],[112.76818000000003,16.511704000000066],[112.7681960000001,16.51174700000007],[112.76821100000006,16.51178900000002],[112.76822600000003,16.511832000000027],[112.76825700000006,16.511918000000037],[112.76827200000002,16.511960000000045],[112.7682880000001,16.51200300000005],[112.76830400000006,16.512045000000057],[112.76831900000002,16.512088000000062],[112.7683340000001,16.51213000000007],[112.76834900000006,16.512173000000075],[112.76836500000002,16.512216000000024],[112.76838000000009,16.51225900000003],[112.76839600000005,16.512302000000034],[112.76841100000001,16.51234400000004],[112.76842600000009,16.512387000000047],[112.76844100000005,16.51243000000005],[112.76845700000001,16.51247200000006],[112.76847200000009,16.512514000000067],[112.76848700000005,16.512557000000072],[112.76851700000009,16.512643000000025],[112.76853300000005,16.512685000000033],[112.76856300000009,16.512771000000043],[112.76857900000005,16.51281400000005],[112.76860900000008,16.51289900000006],[112.76862400000005,16.512942000000066],[112.76863900000001,16.51298500000007],[112.76866900000005,16.513070000000027],[112.76869900000008,16.513156000000038],[112.76871500000004,16.513199000000043],[112.76876000000004,16.51332700000006],[112.768775,16.513370000000066],[112.76879800000006,16.513435000000072],[112.76882,16.513498000000027],[112.76883500000008,16.513541000000032],[112.76889500000004,16.513712000000055],[112.7689180000001,16.51377800000006],[112.76894000000004,16.513840000000073],[112.768955,16.513883000000078],[112.769,16.514012000000037],[112.76901500000008,16.514054000000044],[112.76903000000004,16.51409700000005],[112.76909,16.514268000000072],[112.76910400000008,16.514311000000077],[112.76914900000008,16.51443900000004],[112.76916400000005,16.514482000000044],[112.76920900000005,16.51461100000006],[112.76922300000001,16.514653000000067],[112.76925300000005,16.514739000000077],[112.76926800000001,16.514783000000023],[112.76929800000005,16.514868000000035],[112.76931200000001,16.51491100000004],[112.76932700000009,16.514954000000046],[112.76934200000005,16.51499700000005],[112.76937200000009,16.515082000000064],[112.76938600000005,16.51512500000007],[112.76940100000002,16.515168000000074],[112.76941600000009,16.515211000000022],[112.76943100000005,16.51525300000003],[112.76945300000011,16.51532000000003],[112.76947500000006,16.515383000000043],[112.76949000000002,16.515426000000048],[112.7695040000001,16.515468000000055],[112.76951900000006,16.51551100000006],[112.76953400000002,16.515554000000066],[112.7695490000001,16.51559700000007],[112.76956300000006,16.51563900000002],[112.76957800000002,16.515682000000027],[112.7695920000001,16.51572500000003],[112.76960700000006,16.515768000000037],[112.76962200000003,16.51581200000004],[112.7696370000001,16.515855000000045],[112.76966600000003,16.515940000000057],[112.7696810000001,16.515983000000062],[112.76969500000007,16.516026000000068],[112.76971000000003,16.516068000000075],[112.76974700000005,16.516177000000027],[112.76976900000011,16.516241000000036],[112.76978400000007,16.516283000000044],[112.76981200000012,16.516369000000054],[112.76982800000008,16.51641200000006],[112.769856,16.516497000000072],[112.76987100000008,16.516540000000077],[112.76988600000004,16.516584000000023],[112.7699,16.516627000000028],[112.76991500000008,16.516670000000033],[112.76995900000009,16.51679800000005],[112.76997400000005,16.516841000000056],[112.76998800000001,16.51688400000006],[112.77000300000009,16.516927000000067],[112.77001800000005,16.51697000000007],[112.77003200000001,16.517013000000077],[112.77006100000006,16.51709900000003],[112.77007600000002,16.517141000000038],[112.77010500000006,16.517227000000048],[112.77011900000002,16.51727100000005],[112.7701340000001,16.517314000000056],[112.7701780000001,16.517442000000074],[112.77019300000006,16.517485000000022],[112.77020700000003,16.517528000000027],[112.7702210000001,16.517571000000032],[112.77023600000007,16.517614000000037],[112.77025100000003,16.517657000000042],[112.77027400000009,16.51772500000004],[112.77029400000004,16.51778500000006],[112.77030900000011,16.517828000000065],[112.77032400000007,16.51787100000007],[112.77033800000004,16.517915000000073],[112.77036700000008,16.51800000000003],[112.77038200000004,16.518043000000034],[112.77041100000008,16.518129000000044],[112.77042500000005,16.51817200000005],[112.77044000000001,16.518215000000055],[112.77046900000005,16.518301000000065],[112.77049800000009,16.518387000000075],[112.77051300000005,16.518429000000026],[112.77052800000001,16.51847200000003],[112.77054200000009,16.518516000000034],[112.77055600000006,16.51855900000004],[112.77057100000002,16.518602000000044],[112.77061500000002,16.518730000000062],[112.7706300000001,16.518773000000067],[112.77064400000006,16.518816000000072],[112.77065900000002,16.518859000000077],[112.77068700000007,16.51894500000003],[112.77070200000003,16.518988000000036],[112.77072500000008,16.519055000000037],[112.77074600000003,16.519116000000054],[112.7707610000001,16.51915900000006],[112.77077500000007,16.51920300000006],[112.77080400000011,16.519288000000074],[112.77081900000007,16.519331000000022],[112.77084800000011,16.519417000000033],[112.77086300000008,16.519460000000038],[112.77087700000004,16.519502000000045],[112.77089200000012,16.519546000000048],[112.77090600000008,16.519589000000053],[112.77092100000004,16.51963200000006],[112.77095000000008,16.51971700000007],[112.77096500000005,16.519760000000076],[112.77100100000007,16.51986400000004],[112.77103800000009,16.519975000000045],[112.77105300000005,16.52001800000005],[112.77108200000009,16.520103000000063],[112.77109700000005,16.520146000000068],[112.7711260000001,16.52023200000002],[112.77114100000006,16.520275000000026],[112.77115500000002,16.52031800000003],[112.7711700000001,16.520361000000037],[112.77118500000006,16.520404000000042],[112.77119900000002,16.520447000000047],[112.7712140000001,16.520490000000052],[112.77124300000003,16.520575000000065],[112.7712580000001,16.52061800000007],[112.77127300000006,16.520661000000075],[112.77128800000003,16.520704000000023],[112.77130700000009,16.520760000000053],[112.77133200000003,16.52083300000004],[112.7713470000001,16.520876000000044],[112.77136100000007,16.52091900000005],[112.77137600000003,16.520961000000057],[112.77139000000011,16.52100400000006],[112.77140500000007,16.521047000000067],[112.77142000000003,16.521090000000072],[112.77145000000007,16.521175000000028],[112.77146400000004,16.521218000000033],[112.77149400000008,16.521304000000043],[112.77150900000004,16.52134600000005],[112.77152400000011,16.521390000000054],[112.77156900000011,16.52151900000007],[112.77158300000008,16.521561000000077],[112.77162800000008,16.521690000000035],[112.77164900000002,16.521749000000057],[112.77169800000001,16.521889000000044],[112.77171900000008,16.52194600000007],[112.77173400000004,16.521989000000076],[112.77174800000012,16.522032000000024],[112.77176300000008,16.52207500000003],[112.77178600000002,16.52213900000004],[112.77180800000008,16.522203000000047],[112.77182400000004,16.522246000000052],[112.77186200000006,16.522354000000064],[112.77189400000009,16.522447000000057],[112.77191400000004,16.52250300000003],[112.77192900000011,16.522545000000036],[112.77194400000008,16.52258900000004],[112.7719780000001,16.52268600000002],[112.77204900000004,16.522889000000077],[112.77206400000011,16.52293100000003],[112.77208000000007,16.522974000000033],[112.77209500000004,16.52301700000004],[112.77217000000007,16.523231000000067],[112.77220900000009,16.523341000000073],[112.77223900000001,16.523428000000024],[112.77228400000001,16.52355700000004],[112.77232000000004,16.523659000000066],[112.77233500000011,16.52370300000007],[112.77236500000004,16.523788000000025],[112.77239500000007,16.523874000000035],[112.77241000000004,16.523916000000042],[112.77244800000005,16.524027000000046],[112.77246000000002,16.524061000000074],[112.77248500000007,16.52413000000007],[112.77249900000004,16.524173000000076],[112.7725220000001,16.524239000000023],[112.77254400000004,16.524302000000034],[112.77255900000011,16.52434500000004],[112.77260400000011,16.524474000000055],[112.77261800000008,16.52451700000006],[112.77263300000004,16.524559000000067],[112.77264800000012,16.524602000000073],[112.77267800000004,16.524688000000026],[112.77269700000011,16.52474600000005],[112.77273600000001,16.524860000000047],[112.77275100000008,16.52490300000005],[112.77276500000005,16.524946000000057],[112.77278000000001,16.524988000000064],[112.77280900000005,16.525074000000075],[112.77282400000001,16.525118000000077],[112.77289700000006,16.52533200000005],[112.77291200000002,16.525375000000054],[112.77293400000008,16.525441000000058],[112.77295500000002,16.52550400000007],[112.77298400000006,16.525590000000022],[112.77299800000003,16.525633000000028],[112.77305500000011,16.525805000000048],[112.77306900000008,16.525848000000053],[112.773098,16.525934000000063],[112.77311200000008,16.52597700000007],[112.77312600000005,16.52602100000007],[112.77314000000001,16.526063000000022],[112.77315500000009,16.526106000000027],[112.77316900000005,16.526149000000032],[112.77318200000002,16.526193000000035],[112.7731970000001,16.52623600000004],[112.77322500000002,16.526321000000053],[112.7732380000001,16.526365000000055],[112.77325200000007,16.52640800000006],[112.77326700000003,16.526451000000066],[112.77328100000011,16.526495000000068],[112.77330800000004,16.526580000000024],[112.77332200000001,16.526624000000027],[112.77334900000005,16.526710000000037],[112.77336300000002,16.52675400000004],[112.7733770000001,16.526797000000045],[112.77340400000003,16.526883000000055],[112.77341700000011,16.52692600000006],[112.77343100000007,16.526969000000065],[112.77344400000004,16.527013000000068],[112.773458,16.527055000000075],[112.77347200000008,16.527098000000024],[112.77348500000005,16.527142000000026],[112.77350700000011,16.527213000000074],[112.77352500000006,16.52727200000004],[112.77353900000003,16.52731600000004],[112.77356500000008,16.527401000000054],[112.77357800000004,16.527445000000057],[112.77359100000001,16.527488000000062],[112.77360400000009,16.527532000000065],[112.77361800000006,16.52757500000007],[112.77363000000003,16.527619000000072],[112.7736440000001,16.527661000000023],[112.77365600000007,16.527705000000026],[112.77367000000004,16.52774800000003],[112.77368200000001,16.527792000000034],[112.77369500000009,16.52783500000004],[112.77370800000006,16.52787900000004],[112.77372100000002,16.527922000000046],[112.7737330000001,16.52796500000005],[112.77374600000007,16.528008000000057],[112.77375900000004,16.52805200000006],[112.77377200000001,16.528095000000064],[112.77379700000006,16.52818300000007],[112.77381600000001,16.528249000000073],[112.7738260000001,16.528286000000037],[112.77384700000005,16.52835600000003],[112.77385900000002,16.528400000000033],[112.7738710000001,16.52844300000004],[112.77389600000004,16.528531000000044],[112.773908,16.52857400000005],[112.77393200000006,16.528662000000054],[112.77394400000003,16.52870400000006],[112.77396800000008,16.528792000000067],[112.77398000000005,16.528835000000072],[112.77399200000002,16.528879000000074],[112.7740030000001,16.528923000000077],[112.77401500000008,16.528967000000023],[112.77403900000002,16.52905400000003],[112.7740510000001,16.529098000000033],[112.77406200000007,16.52914100000004],[112.77407400000004,16.529184000000043],[112.77408500000001,16.529228000000046],[112.77411100000006,16.529326000000026],[112.77413100000001,16.529404000000056],[112.7741430000001,16.52944700000006],[112.77415400000007,16.529491000000064],[112.77416500000004,16.529535000000067],[112.7741880000001,16.529623000000072],[112.77419900000007,16.529667000000074],[112.77421100000004,16.529709000000025],[112.77422200000001,16.529753000000028],[112.7742330000001,16.52979700000003],[112.77424400000007,16.529841000000033],[112.77425600000004,16.529885000000036],[112.7742770000001,16.52997300000004],[112.77428800000007,16.530017000000043],[112.77430000000004,16.530061000000046],[112.7743220000001,16.53014900000005],[112.77433300000007,16.53019100000006],[112.7743680000001,16.53033300000004],[112.77438700000005,16.530411000000072],[112.77439800000002,16.530455000000075],[112.77442000000008,16.530543000000023],[112.77443000000005,16.530587000000025],[112.77445200000011,16.53067500000003],[112.77446200000009,16.530719000000033],[112.77447300000006,16.530763000000036],[112.77449400000012,16.53085100000004],[112.77450500000009,16.530895000000044],[112.77451500000006,16.530940000000044],[112.77452500000004,16.530984000000046],[112.77453600000001,16.53102800000005],[112.7745470000001,16.53107200000005],[112.77459900000008,16.531291000000067],[112.77463000000012,16.531423000000075],[112.77464000000009,16.531468000000075],[112.77465000000007,16.531512000000077],[112.77466000000004,16.531556000000023],[112.77467000000001,16.531600000000026],[112.7746800000001,16.53164400000003],[112.77470100000005,16.531732000000034],[112.77471100000002,16.531776000000036],[112.77472100000011,16.531821000000036],[112.77473100000009,16.53186500000004],[112.77474100000006,16.53190900000004],[112.77476100000001,16.531997000000047],[112.7747710000001,16.53204100000005],[112.77478100000008,16.53208600000005],[112.77482000000009,16.53226200000006],[112.77483000000007,16.53230700000006],[112.7748600000001,16.532439000000068],[112.77486900000008,16.532484000000068],[112.77489800000001,16.532615000000078],[112.7749080000001,16.532660000000078],[112.77491700000007,16.532704000000024],[112.77493600000003,16.53279200000003],[112.77494600000011,16.53283700000003],[112.77496500000007,16.532925000000034],[112.77497400000004,16.532969000000037],[112.77498400000002,16.533014000000037],[112.77500200000009,16.533102000000042],[112.77501200000006,16.533147000000042],[112.77502100000004,16.533191000000045],[112.77503100000001,16.533235000000047],[112.77504600000009,16.533307000000036],[112.77506800000003,16.533412000000055],[112.77507800000001,16.533457000000055],[112.7750870000001,16.533501000000058],[112.77510500000005,16.53359000000006],[112.775124,16.533678000000066],[112.77514200000007,16.53376700000007],[112.77515100000005,16.53381100000007],[112.77516000000003,16.53385600000007],[112.7751780000001,16.533944000000076],[112.77518700000007,16.533989000000076],[112.77519600000005,16.534033000000022],[112.77520500000003,16.534077000000025],[112.775214,16.534122000000025],[112.7752230000001,16.534166000000027],[112.77523200000007,16.534211000000028],[112.77524100000005,16.53425500000003],[112.77525000000003,16.534299000000033],[112.775259,16.534344000000033],[112.7752680000001,16.534388000000035],[112.77527600000008,16.534433000000035],[112.77528600000005,16.534477000000038],[112.77530300000001,16.53456600000004],[112.7753120000001,16.534610000000043],[112.77532000000008,16.534654000000046],[112.77533800000003,16.53474300000005],[112.77534700000001,16.53478800000005],[112.77536400000008,16.53487800000005],[112.77538100000004,16.534965000000057],[112.77539000000002,16.535011000000054],[112.77539800000011,16.535055000000057],[112.77540700000009,16.535100000000057],[112.77541600000006,16.53514400000006],[112.77542400000004,16.53518900000006],[112.77544100000011,16.535277000000065],[112.77545900000007,16.535366000000067],[112.77546700000005,16.535411000000067],[112.77547500000003,16.53545500000007],[112.775484,16.53550000000007],[112.7754920000001,16.535544000000073],[112.77550000000008,16.535588000000075],[112.77550900000006,16.535633000000075],[112.77551700000004,16.535677000000078],[112.7755340000001,16.535766000000024],[112.77554200000009,16.535811000000024],[112.77555100000006,16.535855000000026],[112.77555900000004,16.535900000000026],[112.77556800000002,16.53594400000003],[112.77557600000011,16.53598900000003],[112.7755840000001,16.53603300000003],[112.77559200000007,16.536078000000032],[112.77560000000005,16.536122000000034],[112.77560900000003,16.536166000000037],[112.77561700000001,16.536211000000037],[112.7756250000001,16.53625500000004],[112.77563300000008,16.53630000000004],[112.77564700000005,16.536374000000023],[112.77565700000002,16.536433000000045],[112.77566500000012,16.536478000000045],[112.7756740000001,16.536522000000048],[112.77568200000007,16.536567000000048],[112.77569500000004,16.536636000000044],[112.77570600000001,16.536700000000053],[112.7757190000001,16.53677200000004],[112.77573000000007,16.536835000000053],[112.77573800000005,16.536879000000056],[112.77574600000003,16.536924000000056],[112.7757600000001,16.53699800000004],[112.77577000000008,16.53705700000006],[112.77577800000006,16.53710200000006],[112.77578600000004,16.537146000000064],[112.77579400000002,16.537191000000064],[112.77580200000011,16.537235000000067],[112.77581000000009,16.537280000000067],[112.77581800000007,16.53732400000007],[112.77582500000005,16.53736900000007],[112.77584100000001,16.537458000000072],[112.77584900000011,16.537502000000075],[112.77586500000007,16.537591000000077],[112.77587200000005,16.537636000000077],[112.77588000000003,16.537680000000023],[112.77588800000001,16.537724000000026],[112.7758960000001,16.537769000000026],[112.77590300000008,16.53781300000003],[112.77591100000006,16.53785800000003],[112.77591900000004,16.53790200000003],[112.77592700000002,16.53794700000003],[112.775934,16.537991000000034],[112.7759420000001,16.538036000000034],[112.77594900000008,16.538080000000036],[112.77595700000006,16.538125000000036],[112.77596500000004,16.53816900000004],[112.77597200000002,16.538215000000037],[112.77598000000012,16.53825800000004],[112.7759880000001,16.53830400000004],[112.77599500000008,16.538347000000044],[112.77600300000006,16.538393000000042],[112.77601100000004,16.538437000000044],[112.77602100000001,16.538500000000056],[112.77604000000008,16.538616000000047],[112.77604800000006,16.53866000000005],[112.77606100000003,16.53873500000003],[112.77606700000001,16.53877300000005],[112.77607300000011,16.53880900000007],[112.77608500000008,16.538883000000055],[112.77609200000006,16.538927000000058],[112.77610400000003,16.538999000000047],[112.77611100000001,16.53903900000006],[112.77611700000011,16.539077000000077],[112.77613000000008,16.539150000000063],[112.77613600000006,16.539195000000063],[112.77614800000003,16.53926400000006],[112.776159,16.539329000000066],[112.7761650000001,16.539374000000066],[112.77617300000009,16.53941800000007],[112.77618000000007,16.53946300000007],[112.77619500000003,16.53955200000007],[112.77620100000001,16.53959700000007],[112.77620900000011,16.539641000000074],[112.77621600000009,16.539686000000074],[112.77622300000007,16.539731000000074],[112.77623700000004,16.539820000000077],[112.77624400000002,16.539864000000023],[112.7762580000001,16.539954000000023],[112.77626500000008,16.539998000000026],[112.77627200000006,16.540043000000026],[112.77629300000001,16.540178000000026],[112.7763000000001,16.54022200000003],[112.77630800000009,16.540274000000068],[112.77631700000006,16.540333000000032],[112.77633400000002,16.54044600000003],[112.7763480000001,16.540535000000034],[112.77636200000006,16.540624000000037],[112.77636900000005,16.540669000000037],[112.77637500000003,16.54071300000004],[112.77638900000011,16.54080300000004],[112.77639600000009,16.540847000000042],[112.77640200000008,16.540892000000042],[112.77640900000006,16.54093800000004],[112.77642200000003,16.541027000000042],[112.77642900000001,16.541072000000042],[112.7764350000001,16.541116000000045],[112.77644200000009,16.541161000000045],[112.77644900000007,16.541206000000045],[112.77645500000006,16.541250000000048],[112.77646200000004,16.541295000000048],[112.77646800000002,16.541340000000048],[112.776475,16.541385000000048],[112.7764810000001,16.54142900000005],[112.77648800000009,16.54147400000005],[112.77649400000007,16.54151900000005],[112.77650000000006,16.541563000000053],[112.77650700000004,16.541608000000053],[112.77651400000002,16.54165400000005],[112.77652,16.541698000000054],[112.7765270000001,16.541743000000054],[112.77653900000007,16.541833000000054],[112.77655200000004,16.541922000000056],[112.77657700000009,16.54210100000006],[112.77658900000006,16.542190000000062],[112.77660200000003,16.54228100000006],[112.77661300000011,16.542361000000028],[112.77662700000008,16.542460000000062],[112.77663300000006,16.542504000000065],[112.77664200000004,16.542571000000066],[112.77665100000002,16.542639000000065],[112.77665700000011,16.542683000000068],[112.77667000000008,16.542774000000065],[112.77667500000007,16.542819000000065],[112.77668100000005,16.542863000000068],[112.77668700000004,16.542908000000068],[112.77669300000002,16.542953000000068],[112.77669900000001,16.54299800000007],[112.7767050000001,16.54304200000007],[112.77671100000009,16.54308700000007],[112.77671700000008,16.54313200000007],[112.77672900000005,16.543221000000074],[112.77673500000003,16.543266000000074],[112.77674600000012,16.54335700000007],[112.7767530000001,16.543401000000074],[112.77676400000007,16.543491000000074],[112.77677000000006,16.543536000000074],[112.77678100000003,16.543625000000077],[112.77678700000001,16.543670000000077],[112.7767990000001,16.543759000000023],[112.77681600000005,16.543895000000077],[112.77682700000003,16.543984000000023],[112.77683200000001,16.544029000000023],[112.7768430000001,16.544119000000023],[112.77686000000006,16.544253000000026],[112.77686600000004,16.544298000000026],[112.77687100000003,16.544344000000024],[112.77687700000001,16.54438700000003],[112.77688200000011,16.544433000000026],[112.77689300000009,16.544523000000027],[112.77689800000007,16.544568000000027],[112.77690400000006,16.54461200000003],[112.77690900000005,16.54465700000003],[112.77691500000003,16.54470200000003],[112.77692000000002,16.54474700000003],[112.77692600000012,16.54479200000003],[112.77693600000009,16.54488200000003],[112.77694200000008,16.54492700000003],[112.77695200000005,16.545016000000032],[112.77695700000004,16.545061000000032],[112.77696800000001,16.545151000000033],[112.77697300000011,16.545196000000033],[112.7769780000001,16.545240000000035],[112.77700200000004,16.545453000000066],[112.77701300000001,16.545543000000066],[112.77702600000009,16.545660000000055],[112.77705000000003,16.545870000000036],[112.77705400000002,16.545915000000036],[112.7770690000001,16.54604900000004],[112.77707400000008,16.54609400000004],[112.77708400000006,16.546183000000042],[112.77708900000005,16.546228000000042],[112.77709400000003,16.546273000000042],[112.77709800000002,16.54631900000004],[112.77710800000011,16.546408000000042],[112.7771130000001,16.546453000000042],[112.77711800000009,16.546498000000042],[112.77712700000006,16.546588000000042],[112.77713200000005,16.546632000000045],[112.77714100000003,16.546723000000043],[112.77714600000002,16.546768000000043],[112.7771550000001,16.546857000000045],[112.7771600000001,16.546902000000046],[112.77717100000007,16.547008000000062],[112.77717600000005,16.547055000000057],[112.77718700000003,16.54717100000005],[112.77719300000001,16.547217000000046],[112.77719900000011,16.547280000000057],[112.77721100000008,16.54739600000005],[112.77721500000007,16.54744100000005],[112.77723700000001,16.54766600000005],[112.77724100000012,16.54771100000005],[112.7772460000001,16.547755000000052],[112.77725700000008,16.547890000000052],[112.77726700000005,16.548024000000055],[112.77727000000004,16.548069000000055],[112.77727300000004,16.548115000000053],[112.77727600000003,16.548160000000053],[112.77727800000002,16.548205000000053],[112.77728100000002,16.548250000000053],[112.77728800000011,16.548385000000053],[112.77728900000011,16.54843100000005],[112.7772910000001,16.548475000000053],[112.7772950000001,16.548565000000053],[112.7772950000001,16.548610000000053],[112.77729700000009,16.548655000000053],[112.77730100000008,16.54883600000005],[112.77730100000008,16.54888100000005],[112.77730300000007,16.54892600000005],[112.77730400000007,16.54910700000005],[112.77730400000007,16.54915200000005],[112.77730400000007,16.54919700000005],[112.77730400000007,16.54940300000004],[112.77730300000007,16.549513000000047],[112.77730200000008,16.549559000000045],[112.77730200000008,16.549604000000045],[112.77730100000008,16.549695000000042],[112.77730100000008,16.549740000000043],[112.77729900000008,16.54983100000004],[112.77729800000009,16.54992100000004],[112.77729600000009,16.55001100000004],[112.7772950000001,16.550102000000038],[112.7772930000001,16.550147000000038],[112.7772910000001,16.55028200000004],[112.77729000000011,16.550328000000036],[112.77728800000011,16.55040900000006],[112.77728800000011,16.550432000000058],[112.77728700000011,16.550509000000034],[112.777285,16.55055500000003],[112.77728300000001,16.55066000000005],[112.77728300000001,16.55071300000003],[112.77728000000002,16.55087100000003],[112.77728000000002,16.55091600000003],[112.77727800000002,16.55100600000003],[112.77727800000002,16.55105100000003],[112.77727700000003,16.551097000000027],[112.77727700000003,16.551142000000027],[112.77727600000003,16.551188000000025],[112.77727600000003,16.551369000000022],[112.77727600000003,16.551414000000022],[112.77727600000003,16.551459000000023],[112.77727600000003,16.551504000000023],[112.77727600000003,16.551549000000023],[112.77727700000003,16.551685000000077],[112.77727800000002,16.551730000000077],[112.77727900000002,16.551775000000077],[112.77728300000001,16.551956000000075],[112.77728400000001,16.552001000000075],[112.777285,16.552046000000075],[112.77728600000012,16.552091000000075],[112.7772920000001,16.552242000000035],[112.7772940000001,16.552301000000057],[112.77729800000009,16.55240800000007],[112.77730000000008,16.55245400000007],[112.77730300000007,16.55254400000007],[112.77730500000007,16.55258900000007],[112.77731000000006,16.55272400000007],[112.77731200000005,16.552770000000066],[112.77732200000003,16.55304200000006],[112.77732500000002,16.553132000000062],[112.77732600000002,16.553177000000062],[112.77732700000001,16.553222000000062],[112.77733,16.55335800000006],[112.77733200000011,16.553449000000057],[112.77733300000011,16.553494000000057],[112.77733400000011,16.553539000000058],[112.77733400000011,16.553630000000055],[112.77733400000011,16.553675000000055],[112.77733500000011,16.553719000000058],[112.77733400000011,16.553809000000058],[112.77733400000011,16.553854000000058],[112.77733300000011,16.553900000000056],[112.77733200000011,16.553990000000056],[112.77732700000001,16.554171000000053],[112.77732300000002,16.554260000000056],[112.77731300000005,16.554440000000056],[112.77730900000006,16.554485000000057],[112.77730600000007,16.554530000000057],[112.77730200000008,16.554575000000057],[112.77729900000008,16.55461900000006],[112.7772940000001,16.55466400000006],[112.77728900000011,16.554708000000062],[112.77728000000002,16.55479900000006],[112.77727400000003,16.554843000000062],[112.77726500000006,16.554909000000066],[112.77725600000008,16.554978000000062],[112.7772460000001,16.555045000000064],[112.77723600000002,16.555111000000068],[112.77722900000003,16.555156000000068],[112.77721500000007,16.555244000000073],[112.77720700000009,16.55529000000007],[112.77719900000011,16.555334000000073],[112.77719100000002,16.555379000000073],[112.77718300000004,16.555423000000076],[112.77717500000006,16.55546700000002],[112.77716600000008,16.55551200000002],[112.7771580000001,16.555556000000024],[112.77714900000001,16.555601000000024],[112.77714000000003,16.555646000000024],[112.7771140000001,16.555778000000032],[112.777105,16.555823000000032],[112.77709500000003,16.555867000000035],[112.77708600000005,16.555912000000035],[112.77707700000008,16.555957000000035],[112.7770680000001,16.556001000000037],[112.77705800000001,16.55604500000004],[112.77704900000003,16.556089000000043],[112.77704000000006,16.556134000000043],[112.77703100000008,16.556178000000045],[112.7770210000001,16.556223000000045],[112.77701200000001,16.556268000000046],[112.77700300000004,16.556312000000048],[112.77698500000008,16.556400000000053],[112.7769750000001,16.556445000000053],[112.77696600000002,16.556490000000053],[112.77695800000004,16.556534000000056],[112.77694900000006,16.556579000000056],[112.77694000000008,16.55662300000006],[112.7769320000001,16.55666700000006],[112.77691700000003,16.55674300000004],[112.77689800000007,16.556846000000064],[112.77688200000011,16.556935000000067],[112.77687500000002,16.55697900000007],[112.77686700000004,16.55702400000007],[112.77686000000006,16.55706900000007],[112.77685400000007,16.557113000000072],[112.77684700000009,16.557158000000072],[112.7768400000001,16.557203000000072],[112.77683100000002,16.557270000000074],[112.77682200000004,16.557336000000078],[112.77681100000007,16.557426000000078],[112.77680500000008,16.557484000000045],[112.7767960000001,16.557560000000024],[112.77679200000011,16.557606000000078],[112.77678700000001,16.557651000000078],[112.77678300000002,16.55769600000002],[112.77677900000003,16.557740000000024],[112.77677500000004,16.557785000000024],[112.77677100000005,16.557830000000024],[112.77676700000006,16.55787600000002],[112.77676300000007,16.55792100000002],[112.77676000000008,16.557965000000024],[112.77675700000009,16.558010000000024],[112.7767530000001,16.558055000000024],[112.77674800000011,16.55812000000003],[112.77674400000001,16.558191000000022],[112.77674100000002,16.558236000000022],[112.77673800000002,16.558281000000022],[112.77673400000003,16.558355000000063],[112.77672500000006,16.558506000000023],[112.77672000000007,16.558641000000023],[112.77671800000007,16.558687000000077],[112.77671400000008,16.558777000000077],[112.77671200000009,16.558822000000077],[112.77671100000009,16.558867000000077],[112.7767080000001,16.55893800000007],[112.7767070000001,16.559004000000073],[112.7767060000001,16.559049000000073],[112.77670400000011,16.559094000000073],[112.77670400000011,16.559139000000073],[112.77670200000011,16.55918500000007],[112.77670100000012,16.55926000000005],[112.7767,16.55929800000007],[112.7767,16.559335000000033],[112.77669900000001,16.55941100000007],[112.77669800000001,16.55945600000007],[112.77669800000001,16.55950100000007],[112.77669700000001,16.55956100000003],[112.77669700000001,16.559657000000072],[112.77669600000002,16.559817000000066],[112.77669700000001,16.559862000000066],[112.77669700000001,16.559907000000067],[112.77669700000001,16.559952000000067],[112.77669700000001,16.559998000000064],[112.77669900000001,16.560269000000062],[112.7767,16.560314000000062],[112.77670100000012,16.560359000000062],[112.77670200000011,16.560404000000062],[112.77670200000011,16.560449000000062],[112.7767050000001,16.560592000000042],[112.7767080000001,16.56072000000006],[112.7767100000001,16.56076500000006],[112.77671200000009,16.560856000000058],[112.77671500000008,16.560946000000058],[112.77671600000008,16.560991000000058],[112.77671900000007,16.56108100000006],[112.77672300000006,16.561177000000043],[112.77672500000006,16.56125000000003],[112.77672900000005,16.561352000000056],[112.77673100000004,16.561397000000056],[112.77673200000004,16.561443000000054],[112.77673500000003,16.561488000000054],[112.77673600000003,16.561533000000054],[112.77673800000002,16.561578000000054],[112.77674000000002,16.561623000000054],[112.77674200000001,16.561668000000054],[112.77674400000001,16.561713000000054],[112.77674800000011,16.561804000000052],[112.7767500000001,16.561849000000052],[112.77675600000009,16.56197700000007],[112.77675700000009,16.56200700000005],[112.77676200000008,16.56209800000005],[112.77676500000007,16.56216500000005],[112.77677300000005,16.562346000000048],[112.77678000000003,16.562481000000048],[112.77678900000001,16.56266000000005],[112.77679100000012,16.56270600000005],[112.77680200000009,16.56293100000005],[112.77680800000007,16.563048000000038],[112.77681200000006,16.563134000000048],[112.77681900000005,16.563280000000077],[112.77682200000004,16.563338000000044],[112.77682300000004,16.563383000000044],[112.77683000000002,16.563518000000045],[112.77683100000002,16.563563000000045],[112.77683600000012,16.563654000000042],[112.77683700000011,16.563699000000042],[112.7768400000001,16.563744000000042],[112.7768410000001,16.563789000000043],[112.7768430000001,16.563834000000043],[112.77684600000009,16.56392500000004],[112.77684900000008,16.56397000000004],[112.77685300000007,16.56407900000005],[112.77685400000007,16.56412400000005],[112.77686000000006,16.56428600000004],[112.77686100000005,16.56433100000004],[112.77686400000005,16.56442100000004],[112.77686600000004,16.564512000000036],[112.77686800000004,16.564557000000036],[112.77686900000003,16.564602000000036],[112.77687100000003,16.564714000000038],[112.77687300000002,16.564828000000034],[112.77687400000002,16.564873000000034],[112.77687600000002,16.564963000000034],[112.77687800000001,16.56520400000005],[112.77687800000001,16.566002000000026],[112.77687900000001,16.566047000000026],[112.77687800000001,16.566189000000065],[112.77687800000001,16.566298000000074],[112.77687800000001,16.566363000000024],[112.77687700000001,16.566408000000024],[112.77687600000002,16.566634000000022],[112.77687500000002,16.566679000000022],[112.77687500000002,16.566815000000076],[112.77687400000002,16.566860000000077],[112.77687400000002,16.566950000000077],[112.77687300000002,16.566995000000077],[112.77687300000002,16.567086000000074],[112.77687200000003,16.567131000000074],[112.77687200000003,16.567176000000075],[112.77687100000003,16.567221000000075],[112.77687100000003,16.567266000000075],[112.77687000000003,16.567312000000072],[112.77687000000003,16.567357000000072],[112.77686900000003,16.567402000000072],[112.77686900000003,16.567447000000072],[112.77686800000004,16.567492000000072],[112.77686800000004,16.56753800000007],[112.77686700000004,16.567582000000073],[112.77686700000004,16.567627000000073],[112.77686500000004,16.567717000000073],[112.77686500000004,16.567762000000073],[112.77686500000004,16.567807000000073],[112.77686400000005,16.56785300000007],[112.77686200000005,16.56798800000007],[112.77686200000005,16.56803300000007],[112.77686000000006,16.56812400000007],[112.77686000000006,16.56816900000007],[112.77685700000006,16.56834900000007],[112.77685700000006,16.568395000000066],[112.77685600000007,16.568485000000067],[112.77685400000007,16.568575000000067],[112.77685300000007,16.568666000000064],[112.77685100000008,16.568756000000064],[112.77685100000008,16.568801000000065],[112.77685000000008,16.568846000000065],[112.77684700000009,16.569027000000062],[112.7768440000001,16.56920800000006],[112.7768410000001,16.56938800000006],[112.7768400000001,16.569434000000058],[112.77683800000011,16.569524000000058],[112.77683700000011,16.56959900000004],[112.77683600000012,16.56963200000007],[112.77683600000012,16.569682000000057],[112.776835,16.569731000000047],[112.77683400000001,16.569765000000075],[112.77683300000001,16.569840000000056],[112.77683200000001,16.569885000000056],[112.77682900000002,16.570021000000054],[112.77682700000003,16.570156000000054],[112.77682600000003,16.570201000000054],[112.77682400000003,16.57029200000005],[112.77682300000004,16.570382000000052],[112.77682100000004,16.570427000000052],[112.77682000000004,16.570513000000062],[112.77681800000005,16.57060800000005],[112.77681700000005,16.57065300000005],[112.77681500000006,16.570744000000047],[112.77681400000006,16.570834000000048],[112.77681300000006,16.570879000000048],[112.77681000000007,16.571015000000045],[112.77680900000007,16.571060000000045],[112.77680700000008,16.571150000000046],[112.77680600000008,16.571240000000046],[112.77680500000008,16.571286000000043],[112.77680200000009,16.571421000000043],[112.77680100000009,16.571466000000044],[112.7768000000001,16.57153100000005],[112.7767990000001,16.57160200000004],[112.7767970000001,16.57164700000004],[112.7767960000001,16.57173700000004],[112.77679400000011,16.57182800000004],[112.77679300000011,16.57187300000004],[112.77679100000012,16.57196300000004],[112.77679,16.57205300000004],[112.77678900000001,16.572099000000037],[112.77678600000002,16.572279000000037],[112.77678400000002,16.572325000000035],[112.77678300000002,16.572414000000038],[112.77678200000003,16.57248500000003],[112.77678000000003,16.572549000000038],[112.77677900000003,16.572594000000038],[112.77677700000004,16.572733000000028],[112.77677500000004,16.572865000000036],[112.77677300000005,16.572911000000033],[112.77677200000005,16.573001000000033],[112.77677000000006,16.573091000000034],[112.77676900000006,16.57318200000003],[112.77676700000006,16.57327200000003],[112.77676600000007,16.573343000000023],[112.77676500000007,16.573380000000043],[112.77676400000007,16.573434000000077],[112.77676400000007,16.573472000000038],[112.77676300000007,16.573523000000023],[112.77676200000008,16.573568000000023],[112.77676200000008,16.573607000000038],[112.77676100000008,16.573660000000075],[112.77676000000008,16.57369600000004],[112.77675900000008,16.573753000000067],[112.77675900000008,16.573781000000054],[112.77675800000009,16.573848000000055],[112.77675700000009,16.57387200000005],[112.77675600000009,16.573949000000027],[112.7767540000001,16.574040000000025],[112.7767540000001,16.574085000000025],[112.7767530000001,16.57416500000005],[112.7767500000001,16.574311000000023],[112.7767500000001,16.574356000000023],[112.77674900000011,16.57442700000007],[112.77674800000011,16.574492000000077],[112.77674800000011,16.574537000000078],[112.77674600000012,16.574672000000078],[112.776745,16.574717000000078],[112.77674400000001,16.574808000000075],[112.77674400000001,16.574853000000076],[112.77674300000001,16.574898000000076],[112.77674300000001,16.574943000000076],[112.77674100000002,16.575034000000073],[112.77674100000002,16.575079000000073],[112.77674000000002,16.575124000000073],[112.77674000000002,16.575169000000074],[112.77673900000002,16.575214000000074],[112.77673900000002,16.575259000000074],[112.77673800000002,16.57530500000007],[112.77673800000002,16.57535000000007],[112.77673800000002,16.57539500000007],[112.77673700000003,16.57544000000007],[112.77673700000003,16.57548500000007],[112.77673600000003,16.57557600000007],[112.77673500000003,16.57562100000007],[112.77673500000003,16.57571100000007],[112.77673400000003,16.57575600000007],[112.77673400000003,16.575815000000034],[112.77673400000003,16.575892000000067],[112.77673300000004,16.575937000000067],[112.77673300000004,16.57601200000005],[112.77673300000004,16.57605300000006],[112.77673200000004,16.576163000000065],[112.77673200000004,16.576208000000065],[112.77673100000004,16.57632600000005],[112.77673100000004,16.576434000000063],[112.77673000000004,16.576614000000063],[112.77673000000004,16.57666000000006],[112.77673000000004,16.57672400000007],[112.77673000000004,16.57684000000006],[112.77673000000004,16.57688500000006],[112.77673000000004,16.57702100000006],[112.77673000000004,16.57706600000006],[112.77673000000004,16.57715600000006],[112.77673000000004,16.57720100000006],[112.77673000000004,16.577247000000057],[112.77673000000004,16.577292000000057],[112.77673000000004,16.577337000000057],[112.77673100000004,16.577382000000057],[112.77673000000004,16.577427000000057],[112.77673100000004,16.577472000000057],[112.77673100000004,16.577518000000055],[112.77673100000004,16.577608000000055],[112.77673100000004,16.577653000000055],[112.77673300000004,16.577789000000053],[112.77673200000004,16.577834000000053],[112.77673400000003,16.578014000000053],[112.77673700000003,16.57828500000005],[112.77673800000002,16.57833100000005],[112.77673900000002,16.57846600000005],[112.77674000000002,16.57851100000005],[112.77674100000002,16.57860100000005],[112.77674200000001,16.578647000000046],[112.77674200000001,16.578692000000046],[112.77674300000001,16.578737000000046],[112.77674300000001,16.578782000000047],[112.77674400000001,16.578827000000047],[112.776745,16.578872000000047],[112.77674600000012,16.578918000000044],[112.77674600000012,16.578963000000044],[112.77674800000011,16.579053000000044],[112.77674900000011,16.579098000000045],[112.7767520000001,16.579234000000042],[112.7767520000001,16.579279000000042],[112.7767550000001,16.57939700000003],[112.77675600000009,16.57947100000007],[112.77676000000008,16.57964000000004],[112.77676300000007,16.579754000000037],[112.77676500000007,16.57984300000004],[112.77676800000006,16.579987000000074],[112.77676900000006,16.58004600000004],[112.77677100000005,16.580092000000036],[112.77677400000005,16.580227000000036],[112.77677500000004,16.580272000000036],[112.77677700000004,16.580363000000034],[112.77677900000003,16.580408000000034],[112.77678100000003,16.580498000000034],[112.77678200000003,16.580543000000034],[112.77678300000002,16.580588000000034],[112.77678500000002,16.580633000000034],[112.77678700000001,16.580724000000032],[112.77678900000001,16.580769000000032],[112.77679,16.580814000000032],[112.77679100000012,16.580859000000032],[112.77679200000011,16.580904000000032],[112.7767950000001,16.58099500000003],[112.7767960000001,16.58104000000003],[112.7767980000001,16.58108500000003],[112.7767990000001,16.58113000000003],[112.77680100000009,16.58117500000003],[112.77680200000009,16.58122000000003],[112.77680500000008,16.581311000000028],[112.77680600000008,16.581356000000028],[112.77680900000007,16.581446000000028],[112.77681000000007,16.581493000000023],[112.77681200000006,16.581560000000025],[112.77681500000006,16.581628000000023],[112.77681600000005,16.581673000000023],[112.77682000000004,16.581809000000078],[112.77682100000004,16.581854000000078],[112.77682500000003,16.58194400000002],[112.77682800000002,16.58203400000002],[112.77682900000002,16.582080000000076],[112.77683400000001,16.582237000000077],[112.77683700000011,16.582305000000076],[112.77683800000011,16.582350000000076],[112.7768410000001,16.582441000000074],[112.7768440000001,16.582531000000074],[112.77684700000009,16.582621000000074],[112.77684800000009,16.582666000000074],[112.77685400000007,16.58281900000003],[112.77685600000007,16.582887000000028],[112.77685900000006,16.582970000000046],[112.77686400000005,16.58311800000007],[112.77686500000004,16.58316300000007],[112.77686800000004,16.58325300000007],[112.77687100000003,16.583344000000068],[112.77687500000002,16.583434000000068],[112.77687800000001,16.583524000000068],[112.77688100000012,16.583615000000066],[112.77688200000011,16.583660000000066],[112.7768850000001,16.583740000000034],[112.7768900000001,16.583886000000064],[112.77689300000009,16.583976000000064],[112.77689400000008,16.584021000000064],[112.77689600000008,16.58406700000006],[112.77689800000007,16.584145000000035],[112.77689900000007,16.584175000000073],[112.77690100000007,16.584223000000065],[112.77690400000006,16.58429300000006],[112.77690500000006,16.58433800000006],[112.77690800000005,16.58442800000006],[112.77691100000004,16.584519000000057],[112.77691200000004,16.584564000000057],[112.77691400000003,16.584628000000066],[112.77691700000003,16.584699000000057],[112.77691800000002,16.584745000000055],[112.77692200000001,16.584880000000055],[112.77692300000001,16.584925000000055],[112.77692700000011,16.585015000000055],[112.77692800000011,16.585061000000053],[112.7769310000001,16.585151000000053],[112.7769320000001,16.585196000000053],[112.7769350000001,16.585286000000053],[112.77693600000009,16.585331000000053],[112.77693700000009,16.58537700000005],[112.77693800000009,16.58542200000005],[112.77694000000008,16.58546700000005],[112.77694100000008,16.58551200000005],[112.77694400000007,16.58560200000005],[112.77694500000007,16.58564800000005],[112.77694700000006,16.58569300000005],[112.77694900000006,16.58578300000005],[112.77695000000006,16.58582800000005],[112.77695100000005,16.58587300000005],[112.77695300000005,16.58591800000005],[112.77695500000004,16.586009000000047],[112.77695700000004,16.586054000000047],[112.77695900000003,16.586144000000047],[112.77696000000003,16.586189000000047],[112.77696300000002,16.586325000000045],[112.77696500000002,16.586370000000045],[112.77696900000001,16.586539000000073],[112.77697,16.586596000000043],[112.77697100000012,16.586641000000043],[112.7769760000001,16.58685200000002],[112.7769780000001,16.58695700000004],[112.7769790000001,16.58700200000004],[112.77698400000008,16.58722800000004],[112.77698400000008,16.58727300000004],[112.77698600000008,16.58736300000004],[112.77698700000008,16.587409000000036],[112.77698900000007,16.587499000000037],[112.77698900000007,16.587544000000037],[112.77699000000007,16.587589000000037],[112.77699000000007,16.587634000000037],[112.77699100000007,16.587680000000034],[112.77699200000006,16.587725000000034],[112.77699300000006,16.587770000000035],[112.77699300000006,16.587815000000035],[112.77699400000006,16.587860000000035],[112.77699500000006,16.587950000000035],[112.77699600000005,16.587996000000032],[112.77699800000005,16.588176000000033],[112.77699900000005,16.588221000000033],[112.77700100000004,16.588491000000033],[112.77700200000004,16.58858200000003],[112.77700200000004,16.58862700000003],[112.77700300000004,16.58876200000003],[112.77700300000004,16.58880700000003],[112.77700400000003,16.58889800000003],[112.77700400000003,16.58894300000003],[112.77700400000003,16.58898800000003],[112.77700400000003,16.58903300000003],[112.77700400000003,16.58907800000003],[112.77700400000003,16.589124000000027],[112.77700500000003,16.589169000000027],[112.77700400000003,16.589259000000027],[112.77700500000003,16.589304000000027],[112.77700400000003,16.589414000000033],[112.77700400000003,16.589530000000025],[112.77700400000003,16.589575000000025],[112.77700400000003,16.589620000000025],[112.77700300000004,16.589666000000022],[112.77700300000004,16.589773000000037],[112.77700200000004,16.589890000000025],[112.77700200000004,16.589935000000025],[112.77700100000004,16.590026000000023],[112.77700000000004,16.590071000000023],[112.77700000000004,16.590116000000023],[112.77700000000004,16.590161000000023],[112.77699900000005,16.590206000000023],[112.77699800000005,16.590297000000078],[112.77699800000005,16.590342000000078],[112.77699700000005,16.59040600000003],[112.77699600000005,16.590477000000078],[112.77699500000006,16.590523000000076],[112.77699400000006,16.590613000000076],[112.77699200000006,16.59070200000002],[112.77699100000007,16.59074700000002],[112.77698900000007,16.590838000000076],[112.77698800000007,16.590928000000076],[112.77698700000008,16.590973000000076],[112.77698600000008,16.591018000000076],[112.77698500000008,16.591063000000076],[112.77698400000008,16.591109000000074],[112.77698100000009,16.591199000000074],[112.7769800000001,16.591244000000074],[112.7769790000001,16.591300000000047],[112.7769750000001,16.591424000000075],[112.77696800000001,16.591650000000072],[112.77696600000002,16.591695000000072],[112.77696400000002,16.591785000000073],[112.77696200000003,16.591830000000073],[112.77696000000003,16.59187600000007],[112.77695800000004,16.59192100000007],[112.77695600000004,16.59196600000007],[112.77695500000004,16.59201100000007],[112.77695200000005,16.592077000000074],[112.77694900000006,16.592147000000068],[112.77694500000007,16.59223700000007],[112.77694300000007,16.592307000000062],[112.77694000000008,16.592355000000055],[112.77693900000008,16.592386000000033],[112.77693600000009,16.592463000000066],[112.7769330000001,16.592508000000066],[112.77692900000011,16.592598000000066],[112.77692700000011,16.592643000000066],[112.776925,16.592688000000066],[112.77692300000001,16.592733000000067],[112.77692100000002,16.592778000000067],[112.77691300000004,16.592914000000064],[112.77691100000004,16.592959000000064],[112.77690800000005,16.593016000000034],[112.77689900000007,16.593185000000062],[112.77689500000008,16.593230000000062],[112.7768880000001,16.593365000000063],[112.7768850000001,16.59341100000006],[112.77688200000011,16.59345600000006],[112.77687900000001,16.59350100000006],[112.77687700000001,16.59354600000006],[112.77687400000002,16.59359100000006],[112.77687100000003,16.593637000000058],[112.77686500000004,16.593727000000058],[112.77686200000005,16.593772000000058],[112.77685900000006,16.593817000000058],[112.77685300000007,16.59390700000006],[112.7768430000001,16.59406000000007],[112.77683800000011,16.594133000000056],[112.77683400000001,16.594178000000056],[112.77683000000002,16.594242000000065],[112.77682500000003,16.594313000000056],[112.77682100000004,16.594358000000057],[112.77681800000005,16.594404000000054],[112.77681400000006,16.594449000000054],[112.77681100000007,16.594494000000054],[112.77680400000008,16.594584000000054],[112.77680100000009,16.594628000000057],[112.77678800000001,16.59478900000005],[112.77678100000003,16.59487400000006],[112.77677400000005,16.594959000000074],[112.77677000000006,16.59500500000007],[112.77676000000008,16.59512600000005],[112.77675600000009,16.595170000000053],[112.77674800000011,16.595260000000053],[112.77674400000001,16.595305000000053],[112.77674100000002,16.59535100000005],[112.77673600000003,16.59539600000005],[112.77673300000004,16.59544100000005],[112.77672400000006,16.59553100000005],[112.77672000000007,16.595575000000053],[112.77670300000011,16.59575600000005],[112.7767,16.59580100000005],[112.77668700000004,16.59593600000005],[112.77668200000005,16.59598100000005],[112.7766650000001,16.59616200000005],[112.7766600000001,16.59620700000005],[112.77665600000012,16.596251000000052],[112.77665100000002,16.596296000000052],[112.77664200000004,16.59638700000005],[112.77663300000006,16.59647700000005],[112.77662800000007,16.596521000000052],[112.7766190000001,16.59661200000005],[112.77661400000011,16.59665700000005],[112.77661,16.59670200000005],[112.77660500000002,16.596746000000053],[112.77659000000006,16.59688200000005],[112.77658400000007,16.59694200000007],[112.7765710000001,16.597061000000053],[112.77656100000002,16.597151000000054],[112.77655500000003,16.597196000000054],[112.77654600000005,16.597286000000054],[112.77654000000007,16.597330000000056],[112.77653500000008,16.597376000000054],[112.7765300000001,16.597421000000054],[112.7765250000001,16.597466000000054],[112.77652,16.597510000000057],[112.77651500000002,16.597555000000057],[112.77650400000005,16.597646000000054],[112.77649900000006,16.597690000000057],[112.77648800000009,16.597780000000057],[112.7764830000001,16.59782400000006],[112.77647800000011,16.59786900000006],[112.77647300000001,16.597915000000057],[112.77645900000005,16.59802700000006],[112.77645400000006,16.598064000000022],[112.77644500000008,16.59813900000006],[112.7764390000001,16.59818400000006],[112.77643400000011,16.598228000000063],[112.77642300000002,16.598318000000063],[112.77641800000004,16.598362000000066],[112.77641100000005,16.598407000000066],[112.77640600000007,16.598453000000063],[112.77640100000008,16.598497000000066],[112.7763950000001,16.598542000000066],[112.77638900000011,16.59858600000007],[112.77638300000001,16.59863100000007],[112.77637800000002,16.598677000000066],[112.77637200000004,16.59872100000007],[112.77636600000005,16.59876600000007],[112.77636000000007,16.59881000000007],[112.7763480000001,16.59890000000007],[112.77634300000011,16.598944000000074],[112.77633300000002,16.599018000000058],[112.77632700000004,16.599064000000055],[112.77631900000006,16.599123000000077],[112.77630900000008,16.59919300000007],[112.7763040000001,16.599229000000037],[112.77629400000001,16.599302000000023],[112.77628500000003,16.59937000000002],[112.77627600000005,16.599436000000026],[112.77627000000007,16.599480000000028],[112.7762570000001,16.59956900000003],[112.77625100000012,16.59961500000003],[112.77624400000002,16.59965900000003],[112.77623700000004,16.59970400000003],[112.77623100000005,16.599748000000034],[112.77622300000007,16.599793000000034],[112.77621700000009,16.599837000000036],[112.77620200000001,16.599927000000037],[112.77619500000003,16.599972000000037],[112.77618700000005,16.60001600000004],[112.77618000000007,16.60006100000004],[112.77617200000009,16.60010600000004],[112.77616400000011,16.60015100000004],[112.77615600000001,16.600195000000042],[112.77614900000003,16.600240000000042],[112.77613200000008,16.600328000000047],[112.7761230000001,16.600373000000047],[112.776115,16.600418000000047],[112.77610700000002,16.600463000000047],[112.77609800000005,16.60050700000005],[112.77608900000007,16.600551000000053],[112.77608000000009,16.600596000000053],[112.77607100000012,16.600640000000055],[112.77606200000002,16.600685000000055],[112.77605300000005,16.600730000000055],[112.77604400000007,16.600774000000058],[112.77602000000002,16.600884000000065],[112.77599600000008,16.600996000000066],[112.7759860000001,16.60104000000007],[112.77596600000004,16.60112900000007],[112.77594500000009,16.601217000000076],[112.77593500000012,16.601261000000022],[112.77592500000003,16.601306000000022],[112.77591400000006,16.601350000000025],[112.77589300000011,16.60143800000003],[112.77588100000003,16.601482000000033],[112.77587000000005,16.601526000000035],[112.77582500000005,16.601703000000043],[112.77581300000008,16.601747000000046],[112.77580200000011,16.60179100000005],[112.77577800000006,16.601878000000056],[112.77575500000012,16.60196600000006],[112.77574200000004,16.602009000000066],[112.77573000000007,16.60205300000007],[112.7757180000001,16.60209800000007],[112.77570500000002,16.602141000000074],[112.77569300000005,16.602185000000077],[112.77568000000008,16.602228000000025],[112.77566700000011,16.602272000000028],[112.77565400000003,16.602315000000033],[112.77564100000006,16.602359000000035],[112.7756280000001,16.60240200000004],[112.77561500000002,16.602446000000043],[112.77560200000005,16.60248900000005],[112.77558800000008,16.602532000000053],[112.77557500000012,16.60257500000006],[112.77556100000004,16.60261900000006],[112.7755340000001,16.60270600000007],[112.77552000000003,16.602749000000074],[112.77550600000006,16.602792000000022],[112.77543500000002,16.603007000000048],[112.77540500000009,16.603093000000058],[112.77539100000001,16.603136000000063],[112.77537600000005,16.60317900000007],[112.77536100000009,16.603221000000076],[112.77534600000001,16.603264000000024],[112.77533100000005,16.60330700000003],[112.77530000000002,16.603392000000042],[112.77528500000005,16.60343400000005],[112.7752690000001,16.603477000000055],[112.77525400000002,16.603519000000063],[112.7752220000001,16.603604000000075],[112.77519000000007,16.603687000000036],[112.7751740000001,16.60373000000004],[112.77515800000003,16.60377200000005],[112.77514200000007,16.603814000000057],[112.77510800000005,16.603898000000072],[112.77509200000009,16.603941000000077],[112.77507500000002,16.603983000000028],[112.7750420000001,16.604067000000043],[112.77500800000007,16.60415100000006],[112.77499100000011,16.604193000000066],[112.77495700000009,16.604277000000025],[112.77493900000002,16.604318000000035],[112.77492200000006,16.604360000000042],[112.7749040000001,16.60440200000005],[112.77488700000004,16.604444000000058],[112.77486900000008,16.604486000000065],[112.77485100000001,16.604527000000076],[112.77479800000003,16.60465300000004],[112.77476200000001,16.604735000000062],[112.7747250000001,16.604819000000077],[112.77468900000008,16.60490200000004],[112.77465200000006,16.604985000000056],[112.77463300000011,16.605027000000064],[112.774583,16.60513700000007],[112.77455900000007,16.605192000000045],[112.77454000000012,16.605234000000053],[112.77452100000005,16.605275000000063],[112.7745020000001,16.60531700000007],[112.77446400000008,16.605399000000034],[112.77443700000003,16.605458000000056],[112.77438700000005,16.605564000000072],[112.7743680000001,16.605605000000025],[112.77432900000008,16.605688000000043],[112.77431000000001,16.605728000000056],[112.77429000000006,16.605770000000064],[112.77427000000012,16.605811000000074],[112.77425000000005,16.605852000000027],[112.7742310000001,16.605893000000037],[112.77421100000004,16.605935000000045],[112.77419100000009,16.605976000000055],[112.77413200000001,16.60609900000003],[112.77411200000006,16.60614000000004],[112.77409200000011,16.60618100000005],[112.77401200000008,16.606344000000036],[112.77399200000002,16.606385000000046],[112.77397200000007,16.606427000000053],[112.77394300000003,16.606485000000077],[112.77391100000011,16.60654900000003],[112.77389100000005,16.60659000000004],[112.77385000000004,16.60667200000006],[112.77383000000009,16.60671300000007],[112.77381000000003,16.606753000000026],[112.77378900000008,16.606794000000036],[112.77376900000002,16.606835000000046],[112.77374800000007,16.606876000000057],[112.773728,16.606917000000067],[112.77370700000006,16.606957000000023],[112.77368700000011,16.606997000000035],[112.77366600000005,16.607038000000045],[112.77362500000004,16.607120000000066],[112.77360400000009,16.607161000000076],[112.77358400000003,16.607201000000032],[112.7735530000001,16.607263000000046],[112.77352200000007,16.607324000000062],[112.77350100000001,16.607364000000075],[112.77346000000011,16.60744500000004],[112.77343900000005,16.60748600000005],[112.7734190000001,16.60752700000006],[112.77339800000004,16.60756800000007],[112.7733780000001,16.60760700000003],[112.77333600000009,16.60768900000005],[112.77329500000008,16.60777100000007],[112.77327400000001,16.60781000000003],[112.773233,16.60789200000005],[112.77321200000006,16.60793300000006],[112.77319100000011,16.60797400000007],[112.77317100000005,16.608013000000028],[112.77310900000009,16.60813600000006],[112.77308800000003,16.60817600000007],[112.77306700000008,16.608216000000027],[112.77304700000002,16.608257000000037],[112.77302600000007,16.608298000000048],[112.77300600000001,16.60833800000006],[112.7729230000001,16.60850000000005],[112.77290200000004,16.60854100000006],[112.77283800000009,16.60866100000004],[112.77281600000003,16.608701000000053],[112.77279300000009,16.60874000000007],[112.77277100000003,16.608779000000027],[112.77274800000009,16.60881900000004],[112.77272500000004,16.608858000000055],[112.7727020000001,16.60889700000007],[112.77267800000004,16.608937000000026],[112.77260700000011,16.609052000000077],[112.77258300000005,16.609091000000035],[112.77255800000012,16.60913000000005],[112.77250900000001,16.609207000000026],[112.77243500000009,16.609323000000074],[112.77241000000004,16.609360000000038],[112.7723850000001,16.609399000000053],[112.77235900000005,16.60943700000007],[112.77231600000005,16.609503000000075],[112.77228400000001,16.609551000000067],[112.77223300000003,16.609628000000043],[112.77220800000009,16.60966600000006],[112.77218300000004,16.609704000000022],[112.7721580000001,16.609743000000037],[112.77213300000005,16.609780000000057],[112.77210800000012,16.609819000000073],[112.77208300000007,16.609857000000034],[112.77205700000002,16.60989500000005],[112.77203200000008,16.60993300000007],[112.77200800000003,16.609972000000027],[112.77198300000009,16.610011000000043],[112.77195900000004,16.61004900000006],[112.77192400000001,16.610104000000035],[112.77188600000011,16.610165000000052],[112.77186200000006,16.610204000000067],[112.77183800000012,16.610242000000028],[112.77181400000006,16.61028200000004],[112.77176700000007,16.610359000000074],[112.77174300000001,16.61039900000003],[112.77169600000002,16.610476000000062],[112.77167200000008,16.610516000000075],[112.77162500000009,16.61059300000005],[112.77160100000003,16.610633000000064],[112.77157800000009,16.610671000000025],[112.7715310000001,16.610750000000053],[112.77150800000004,16.61078800000007],[112.7714840000001,16.610828000000026],[112.77146000000005,16.610866000000044],[112.7714370000001,16.610906000000057],[112.77141400000005,16.610945000000072],[112.77136700000005,16.611023000000046],[112.77134300000012,16.61106200000006],[112.771296,16.611140000000034],[112.7712600000001,16.611200000000053],[112.77124000000003,16.611234000000024],[112.77121700000009,16.61127300000004],[112.77117900000007,16.61133600000005],[112.77115600000002,16.611375000000066],[112.77113300000008,16.611415000000022],[112.77110900000002,16.61145300000004],[112.77108600000008,16.611493000000053],[112.77106200000003,16.611532000000068],[112.77103900000009,16.611571000000026],[112.77101600000003,16.61161000000004],[112.77099300000009,16.611650000000054],[112.77096900000004,16.611688000000072],[112.7709460000001,16.611728000000028],[112.77092200000004,16.611766000000046],[112.7708990000001,16.61180600000006],[112.77087600000004,16.611845000000073],[112.7708520000001,16.611884000000032],[112.77082900000005,16.611923000000047],[112.7708060000001,16.61196300000006],[112.77078200000005,16.612001000000078],[112.77075900000011,16.612041000000033],[112.77073500000006,16.61208000000005],[112.77071200000012,16.612119000000064],[112.77068900000006,16.612158000000022],[112.770666,16.612198000000035],[112.77064200000007,16.612236000000053],[112.77061900000001,16.612276000000065],[112.77059500000007,16.612315000000024],[112.77050200000008,16.612471000000028],[112.77047800000003,16.612510000000043],[112.77045500000008,16.612549000000058],[112.77043100000003,16.612588000000073],[112.77040800000009,16.61262800000003],[112.77038400000004,16.612666000000047],[112.7703600000001,16.61270600000006],[112.77033700000004,16.612745000000075],[112.77029000000005,16.61282300000005],[112.7702670000001,16.612862000000064],[112.77024300000005,16.612901000000022],[112.77019600000006,16.612979000000053],[112.77017200000012,16.613018000000068],[112.77012500000001,16.613095000000044],[112.77010100000007,16.613135000000057],[112.77005400000007,16.613212000000033],[112.77003000000002,16.613252000000045],[112.77000600000008,16.61329100000006],[112.76995800000009,16.613368000000037],[112.76993500000003,16.613407000000052],[112.76991100000009,16.613446000000067],[112.76988700000004,16.613485000000026],[112.7698630000001,16.613523000000043],[112.76983900000005,16.613563000000056],[112.76981500000011,16.61360200000007],[112.76979100000005,16.613640000000032],[112.76976700000012,16.613679000000047],[112.76974300000006,16.613717000000065],[112.76969500000007,16.61379500000004],[112.76967100000002,16.613834000000054],[112.76964600000008,16.61387300000007],[112.76962300000002,16.61391100000003],[112.7695500000001,16.61402700000002],[112.76952500000004,16.614066000000037],[112.76945200000011,16.614182000000028],[112.76942800000006,16.614220000000046],[112.76940300000001,16.61425900000006],[112.76935400000002,16.61433500000004],[112.76933000000008,16.614374000000055],[112.76930500000003,16.614412000000073],[112.7692800000001,16.61445100000003],[112.76925600000004,16.61448900000005],[112.7692310000001,16.614528000000064],[112.76920600000005,16.614565000000027],[112.76918200000011,16.614604000000043],[112.76910800000007,16.614720000000034],[112.76908300000002,16.614757000000054],[112.76903300000004,16.61483400000003],[112.7690090000001,16.614872000000048],[112.76897400000007,16.614925000000028],[112.76893400000006,16.61498800000004],[112.76890900000001,16.61502500000006],[112.76885900000002,16.615102000000036],[112.7687840000001,16.615216000000032],[112.76875900000005,16.615255000000047],[112.76870900000006,16.615331000000026],[112.76868400000001,16.615369000000044],[112.76865900000007,16.61540700000006],[112.76863400000002,16.615445000000022],[112.76860800000009,16.615484000000038],[112.7685580000001,16.615560000000073],[112.76853300000005,16.615597000000037],[112.76850800000011,16.615636000000052],[112.76848200000006,16.61567400000007],[112.76845800000001,16.61571200000003],[112.76843200000008,16.615750000000048],[112.76835700000004,16.615864000000045],[112.7683310000001,16.615902000000062],[112.76828100000012,16.61597800000004],[112.76825600000006,16.616017000000056],[112.76823000000002,16.616054000000076],[112.76818600000001,16.616121000000078],[112.7681540000001,16.61616900000007],[112.76812900000004,16.616206000000034],[112.76810400000011,16.61624500000005],[112.76807800000006,16.61628200000007],[112.76805300000001,16.616321000000028],[112.76800200000002,16.616397000000063],[112.76797700000009,16.616434000000027],[112.76795200000004,16.616473000000042],[112.7679260000001,16.616510000000062],[112.76787600000011,16.61658600000004],[112.76785100000006,16.616625000000056],[112.76780000000008,16.616700000000037],[112.76777400000003,16.616739000000052],[112.7677490000001,16.616776000000073],[112.76767300000006,16.616891000000066],[112.76764800000001,16.61692800000003],[112.76762200000007,16.616967000000045],[112.76759700000002,16.617004000000065],[112.76757200000009,16.617043000000024],[112.76754700000004,16.617080000000044],[112.7675210000001,16.61711900000006],[112.76749600000005,16.617157000000077],[112.76747100000011,16.617195000000038],[112.76742000000002,16.617271000000073],[112.76739500000008,16.617309000000034],[112.76736900000003,16.617347000000052],[112.76734500000009,16.61738500000007],[112.76731900000004,16.61742300000003],[112.7672940000001,16.61746100000005],[112.76726900000006,16.617499000000066],[112.767244,16.617537000000027],[112.76721900000007,16.617576000000042],[112.76719300000002,16.617613000000063],[112.76716800000008,16.617652000000078],[112.76714300000003,16.61769000000004],[112.7671180000001,16.617728000000056],[112.76709300000005,16.617766000000074],[112.76706700000011,16.617804000000035],[112.76704300000006,16.617842000000053],[112.76701700000001,16.61788000000007],[112.76696700000002,16.617957000000047],[112.76694200000009,16.617995000000064],[112.7668920000001,16.61807200000004],[112.76686700000005,16.61810900000006],[112.76684200000011,16.618148000000076],[112.76681700000006,16.61818500000004],[112.766793,16.618224000000055],[112.76674300000002,16.61830100000003],[112.76671800000008,16.61833900000005],[112.7666680000001,16.618416000000025],[112.76664400000004,16.618453000000045],[112.76654400000007,16.61860800000005],[112.76651900000002,16.618645000000072],[112.76649500000008,16.61868400000003],[112.76644600000009,16.618761000000063],[112.76642100000004,16.61880000000002],[112.7663960000001,16.618837000000042],[112.76637200000005,16.618876000000057],[112.76634700000011,16.618914000000075],[112.76629900000012,16.61899100000005],[112.76627400000007,16.619030000000066],[112.76620100000002,16.619146000000057],[112.76617700000008,16.619184000000075],[112.76610400000004,16.619300000000067],[112.7660800000001,16.619339000000025],[112.76603200000011,16.619416000000058],[112.765983,16.619493000000034],[112.76593500000001,16.619571000000064],[112.76588700000002,16.619649000000038],[112.76585000000011,16.619707000000062],[112.76581400000009,16.619764000000032],[112.76577500000008,16.619826000000046],[112.76575700000001,16.61985500000003],[112.76571700000011,16.61991900000004],[112.76569300000006,16.61995900000005],[112.76564400000007,16.620036000000027],[112.76559600000007,16.62011300000006],[112.76549900000009,16.62026700000007],[112.76547500000004,16.620307000000025],[112.76542600000005,16.620384000000058],[112.76537800000006,16.620461000000034],[112.76532900000007,16.620539000000065],[112.76530500000001,16.620578000000023],[112.7652700000001,16.62063500000005],[112.76523200000008,16.62069400000007],[112.76518500000009,16.620772000000045],[112.76511200000004,16.620888000000036],[112.7650880000001,16.62092700000005],[112.76506400000005,16.620967000000064],[112.76504000000011,16.621005000000025],[112.76501600000006,16.62104400000004],[112.764992,16.621082000000058],[112.76494400000001,16.62116100000003],[112.76492000000007,16.621199000000047],[112.76489600000002,16.62123900000006],[112.76487200000008,16.621277000000077],[112.76484800000003,16.621316000000036],[112.76482500000009,16.62135600000005],[112.76480000000004,16.621394000000066],[112.7647770000001,16.621433000000025],[112.76475300000004,16.621473000000037],[112.76470600000005,16.62155000000007],[112.76468200000011,16.621590000000026],[112.76465800000005,16.621628000000044],[112.76463500000011,16.621668000000057],[112.76461100000006,16.62170700000007],[112.764587,16.62174600000003],[112.76456400000006,16.621785000000045],[112.76452800000004,16.621844000000067],[112.76449300000002,16.62190300000003],[112.76447000000007,16.62194100000005],[112.76444700000002,16.621981000000062],[112.76442300000008,16.622020000000077],[112.76440000000002,16.622059000000036],[112.76435300000003,16.622138000000064],[112.76433000000009,16.622177000000022],[112.76430700000003,16.622216000000037],[112.76426100000003,16.622296000000063],[112.76423800000009,16.622334000000023],[112.76421500000004,16.622374000000036],[112.7641920000001,16.62241400000005],[112.76416900000004,16.622453000000064],[112.76412400000004,16.622532000000035],[112.7641010000001,16.62257100000005],[112.76407800000004,16.622611000000063],[112.7640560000001,16.622651000000076],[112.76403300000004,16.622689000000037],[112.76398800000004,16.622769000000062],[112.76394300000004,16.622848000000033],[112.7639210000001,16.622888000000046],[112.76389900000004,16.62292800000006],[112.7638770000001,16.622967000000074],[112.76385500000004,16.62300700000003],[112.7638320000001,16.623047000000042],[112.76378800000009,16.62312600000007],[112.76376700000003,16.623167000000024],[112.76372300000003,16.62324600000005],[112.76370200000008,16.623286000000064],[112.76368000000002,16.623326000000077],[112.76365800000008,16.62336700000003],[112.76363600000002,16.623406000000045],[112.76359400000001,16.62348600000007],[112.76357300000006,16.623526000000027],[112.763551,16.62356600000004],[112.76353000000006,16.62360700000005],[112.76350900000011,16.623647000000062],[112.76344600000004,16.623767000000043],[112.7634250000001,16.623808000000054],[112.76340500000003,16.623849000000064],[112.76338400000009,16.623888000000022],[112.76336300000003,16.623929000000032],[112.76334200000008,16.623969000000045],[112.76332200000002,16.624010000000055],[112.763281,16.624090000000024],[112.76324100000011,16.624172000000044],[112.76318300000003,16.624294000000077],[112.76316400000007,16.624336000000028],[112.76314400000001,16.624377000000038],[112.76312500000006,16.62441800000005],[112.7631070000001,16.624460000000056],[112.76308800000004,16.62450000000007],[112.76307000000008,16.624542000000076],[112.76305200000002,16.624584000000027],[112.76303300000006,16.624625000000037],[112.76298000000008,16.62475100000006],[112.76295800000003,16.62480400000004],[112.76293400000009,16.62486300000006],[112.76292000000001,16.62489800000003],[112.76289400000007,16.624960000000044],[112.76287800000011,16.625004000000047],[112.76284400000009,16.625087000000065],[112.76281200000005,16.625172000000077],[112.7627960000001,16.625215000000026],[112.76278000000002,16.625257000000033],[112.7627480000001,16.625343000000044],[112.76273200000003,16.62538500000005],[112.76268600000003,16.625514000000067],[112.76267100000007,16.62555700000007],[112.76264000000003,16.625642000000028],[112.76261800000009,16.625707000000034],[112.76259600000003,16.625771000000043],[112.76258200000007,16.625815000000046],[112.7625670000001,16.62585800000005],[112.76254700000004,16.625916000000075],[112.7625230000001,16.625988000000063],[112.76250300000004,16.626051000000075],[112.7624810000001,16.626117000000022],[112.76245900000004,16.626186000000075],[112.76243900000009,16.626247000000035],[112.76242500000001,16.62629000000004],[112.76241100000004,16.626333000000045],[112.76239800000008,16.626377000000048],[112.76237000000003,16.626463000000058],[112.76235700000007,16.62650700000006],[112.7623430000001,16.626550000000066],[112.76233000000002,16.62659300000007],[112.76231600000006,16.626636000000076],[112.76230300000009,16.626681000000076],[112.76229000000001,16.626724000000024],[112.76227600000004,16.62676700000003],[112.76226300000008,16.626811000000032],[112.76223700000003,16.626897000000042],[112.76222300000006,16.626940000000047],[112.7622100000001,16.62698400000005],[112.76217100000008,16.627113000000065],[112.76215800000011,16.62715600000007],[112.76214500000003,16.627200000000073],[112.76213100000007,16.62724300000002],[112.7621190000001,16.627286000000026],[112.76210700000001,16.62733000000003],[112.76209500000004,16.62737500000003],[112.76208300000008,16.627418000000034],[112.7620710000001,16.627462000000037],[112.76205200000004,16.627535000000023],[112.76203700000008,16.627593000000047],[112.76200500000004,16.627725000000055],[112.7619840000001,16.627814000000058],[112.761975,16.627859000000058],[112.76196500000003,16.62790300000006],[112.76195500000006,16.627947000000063],[112.76194600000008,16.627992000000063],[112.7619370000001,16.628036000000066],[112.76192800000001,16.628081000000066],[112.76191600000004,16.62814700000007],[112.76190300000007,16.62821500000007],[112.76188800000011,16.62830400000007],[112.76188000000002,16.628348000000074],[112.76186900000005,16.628416000000072],[112.76185800000007,16.628483000000074],[112.76185200000009,16.628528000000074],[112.7618460000001,16.628572000000077],[112.76183900000001,16.628618000000074],[112.76183300000002,16.628662000000077],[112.76182800000004,16.628707000000077],[112.76182100000005,16.628752000000077],[112.76181600000007,16.628796000000023],[112.76180900000008,16.628859000000034],[112.7618010000001,16.628931000000023],[112.76179300000001,16.629021000000023],[112.76178500000003,16.629110000000026],[112.76178200000004,16.629156000000023],[112.76178000000004,16.629200000000026],[112.76177800000005,16.629245000000026],[112.76177600000005,16.629290000000026],[112.76177300000006,16.629380000000026],[112.76177200000006,16.62946900000003],[112.76177100000007,16.629560000000026],[112.76177300000006,16.629695000000027],[112.76177600000005,16.62983200000002],[112.76177800000005,16.62990700000006],[112.76178000000004,16.629945000000077],[112.76178100000004,16.62998300000004],[112.76178400000003,16.630058000000076],[112.76178600000003,16.630103000000076],[112.76178700000003,16.630148000000077],[112.76179200000001,16.630239000000074],[112.76179300000001,16.63028500000007],[112.761795,16.630330000000072],[112.76179700000012,16.630375000000072],[112.76179900000011,16.630420000000072],[112.7618020000001,16.630493000000058],[112.76180700000009,16.630647000000067],[112.76180800000009,16.630692000000067],[112.76181000000008,16.630737000000067],[112.76181000000008,16.630782000000067],[112.76181100000008,16.630827000000068],[112.76181200000008,16.630918000000065],[112.76181100000008,16.631053000000065],[112.76181100000008,16.631098000000065],[112.76181100000008,16.631144000000063],[112.76181000000008,16.631189000000063],[112.76180800000009,16.631234000000063],[112.76180800000009,16.631279000000063],[112.76180600000009,16.63132500000006],[112.7618010000001,16.63150600000006],[112.76179700000012,16.631643000000054],[112.76179400000001,16.631733000000054],[112.76179200000001,16.631778000000054],[112.76179100000002,16.63182400000005],[112.76179000000002,16.63187000000005],[112.76178800000002,16.63196000000005],[112.76178600000003,16.632051000000047],[112.76178400000003,16.632141000000047],[112.76178400000003,16.632205000000056],[112.76178400000003,16.632322000000045],[112.76178400000003,16.632367000000045],[112.76178700000003,16.632483000000036],[112.76178800000002,16.632547000000045],[112.76179000000002,16.632592000000045],[112.76179200000001,16.632638000000043],[112.761795,16.632683000000043],[112.76179700000012,16.632728000000043],[112.7618020000001,16.63279200000005],[112.76180700000009,16.632862000000046],[112.76181100000008,16.632906000000048],[112.76182000000006,16.63299600000005],[112.76183200000003,16.63308600000005],[112.76184400000011,16.63317500000005],[112.76185100000009,16.633219000000054],[112.76185900000007,16.633264000000054],[112.76187300000004,16.63335200000006],[112.76188200000001,16.63339700000006],[112.76189000000011,16.63344100000006],[112.76189800000009,16.633485000000064],[112.76190700000006,16.633529000000067],[112.76191600000004,16.633574000000067],[112.76192500000002,16.63361800000007],[112.76195400000006,16.633749000000023],[112.76196400000003,16.633795000000077],[112.7619850000001,16.633883000000026],[112.76199500000007,16.63392600000003],[112.76201700000001,16.63401200000004],[112.76203900000007,16.63410200000004],[112.7620740000001,16.63423400000005],[112.76210800000001,16.634366000000057],[112.7621200000001,16.63441000000006],[112.76213200000007,16.634454000000062],[112.76214400000003,16.634498000000065],[112.762155,16.634542000000067],[112.76219200000003,16.634673000000078],[112.76220300000011,16.634717000000023],[112.76224000000002,16.63484900000003],[112.7622510000001,16.634893000000034],[112.76226300000008,16.634937000000036],[112.76227500000005,16.63498100000004],[112.76228700000001,16.63502500000004],[112.76232100000004,16.63515700000005],[112.76233200000001,16.635201000000052],[112.7623440000001,16.635245000000054],[112.76236600000004,16.635332000000062],[112.7623880000001,16.635420000000067],[112.76242900000011,16.635596000000078],[112.76243900000009,16.635641000000078],[112.76244900000006,16.635685000000024],[112.7624760000001,16.63581700000003],[112.76249300000006,16.635906000000034],[112.76251000000002,16.63599400000004],[112.76251800000011,16.63603900000004],[112.7625250000001,16.636083000000042],[112.76253200000008,16.636128000000042],[112.76253900000006,16.636172000000045],[112.76255100000003,16.636261000000047],[112.76255700000002,16.636306000000047],[112.7625670000001,16.63639500000005],[112.76257600000008,16.636486000000048],[112.76258000000007,16.636531000000048],[112.76258300000006,16.636576000000048],[112.76259200000004,16.636712000000045],[112.76259400000004,16.636758000000043],[112.76259700000003,16.636848000000043],[112.76259800000003,16.63689400000004],[112.76259900000002,16.63703000000004],[112.76259900000002,16.637076000000036],[112.76259700000003,16.637212000000034],[112.76259500000003,16.63725800000003],[112.76259300000004,16.63730300000003],[112.76259200000004,16.63734800000003],[112.76258900000005,16.63739300000003],[112.76258700000005,16.63743800000003],[112.76258200000007,16.637510000000077],[112.76257700000008,16.63757400000003],[112.76257400000009,16.63761900000003],[112.7625690000001,16.63766400000003],[112.7625660000001,16.63770900000003],[112.762561,16.63775400000003],[112.76255600000002,16.63779900000003],[112.76255100000003,16.637843000000032],[112.76254600000004,16.637887000000035],[112.76254000000006,16.637932000000035],[112.76253500000007,16.637978000000032],[112.7625210000001,16.638067000000035],[112.76251500000001,16.638111000000038],[112.76250800000003,16.638156000000038],[112.76250000000005,16.638201000000038],[112.76249100000007,16.638246000000038],[112.76248400000009,16.638291000000038],[112.76247500000011,16.638336000000038],[112.76246600000002,16.63838000000004],[112.76244700000007,16.638469000000043],[112.7624360000001,16.638514000000043],[112.762426,16.638559000000043],[112.76241600000003,16.638603000000046],[112.76239300000009,16.63869100000005],[112.762381,16.638735000000054],[112.76235600000007,16.638824000000056],[112.7623430000001,16.63886700000006],[112.76233000000002,16.638911000000064],[112.76231600000006,16.63895400000007],[112.76230200000009,16.638997000000074],[112.76228800000001,16.639040000000023],[112.76225800000009,16.639126000000033],[112.76224300000001,16.63916800000004],[112.76222700000005,16.63921000000005],[112.7622110000001,16.639253000000053],[112.76217700000007,16.63933600000007],[112.76215900000011,16.639376000000027],[112.76214000000004,16.639417000000037],[112.7621190000001,16.63945700000005],[112.76209700000004,16.639497000000063],[112.7620750000001,16.639535000000024],[112.76205100000004,16.63957400000004],[112.7620270000001,16.639612000000056],[112.76200200000005,16.63965100000007],[112.76195000000007,16.639726000000053],[112.76192300000002,16.639763000000073],[112.76186900000005,16.639838000000054],[112.76184100000012,16.639875000000075],[112.76181300000007,16.639912000000038],[112.76178600000003,16.63994900000006],[112.7617580000001,16.63998600000002],[112.76170300000001,16.64006100000006],[112.76167600000008,16.640099000000077],[112.76165000000003,16.64013600000004],[112.7616240000001,16.64017300000006],[112.76159800000005,16.640212000000076],[112.76157300000011,16.640251000000035],[112.76155000000006,16.640289000000053],[112.76152600000012,16.640329000000065],[112.76150400000006,16.640369000000078],[112.76148200000011,16.640408000000036],[112.76146000000006,16.64044800000005],[112.76143700000011,16.64048800000006],[112.76141600000005,16.640528000000074],[112.76137100000005,16.640607000000045],[112.76134900000011,16.640647000000058],[112.76132600000005,16.640686000000073],[112.7613,16.640734000000066],[112.7612600000001,16.640807000000052],[112.76123700000005,16.640846000000067],[112.7612160000001,16.640886000000023],[112.76119400000005,16.640927000000033],[112.76115000000004,16.64100600000006],[112.7611280000001,16.64104700000007],[112.76110600000004,16.641087000000027],[112.7610850000001,16.641128000000037],[112.76106300000004,16.641167000000053],[112.76104200000009,16.641208000000063],[112.76102000000003,16.641248000000076],[112.76099900000008,16.64128900000003],[112.76097800000002,16.64133000000004],[112.76095700000008,16.641369000000054],[112.76091600000007,16.641451000000075],[112.76089600000012,16.641492000000028],[112.76087500000006,16.641533000000038],[112.7608550000001,16.64157300000005],[112.76083500000004,16.64161400000006],[112.7608150000001,16.64165500000007],[112.76077600000008,16.641737000000035],[112.76075700000001,16.641779000000042],[112.76073800000006,16.641819000000055],[112.76071900000011,16.641861000000063],[112.76070100000004,16.641902000000073],[112.76068200000009,16.641944000000024],[112.76066400000002,16.641985000000034],[112.76062800000011,16.64206900000005],[112.76059400000008,16.642152000000067],[112.76056100000005,16.642236000000025],[112.7605440000001,16.642278000000033],[112.76051200000006,16.642363000000046],[112.76049200000011,16.642418000000077],[112.76046500000007,16.642490000000066],[112.76044900000011,16.64253300000007],[112.76041900000007,16.642618000000027],[112.76039700000001,16.64268100000004],[112.76037500000007,16.642747000000043],[112.76034600000003,16.642833000000053],[112.76033200000006,16.642877000000055],[112.7603180000001,16.64292000000006],[112.76030500000002,16.642963000000066],[112.76029200000005,16.643008000000066],[112.76027800000008,16.64305100000007],[112.76025200000004,16.64313800000002],[112.76023900000007,16.643182000000024],[112.7602270000001,16.64322500000003],[112.76021500000002,16.643269000000032],[112.76020200000005,16.643313000000035],[112.76019100000008,16.643357000000037],[112.76017900000011,16.643400000000042],[112.76016700000002,16.643444000000045],[112.76015600000005,16.643489000000045],[112.76011300000005,16.643665000000055],[112.7600930000001,16.64375300000006],[112.76006400000006,16.643886000000066],[112.76005500000008,16.643931000000066],[112.7600460000001,16.64397500000007],[112.76003700000001,16.64401900000007],[112.76002000000005,16.644107000000076],[112.76001300000007,16.644153000000074],[112.76000500000009,16.644197000000077],[112.75998300000003,16.644330000000025],[112.75997000000007,16.644419000000028],[112.7599580000001,16.644509000000028],[112.75995200000011,16.64455300000003],[112.75994200000002,16.644642000000033],[112.75993600000004,16.644687000000033],[112.75993100000005,16.644732000000033],[112.75992600000006,16.644777000000033],[112.7599100000001,16.644949000000054],[112.75990500000012,16.645001000000036],[112.75989800000002,16.645091000000036],[112.75989000000004,16.645182000000034],[112.75988400000006,16.64527300000003],[112.75988000000007,16.64531800000003],[112.7598680000001,16.645497000000034],[112.7598660000001,16.645543000000032],[112.759859,16.645633000000032],[112.75985700000001,16.645678000000032],[112.75985100000003,16.64576900000003],[112.75984800000003,16.64581400000003],[112.75983900000006,16.64594900000003],[112.75983600000006,16.64599400000003],[112.75983300000007,16.646040000000028],[112.75982900000008,16.646085000000028],[112.7598230000001,16.646175000000028],[112.7598200000001,16.646220000000028],[112.75981700000011,16.646266000000026],[112.75980900000002,16.646356000000026],[112.75980500000003,16.646401000000026],[112.75980100000004,16.646446000000026],[112.75978900000007,16.64657100000005],[112.75978400000008,16.646626000000026],[112.7597740000001,16.646716000000026],[112.759769,16.646761000000026],[112.75976400000002,16.646806000000026],[112.75975800000003,16.646851000000026],[112.75975300000005,16.64689500000003],[112.7597340000001,16.64703000000003],[112.75972800000011,16.64707500000003],[112.75971600000003,16.647164000000032],[112.75970900000004,16.647209000000032],[112.75969100000009,16.647344000000032],[112.7596840000001,16.647388000000035],[112.75967800000001,16.647433000000035],[112.75966500000004,16.647524000000033],[112.75965900000006,16.647568000000035],[112.75965200000007,16.647613000000035],[112.75964600000009,16.647658000000035],[112.7596390000001,16.647702000000038],[112.75962600000003,16.647793000000036],[112.75961900000004,16.647838000000036],[112.75961200000006,16.64788200000004],[112.7595980000001,16.64797200000004],[112.75959100000011,16.64801700000004],[112.75957600000004,16.64810600000004],[112.75956100000008,16.64819600000004],[112.75954500000012,16.64828600000004],[112.75952800000005,16.648374000000047],[112.75952000000007,16.648419000000047],[112.75951200000009,16.64846300000005],[112.75950300000011,16.648507000000052],[112.75949400000002,16.64855300000005],[112.75948500000004,16.648597000000052],[112.75947600000006,16.648641000000055],[112.7594630000001,16.648699000000022],[112.75944700000002,16.648773000000062],[112.75942700000007,16.648861000000068],[112.7594160000001,16.64890500000007],[112.75940600000001,16.64895000000007],[112.75939000000005,16.649014000000022],[112.7593730000001,16.649081000000024],[112.75936100000001,16.64912400000003],[112.75934900000004,16.64916800000003],[112.7593250000001,16.64925500000004],[112.75931200000002,16.649298000000044],[112.75929900000006,16.64934100000005],[112.75928600000009,16.649384000000055],[112.75927300000001,16.64942700000006],[112.75926000000004,16.649470000000065],[112.75921900000003,16.649599000000023],[112.75920500000007,16.649643000000026],[112.7591910000001,16.64968700000003],[112.75917700000002,16.649729000000036],[112.75913400000002,16.64985900000005],[112.75911900000006,16.649902000000054],[112.75907500000005,16.65003100000007],[112.75906000000009,16.650074000000075],[112.75904500000001,16.650117000000023],[112.75901400000009,16.650203000000033],[112.75899800000002,16.65024600000004],[112.75898200000006,16.650289000000043],[112.7589660000001,16.65033200000005],[112.75893400000007,16.65041700000006],[112.75890100000004,16.65050300000007],[112.75888300000008,16.650545000000022],[112.75886600000001,16.650588000000027],[112.75881400000003,16.650715000000048],[112.75877900000012,16.650799000000063],[112.7587420000001,16.65088300000002],[112.75872300000003,16.650923000000034],[112.75870500000008,16.650965000000042],[112.75864700000011,16.651090000000067],[112.75862700000005,16.651131000000078],[112.75860000000011,16.651185000000055],[112.75856700000008,16.651253000000054],[112.75854600000002,16.651294000000064],[112.7585140000001,16.651355000000024],[112.75848300000007,16.651415000000043],[112.75843900000007,16.651495000000068],[112.75841700000001,16.651535000000024],[112.75839400000007,16.65157400000004],[112.75837200000001,16.651614000000052],[112.75834900000007,16.651653000000067],[112.75832600000001,16.651692000000025],[112.75827900000002,16.65176900000006],[112.75825400000008,16.651808000000074],[112.75823000000003,16.651846000000035],[112.75818200000003,16.651923000000068],[112.7581570000001,16.65196000000003],[112.75813200000005,16.651999000000046],[112.75810700000011,16.652036000000066],[112.75808200000006,16.652075000000025],[112.75805700000001,16.652112000000045],[112.75803200000007,16.652150000000063],[112.75798100000009,16.652225000000044],[112.75795600000004,16.65226300000006],[112.75790400000005,16.652338000000043],[112.757878,16.652375000000063],[112.75782600000002,16.652450000000044],[112.75780000000009,16.652487000000065],[112.75777400000004,16.652525000000026],[112.75774700000011,16.65256100000005],[112.75772000000006,16.652599000000066],[112.75769400000001,16.65263600000003],[112.75766700000008,16.652672000000052],[112.75764100000004,16.65271000000007],[112.7576140000001,16.652746000000036],[112.75756000000001,16.652820000000077],[112.75753300000008,16.652856000000043],[112.75750600000003,16.65289400000006],[112.75745100000006,16.652967000000046],[112.75742400000001,16.65300300000007],[112.75739600000009,16.653040000000033],[112.75736900000004,16.653077000000053],[112.75725800000009,16.653222000000028],[112.75717500000007,16.653331000000037],[112.75714600000003,16.653368000000057],[112.7571190000001,16.653404000000023],[112.75709000000006,16.653440000000046],[112.75706200000002,16.65347600000007],[112.75700600000005,16.653549000000055],[112.75697800000012,16.653585000000078],[112.75695000000007,16.653620000000046],[112.7568930000001,16.653693000000032],[112.75686400000006,16.653729000000055],[112.75683600000002,16.653764000000024],[112.75677900000005,16.653837000000067],[112.75675000000001,16.653872000000035],[112.75672200000008,16.653909000000056],[112.75669300000004,16.653944000000024],[112.75666400000011,16.653980000000047],[112.75663600000007,16.654017000000067],[112.75660700000003,16.654052000000036],[112.7565780000001,16.65408800000006],[112.75654900000006,16.654124000000024],[112.75652100000002,16.654160000000047],[112.7564920000001,16.654195000000072],[112.75646300000005,16.654232000000036],[112.75643500000001,16.65426800000006],[112.75640600000008,16.654303000000027],[112.75637700000004,16.654340000000047],[112.75634900000011,16.654375000000073],[112.75632000000007,16.65441100000004],[112.75629100000003,16.654446000000064],[112.7562620000001,16.654483000000027],[112.75623300000007,16.654518000000053],[112.75620400000003,16.654555000000073],[112.7561760000001,16.65459000000004],[112.75611800000001,16.654663000000028],[112.75609000000009,16.654698000000053],[112.75606100000005,16.654734000000076],[112.756032,16.654769000000044],[112.75600400000008,16.654806000000065],[112.75597500000003,16.65484200000003],[112.75594600000011,16.654877000000056],[112.75591800000007,16.654914000000076],[112.75588900000002,16.654949000000045],[112.7558600000001,16.654985000000067],[112.75580400000001,16.655058000000054],[112.75577500000009,16.655093000000022],[112.75571900000011,16.655166000000065],[112.75569000000007,16.655201000000034],[112.7556340000001,16.655274000000077],[112.75560600000006,16.655310000000043],[112.75554900000009,16.65538300000003],[112.75549300000011,16.655456000000072],[112.75546500000007,16.655492000000038],[112.75532600000008,16.655674000000033],[112.75529900000004,16.655710000000056],[112.7552710000001,16.655747000000076],[112.75521600000002,16.65582100000006],[112.75516200000004,16.65589300000005],[112.75513500000011,16.655931000000066],[112.75508000000002,16.656004000000053],[112.75505300000009,16.656041000000073],[112.75502600000004,16.65607700000004],[112.75499800000011,16.65611400000006],[112.75497100000007,16.656151000000023],[112.75491700000009,16.656224000000066],[112.75488900000005,16.656262000000027],[112.75483500000007,16.656334000000072],[112.75480800000003,16.656372000000033],[112.75475300000005,16.656445000000076],[112.754726,16.65648200000004],[112.75469900000007,16.656518000000062],[112.75467200000003,16.656556000000023],[112.75461700000005,16.656629000000066],[112.75459000000001,16.65666600000003],[112.75456300000008,16.656702000000053],[112.75453600000003,16.65674000000007],[112.7545090000001,16.656776000000036],[112.75445500000001,16.656850000000077],[112.75442800000008,16.656886000000043],[112.75440100000003,16.65692400000006],[112.75434600000006,16.656997000000047],[112.75431900000001,16.657034000000067],[112.75429200000008,16.65707100000003],[112.75426500000003,16.65710800000005],[112.7542380000001,16.657144000000073],[112.75421100000005,16.657181000000037],[112.75418400000001,16.657218000000057],[112.75415600000008,16.657255000000077],[112.75412900000003,16.65729200000004],[112.7541020000001,16.657328000000064],[112.75407500000006,16.657366000000025],[112.75402100000008,16.657439000000068],[112.75399400000003,16.65747600000003],[112.7539670000001,16.65751300000005],[112.75394000000006,16.65755000000007],[112.75391300000001,16.657586000000038],[112.75388600000008,16.657624000000055],[112.75385800000004,16.657660000000078],[112.75381900000002,16.657714000000055],[112.75377800000001,16.657772000000023],[112.75372300000004,16.65784400000007],[112.7536970000001,16.65788200000003],[112.75366900000006,16.657918000000052],[112.75363700000003,16.657963000000052],[112.75358800000004,16.658029000000056],[112.7535610000001,16.658066000000076],[112.75353400000006,16.65810300000004],[112.75350700000001,16.65814000000006],[112.75348000000008,16.658177000000023],[112.75345300000004,16.658214000000044],[112.7534260000001,16.658251000000064],[112.75339900000006,16.65828700000003],[112.75337200000001,16.658325000000048],[112.75334500000008,16.65836100000007],[112.75331800000004,16.65839900000003],[112.7532910000001,16.658435000000054],[112.75323700000001,16.658509000000038],[112.75321000000008,16.65854500000006],[112.75318300000004,16.65858300000002],[112.7531560000001,16.658619000000044],[112.75312900000006,16.658657000000062],[112.75310200000001,16.658693000000028],[112.75307500000008,16.658731000000046],[112.75304800000004,16.65876700000007],[112.75299400000006,16.658841000000052],[112.75296700000001,16.658878000000072],[112.75294000000008,16.65891400000004],[112.75291300000004,16.658952000000056],[112.7528860000001,16.658988000000022],[112.75285900000006,16.65902600000004],[112.75283200000001,16.659062000000063],[112.75280500000008,16.659100000000024],[112.75277800000003,16.659136000000046],[112.7527510000001,16.659174000000064],[112.75272400000006,16.65921000000003],[112.75269800000001,16.65924700000005],[112.75267000000008,16.65928400000007],[112.75264300000003,16.659321000000034],[112.7526170000001,16.659358000000054],[112.75258900000006,16.659395000000075],[112.75256200000001,16.65943100000004],[112.75253600000008,16.65946900000006],[112.75250800000003,16.659505000000024],[112.7524810000001,16.659543000000042],[112.75245500000005,16.659579000000065],[112.75242700000001,16.659617000000026],[112.75240000000008,16.65965300000005],[112.75237400000003,16.65969000000007],[112.7523460000001,16.659727000000032],[112.75232000000005,16.659764000000052],[112.75229300000001,16.659801000000073],[112.75226500000008,16.659838000000036],[112.75223900000003,16.659875000000056],[112.7522120000001,16.659912000000077],[112.75218400000006,16.659948000000043],[112.75215800000001,16.65998600000006],[112.75213100000008,16.660022000000026],[112.75210300000003,16.660060000000044],[112.7520770000001,16.660096000000067],[112.75205000000005,16.660134000000028],[112.75202200000001,16.66017000000005],[112.75199600000008,16.66020700000007],[112.75196900000003,16.660244000000034],[112.7519420000001,16.660281000000055],[112.75188800000001,16.660355000000038],[112.75186000000008,16.66039100000006],[112.75183400000003,16.660429000000022],[112.7518070000001,16.660465000000045],[112.75178000000005,16.660503000000062],[112.75175200000001,16.66053900000003],[112.75172600000008,16.660577000000046],[112.75169800000003,16.66061300000007],[112.7516710000001,16.660650000000032],[112.75164500000005,16.660687000000053],[112.75161800000001,16.660723000000075],[112.75159000000008,16.660761000000036],[112.75156300000003,16.66079700000006],[112.7515360000001,16.660835000000077],[112.75150900000006,16.660871000000043],[112.75146600000005,16.660930000000064],[112.75142800000003,16.660982000000047],[112.7514010000001,16.661019000000067],[112.7513580000001,16.661078000000032],[112.75132000000008,16.66113000000007],[112.7512660000001,16.661203000000057],[112.75122500000009,16.661258000000032],[112.75118500000008,16.66131400000006],[112.75115800000003,16.661350000000027],[112.7511300000001,16.661388000000045],[112.75110300000006,16.661424000000068],[112.75107700000001,16.66146200000003],[112.75102200000003,16.661534000000074],[112.7509950000001,16.661572000000035],[112.75096800000006,16.661608000000058],[112.75094100000001,16.661646000000076],[112.75091400000008,16.66168200000004],[112.75088700000003,16.66172000000006],[112.75083200000006,16.661792000000048],[112.75080500000001,16.661830000000066],[112.75077800000008,16.661866000000032],[112.75075100000004,16.66190400000005],[112.7507240000001,16.661940000000072],[112.75067000000001,16.662014000000056],[112.75064300000008,16.662050000000022],[112.75061600000004,16.66208800000004],[112.75056100000006,16.66216000000003],[112.75053400000002,16.662198000000046],[112.75050700000008,16.66223400000007],[112.75048000000004,16.66227200000003],[112.75042500000006,16.662345000000073],[112.75039800000002,16.662382000000036],[112.75034400000004,16.662455000000023],[112.75031600000011,16.662492000000043],[112.75026200000002,16.66256500000003],[112.75023500000009,16.662603000000047],[112.75018000000011,16.662675000000036],[112.75015300000007,16.662713000000053],[112.75012600000002,16.662749000000076],[112.7500980000001,16.662785000000042],[112.75007100000005,16.66282300000006],[112.75001700000007,16.662896000000046],[112.74999000000003,16.662933000000066],[112.74993500000005,16.663006000000053],[112.74990700000001,16.663043000000073],[112.74985300000003,16.66311600000006],[112.7498260000001,16.663154000000077],[112.74979900000005,16.663190000000043],[112.74977100000001,16.663226000000066],[112.74974400000008,16.66326300000003],[112.74971600000003,16.66330000000005],[112.7496890000001,16.663336000000072],[112.74966100000006,16.663373000000036],[112.74963400000001,16.663410000000056],[112.74958000000004,16.663483000000042],[112.74955200000011,16.663519000000065],[112.74952500000006,16.663557000000026],[112.74949800000002,16.66359300000005],[112.74947000000009,16.66363000000007],[112.74944300000004,16.663666000000035],[112.74941600000011,16.663703000000055],[112.74938800000007,16.663740000000075],[112.74933300000009,16.66381300000006],[112.74930600000005,16.663850000000025],[112.74925100000007,16.663923000000068],[112.74922300000003,16.663959000000034],[112.7491960000001,16.66399700000005],[112.74916900000005,16.664033000000074],[112.74914100000001,16.66406900000004],[112.74911400000008,16.66410600000006],[112.74908600000003,16.664143000000024],[112.74903200000006,16.664216000000067],[112.74900400000001,16.664252000000033],[112.74896300000012,16.664308000000062],[112.74889500000006,16.66439900000006],[112.74886700000002,16.664435000000026],[112.74884000000009,16.664472000000046],[112.74878500000011,16.664545000000032],[112.74875700000007,16.664582000000053],[112.74873000000002,16.664618000000075],[112.7487020000001,16.66465500000004],[112.74867500000005,16.66469200000006],[112.748647,16.664728000000025],[112.74862000000007,16.664765000000045],[112.74859200000003,16.664801000000068],[112.7485650000001,16.66483800000003],[112.74851000000001,16.664911000000075],[112.74845400000004,16.66498400000006],[112.7484270000001,16.665021000000024],[112.74839900000006,16.665057000000047],[112.74837200000002,16.665094000000067],[112.74834400000009,16.66513100000003],[112.74831700000004,16.665167000000054],[112.74826200000007,16.66524000000004],[112.74823500000002,16.665276000000063],[112.7482070000001,16.66531200000003],[112.74817900000005,16.665350000000046],[112.748152,16.66538600000007],[112.74809600000003,16.665459000000055],[112.7480690000001,16.66549500000002],[112.74801300000001,16.665568000000064],[112.74798600000008,16.66560400000003],[112.74795800000004,16.66564100000005],[112.74793100000011,16.66567800000007],[112.74790300000006,16.665715000000034],[112.74787600000002,16.665751000000057],[112.74784800000009,16.665787000000023],[112.74776500000007,16.66589700000003],[112.74773700000003,16.665933000000052],[112.74762600000008,16.666078000000027],[112.74759900000004,16.666115000000048],[112.74757100000011,16.666152000000068],[112.74729300000001,16.66651600000006],[112.74687700000004,16.667061000000047],[112.74684800000011,16.667098000000067],[112.74682100000007,16.667133000000035],[112.74670900000001,16.667278000000067],[112.74668100000008,16.66731500000003],[112.74659800000006,16.66742400000004],[112.74656900000002,16.667460000000062],[112.7465410000001,16.667497000000026],[112.74651400000005,16.66753200000005],[112.746485,16.667568000000074],[112.74643000000003,16.66764100000006],[112.7464010000001,16.667677000000026],[112.74637400000006,16.667714000000046],[112.74634600000002,16.66775000000007],[112.74630300000001,16.667805000000044],[112.74626100000012,16.667858000000024],[112.74620600000003,16.667931000000067],[112.7461770000001,16.667967000000033],[112.74615000000006,16.668004000000053],[112.74612100000002,16.66803900000002],[112.74609300000009,16.668075000000044],[112.74606500000004,16.668112000000065],[112.74603700000011,16.66814800000003],[112.74600900000007,16.668184000000053],[112.74598100000003,16.668220000000076],[112.7459530000001,16.668256000000042],[112.74592500000006,16.668292000000065],[112.74589700000001,16.66832900000003],[112.74586800000009,16.668364000000054],[112.74584000000004,16.668400000000076],[112.74581200000011,16.66843700000004],[112.74578400000007,16.668473000000063],[112.74575600000003,16.66850900000003],[112.7457280000001,16.66854600000005],[112.74570000000006,16.668581000000074],[112.74564400000008,16.66865400000006],[112.74561600000004,16.668690000000026],[112.74558800000011,16.66872600000005],[112.74553200000003,16.668799000000035],[112.74547700000005,16.66887200000002],[112.74544800000001,16.668908000000044],[112.74542100000008,16.668946000000062],[112.74528200000009,16.669128000000057],[112.74525500000004,16.669164000000023],[112.74522700000011,16.669201000000044],[112.7451440000001,16.66931100000005],[112.74508800000001,16.66938300000004],[112.74506000000008,16.669421000000057],[112.74503200000004,16.669457000000023],[112.7450050000001,16.669494000000043],[112.74497700000006,16.669530000000066],[112.74495000000002,16.66956600000003],[112.74492200000009,16.66960400000005],[112.74481100000003,16.669749000000024],[112.7447830000001,16.669787000000042],[112.74470000000008,16.66989600000005],[112.74464400000011,16.66996800000004],[112.74461600000006,16.670006000000058],[112.74458800000002,16.670042000000024],[112.74453200000005,16.670115000000067],[112.74450500000012,16.670151000000033],[112.74447600000008,16.670188000000053],[112.7444210000001,16.67026100000004],[112.74439200000006,16.670297000000062],[112.74436400000002,16.670333000000028],[112.74433600000009,16.670370000000048],[112.74430800000005,16.67040600000007],[112.74425200000007,16.670479000000057],[112.74422400000003,16.670514000000026],[112.74417000000005,16.670583000000022],[112.74411000000009,16.670659000000057],[112.74408200000005,16.670695000000023],[112.74402500000008,16.67076700000007],[112.74399700000004,16.670803000000035],[112.74396800000011,16.670839000000058],[112.74393900000007,16.670874000000026],[112.74391100000003,16.670911000000046],[112.7438820000001,16.67094600000007],[112.74385400000006,16.670982000000038],[112.74379600000009,16.67105300000003],[112.74376700000005,16.671089000000052],[112.74368100000004,16.67119500000007],[112.74362200000007,16.671267000000057],[112.74359300000003,16.671302000000026],[112.74356300000011,16.67133700000005],[112.74353500000007,16.671372000000076],[112.74350500000003,16.671408000000042],[112.7434750000001,16.67144200000007],[112.74344600000006,16.67147700000004],[112.7433870000001,16.671547000000032],[112.74335700000006,16.671582000000058],[112.7432980000001,16.67165200000005],[112.74326800000006,16.671686000000022],[112.74323800000002,16.67172000000005],[112.7432080000001,16.671755000000076],[112.74314800000002,16.671824000000072],[112.7431180000001,16.67185900000004],[112.74305800000002,16.67192700000004],[112.74299600000006,16.671996000000036],[112.74296600000002,16.672029000000066],[112.74292000000003,16.67208000000005],[112.74287400000003,16.672131000000036],[112.74284200000011,16.672164000000066],[112.74281200000007,16.672198000000037],[112.74278100000004,16.672231000000068],[112.74275000000011,16.67226500000004],[112.74268700000005,16.672331000000042],[112.74262400000009,16.672397000000046],[112.7425290000001,16.672496000000024],[112.74246400000004,16.672560000000033],[112.74243000000001,16.672592000000066],[112.7423970000001,16.672623000000044],[112.74236400000007,16.672655000000077],[112.74229600000001,16.672716000000037],[112.7422620000001,16.672747000000072],[112.74222800000007,16.672777000000053],[112.74219300000004,16.672807000000034],[112.74214100000006,16.672852000000034],[112.74208800000008,16.672896000000037],[112.74201700000003,16.672956000000056],[112.74198200000001,16.672984000000042],[112.7419460000001,16.673014000000023],[112.74187400000005,16.67307100000005],[112.74183700000003,16.673099000000036],[112.74180100000001,16.673128000000077],[112.7417640000001,16.67315700000006],[112.74172800000008,16.67318400000005],[112.74169100000006,16.673212000000035],[112.74165400000004,16.673241000000075],[112.74161700000002,16.673268000000064],[112.74158000000011,16.67329600000005],[112.74154300000009,16.673324000000036],[112.74146800000005,16.673379000000068],[112.74143000000004,16.673407000000054],[112.74139300000002,16.673434000000043],[112.74135500000011,16.67346100000003],[112.74131800000009,16.673489000000075],[112.74124200000006,16.67354400000005],[112.74120500000004,16.673571000000038],[112.74116700000002,16.67359700000003],[112.7410920000001,16.67365200000006],[112.74105400000008,16.673680000000047],[112.74094100000002,16.673762000000067],[112.74090400000011,16.673789000000056],[112.74082800000008,16.67384400000003],[112.74075400000004,16.673899000000063],[112.74071600000002,16.67392600000005],[112.74067900000011,16.673954000000037],[112.7406410000001,16.673982000000024],[112.74060400000008,16.674010000000067],[112.74056700000006,16.674037000000055],[112.74053000000004,16.67406600000004],[112.74049400000001,16.674094000000025],[112.74045600000011,16.674122000000068],[112.74042000000009,16.674150000000054],[112.74038400000006,16.674179000000038],[112.74034700000004,16.674207000000024],[112.74031100000002,16.674236000000064],[112.74027500000011,16.674265000000048],[112.74023900000009,16.67429400000003],[112.74020300000007,16.67432400000007],[112.74013200000002,16.674383000000034],[112.7400970000001,16.674413000000072],[112.74002700000005,16.674472000000037],[112.73999200000003,16.674503000000072],[112.73995700000012,16.674532000000056],[112.73992200000009,16.674563000000035],[112.73988800000006,16.674593000000073],[112.73981800000001,16.674654000000032],[112.7397840000001,16.67468400000007],[112.73971400000005,16.67474500000003],[112.73968000000002,16.674775000000068],[112.73964500000011,16.674806000000046],[112.73961100000008,16.674837000000025],[112.73957600000006,16.674866000000065],[112.73954100000003,16.674897000000044],[112.73947200000009,16.674959000000058],[112.73943700000007,16.67498800000004],[112.73940300000004,16.675019000000077],[112.73936800000001,16.675050000000056],[112.73930000000007,16.675111000000072],[112.73926500000005,16.67514200000005],[112.73923100000002,16.675172000000032],[112.73916200000008,16.67523300000005],[112.73912800000005,16.675264000000027],[112.73909300000003,16.675295000000062],[112.73902400000009,16.675356000000022],[112.73888700000009,16.67548000000005],[112.73885300000006,16.67551100000003],[112.73881900000003,16.675542000000064],[112.73876700000005,16.67558900000006],[112.73868200000004,16.675665000000038],[112.73864900000001,16.67569700000007],[112.73858000000007,16.675759000000028],[112.73854600000004,16.675790000000063],[112.73851200000001,16.67582100000004],[112.7384780000001,16.675852000000077],[112.73844400000007,16.675883000000056],[112.73841000000004,16.675915000000032],[112.73837600000002,16.675946000000067],[112.7383420000001,16.67597600000005],[112.73830900000007,16.676008000000024],[112.73827400000005,16.67603900000006],[112.73824100000002,16.676071000000036],[112.7382070000001,16.67610200000007],[112.73817300000007,16.676134000000047],[112.73814000000004,16.67616400000003],[112.73810500000002,16.67619600000006],[112.7380720000001,16.67622700000004],[112.73803800000007,16.676259000000073],[112.73800400000005,16.67629000000005],[112.73797100000002,16.676322000000027],[112.7379380000001,16.67635400000006],[112.73790400000007,16.67638400000004],[112.73785300000009,16.676432000000034],[112.7378030000001,16.676480000000026],[112.73777000000007,16.676511000000062],[112.73773600000004,16.676543000000038],[112.73770300000001,16.67657500000007],[112.7376690000001,16.67660600000005],[112.73763600000007,16.676637000000028],[112.73756900000001,16.676701000000037],[112.73753600000009,16.67673300000007],[112.73746900000003,16.676797000000022],[112.73743600000012,16.676829000000055],[112.73738900000001,16.676874000000055],[112.73730300000011,16.676956000000075],[112.7371710000001,16.677084000000036],[112.73713800000007,16.677117000000067],[112.73707200000001,16.677181000000076],[112.73704000000009,16.677212000000054],[112.73700700000006,16.67724400000003],[112.73697400000003,16.67727700000006],[112.73690900000008,16.67734100000007],[112.73687500000005,16.677374000000043],[112.7368100000001,16.677438000000052],[112.73677700000007,16.677471000000025],[112.73674500000004,16.67750300000006],[112.73671200000001,16.677536000000032],[112.73668000000009,16.677568000000065],[112.73664700000006,16.67760100000004],[112.73661500000003,16.67763300000007],[112.73658200000011,16.677666000000045],[112.73655000000008,16.677698000000078],[112.73651700000005,16.67773100000005],[112.73648400000002,16.677764000000025],[112.7364520000001,16.67779500000006],[112.73641900000007,16.677828000000034],[112.73638700000004,16.677860000000067],[112.736354,16.67789300000004],[112.73632100000009,16.67792600000007],[112.73628900000006,16.677958000000046],[112.73625600000003,16.677991000000077],[112.73622300000011,16.67802400000005],[112.73619100000008,16.678057000000024],[112.73615800000005,16.678089000000057],[112.7360930000001,16.67815500000006],[112.73603800000001,16.67821200000003],[112.73596300000008,16.67828700000007],[112.73589800000002,16.678353000000072],[112.7358660000001,16.678386000000046],[112.73583400000007,16.678419000000076],[112.73580200000004,16.67845200000005],[112.735769,16.678487000000075],[112.73570500000005,16.678553000000022],[112.73567300000002,16.67858700000005],[112.7356410000001,16.678620000000024],[112.73561000000007,16.67865400000005],[112.73557800000003,16.678687000000025],[112.73554600000011,16.678721000000053],[112.73551500000008,16.678754000000026],[112.73539000000005,16.67889100000002],[112.73535900000002,16.678924000000052],[112.7353280000001,16.678959000000077],[112.73526600000002,16.679027000000076],[112.7352360000001,16.679061000000047],[112.73520500000006,16.679095000000075],[112.73517500000003,16.67913100000004],[112.7351450000001,16.67916500000007],[112.73511500000006,16.679200000000037],[112.73508500000003,16.679234000000065],[112.7350550000001,16.679269000000033],[112.73502600000006,16.679305000000056],[112.73499600000002,16.679339000000027],[112.7349660000001,16.679374000000053],[112.73490900000002,16.679444000000046],[112.73488000000009,16.67948000000007],[112.73485100000005,16.679516000000035],[112.73479400000008,16.679587000000026],[112.73476600000004,16.67962300000005],[112.7347380000001,16.679658000000074],[112.73471000000006,16.67969400000004],[112.73468300000002,16.67973100000006],[112.73465500000009,16.679767000000027],[112.73460000000011,16.67984000000007],[112.73454700000002,16.679913000000056],[112.73452100000009,16.679950000000076],[112.73449500000004,16.67998700000004],[112.7344690000001,16.68002400000006],[112.73444300000006,16.680060000000026],[112.734418,16.680098000000044],[112.73439200000007,16.68013600000006],[112.73434300000008,16.68021200000004],[112.73427200000003,16.68032800000003],[112.73424900000009,16.680368000000044],[112.73420400000009,16.680447000000072],[112.73416000000009,16.68052700000004],[112.73411700000008,16.680607000000066],[112.73405500000001,16.68073000000004],[112.73403500000006,16.68077100000005],[112.73401500000011,16.680813000000057],[112.73399600000005,16.68085300000007],[112.7339760000001,16.680895000000078],[112.73391900000001,16.681021000000044],[112.73390100000006,16.68106300000005],[112.7338830000001,16.68110500000006],[112.73386500000004,16.681147000000067],[112.73384700000008,16.681189000000074],[112.73383000000001,16.681232000000023],[112.73381300000005,16.68127400000003],[112.7337960000001,16.681317000000035],[112.73377900000003,16.68136000000004],[112.73376200000007,16.68140200000005],[112.73374600000011,16.681445000000053],[112.73372900000004,16.68148800000006],[112.733697,16.68157400000007],[112.73368200000004,16.681616000000076],[112.7336580000001,16.681683000000078],[112.73363500000005,16.681745000000035],[112.73360600000001,16.681831000000045],[112.73359100000005,16.68187400000005],[112.73357700000008,16.681917000000055],[112.73354700000004,16.682002000000068],[112.73353400000008,16.682045000000073],[112.73352000000011,16.68208800000002],[112.73349200000007,16.682174000000032],[112.73346600000002,16.682260000000042],[112.73344000000009,16.68234700000005],[112.73341700000003,16.682436000000052],[112.73340500000006,16.682479000000058],[112.73339300000009,16.68252300000006],[112.733382,16.682567000000063],[112.73337100000003,16.682611000000065],[112.73336000000006,16.682656000000065],[112.73334900000009,16.682700000000068],[112.73332900000003,16.68278900000007],[112.73332000000005,16.68283400000007],[112.73331000000007,16.682878000000073],[112.7332970000001,16.682944000000077],[112.73328300000003,16.683012000000076],[112.73327500000005,16.683058000000074],[112.73326700000007,16.683102000000076],[112.73325100000011,16.683192000000076],[112.73323700000003,16.683283000000074],[112.73323000000005,16.683327000000077],[112.73322400000006,16.683372000000077],[112.73321700000008,16.683417000000077],[112.7332110000001,16.683463000000074],[112.73319500000002,16.683597000000077],[112.73318500000005,16.683687000000077],[112.73317600000007,16.683777000000077],[112.73316900000009,16.683866000000023],[112.7331630000001,16.683955000000026],[112.73316000000011,16.684000000000026],[112.73315800000012,16.68404400000003],[112.733157,16.68408800000003],[112.73315800000012,16.68413400000003],[112.73316100000011,16.68417800000003],[112.7331640000001,16.684222000000034],[112.73317000000009,16.684267000000034],[112.73317600000007,16.684311000000037],[112.73318300000005,16.68435500000004],[112.73319100000003,16.68440000000004],[112.73320100000001,16.684444000000042],[112.7332110000001,16.684489000000042],[112.73322100000007,16.684533000000044],[112.73323200000004,16.684577000000047],[112.73324400000001,16.684622000000047],[112.7332550000001,16.68466600000005],[112.73326700000007,16.68471100000005],[112.73327900000004,16.684755000000052],[112.73329100000001,16.684800000000052],[112.73331300000007,16.684889000000055],[112.73332400000004,16.684933000000058],[112.73333400000001,16.684978000000058],[112.7333430000001,16.68502200000006],[112.73335100000008,16.68506700000006],[112.73335900000006,16.68511200000006],[112.73336500000005,16.685156000000063],[112.73337100000003,16.685201000000063],[112.73338000000001,16.685291000000063],[112.73338400000011,16.68533700000006],[112.7333870000001,16.68538200000006],[112.73339500000009,16.68551700000006],[112.73340000000007,16.68560800000006],[112.73340200000007,16.685654000000056],[112.73340700000006,16.685744000000057],[112.73340900000005,16.685789000000057],[112.73341600000003,16.685879000000057],[112.73342400000001,16.685970000000054],[112.73342900000011,16.686015000000054],[112.7334350000001,16.686059000000057],[112.73344100000008,16.686104000000057],[112.73344800000007,16.68614800000006],[112.73345600000005,16.686192000000062],[112.73346400000003,16.686236000000065],[112.73347500000011,16.686280000000068],[112.73348600000008,16.68632400000007],[112.73349800000005,16.686366000000078],[112.73351100000002,16.686410000000024],[112.7335260000001,16.68645300000003],[112.73354100000006,16.686496000000034],[112.7335720000001,16.68658000000005],[112.733607,16.686665000000062],[112.73362500000007,16.686708000000067],[112.73364200000003,16.686749000000077],[112.7336600000001,16.686792000000025],[112.73369600000001,16.686875000000043],[112.73373200000003,16.686960000000056],[112.7337490000001,16.687002000000064],[112.73376500000006,16.68704500000007],[112.73378100000002,16.687087000000076],[112.7337970000001,16.687130000000025],[112.73381200000006,16.687172000000032],[112.73382600000002,16.687216000000035],[112.7338390000001,16.68725900000004],[112.73385100000007,16.687303000000043],[112.73386100000005,16.687347000000045],[112.73387100000002,16.687391000000048],[112.73388000000011,16.68743500000005],[112.73389000000009,16.687479000000053],[112.73390800000004,16.687567000000058],[112.73391700000002,16.68761200000006],[112.73392600000011,16.68765600000006],[112.73393500000009,16.687700000000063],[112.73395200000004,16.687789000000066],[112.73396000000002,16.68783300000007],[112.733968,16.68787800000007],[112.7339770000001,16.68792200000007],[112.73399100000006,16.687997000000053],[112.73399800000004,16.688038000000063],[112.73400900000001,16.688100000000077],[112.73401600000011,16.688144000000023],[112.73402400000009,16.688189000000023],[112.73403200000007,16.688233000000025],[112.73404300000004,16.68829900000003],[112.73405400000001,16.688367000000028],[112.73406100000011,16.688412000000028],[112.73406900000009,16.68845600000003],[112.73407500000008,16.68850100000003],[112.73408300000006,16.68854600000003],[112.73409500000002,16.688626000000056],[112.7341100000001,16.688725000000034],[112.73411600000009,16.688770000000034],[112.73412300000007,16.688815000000034],[112.73413000000005,16.688860000000034],[112.73413600000003,16.688904000000036],[112.7341550000001,16.689039000000037],[112.73416100000009,16.68908300000004],[112.73417400000005,16.68917300000004],[112.73418000000004,16.689219000000037],[112.73418600000002,16.68926300000004],[112.73419200000001,16.68930800000004],[112.73420400000009,16.68939800000004],[112.73421000000008,16.68944300000004],[112.73422100000005,16.689532000000042],[112.73423200000002,16.689622000000043],[112.734238,16.689666000000045],[112.73425500000008,16.689802000000043],[112.73426100000006,16.689846000000045],[112.73426600000005,16.689891000000046],[112.73427700000002,16.689981000000046],[112.73428200000001,16.69002500000005],[112.73429400000009,16.69011500000005],[112.73430000000008,16.69016000000005],[112.73431700000003,16.690296000000046],[112.7343340000001,16.690431000000046],[112.73434000000009,16.690477000000044],[112.73434500000008,16.690522000000044],[112.73435100000006,16.690567000000044],[112.73436100000004,16.69065800000004],[112.73436800000002,16.690728000000036],[112.73437400000012,16.69079400000004],[112.7343820000001,16.69088400000004],[112.73439200000007,16.691021000000035],[112.73439900000005,16.691156000000035],[112.73440100000005,16.691246000000035],[112.73440100000005,16.691336000000035],[112.73440000000005,16.691425000000038],[112.73439900000005,16.691470000000038],[112.73439600000006,16.69151400000004],[112.73439300000007,16.691560000000038],[112.73439000000008,16.69160400000004],[112.73438700000008,16.691648000000043],[112.7343820000001,16.691693000000043],[112.73437700000011,16.691737000000046],[112.73437100000001,16.691782000000046],[112.73436400000003,16.69182600000005],[112.73435700000005,16.691872000000046],[112.73434900000007,16.691917000000046],[112.73434000000009,16.69196100000005],[112.73433100000011,16.69200600000005],[112.73432100000002,16.69205100000005],[112.73431000000005,16.69209500000005],[112.73429800000008,16.69214100000005],[112.73427400000003,16.692230000000052],[112.7342460000001,16.692318000000057],[112.73423100000002,16.692363000000057],[112.7342010000001,16.692449000000067],[112.73418400000003,16.692492000000072],[112.73416700000007,16.692535000000078],[112.73415000000011,16.69257700000003],[112.73413100000005,16.692619000000036],[112.7341120000001,16.692661000000044],[112.73409300000003,16.692701000000056],[112.73407400000008,16.69274100000007],[112.73405300000002,16.692782000000022],[112.73401100000001,16.692860000000053],[112.73398800000007,16.69289800000007],[112.73396400000001,16.692935000000034],[112.73393800000008,16.692971000000057],[112.73391000000004,16.693007000000023],[112.73388000000011,16.69304100000005],[112.73384900000008,16.69307500000002],[112.73381800000004,16.693108000000052],[112.73378500000001,16.693141000000026],[112.7337510000001,16.69317300000006],[112.73371700000007,16.693205000000034],[112.73364600000002,16.69326600000005],[112.73360900000011,16.69329700000003],[112.73353600000007,16.69335600000005],[112.73349900000005,16.693386000000032],[112.73342500000001,16.693445000000054],[112.7333890000001,16.693474000000037],[112.73335300000008,16.693504000000075],[112.73331800000005,16.69353300000006],[112.73328200000003,16.693562000000043],[112.73324600000001,16.693591000000026],[112.73317500000007,16.693651000000045],[112.73313900000005,16.69367900000003],[112.73310400000003,16.69370900000007],[112.73306800000012,16.69373900000005],[112.7330320000001,16.693767000000037],[112.73299600000007,16.693797000000075],[112.73295900000005,16.69382500000006],[112.73292300000003,16.693854000000044],[112.73288600000001,16.693884000000025],[112.7328490000001,16.69391200000007],[112.73281300000008,16.693940000000055],[112.73277600000006,16.69396800000004],[112.73273900000004,16.693996000000027],[112.73266500000011,16.69405100000006],[112.7326270000001,16.694079000000045],[112.73258900000008,16.694105000000036],[112.73255200000006,16.694132000000025],[112.73247500000002,16.69418500000006],[112.7323980000001,16.69423500000005],[112.73232000000007,16.694286000000034],[112.73228000000006,16.69431000000003],[112.73224100000004,16.69433300000003],[112.73220100000003,16.694357000000025],[112.73208000000011,16.694425000000024],[112.7320400000001,16.694448000000023],[112.73199900000009,16.69447100000002],[112.73195900000007,16.694493000000023],[112.73191800000006,16.69451600000002],[112.73187700000005,16.694538000000023],[112.73183600000004,16.694560000000024],[112.73179500000003,16.694583000000023],[112.73171200000002,16.694626000000028],[112.731671,16.69464700000003],[112.73162900000011,16.694669000000033],[112.7315870000001,16.69468900000004],[112.7315450000001,16.69471100000004],[112.73150300000009,16.694732000000045],[112.73146100000008,16.694751000000053],[112.73141900000007,16.694772000000057],[112.73137700000007,16.694792000000064],[112.73133500000006,16.69481200000007],[112.73129200000005,16.694832000000076],[112.73124900000005,16.69485000000003],[112.73120600000004,16.694870000000037],[112.73116400000004,16.69488800000005],[112.73112100000003,16.694907000000057],[112.73103400000002,16.694944000000078],[112.73094800000001,16.69497800000005],[112.73090400000001,16.694994000000065],[112.730861,16.695012000000077],[112.73077300000011,16.695044000000053],[112.7306860000001,16.695074000000034],[112.7306410000001,16.695089000000053],[112.7305970000001,16.695103000000074],[112.7304640000001,16.695145000000025],[112.7304200000001,16.69515700000005],[112.7303750000001,16.695171000000073],[112.7303300000001,16.69518400000004],[112.7302400000001,16.69521000000003],[112.73019600000009,16.695223000000055],[112.73015100000009,16.695235000000025],[112.7301050000001,16.69524700000005],[112.7300600000001,16.69525900000002],[112.7300150000001,16.695272000000045],[112.7299700000001,16.695283000000074],[112.7299240000001,16.695294000000047],[112.7298330000001,16.695317000000045],[112.7297420000001,16.69533800000005],[112.7296510000001,16.695359000000053],[112.72955900000011,16.695380000000057],[112.72951300000011,16.69539000000003],[112.72946700000011,16.695400000000063],[112.729375,16.695419000000072],[112.72928200000001,16.695438000000024],[112.72923600000001,16.69544600000006],[112.72919000000002,16.695456000000036],[112.72909800000002,16.695472000000052],[112.72900500000003,16.695489000000066],[112.72895900000003,16.69549600000005],[112.72891200000004,16.695504000000028],[112.72877300000005,16.69552600000003],[112.72863400000006,16.695547000000033],[112.7285730000001,16.69555500000007],[112.72843300000011,16.695573000000024],[112.72835500000008,16.695584000000053],[112.72826200000009,16.69559300000003],[112.72821600000009,16.695599000000072],[112.72817000000009,16.69560400000006],[112.7281240000001,16.69560800000005],[112.7280300000001,16.695618000000024],[112.72794800000008,16.695624000000066],[112.72782500000005,16.69563500000004],[112.72775100000001,16.695640000000026],[112.72770400000002,16.695643000000075],[112.72765800000002,16.695647000000065],[112.72759000000008,16.695651000000055],[112.72751800000003,16.695655000000045],[112.7274440000001,16.695659000000035],[112.72737700000005,16.695663000000025],[112.72733000000005,16.695664000000022],[112.72728300000006,16.69566700000007],[112.72719000000006,16.695670000000064],[112.72714300000007,16.695673000000056],[112.72706000000005,16.69567500000005],[112.72694600000011,16.69567900000004],[112.7268620000001,16.695682000000033],[112.7268150000001,16.695682000000033],[112.72672100000011,16.695685000000026],[112.72667400000012,16.695686000000023],[112.726628,16.695687000000078],[112.72658100000001,16.695687000000078],[112.72653400000002,16.695689000000073],[112.72648600000002,16.695689000000073],[112.72644000000003,16.695691000000068],[112.72639300000003,16.695691000000068],[112.72634600000004,16.695693000000063],[112.72625200000004,16.69569400000006],[112.72620500000005,16.695695000000057],[112.72611100000006,16.695696000000055]]],[[[112.62499900000012,16.595297000000073],[112.62426200000004,16.595065000000034],[112.6225720000001,16.594562000000053],[112.62110200000006,16.593781000000035],[112.61984400000006,16.59258600000004],[112.61829900000009,16.59081100000003],[112.6170780000001,16.589267000000063],[112.61642300000005,16.587951000000032],[112.61641900000006,16.587485000000072],[112.61649200000011,16.586629000000073],[112.616892,16.586316000000068],[112.61713100000009,16.586003000000062],[112.61745200000007,16.585767000000033],[112.61801500000001,16.58568500000007],[112.6190620000001,16.585755000000063],[112.62051800000006,16.586520000000064],[112.62292400000001,16.588055000000054],[112.62499900000012,16.589237000000026],[112.62758800000006,16.590022000000033],[112.62789200000009,16.590111000000036],[112.63188300000002,16.590864000000067],[112.63624900000002,16.59114100000005],[112.63865600000008,16.59131300000007],[112.64116500000011,16.59191500000003],[112.64330400000006,16.592663000000073],[112.64380000000006,16.592940000000056],[112.6442770000001,16.593544000000065],[112.64433800000006,16.59371600000003],[112.64438500000006,16.59397400000006],[112.64437200000009,16.594175000000064],[112.64421200000004,16.59464900000006],[112.64378600000009,16.595255000000066],[112.6431970000001,16.596006000000045],[112.64265000000012,16.596397000000024],[112.64186500000005,16.596820000000037],[112.64109500000006,16.59715600000004],[112.64039700000001,16.597362000000032],[112.63966900000003,16.597483000000068],[112.63852500000007,16.59762100000006],[112.63568900000007,16.597667000000058],[112.63169800000003,16.596891000000028],[112.62765100000001,16.59622900000005],[112.62594500000012,16.59571900000003],[112.62499900000012,16.595297000000073]]],[[[112.35381700000005,16.854262000000062],[112.35356700000011,16.854385000000036],[112.35331600000006,16.85451000000006],[112.35310900000002,16.854617000000076],[112.35286100000008,16.854745000000037],[112.35265500000003,16.85485300000005],[112.35244900000009,16.854963000000055],[112.35224300000004,16.85507300000006],[112.3520380000001,16.855184000000065],[112.35183300000006,16.855293000000074],[112.35142300000007,16.855515000000025],[112.35101100000009,16.85573500000004],[112.35080600000003,16.85584300000005],[112.35031000000004,16.856102000000078],[112.3501060000001,16.856214000000023],[112.34990300000004,16.85633000000007],[112.3497010000001,16.856449000000055],[112.34949900000004,16.856570000000033],[112.34929800000009,16.85669100000007],[112.34889700000008,16.856936000000076],[112.34869500000002,16.85705500000006],[112.34849300000008,16.857173000000046],[112.34829000000002,16.857287000000042],[112.34808500000008,16.85739700000005],[112.34783700000003,16.857522000000074],[112.3475850000001,16.857639000000063],[112.34732900000006,16.857744000000025],[112.34707000000003,16.85783900000007],[112.34680600000002,16.857921000000033],[112.34653800000001,16.857998000000066],[112.346269,16.858069000000057],[112.34599700000001,16.85813500000006],[112.34572300000002,16.858196000000078],[112.34549300000003,16.85824400000007],[112.34526200000005,16.858290000000068],[112.34503000000007,16.858331000000078],[112.34479700000009,16.858371000000034],[112.34456300000011,16.85840600000006],[112.34432900000002,16.85844000000003],[112.34409400000004,16.858471000000065],[112.34385900000007,16.85850000000005],[112.34362400000009,16.85852600000004],[112.34338900000012,16.85855200000003],[112.34315400000003,16.858573000000035],[112.34291900000005,16.85859400000004],[112.34268400000008,16.858613000000048],[112.3424040000001,16.858633000000054],[112.34212400000001,16.85865000000007],[112.34184400000004,16.858664000000033],[112.34156500000006,16.858671000000072],[112.34133000000008,16.858670000000075],[112.3410960000001,16.85866500000003],[112.34086100000002,16.858654000000058],[112.34062600000004,16.858640000000037],[112.34039100000007,16.85862000000003],[112.34015600000009,16.85859800000003],[112.33992100000012,16.858572000000038],[112.33968700000003,16.858542000000057],[112.33945300000005,16.85851100000002],[112.33922000000007,16.858476000000053],[112.33898800000009,16.858439000000033],[112.3387560000001,16.85840100000007],[112.33848000000012,16.858353000000022],[112.33820500000002,16.858300000000042],[112.33793100000003,16.858241000000078],[112.33765800000003,16.85817700000007],[112.33738600000004,16.85810900000007],[112.33711400000004,16.858037000000024],[112.33684400000004,16.85796300000004],[112.33661700000005,16.85790000000003],[112.33639200000005,16.857836000000077],[112.33571600000005,16.85764400000005],[112.33526300000005,16.857521000000077],[112.33503600000006,16.857462000000055],[112.33476400000006,16.857395000000054],[112.33453600000007,16.857341000000076],[112.33430700000008,16.85729200000003],[112.3340320000001,16.857232000000067],[112.3338030000001,16.857180000000028],[112.33357300000011,16.857128000000046],[112.33334400000001,16.857078000000058],[112.33311400000002,16.857029000000068],[112.33288300000004,16.856982000000073],[112.33265200000005,16.856936000000076],[112.33242100000007,16.85689300000007],[112.33218900000008,16.856854000000055],[112.3319580000001,16.856817000000035],[112.33167900000001,16.85678000000007],[112.33140100000003,16.85675100000003],[112.33112100000005,16.85672900000003],[112.33084100000008,16.856715000000065],[112.3305610000001,16.856708000000026],[112.33028000000002,16.85670300000004],[112.33000000000004,16.85670200000004],[112.32971900000007,16.85670300000004],[112.3294840000001,16.85670700000003],[112.32925000000012,16.856712000000073],[112.32901500000003,16.856718000000058],[112.32854500000008,16.856734000000074],[112.32807500000001,16.856755000000078],[112.32760500000006,16.856779000000074],[112.32737000000009,16.85679200000004],[112.32713500000011,16.85680300000007],[112.32666500000005,16.85682900000006],[112.3261940000001,16.85685200000006],[112.32572500000003,16.856873000000064],[112.32549000000006,16.85688300000004],[112.32525500000008,16.856891000000076],[112.3250210000001,16.856898000000058],[112.32474000000002,16.856906000000038],[112.32450600000004,16.85690900000003],[112.32422500000007,16.856911000000025],[112.3239450000001,16.856911000000025],[112.323665,16.856907000000035],[112.32338500000003,16.856900000000053],[112.32310600000005,16.856873000000064],[112.32287400000007,16.85683400000005],[112.32264400000008,16.85678100000007],[112.32241600000009,16.85671700000006],[112.32219100000009,16.856644000000074],[112.32196900000008,16.85656300000005],[112.32175100000006,16.856479000000036],[112.32149700000002,16.85636900000003],[112.32124900000008,16.856243000000063],[112.32104700000002,16.85612800000007],[112.32084800000007,16.856007000000034],[112.32065000000011,16.85588400000006],[112.32045200000005,16.855759000000035],[112.3202530000001,16.85563700000006],[112.32005200000003,16.855521000000067],[112.31984800000009,16.855408000000068],[112.31964200000004,16.85529900000006],[112.31943400000011,16.855192000000045],[112.31922400000008,16.85508600000003],[112.31901500000004,16.854981000000066],[112.31880500000011,16.85487500000005],[112.31859800000007,16.854768000000035],[112.31839100000002,16.854659000000026],[112.31818700000008,16.854547000000025],[112.31794500000001,16.854407000000037],[112.31771000000003,16.854262000000062],[112.31748100000004,16.854108000000053],[112.31725900000004,16.85394400000007],[112.31704500000001,16.85377200000005],[112.31683200000009,16.853597000000036],[112.31662200000005,16.853418000000033],[112.316415,16.85323500000004],[112.3162430000001,16.853079000000037],[112.31607400000007,16.852922000000035],[112.31590600000004,16.852764000000036],[112.31574,16.852602000000047],[112.31557600000008,16.85244000000006],[112.31541300000004,16.852276000000074],[112.3152520000001,16.85211000000004],[112.31509200000005,16.851942000000065],[112.31493400000011,16.851774000000034],[112.31477700000005,16.851605000000063],[112.3146220000001,16.85143400000004],[112.31443800000011,16.85122800000005],[112.31428600000004,16.85105600000003],[112.31410600000004,16.850848000000042],[112.31392800000003,16.850640000000055],[112.31375400000002,16.850428000000022],[112.31361000000004,16.850248000000022],[112.31347000000005,16.850066000000027],[112.31330500000001,16.849844000000076],[112.31317000000001,16.84965900000003],[112.313038,16.849470000000053],[112.3129080000001,16.84928000000002],[112.31278200000008,16.84908900000005],[112.31265800000006,16.848895000000027],[112.31253800000002,16.848701000000062],[112.31242100000009,16.848505000000046],[112.31228400000009,16.848269000000073],[112.31215200000008,16.84803000000005],[112.31202600000006,16.84779100000003],[112.31192300000009,16.847587000000033],[112.31182500000011,16.847380000000044],[112.31173100000001,16.84717100000006],[112.311642,16.846960000000024],[112.3115580000001,16.846746000000053],[112.31148000000007,16.84653000000003],[112.31140900000003,16.846314000000064],[112.31134600000007,16.846095000000048],[112.3112890000001,16.845876000000032],[112.31123300000002,16.845612000000074],[112.31118800000002,16.845345000000066],[112.311147,16.845079000000055],[112.3111090000001,16.844812000000047],[112.31107400000008,16.844543000000044],[112.31104700000003,16.84431900000004],[112.3110220000001,16.84409400000004],[112.31099400000005,16.84382400000004],[112.3109730000001,16.84359900000004],[112.31095400000004,16.843373000000042],[112.31093600000008,16.843146000000047],[112.31092000000001,16.84292000000005],[112.31090600000005,16.842693000000054],[112.31089400000008,16.84246600000006],[112.3108830000001,16.84224000000006],[112.31087300000002,16.842014000000063],[112.31086500000004,16.841787000000068],[112.31085900000005,16.841560000000072],[112.31085400000006,16.841334000000074],[112.31085000000007,16.841107000000022],[112.31084800000008,16.840881000000024],[112.31084700000008,16.840655000000027],[112.31084800000008,16.840386000000024],[112.31085000000007,16.840160000000026],[112.31085500000006,16.839934000000028],[112.31086200000004,16.839707000000033],[112.31087200000002,16.839480000000037],[112.3108860000001,16.839251000000047],[112.31090300000005,16.839023000000054],[112.31092400000011,16.83879600000006],[112.31094800000005,16.838569000000064],[112.3109770000001,16.83834200000007],[112.31101100000001,16.838117000000068],[112.311057,16.837849000000062],[112.3111110000001,16.837583000000052],[112.31117200000006,16.837320000000034],[112.3112420000001,16.837061000000062],[112.31132000000002,16.836806000000024],[112.31141800000012,16.836555000000033],[112.31153300000005,16.83630900000003],[112.31164100000001,16.836107000000027],[112.31175900000005,16.835909000000072],[112.31188300000008,16.835714000000053],[112.31201400000009,16.835522000000026],[112.31215000000009,16.83533300000005],[112.31228900000008,16.835147000000063],[112.31242900000007,16.83496400000007],[112.31259900000009,16.834748000000047],[112.31277200000011,16.83453600000007],[112.31294900000012,16.834326000000033],[112.31313000000011,16.834119000000044],[112.31331300000011,16.83391400000005],[112.31349900000009,16.833710000000053],[112.31365500000004,16.833541000000025],[112.3138120000001,16.83337300000005],[112.31397100000004,16.833206000000075],[112.3141290000001,16.833038000000045],[112.31444600000009,16.832704000000035],[112.31460300000003,16.83253600000006],[112.31479100000001,16.832333000000062],[112.31494700000007,16.832164000000034],[112.31513200000006,16.831960000000038],[112.31528400000002,16.831787000000077],[112.3154340000001,16.83161300000006],[112.3156100000001,16.831403000000023],[112.31575600000008,16.831225000000074],[112.31589900000006,16.83104600000007],[112.31604000000004,16.830864000000076],[112.31617800000004,16.830679000000032],[112.31631100000004,16.830493000000047],[112.31644100000005,16.83030400000007],[112.31658800000002,16.830073000000027],[112.31672700000001,16.829838000000052],[112.31685700000003,16.829600000000028],[112.3169620000001,16.82939700000003],[112.31706400000007,16.829193000000032],[112.31716300000005,16.828988000000038],[112.31725900000004,16.82878000000005],[112.31735000000003,16.82857000000007],[112.31743800000004,16.828359000000034],[112.31752100000006,16.828148000000056],[112.31760000000008,16.827934000000027],[112.31768800000009,16.82767700000005],[112.31776800000011,16.827418000000023],[112.31783800000005,16.827158000000054],[112.31788900000004,16.82689300000004],[112.31792600000006,16.826624000000038],[112.31795000000011,16.82639800000004],[112.31797000000006,16.826172000000042],[112.31799000000001,16.825945000000047],[112.31801300000006,16.82571900000005],[112.31804000000011,16.82549400000005],[112.31808400000011,16.825226000000043],[112.31814300000008,16.824963000000025],[112.31820000000005,16.82474300000007],[112.31827500000009,16.824482000000046],[112.31834200000003,16.824264000000028],[112.31841500000007,16.82404800000006],[112.31849100000011,16.823834000000033],[112.31857200000002,16.823622000000057],[112.31865700000003,16.823410000000024],[112.3187640000001,16.823161000000027],[112.3188570000001,16.82295300000004],[112.31895700000007,16.82274700000005],[112.31906500000002,16.822543000000053],[112.31918000000007,16.822344000000044],[112.3193040000001,16.822151000000076],[112.3194380000001,16.821965000000034],[112.31961100000001,16.82175600000005],[112.31977000000006,16.821583000000032],[112.31994300000008,16.82141500000006],[112.32012900000007,16.821264000000042],[112.32032700000002,16.821139000000073],[112.32058100000006,16.821041000000037],[112.32084600000007,16.820985000000064],[112.32111900000007,16.820944000000054],[112.32139800000004,16.82091500000007],[112.32163300000002,16.82090000000005],[112.3218710000001,16.82089200000007],[112.32211000000007,16.820890000000077],[112.32235000000003,16.82089200000007],[112.32258900000011,16.82089700000006],[112.32306400000004,16.820914000000073],[112.32334400000002,16.820928000000038],[112.32362200000011,16.820955000000026],[112.3238550000001,16.82098600000006],[112.32413200000008,16.821029000000067],[112.32459500000004,16.821112000000028],[112.32482700000003,16.821155000000033],[112.32505800000001,16.821194000000048],[112.32529000000011,16.821229000000073],[112.32631100000003,16.821372000000054],[112.32658900000001,16.82141000000007],[112.3268220000001,16.821442000000047],[112.32705400000009,16.821473000000026],[112.32733300000007,16.821510000000046],[112.32756500000005,16.821541000000025],[112.32784400000003,16.821577000000048],[112.32807700000001,16.82160600000003],[112.3283560000001,16.82164000000006],[112.32919400000003,16.821739000000036],[112.33012500000007,16.821851000000038],[112.33035800000005,16.821878000000027],[112.33063800000002,16.821909000000062],[112.33091800000011,16.821938000000046],[112.33119800000009,16.82196700000003],[112.33147800000006,16.821995000000072],[112.33171100000004,16.822016000000076],[112.33199100000002,16.822040000000072],[112.33222500000011,16.822058000000027],[112.33250500000008,16.822077000000036],[112.33278600000006,16.82209000000006],[112.33302000000003,16.822095000000047],[112.33325500000001,16.822097000000042],[112.3334890000001,16.822095000000047],[112.33372400000007,16.822091000000057],[112.33466300000009,16.822062000000074],[112.33489800000007,16.822058000000027],[112.335372,16.822055000000034],[112.3356080000001,16.822051000000044],[112.33584400000007,16.822043000000065],[112.33612500000004,16.82202300000006],[112.33640200000002,16.821987000000036],[112.33667300000002,16.821934000000056],[112.33694200000002,16.821862000000067],[112.33720800000003,16.821776000000057],[112.33742800000005,16.821694000000036],[112.33764500000007,16.821604000000036],[112.33786000000009,16.821510000000046],[112.338074,16.82141100000007],[112.33828500000004,16.821308000000045],[112.33849300000008,16.821203000000025],[112.33873900000003,16.82107300000007],[112.3389810000001,16.820936000000074],[112.33922100000007,16.820795000000032],[112.33945700000004,16.820647000000065],[112.33965400000011,16.820523000000037],[112.33984900000007,16.82039800000007],[112.34004500000003,16.820273000000043],[112.3402420000001,16.82014900000007],[112.34043900000006,16.82002700000004],[112.34063900000001,16.819908000000055],[112.34088100000008,16.81977100000006],[112.34108600000002,16.819661000000053],[112.34133500000007,16.819534000000033],[112.34154500000011,16.819431000000066],[112.34175600000003,16.819330000000036],[112.34196700000007,16.81923100000006],[112.34239200000002,16.819034000000045],[112.34260300000005,16.81893400000007],[112.34281300000009,16.81883300000004],[112.34306400000003,16.818710000000067],[112.34331100000009,16.81858200000005],[112.34355400000004,16.818449000000044],[112.34379200000001,16.818309000000056],[112.34398700000008,16.818179000000043],[112.34417300000007,16.81803000000002],[112.3443410000001,16.817864000000043],[112.34448300000008,16.817683000000045],[112.3446120000001,16.81744800000007],[112.34471500000006,16.817241000000024],[112.34481200000005,16.817025000000058],[112.34489900000005,16.816804000000047],[112.3449710000001,16.816579000000047],[112.34502000000009,16.81635300000005],[112.34504100000004,16.816085000000044],[112.3450140000001,16.815825000000075],[112.34496000000001,16.81556800000004],[112.34489300000007,16.815311000000065],[112.34481600000004,16.81505500000003],[112.34473000000003,16.814801000000045],[112.34465100000011,16.81458800000007],[112.34456900000009,16.81437500000004],[112.34448300000008,16.814163000000065],[112.34439400000008,16.813950000000034],[112.34430400000008,16.813739000000055],[112.34421200000008,16.813526000000024],[112.34412000000009,16.813314000000048],[112.34402900000009,16.813101000000074],[112.34393900000009,16.812888000000044],[112.34385200000008,16.81267500000007],[112.34376800000007,16.81246100000004],[112.34368900000004,16.81224700000007],[112.343613,16.812027000000057],[112.34336400000007,16.81066400000003],[112.3433940000001,16.809997000000067],[112.34363400000007,16.809098000000063],[112.34399500000006,16.808605000000057],[112.34471800000006,16.807909000000052],[112.34568000000002,16.80747400000007],[112.34688400000005,16.807155000000023],[112.34736500000008,16.807202000000075],[112.34741600000007,16.807215000000042],[112.34764800000005,16.80727200000007],[112.34787900000003,16.807318000000066],[112.34811100000002,16.807360000000074],[112.3485740000001,16.807457000000056],[112.34880700000008,16.807503000000054],[112.34903900000006,16.807544000000064],[112.34931600000004,16.807584000000077],[112.34959300000003,16.807606000000078],[112.34987000000001,16.807605000000024],[112.3501470000001,16.807569000000058],[112.35037800000009,16.807517000000075],[112.35060600000008,16.807449000000076],[112.35083000000009,16.807372000000043],[112.35109200000011,16.80727200000007],[112.35131400000012,16.80718600000006],[112.35153600000001,16.807093000000066],[112.35174800000004,16.806985000000054],[112.35194400000012,16.80686000000003],[112.35214200000007,16.806674000000044],[112.3523130000001,16.80646500000006],[112.35247500000003,16.806249000000037],[112.35263200000009,16.80602600000003],[112.35278300000004,16.80579800000004],[112.35290600000008,16.80560600000007],[112.35302700000011,16.805409000000054],[112.35314600000004,16.805213000000037],[112.35326500000008,16.805016000000023],[112.353384,16.804819000000066],[112.35350400000004,16.804621000000054],[112.35362600000008,16.804426000000035],[112.3537510000001,16.804234000000065],[112.35387800000001,16.804043000000036],[112.35403600000006,16.803818000000035],[112.3542020000001,16.803600000000074],[112.35434600000008,16.80342200000007],[112.35449700000004,16.803250000000048],[112.3546540000001,16.803080000000023],[112.35481700000003,16.80291600000004],[112.35498500000006,16.802756000000045],[112.35515800000007,16.802602000000036],[112.35533500000008,16.802452000000073],[112.3555520000001,16.80228100000005],[112.35577400000011,16.80211600000007],[112.35600000000011,16.801956000000075],[112.3562290000001,16.801798000000076],[112.35646000000008,16.801644000000067],[112.35665600000004,16.80151900000004],[112.35685300000011,16.801394000000073],[112.35705000000007,16.80127200000004],[112.35725000000002,16.80115200000006],[112.35745000000009,16.801034000000072],[112.35765100000003,16.80091600000003],[112.35805500000004,16.800685000000044],[112.3582980000001,16.800549000000046],[112.35850300000004,16.800440000000037],[112.35871100000008,16.800335000000075],[112.358923,16.80023600000004],[112.35913700000003,16.80013900000006],[112.35935200000006,16.80004500000007],[112.35956700000008,16.799953000000073],[112.35978200000011,16.799859000000026],[112.35999500000003,16.799762000000044],[112.36020500000006,16.799663000000066],[112.360453,16.799537000000043],[112.36069500000008,16.79940300000004],[112.36092900000006,16.79925700000007],[112.36112600000001,16.799126000000058],[112.36132000000009,16.798983000000078],[112.36150300000008,16.79882900000007],[112.36167000000012,16.798663000000033],[112.3618130000001,16.798483000000033],[112.36194400000011,16.798250000000053],[112.36204500000008,16.79800300000005],[112.36213900000007,16.797753000000057],[112.36222700000008,16.797499000000073],[112.3623100000001,16.797243000000037],[112.36238900000001,16.796984000000066],[112.36246500000004,16.79672400000004],[112.362525,16.796506000000022],[112.36258300000009,16.796286000000066],[112.36264000000006,16.796066000000053],[112.36269500000003,16.795845000000043],[112.36279400000001,16.795446000000027],[112.3628480000001,16.795224000000076],[112.36290300000007,16.79500100000007],[112.36295700000005,16.79478000000006],[112.36301300000002,16.794558000000052],[112.3630700000001,16.79433700000004],[112.36312900000007,16.79411700000003],[112.36319000000003,16.793897000000072],[112.3632530000001,16.793679000000054],[112.36331800000005,16.793462000000034],[112.3633870000001,16.79324500000007],[112.363741,16.792117000000076],[112.36381000000006,16.791901000000053],[112.36387900000011,16.791684000000032],[112.36395000000005,16.79146600000007],[112.3640210000001,16.791250000000048],[112.36409300000003,16.791035000000022],[112.36416700000007,16.790820000000053],[112.3642420000001,16.790605000000028],[112.3643340000001,16.79034900000005],[112.36441300000001,16.790137000000072],[112.36451000000011,16.78988300000003],[112.36461000000008,16.789630000000045],[112.36471400000005,16.78938000000005],[112.36482200000012,16.789132000000052],[112.36493400000006,16.78888500000005],[112.36505900000009,16.78864500000003],[112.36517700000002,16.78844900000007],[112.36530600000003,16.78825800000004],[112.36544300000003,16.788072000000057],[112.365587,16.78789100000006],[112.36573700000008,16.787712000000056],[112.36589100000003,16.787540000000035],[112.36607900000001,16.787337000000036],[112.3662710000001,16.78714300000007],[112.36645700000008,16.787003000000027],[112.36666500000001,16.78688500000004],[112.36688300000003,16.786793000000046],[112.36714800000004,16.786717000000067],[112.36737700000003,16.786670000000072],[112.36761200000001,16.78663800000004],[112.3678480000001,16.786618000000033],[112.36808500000006,16.786606000000063],[112.36836500000004,16.786605000000066],[112.36860200000001,16.786620000000028],[112.3688360000001,16.786654000000055],[112.36906500000009,16.786708000000033],[112.36932700000011,16.786800000000028],[112.36957800000005,16.78691800000007],[112.3697840000001,16.787028000000078],[112.36998600000004,16.78714800000006],[112.37018400000011,16.78727200000003],[112.37038000000007,16.787396000000058],[112.37057800000002,16.78751900000003],[112.3707750000001,16.787642000000062],[112.37097300000005,16.787765000000036],[112.37117,16.78789100000006],[112.37136400000009,16.788019000000077],[112.37155300000006,16.788152000000025],[112.37177500000007,16.788319000000058],[112.3719880000001,16.78849500000007],[112.37219100000004,16.788680000000056],[112.37236100000007,16.78883600000006],[112.37253200000009,16.788993000000062],[112.37270200000012,16.789150000000063],[112.37287200000003,16.789308000000062],[112.37304200000005,16.78946700000006],[112.37321000000009,16.789629000000048],[112.373377,16.78979000000004],[112.37354200000004,16.789954000000023],[112.37370400000009,16.79011900000006],[112.37386500000002,16.790286000000037],[112.37402200000008,16.790454000000068],[112.37420700000007,16.79066000000006],[112.37438600000007,16.790869000000043],[112.37455900000009,16.791081000000077],[112.37472500000001,16.791297000000043],[112.37488400000007,16.791517000000056],[112.37503400000003,16.79174000000006],[112.37517900000012,16.791971000000046],[112.37531600000011,16.79220600000002],[112.37542500000006,16.792406000000028],[112.37553000000003,16.792610000000025],[112.37563000000011,16.792816000000073],[112.3757250000001,16.79302400000006],[112.3758170000001,16.79323500000004],[112.3759040000001,16.79344800000007],[112.37598700000001,16.79366200000004],[112.37606500000004,16.793878000000063],[112.37614000000008,16.79409400000003],[112.37626300000011,16.79448700000006],[112.37632600000006,16.79470500000002],[112.37639700000011,16.794967000000042],[112.37646400000006,16.795228000000066],[112.376529,16.795491000000027],[112.3765830000001,16.79571100000004],[112.37664600000005,16.79597300000006],[112.37670700000001,16.796237000000076],[112.37676800000008,16.796501000000035],[112.37682700000005,16.796766000000048],[112.37688500000002,16.79703100000006],[112.3769420000001,16.797296000000074],[112.3769880000001,16.797518000000025],[112.37704300000007,16.797783000000038],[112.37714100000005,16.798272000000054],[112.37718400000006,16.79849500000006],[112.37723500000004,16.79876100000007],[112.37728600000003,16.799028000000078],[112.37733500000002,16.799296000000027],[112.37738300000001,16.799563000000035],[112.37746300000003,16.800010000000043],[112.37754000000007,16.800456000000054],[112.37757800000009,16.800680000000057],[112.3776150000001,16.800903000000062],[112.37768900000003,16.801351000000068],[112.37776100000008,16.801797000000022],[112.3777970000001,16.802021000000025],[112.37790900000005,16.80273600000004],[112.3780250000001,16.803496000000052],[112.3780660000001,16.803764000000058],[112.37814000000003,16.804256000000066],[112.37821900000006,16.804793000000075],[112.37829600000009,16.805330000000026],[112.37832700000001,16.80555400000003],[112.37839500000007,16.806047000000035],[112.37843100000009,16.806316000000038],[112.37846100000002,16.80654000000004],[112.3785190000001,16.806989000000044],[112.37857500000007,16.807438000000047],[112.37860200000011,16.807663000000048],[112.37862900000005,16.80788700000005],[112.37868200000003,16.808336000000054],[112.37870700000008,16.808561000000054],[112.37873600000012,16.808831000000055],[112.37876500000004,16.809100000000058],[112.37879300000009,16.809370000000058],[112.37882000000002,16.80964000000006],[112.37884100000008,16.809866000000056],[112.37886700000001,16.81013500000006],[112.37889100000007,16.81040500000006],[112.37891400000001,16.81067500000006],[112.37893300000007,16.81090000000006],[112.37895400000002,16.81117000000006],[112.37897400000008,16.81144000000006],[112.37899000000004,16.81166600000006],[112.37900900000011,16.81193600000006],[112.37902300000007,16.81216100000006],[112.37903900000003,16.81243100000006],[112.37905,16.81265700000006],[112.37906300000009,16.81292700000006],[112.37907200000006,16.81315200000006],[112.37908100000004,16.81342200000006],[112.37908800000002,16.813648000000057],[112.37909400000001,16.813874000000055],[112.37909800000011,16.814100000000053],[112.3791020000001,16.814325000000053],[112.3791050000001,16.81455100000005],[112.37910700000009,16.81477700000005],[112.37910900000008,16.815048000000047],[112.37911000000008,16.815274000000045],[112.37910900000008,16.81572600000004],[112.37910700000009,16.81617700000004],[112.3791050000001,16.816403000000037],[112.37907700000005,16.82097600000003],[112.37908400000003,16.821202000000028],[112.37909300000001,16.82142700000003],[112.3791010000001,16.821653000000026],[112.37911000000008,16.821879000000024],[112.37914,16.822558000000072],[112.37915100000009,16.822783000000072],[112.37918200000001,16.823461000000066],[112.3791930000001,16.823686000000066],[112.37920300000008,16.82391300000006],[112.37921400000005,16.82413900000006],[112.37922300000002,16.824365000000057],[112.37923300000011,16.824591000000055],[112.37924100000009,16.824817000000053],[112.37925700000005,16.82526800000005],[112.37926400000003,16.82549400000005],[112.37927100000002,16.825720000000047],[112.379276,16.825946000000044],[112.37928000000011,16.826171000000045],[112.3792840000001,16.826397000000043],[112.37928600000009,16.82662300000004],[112.37928700000009,16.82689300000004],[112.37928700000009,16.82711900000004],[112.3792850000001,16.827345000000037],[112.3792810000001,16.827615000000037],[112.379276,16.827840000000037],[112.37926800000002,16.828110000000038],[112.37926000000004,16.828336000000036],[112.37924900000007,16.828606000000036],[112.3792390000001,16.828832000000034],[112.37922800000001,16.829058000000032],[112.37921400000005,16.829328000000032],[112.37920100000008,16.82955400000003],[112.37918800000011,16.829780000000028],[112.37917300000004,16.830007000000023],[112.37915900000007,16.830233000000078],[112.37914200000012,16.830459000000076],[112.37912500000004,16.830685000000074],[112.37910700000009,16.83091100000007],[112.37908400000003,16.831181000000072],[112.37906300000009,16.83140700000007],[112.37904200000003,16.831633000000068],[112.37901900000008,16.831859000000065],[112.37899500000003,16.832084000000066],[112.3789700000001,16.832309000000066],[112.37894400000005,16.832534000000066],[112.37891600000012,16.83275800000007],[112.37888700000008,16.83298300000007],[112.37885000000006,16.833252000000073],[112.37881900000002,16.833476000000076],[112.37877800000001,16.833744000000024],[112.3787430000001,16.833968000000027],[112.3786990000001,16.834235000000035],[112.3786530000001,16.834502000000043],[112.37861200000009,16.83472400000005],[112.3785620000001,16.83499000000006],[112.37850900000001,16.835255000000075],[112.37845400000003,16.835519000000033],[112.37839600000007,16.835784000000046],[112.3783370000001,16.836048000000062],[112.378285,16.836269000000073],[112.37823300000002,16.836490000000026],[112.37816700000008,16.836753000000044],[112.3781110000001,16.836974000000055],[112.37805400000002,16.83719300000007],[112.37799500000006,16.837413000000026],[112.3779350000001,16.837632000000042],[112.37787300000002,16.83785000000006],[112.37781000000007,16.838069000000075],[112.377745,16.838287000000037],[112.37768000000005,16.838506000000052],[112.37761200000011,16.838723000000073],[112.37754300000006,16.838940000000036],[112.37747300000001,16.83915600000006],[112.37740200000007,16.839372000000026],[112.37732900000003,16.839589000000046],[112.3772550000001,16.839804000000072],[112.37718000000007,16.840018000000043],[112.37710300000003,16.84023200000007],[112.37702500000012,16.840446000000043],[112.37694500000009,16.840658000000076],[112.3768490000001,16.84091200000006],[112.37676600000009,16.841124000000036],[112.37666600000011,16.841376000000025],[112.37656400000003,16.84162800000007],[112.37646000000007,16.841878000000065],[112.37635300000011,16.842127000000062],[112.37626100000011,16.84233500000005],[112.37616700000001,16.842543000000035],[112.37607000000003,16.842750000000024],[112.37588900000003,16.84312200000005],[112.37578400000007,16.843327000000045],[112.37567800000011,16.84353100000004],[112.37556800000004,16.84373400000004],[112.3754570000001,16.843935000000045],[112.37534200000005,16.84413600000005],[112.37522500000011,16.84433400000006],[112.37510500000008,16.844530000000077],[112.37498200000005,16.844726000000037],[112.37485700000002,16.844917000000066],[112.37472900000012,16.84510800000004],[112.37457200000006,16.84533200000004],[112.37441100000001,16.84555400000005],[112.37424700000008,16.845772000000068],[112.37407800000005,16.845984000000044],[112.37390500000004,16.846193000000028],[112.37372400000004,16.846396000000027],[112.37353500000006,16.846596000000034],[112.37337100000002,16.846759000000077],[112.3732020000001,16.846918000000073],[112.37302700000009,16.847074000000077],[112.37284700000009,16.847226000000035],[112.3726640000001,16.84737300000006],[112.37247700000012,16.84751700000004],[112.37228600000003,16.84765500000003],[112.37209200000007,16.847789000000034],[112.37189400000011,16.847917000000052],[112.37169400000005,16.848040000000026],[112.3714930000001,16.84815800000007],[112.37128900000005,16.84827000000007],[112.3710420000001,16.848397000000034],[112.37079300000005,16.848514000000023],[112.37054,16.848622000000034],[112.37028200000009,16.84872100000007],[112.37002000000007,16.848812000000066],[112.36975500000005,16.848897000000022],[112.36948700000005,16.84897600000005],[112.36926100000005,16.849038000000064],[112.36903400000006,16.84909700000003],[112.36880500000007,16.849155000000053],[112.36857600000008,16.849211000000025],[112.36834600000009,16.849266000000057],[112.3681160000001,16.849319000000037],[112.36788500000011,16.84937400000007],[112.36765500000001,16.849428000000046],[112.36742500000003,16.849485000000072],[112.36719600000004,16.849542000000042],[112.36696800000004,16.84960200000006],[112.36674100000005,16.84966600000007],[112.36651600000005,16.849732000000074],[112.36624900000004,16.84981700000003],[112.36598400000003,16.849908000000028],[112.36571900000001,16.850001000000077],[112.36550000000011,16.850082000000043],[112.36523800000009,16.850178000000028],[112.36497600000007,16.85027800000006],[112.36471500000005,16.850379000000032],[112.36445500000002,16.850482000000056],[112.36423800000011,16.850568000000067],[112.36358800000005,16.85083000000003],[112.3629390000001,16.851091000000054],[112.36246200000005,16.85128100000003],[112.36220100000003,16.851383000000055],[112.36198300000001,16.851468000000068],[112.36150300000008,16.851650000000063],[112.36123900000007,16.85174500000005],[112.36097600000005,16.851838000000043],[112.36075500000004,16.851916000000074],[112.36053300000003,16.85198900000006],[112.36031100000002,16.852062000000046],[112.36008800000002,16.85213200000004],[112.35986500000001,16.852202000000034],[112.35964100000001,16.852270000000033],[112.35941600000001,16.852337000000034],[112.35919100000001,16.852403000000038],[112.35869600000001,16.852547000000072],[112.35775100000001,16.852819000000068],[112.35752500000001,16.852884000000074],[112.357301,16.852951000000076],[112.35703300000011,16.85303200000004],[112.35680900000011,16.853101000000038],[112.3565860000001,16.85317200000003],[112.3563200000001,16.853257000000042],[112.35587800000008,16.85340700000006],[112.35561500000006,16.85350100000005],[112.35535300000004,16.853598000000034],[112.35509300000001,16.853699000000063],[112.3548340000001,16.853803000000028],[112.35457800000006,16.853912000000037],[112.35432300000002,16.854026000000033],[112.3540690000001,16.854143000000022],[112.35381700000005,16.854262000000062]]]]}}]}