{
"type": "FeatureCollection",
"name": "ktxh",
"crs": { "type": "name", "properties": { "name": "urn:ogc:def:crs:OGC:1.3:CRS84" } },
"features": [
{ "type": "Feature", "properties": { "ID": "HYE331040bia", "Ten_CT": "Bia tưởng niệm", "Loai_CT": "", "Thuoc_huyen": "H. Kim Động", "Thuoc_tinh": "Hưng Yên", "Trong_chigioi": "", "Ngoai_baiSg": "", "layer": "HYE_KTVHXH", "path": "D:/Work/HungYen/TaiLieu/De/De Hung Yen/BD Hung Yen/HYE_KTVHXH.TAB" }, "geometry": { "type": "Point", "coordinates": [ 105.993868745664372, 20.732612761113785 ] } },
{ "type": "Feature", "properties": { "ID": "HYE331040den", "Ten_CT": "Đền, chùa, miếu", "Loai_CT": "", "Thuoc_huyen": "H. Kim Động", "Thuoc_tinh": "Hưng Yên", "Trong_chigioi": "", "Ngoai_baiSg": "", "layer": "HYE_KTVHXH", "path": "D:/Work/HungYen/TaiLieu/De/De Hung Yen/BD Hung Yen/HYE_KTVHXH.TAB" }, "geometry": { "type": "Point", "coordinates": [ 105.981319014851593, 20.716896976614564 ] } },
{ "type": "Feature", "properties": { "ID": "HYE331040den", "Ten_CT": "Đền, chùa, miếu", "Loai_CT": "", "Thuoc_huyen": "H. Kim Động", "Thuoc_tinh": "Hưng Yên", "Trong_chigioi": "", "Ngoai_baiSg": "", "layer": "HYE_KTVHXH", "path": "D:/Work/HungYen/TaiLieu/De/De Hung Yen/BD Hung Yen/HYE_KTVHXH.TAB" }, "geometry": { "type": "Point", "coordinates": [ 105.976179271428606, 20.745137539665375 ] } },
{ "type": "Feature", "properties": { "ID": "HYE331040den", "Ten_CT": "Đền, chùa, miếu", "Loai_CT": "", "Thuoc_huyen": "H. Kim Động", "Thuoc_tinh": "Hưng Yên", "Trong_chigioi": "", "Ngoai_baiSg": "", "layer": "HYE_KTVHXH", "path": "D:/Work/HungYen/TaiLieu/De/De Hung Yen/BD Hung Yen/HYE_KTVHXH.TAB" }, "geometry": { "type": "Point", "coordinates": [ 105.990343496334106, 20.73253153969468 ] } },
{ "type": "Feature", "properties": { "ID": "HYE330040ntho", "Ten_CT": "Nhà thờ", "Loai_CT": "", "Thuoc_huyen": "H. Khoái Châu", "Thuoc_tinh": "Hưng Yên", "Trong_chigioi": "", "Ngoai_baiSg": "", "layer": "HYE_KTVHXH", "path": "D:/Work/HungYen/TaiLieu/De/De Hung Yen/BD Hung Yen/HYE_KTVHXH.TAB" }, "geometry": { "type": "Point", "coordinates": [ 106.009051027639131, 20.833463758613945 ] } },
{ "type": "Feature", "properties": { "ID": "HYE330040den", "Ten_CT": "Đền, chùa, miếu", "Loai_CT": "", "Thuoc_huyen": "H. Khoái Châu", "Thuoc_tinh": "Hưng Yên", "Trong_chigioi": "", "Ngoai_baiSg": "", "layer": "HYE_KTVHXH", "path": "D:/Work/HungYen/TaiLieu/De/De Hung Yen/BD Hung Yen/HYE_KTVHXH.TAB" }, "geometry": { "type": "Point", "coordinates": [ 106.011807959157309, 20.831945922629732 ] } },
{ "type": "Feature", "properties": { "ID": "HYE330040ntho", "Ten_CT": "Nhà thờ", "Loai_CT": "", "Thuoc_huyen": "H. Khoái Châu", "Thuoc_tinh": "Hưng Yên", "Trong_chigioi": "", "Ngoai_baiSg": "", "layer": "HYE_KTVHXH", "path": "D:/Work/HungYen/TaiLieu/De/De Hung Yen/BD Hung Yen/HYE_KTVHXH.TAB" }, "geometry": { "type": "Point", "coordinates": [ 106.014053836435735, 20.82469525715614 ] } },
{ "type": "Feature", "properties": { "ID": "HYE330040den", "Ten_CT": "Đền, chùa, miếu", "Loai_CT": "", "Thuoc_huyen": "H. Khoái Châu", "Thuoc_tinh": "Hưng Yên", "Trong_chigioi": "", "Ngoai_baiSg": "", "layer": "HYE_KTVHXH", "path": "D:/Work/HungYen/TaiLieu/De/De Hung Yen/BD Hung Yen/HYE_KTVHXH.TAB" }, "geometry": { "type": "Point", "coordinates": [ 106.00920608275905, 20.828494352703512 ] } },
{ "type": "Feature", "properties": { "ID": "HYE330040den", "Ten_CT": "Đền, chùa, miếu", "Loai_CT": "", "Thuoc_huyen": "H. Khoái Châu", "Thuoc_tinh": "Hưng Yên", "Trong_chigioi": "", "Ngoai_baiSg": "", "layer": "HYE_KTVHXH", "path": "D:/Work/HungYen/TaiLieu/De/De Hung Yen/BD Hung Yen/HYE_KTVHXH.TAB" }, "geometry": { "type": "Point", "coordinates": [ 106.007040306181736, 20.819459569182428 ] } },
{ "type": "Feature", "properties": { "ID": "HYE330040lnung", "Ten_CT": "lnung", "Loai_CT": "", "Thuoc_huyen": "H. Khoái Châu", "Thuoc_tinh": "Hưng Yên", "Trong_chigioi": "", "Ngoai_baiSg": "", "layer": "HYE_KTVHXH", "path": "D:/Work/HungYen/TaiLieu/De/De Hung Yen/BD Hung Yen/HYE_KTVHXH.TAB" }, "geometry": { "type": "Point", "coordinates": [ 106.013211994057315, 20.816008962339232 ] } },
{ "type": "Feature", "properties": { "ID": "HYE330040ntrang", "Ten_CT": "Nghĩa trang", "Loai_CT": "", "Thuoc_huyen": "H. Khoái Châu", "Thuoc_tinh": "Hưng Yên", "Trong_chigioi": "", "Ngoai_baiSg": "", "layer": "HYE_KTVHXH", "path": "D:/Work/HungYen/TaiLieu/De/De Hung Yen/BD Hung Yen/HYE_KTVHXH.TAB" }, "geometry": { "type": "Point", "coordinates": [ 106.019019907030383, 20.815062212352174 ] } },
{ "type": "Feature", "properties": { "ID": "HYE330040den", "Ten_CT": "Đền, chùa, miếu", "Loai_CT": "", "Thuoc_huyen": "H. Khoái Châu", "Thuoc_tinh": "Hưng Yên", "Trong_chigioi": "", "Ngoai_baiSg": "", "layer": "HYE_KTVHXH", "path": "D:/Work/HungYen/TaiLieu/De/De Hung Yen/BD Hung Yen/HYE_KTVHXH.TAB" }, "geometry": { "type": "Point", "coordinates": [ 106.018431167628449, 20.811473033237281 ] } },
{ "type": "Feature", "properties": { "ID": "HYE330040lnung", "Ten_CT": "lnung", "Loai_CT": "", "Thuoc_huyen": "H. Khoái Châu", "Thuoc_tinh": "Hưng Yên", "Trong_chigioi": "", "Ngoai_baiSg": "", "layer": "HYE_KTVHXH", "path": "D:/Work/HungYen/TaiLieu/De/De Hung Yen/BD Hung Yen/HYE_KTVHXH.TAB" }, "geometry": { "type": "Point", "coordinates": [ 106.030146792781323, 20.805518543029766 ] } },
{ "type": "Feature", "properties": { "ID": "HYE331040lnung", "Ten_CT": "lnung", "Loai_CT": "", "Thuoc_huyen": "H. Kim Động", "Thuoc_tinh": "Hưng Yên", "Trong_chigioi": "", "Ngoai_baiSg": "", "layer": "HYE_KTVHXH", "path": "D:/Work/HungYen/TaiLieu/De/De Hung Yen/BD Hung Yen/HYE_KTVHXH.TAB" }, "geometry": { "type": "Point", "coordinates": [ 106.0321460949026, 20.802339482326225 ] } },
{ "type": "Feature", "properties": { "ID": "HYE331040den", "Ten_CT": "Đền, chùa, miếu", "Loai_CT": "", "Thuoc_huyen": "H. Kim Động", "Thuoc_tinh": "Hưng Yên", "Trong_chigioi": "", "Ngoai_baiSg": "", "layer": "HYE_KTVHXH", "path": "D:/Work/HungYen/TaiLieu/De/De Hung Yen/BD Hung Yen/HYE_KTVHXH.TAB" }, "geometry": { "type": "Point", "coordinates": [ 106.034975038778455, 20.798157057534482 ] } },
{ "type": "Feature", "properties": { "ID": "HYE331040ntrang", "Ten_CT": "Nghĩa trang", "Loai_CT": "", "Thuoc_huyen": "H. Kim Động", "Thuoc_tinh": "Hưng Yên", "Trong_chigioi": "", "Ngoai_baiSg": "", "layer": "HYE_KTVHXH", "path": "D:/Work/HungYen/TaiLieu/De/De Hung Yen/BD Hung Yen/HYE_KTVHXH.TAB" }, "geometry": { "type": "Point", "coordinates": [ 106.047773673512665, 20.794821456172546 ] } },
{ "type": "Feature", "properties": { "ID": "HYE331040den", "Ten_CT": "Đền, chùa, miếu", "Loai_CT": "", "Thuoc_huyen": "H. Kim Động", "Thuoc_tinh": "Hưng Yên", "Trong_chigioi": "", "Ngoai_baiSg": "", "layer": "HYE_KTVHXH", "path": "D:/Work/HungYen/TaiLieu/De/De Hung Yen/BD Hung Yen/HYE_KTVHXH.TAB" }, "geometry": { "type": "Point", "coordinates": [ 106.036787033617003, 20.787614848030412 ] } },
{ "type": "Feature", "properties": { "ID": "HYE331040ntrang", "Ten_CT": "Nghĩa trang", "Loai_CT": "", "Thuoc_huyen": "H. Kim Động", "Thuoc_tinh": "Hưng Yên", "Trong_chigioi": "", "Ngoai_baiSg": "", "layer": "HYE_KTVHXH", "path": "D:/Work/HungYen/TaiLieu/De/De Hung Yen/BD Hung Yen/HYE_KTVHXH.TAB" }, "geometry": { "type": "Point", "coordinates": [ 106.056288847084019, 20.791243818007747 ] } },
{ "type": "Feature", "properties": { "ID": "HYE329040den", "Ten_CT": "Đền, chùa, miếu", "Loai_CT": "", "Thuoc_huyen": "H. Ân Thi", "Thuoc_tinh": "Hưng Yên", "Trong_chigioi": "", "Ngoai_baiSg": "", "layer": "HYE_KTVHXH", "path": "D:/Work/HungYen/TaiLieu/De/De Hung Yen/BD Hung Yen/HYE_KTVHXH.TAB" }, "geometry": { "type": "Point", "coordinates": [ 106.057997317843103, 20.822146039692512 ] } },
{ "type": "Feature", "properties": { "ID": "HYE329040ntho", "Ten_CT": "Nhà thờ", "Loai_CT": "", "Thuoc_huyen": "H. Ân Thi", "Thuoc_tinh": "Hưng Yên", "Trong_chigioi": "", "Ngoai_baiSg": "", "layer": "HYE_KTVHXH", "path": "D:/Work/HungYen/TaiLieu/De/De Hung Yen/BD Hung Yen/HYE_KTVHXH.TAB" }, "geometry": { "type": "Point", "coordinates": [ 106.06901981223092, 20.808159940234503 ] } },
{ "type": "Feature", "properties": { "ID": "HYE331040ntho", "Ten_CT": "Nhà thờ", "Loai_CT": "", "Thuoc_huyen": "H. Kim Động", "Thuoc_tinh": "Hưng Yên", "Trong_chigioi": "", "Ngoai_baiSg": "", "layer": "HYE_KTVHXH", "path": "D:/Work/HungYen/TaiLieu/De/De Hung Yen/BD Hung Yen/HYE_KTVHXH.TAB" }, "geometry": { "type": "Point", "coordinates": [ 106.020147910569904, 20.786401245771188 ] } },
{ "type": "Feature", "properties": { "ID": "HYE331040den", "Ten_CT": "Đền, chùa, miếu", "Loai_CT": "", "Thuoc_huyen": "H. Kim Động", "Thuoc_tinh": "Hưng Yên", "Trong_chigioi": "", "Ngoai_baiSg": "", "layer": "HYE_KTVHXH", "path": "D:/Work/HungYen/TaiLieu/De/De Hung Yen/BD Hung Yen/HYE_KTVHXH.TAB" }, "geometry": { "type": "Point", "coordinates": [ 106.022884500693891, 20.783716625610275 ] } },
{ "type": "Feature", "properties": { "ID": "HYE331040den", "Ten_CT": "Đền, chùa, miếu", "Loai_CT": "", "Thuoc_huyen": "H. Kim Động", "Thuoc_tinh": "Hưng Yên", "Trong_chigioi": "", "Ngoai_baiSg": "", "layer": "HYE_KTVHXH", "path": "D:/Work/HungYen/TaiLieu/De/De Hung Yen/BD Hung Yen/HYE_KTVHXH.TAB" }, "geometry": { "type": "Point", "coordinates": [ 106.015328374911476, 20.782396862506442 ] } },
{ "type": "Feature", "properties": { "ID": "HYE331040ntrang", "Ten_CT": "Nghĩa trang", "Loai_CT": "", "Thuoc_huyen": "H. Kim Động", "Thuoc_tinh": "Hưng Yên", "Trong_chigioi": "", "Ngoai_baiSg": "", "layer": "HYE_KTVHXH", "path": "D:/Work/HungYen/TaiLieu/De/De Hung Yen/BD Hung Yen/HYE_KTVHXH.TAB" }, "geometry": { "type": "Point", "coordinates": [ 106.024905431271279, 20.768453204813213 ] } },
{ "type": "Feature", "properties": { "ID": "HYE331040den", "Ten_CT": "Đền, chùa, miếu", "Loai_CT": "", "Thuoc_huyen": "H. Kim Động", "Thuoc_tinh": "Hưng Yên", "Trong_chigioi": "", "Ngoai_baiSg": "", "layer": "HYE_KTVHXH", "path": "D:/Work/HungYen/TaiLieu/De/De Hung Yen/BD Hung Yen/HYE_KTVHXH.TAB" }, "geometry": { "type": "Point", "coordinates": [ 106.0114309157983, 20.757748184794533 ] } },
{ "type": "Feature", "properties": { "ID": "HYE331040ntho", "Ten_CT": "Nhà thờ", "Loai_CT": "", "Thuoc_huyen": "H. Kim Động", "Thuoc_tinh": "Hưng Yên", "Trong_chigioi": "", "Ngoai_baiSg": "", "layer": "HYE_KTVHXH", "path": "D:/Work/HungYen/TaiLieu/De/De Hung Yen/BD Hung Yen/HYE_KTVHXH.TAB" }, "geometry": { "type": "Point", "coordinates": [ 106.020411579828902, 20.75428182819336 ] } },
{ "type": "Feature", "properties": { "ID": "HYE331040lnung", "Ten_CT": "lnung", "Loai_CT": "", "Thuoc_huyen": "H. Kim Động", "Thuoc_tinh": "Hưng Yên", "Trong_chigioi": "", "Ngoai_baiSg": "", "layer": "HYE_KTVHXH", "path": "D:/Work/HungYen/TaiLieu/De/De Hung Yen/BD Hung Yen/HYE_KTVHXH.TAB" }, "geometry": { "type": "Point", "coordinates": [ 106.022958732853269, 20.752832770402428 ] } },
{ "type": "Feature", "properties": { "ID": "HYE331040den", "Ten_CT": "Đền, chùa, miếu", "Loai_CT": "", "Thuoc_huyen": "H. Kim Động", "Thuoc_tinh": "Hưng Yên", "Trong_chigioi": "", "Ngoai_baiSg": "", "layer": "HYE_KTVHXH", "path": "D:/Work/HungYen/TaiLieu/De/De Hung Yen/BD Hung Yen/HYE_KTVHXH.TAB" }, "geometry": { "type": "Point", "coordinates": [ 106.008543581971793, 20.751543935245181 ] } },
{ "type": "Feature", "properties": { "ID": "HYE331040den", "Ten_CT": "Đền, chùa, miếu", "Loai_CT": "", "Thuoc_huyen": "H. Kim Động", "Thuoc_tinh": "Hưng Yên", "Trong_chigioi": "", "Ngoai_baiSg": "", "layer": "HYE_KTVHXH", "path": "D:/Work/HungYen/TaiLieu/De/De Hung Yen/BD Hung Yen/HYE_KTVHXH.TAB" }, "geometry": { "type": "Point", "coordinates": [ 106.030038798176932, 20.750175724119767 ] } },
{ "type": "Feature", "properties": { "ID": "HYE331040den", "Ten_CT": "Đền, chùa, miếu", "Loai_CT": "", "Thuoc_huyen": "H. Kim Động", "Thuoc_tinh": "Hưng Yên", "Trong_chigioi": "", "Ngoai_baiSg": "", "layer": "HYE_KTVHXH", "path": "D:/Work/HungYen/TaiLieu/De/De Hung Yen/BD Hung Yen/HYE_KTVHXH.TAB" }, "geometry": { "type": "Point", "coordinates": [ 106.036457639640886, 20.762615906159876 ] } },
{ "type": "Feature", "properties": { "ID": "HYE331040ntrang", "Ten_CT": "Nghĩa trang", "Loai_CT": "", "Thuoc_huyen": "H. Kim Động", "Thuoc_tinh": "Hưng Yên", "Trong_chigioi": "", "Ngoai_baiSg": "", "layer": "HYE_KTVHXH", "path": "D:/Work/HungYen/TaiLieu/De/De Hung Yen/BD Hung Yen/HYE_KTVHXH.TAB" }, "geometry": { "type": "Point", "coordinates": [ 106.04222356994002, 20.771206249921189 ] } },
{ "type": "Feature", "properties": { "ID": "HYE331040ntrang", "Ten_CT": "Nghĩa trang", "Loai_CT": "", "Thuoc_huyen": "H. Kim Động", "Thuoc_tinh": "Hưng Yên", "Trong_chigioi": "", "Ngoai_baiSg": "", "layer": "HYE_KTVHXH", "path": "D:/Work/HungYen/TaiLieu/De/De Hung Yen/BD Hung Yen/HYE_KTVHXH.TAB" }, "geometry": { "type": "Point", "coordinates": [ 106.040668120620737, 20.77074171724276 ] } },
{ "type": "Feature", "properties": { "ID": "HYE331040den", "Ten_CT": "Đền, chùa, miếu", "Loai_CT": "", "Thuoc_huyen": "H. Kim Động", "Thuoc_tinh": "Hưng Yên", "Trong_chigioi": "", "Ngoai_baiSg": "", "layer": "HYE_KTVHXH", "path": "D:/Work/HungYen/TaiLieu/De/De Hung Yen/BD Hung Yen/HYE_KTVHXH.TAB" }, "geometry": { "type": "Point", "coordinates": [ 106.055432169110986, 20.779403124109418 ] } },
{ "type": "Feature", "properties": { "ID": "HYE331040ntrang", "Ten_CT": "Nghĩa trang", "Loai_CT": "", "Thuoc_huyen": "H. Kim Động", "Thuoc_tinh": "Hưng Yên", "Trong_chigioi": "", "Ngoai_baiSg": "", "layer": "HYE_KTVHXH", "path": "D:/Work/HungYen/TaiLieu/De/De Hung Yen/BD Hung Yen/HYE_KTVHXH.TAB" }, "geometry": { "type": "Point", "coordinates": [ 106.073760574431446, 20.756798960849451 ] } },
{ "type": "Feature", "properties": { "ID": "HYE331040ntrang", "Ten_CT": "Nghĩa trang", "Loai_CT": "", "Thuoc_huyen": "H. Kim Động", "Thuoc_tinh": "Hưng Yên", "Trong_chigioi": "", "Ngoai_baiSg": "", "layer": "HYE_KTVHXH", "path": "D:/Work/HungYen/TaiLieu/De/De Hung Yen/BD Hung Yen/HYE_KTVHXH.TAB" }, "geometry": { "type": "Point", "coordinates": [ 106.072171202630699, 20.757494347475919 ] } },
{ "type": "Feature", "properties": { "ID": "HYE331040den", "Ten_CT": "Đền, chùa, miếu", "Loai_CT": "", "Thuoc_huyen": "H. Kim Động", "Thuoc_tinh": "Hưng Yên", "Trong_chigioi": "", "Ngoai_baiSg": "", "layer": "HYE_KTVHXH", "path": "D:/Work/HungYen/TaiLieu/De/De Hung Yen/BD Hung Yen/HYE_KTVHXH.TAB" }, "geometry": { "type": "Point", "coordinates": [ 106.072746634459477, 20.766243399137537 ] } },
{ "type": "Feature", "properties": { "ID": "HYE329040ntho", "Ten_CT": "Nhà thờ", "Loai_CT": "", "Thuoc_huyen": "H. Ân Thi", "Thuoc_tinh": "Hưng Yên", "Trong_chigioi": "", "Ngoai_baiSg": "", "layer": "HYE_KTVHXH", "path": "D:/Work/HungYen/TaiLieu/De/De Hung Yen/BD Hung Yen/HYE_KTVHXH.TAB" }, "geometry": { "type": "Point", "coordinates": [ 106.113995584486887, 20.756928009508478 ] } },
{ "type": "Feature", "properties": { "ID": "HYE329040ntrang", "Ten_CT": "Nghĩa trang", "Loai_CT": "", "Thuoc_huyen": "H. Ân Thi", "Thuoc_tinh": "Hưng Yên", "Trong_chigioi": "", "Ngoai_baiSg": "", "layer": "HYE_KTVHXH", "path": "D:/Work/HungYen/TaiLieu/De/De Hung Yen/BD Hung Yen/HYE_KTVHXH.TAB" }, "geometry": { "type": "Point", "coordinates": [ 106.113199028063363, 20.776099372975771 ] } },
{ "type": "Feature", "properties": { "ID": "HYE329040ntrang", "Ten_CT": "Nghĩa trang", "Loai_CT": "", "Thuoc_huyen": "H. Ân Thi", "Thuoc_tinh": "Hưng Yên", "Trong_chigioi": "", "Ngoai_baiSg": "", "layer": "HYE_KTVHXH", "path": "D:/Work/HungYen/TaiLieu/De/De Hung Yen/BD Hung Yen/HYE_KTVHXH.TAB" }, "geometry": { "type": "Point", "coordinates": [ 106.112905163605902, 20.774879167152029 ] } },
{ "type": "Feature", "properties": { "ID": "HYE329040den", "Ten_CT": "Đền, chùa, miếu", "Loai_CT": "", "Thuoc_huyen": "H. Ân Thi", "Thuoc_tinh": "Hưng Yên", "Trong_chigioi": "", "Ngoai_baiSg": "", "layer": "HYE_KTVHXH", "path": "D:/Work/HungYen/TaiLieu/De/De Hung Yen/BD Hung Yen/HYE_KTVHXH.TAB" }, "geometry": { "type": "Point", "coordinates": [ 106.096948143974984, 20.795447525216797 ] } },
{ "type": "Feature", "properties": { "ID": "HYE329040ntrang", "Ten_CT": "Nghĩa trang", "Loai_CT": "", "Thuoc_huyen": "H. Ân Thi", "Thuoc_tinh": "Hưng Yên", "Trong_chigioi": "", "Ngoai_baiSg": "", "layer": "HYE_KTVHXH", "path": "D:/Work/HungYen/TaiLieu/De/De Hung Yen/BD Hung Yen/HYE_KTVHXH.TAB" }, "geometry": { "type": "Point", "coordinates": [ 106.097870853390205, 20.795738863041098 ] } },
{ "type": "Feature", "properties": { "ID": "HYE329040ntrang", "Ten_CT": "Nghĩa trang", "Loai_CT": "", "Thuoc_huyen": "H. Ân Thi", "Thuoc_tinh": "Hưng Yên", "Trong_chigioi": "", "Ngoai_baiSg": "", "layer": "HYE_KTVHXH", "path": "D:/Work/HungYen/TaiLieu/De/De Hung Yen/BD Hung Yen/HYE_KTVHXH.TAB" }, "geometry": { "type": "Point", "coordinates": [ 106.099361252764623, 20.795654875661217 ] } },
{ "type": "Feature", "properties": { "ID": "HYE329040den", "Ten_CT": "Đền, chùa, miếu", "Loai_CT": "", "Thuoc_huyen": "H. Ân Thi", "Thuoc_tinh": "Hưng Yên", "Trong_chigioi": "", "Ngoai_baiSg": "", "layer": "HYE_KTVHXH", "path": "D:/Work/HungYen/TaiLieu/De/De Hung Yen/BD Hung Yen/HYE_KTVHXH.TAB" }, "geometry": { "type": "Point", "coordinates": [ 106.084598845674435, 20.77656255521514 ] } },
{ "type": "Feature", "properties": { "ID": "HYE329040ntrang", "Ten_CT": "Nghĩa trang", "Loai_CT": "", "Thuoc_huyen": "H. Ân Thi", "Thuoc_tinh": "Hưng Yên", "Trong_chigioi": "", "Ngoai_baiSg": "", "layer": "HYE_KTVHXH", "path": "D:/Work/HungYen/TaiLieu/De/De Hung Yen/BD Hung Yen/HYE_KTVHXH.TAB" }, "geometry": { "type": "Point", "coordinates": [ 106.097961481974622, 20.788306134621084 ] } },
{ "type": "Feature", "properties": { "ID": "HYE329040den", "Ten_CT": "Đền, chùa, miếu", "Loai_CT": "", "Thuoc_huyen": "H. Ân Thi", "Thuoc_tinh": "Hưng Yên", "Trong_chigioi": "", "Ngoai_baiSg": "", "layer": "HYE_KTVHXH", "path": "D:/Work/HungYen/TaiLieu/De/De Hung Yen/BD Hung Yen/HYE_KTVHXH.TAB" }, "geometry": { "type": "Point", "coordinates": [ 106.06831063502392, 20.79265109592891 ] } },
{ "type": "Feature", "properties": { "ID": "HYE329040bia", "Ten_CT": "Bia tưởng niệm", "Loai_CT": "", "Thuoc_huyen": "H. Ân Thi", "Thuoc_tinh": "Hưng Yên", "Trong_chigioi": "", "Ngoai_baiSg": "", "layer": "HYE_KTVHXH", "path": "D:/Work/HungYen/TaiLieu/De/De Hung Yen/BD Hung Yen/HYE_KTVHXH.TAB" }, "geometry": { "type": "Point", "coordinates": [ 106.072367648401539, 20.782458976084541 ] } },
{ "type": "Feature", "properties": { "ID": "HYE329040den", "Ten_CT": "Đền, chùa, miếu", "Loai_CT": "", "Thuoc_huyen": "H. Ân Thi", "Thuoc_tinh": "Hưng Yên", "Trong_chigioi": "", "Ngoai_baiSg": "", "layer": "HYE_KTVHXH", "path": "D:/Work/HungYen/TaiLieu/De/De Hung Yen/BD Hung Yen/HYE_KTVHXH.TAB" }, "geometry": { "type": "Point", "coordinates": [ 106.067285399824655, 20.786882681809054 ] } },
{ "type": "Feature", "properties": { "ID": "HYE329040den", "Ten_CT": "Đền, chùa, miếu", "Loai_CT": "", "Thuoc_huyen": "H. Ân Thi", "Thuoc_tinh": "Hưng Yên", "Trong_chigioi": "", "Ngoai_baiSg": "", "layer": "HYE_KTVHXH", "path": "D:/Work/HungYen/TaiLieu/De/De Hung Yen/BD Hung Yen/HYE_KTVHXH.TAB" }, "geometry": { "type": "Point", "coordinates": [ 106.090985581364322, 20.811893949179836 ] } },
{ "type": "Feature", "properties": { "ID": "HYE329040den", "Ten_CT": "Đền, chùa, miếu", "Loai_CT": "", "Thuoc_huyen": "H. Ân Thi", "Thuoc_tinh": "Hưng Yên", "Trong_chigioi": "", "Ngoai_baiSg": "", "layer": "HYE_KTVHXH", "path": "D:/Work/HungYen/TaiLieu/De/De Hung Yen/BD Hung Yen/HYE_KTVHXH.TAB" }, "geometry": { "type": "Point", "coordinates": [ 106.128115724501114, 20.82157786234032 ] } },
{ "type": "Feature", "properties": { "ID": "HYE329040den", "Ten_CT": "Đền, chùa, miếu", "Loai_CT": "", "Thuoc_huyen": "H. Ân Thi", "Thuoc_tinh": "Hưng Yên", "Trong_chigioi": "", "Ngoai_baiSg": "", "layer": "HYE_KTVHXH", "path": "D:/Work/HungYen/TaiLieu/De/De Hung Yen/BD Hung Yen/HYE_KTVHXH.TAB" }, "geometry": { "type": "Point", "coordinates": [ 106.128604962175643, 20.811258751954082 ] } },
{ "type": "Feature", "properties": { "ID": "HYE329040ntho", "Ten_CT": "Nhà thờ", "Loai_CT": "", "Thuoc_huyen": "H. Ân Thi", "Thuoc_tinh": "Hưng Yên", "Trong_chigioi": "", "Ngoai_baiSg": "", "layer": "HYE_KTVHXH", "path": "D:/Work/HungYen/TaiLieu/De/De Hung Yen/BD Hung Yen/HYE_KTVHXH.TAB" }, "geometry": { "type": "Point", "coordinates": [ 106.143512425636516, 20.768532440837589 ] } },
{ "type": "Feature", "properties": { "ID": "HYE329040ntho", "Ten_CT": "Nhà thờ", "Loai_CT": "", "Thuoc_huyen": "H. Ân Thi", "Thuoc_tinh": "Hưng Yên", "Trong_chigioi": "", "Ngoai_baiSg": "", "layer": "HYE_KTVHXH", "path": "D:/Work/HungYen/TaiLieu/De/De Hung Yen/BD Hung Yen/HYE_KTVHXH.TAB" }, "geometry": { "type": "Point", "coordinates": [ 106.125813716795022, 20.754501008259336 ] } },
{ "type": "Feature", "properties": { "ID": "HYE329040ntho", "Ten_CT": "Nhà thờ", "Loai_CT": "", "Thuoc_huyen": "H. Ân Thi", "Thuoc_tinh": "Hưng Yên", "Trong_chigioi": "", "Ngoai_baiSg": "", "layer": "HYE_KTVHXH", "path": "D:/Work/HungYen/TaiLieu/De/De Hung Yen/BD Hung Yen/HYE_KTVHXH.TAB" }, "geometry": { "type": "Point", "coordinates": [ 106.133339569204139, 20.754513252705639 ] } },
{ "type": "Feature", "properties": { "ID": "HYE333040ntho", "Ten_CT": "Nhà thờ", "Loai_CT": "", "Thuoc_huyen": "H. Phù Cừ", "Thuoc_tinh": "Hưng Yên", "Trong_chigioi": "", "Ngoai_baiSg": "", "layer": "HYE_KTVHXH", "path": "D:/Work/HungYen/TaiLieu/De/De Hung Yen/BD Hung Yen/HYE_KTVHXH.TAB" }, "geometry": { "type": "Point", "coordinates": [ 106.159900926639224, 20.758701254879192 ] } },
{ "type": "Feature", "properties": { "ID": "HYE333040den", "Ten_CT": "Đền, chùa, miếu", "Loai_CT": "", "Thuoc_huyen": "H. Phù Cừ", "Thuoc_tinh": "Hưng Yên", "Trong_chigioi": "", "Ngoai_baiSg": "", "layer": "HYE_KTVHXH", "path": "D:/Work/HungYen/TaiLieu/De/De Hung Yen/BD Hung Yen/HYE_KTVHXH.TAB" }, "geometry": { "type": "Point", "coordinates": [ 106.163783088805644, 20.769208593357526 ] } },
{ "type": "Feature", "properties": { "ID": "HYE333040den", "Ten_CT": "Đền, chùa, miếu", "Loai_CT": "", "Thuoc_huyen": "H. Phù Cừ", "Thuoc_tinh": "Hưng Yên", "Trong_chigioi": "", "Ngoai_baiSg": "", "layer": "HYE_KTVHXH", "path": "D:/Work/HungYen/TaiLieu/De/De Hung Yen/BD Hung Yen/HYE_KTVHXH.TAB" }, "geometry": { "type": "Point", "coordinates": [ 106.188082467589695, 20.760274142605265 ] } },
{ "type": "Feature", "properties": { "ID": "HYE333040ntho", "Ten_CT": "Nhà thờ", "Loai_CT": "", "Thuoc_huyen": "H. Phù Cừ", "Thuoc_tinh": "Hưng Yên", "Trong_chigioi": "", "Ngoai_baiSg": "", "layer": "HYE_KTVHXH", "path": "D:/Work/HungYen/TaiLieu/De/De Hung Yen/BD Hung Yen/HYE_KTVHXH.TAB" }, "geometry": { "type": "Point", "coordinates": [ 106.163754072644082, 20.780141416824531 ] } },
{ "type": "Feature", "properties": { "ID": "HYE330040lnung", "Ten_CT": "lnung", "Loai_CT": "", "Thuoc_huyen": "H. Khoái Châu", "Thuoc_tinh": "Hưng Yên", "Trong_chigioi": "", "Ngoai_baiSg": "", "layer": "HYE_KTVHXH", "path": "D:/Work/HungYen/TaiLieu/De/De Hung Yen/BD Hung Yen/HYE_KTVHXH.TAB" }, "geometry": { "type": "Point", "coordinates": [ 106.016297942784107, 20.812910653615528 ] } },
{ "type": "Feature", "properties": { "ID": "HYE329040ntrang", "Ten_CT": "Nghĩa trang", "Loai_CT": "", "Thuoc_huyen": "H. Ân Thi", "Thuoc_tinh": "Hưng Yên", "Trong_chigioi": "", "Ngoai_baiSg": "", "layer": "HYE_KTVHXH", "path": "D:/Work/HungYen/TaiLieu/De/De Hung Yen/BD Hung Yen/HYE_KTVHXH.TAB" }, "geometry": { "type": "Point", "coordinates": [ 106.055871051933508, 20.826035479479785 ] } },
{ "type": "Feature", "properties": { "ID": "HYE329040den", "Ten_CT": "Đền, chùa, miếu", "Loai_CT": "", "Thuoc_huyen": "H. Ân Thi", "Thuoc_tinh": "Hưng Yên", "Trong_chigioi": "", "Ngoai_baiSg": "", "layer": "HYE_KTVHXH", "path": "D:/Work/HungYen/TaiLieu/De/De Hung Yen/BD Hung Yen/HYE_KTVHXH.TAB" }, "geometry": { "type": "Point", "coordinates": [ 106.095498285573157, 20.749958229667101 ] } },
{ "type": "Feature", "properties": { "ID": "HYE329040den", "Ten_CT": "Đền, chùa, miếu", "Loai_CT": "", "Thuoc_huyen": "H. Ân Thi", "Thuoc_tinh": "Hưng Yên", "Trong_chigioi": "", "Ngoai_baiSg": "", "layer": "HYE_KTVHXH", "path": "D:/Work/HungYen/TaiLieu/De/De Hung Yen/BD Hung Yen/HYE_KTVHXH.TAB" }, "geometry": { "type": "Point", "coordinates": [ 106.043482069925503, 20.821317990942457 ] } },
{ "type": "Feature", "properties": { "ID": "HYE325040den", "Ten_CT": "Đền, chùa, miếu", "Loai_CT": "", "Thuoc_huyen": "H. Văn Lâm", "Thuoc_tinh": "Hưng Yên", "Trong_chigioi": "", "Ngoai_baiSg": "", "layer": "HYE_KTVHXH", "path": "D:/Work/HungYen/TaiLieu/De/De Hung Yen/BD Hung Yen/HYE_KTVHXH.TAB" }, "geometry": { "type": "Point", "coordinates": [ 106.010363760000857, 20.983710255696977 ] } },
{ "type": "Feature", "properties": { "ID": "HYE325040den", "Ten_CT": "Đền, chùa, miếu", "Loai_CT": "", "Thuoc_huyen": "H. Văn Lâm", "Thuoc_tinh": "Hưng Yên", "Trong_chigioi": "", "Ngoai_baiSg": "", "layer": "HYE_KTVHXH", "path": "D:/Work/HungYen/TaiLieu/De/De Hung Yen/BD Hung Yen/HYE_KTVHXH.TAB" }, "geometry": { "type": "Point", "coordinates": [ 106.016204193782045, 20.991568952024341 ] } },
{ "type": "Feature", "properties": { "ID": "HYE325040den", "Ten_CT": "Đền, chùa, miếu", "Loai_CT": "", "Thuoc_huyen": "H. Văn Lâm", "Thuoc_tinh": "Hưng Yên", "Trong_chigioi": "", "Ngoai_baiSg": "", "layer": "HYE_KTVHXH", "path": "D:/Work/HungYen/TaiLieu/De/De Hung Yen/BD Hung Yen/HYE_KTVHXH.TAB" }, "geometry": { "type": "Point", "coordinates": [ 106.006296613418911, 20.994238067058646 ] } },
{ "type": "Feature", "properties": { "ID": "HYE325040den", "Ten_CT": "Đền, chùa, miếu", "Loai_CT": "", "Thuoc_huyen": "H. Văn Lâm", "Thuoc_tinh": "Hưng Yên", "Trong_chigioi": "", "Ngoai_baiSg": "", "layer": "HYE_KTVHXH", "path": "D:/Work/HungYen/TaiLieu/De/De Hung Yen/BD Hung Yen/HYE_KTVHXH.TAB" }, "geometry": { "type": "Point", "coordinates": [ 106.037836621597009, 20.991734821229809 ] } },
{ "type": "Feature", "properties": { "ID": "HYE325040den", "Ten_CT": "Đền, chùa, miếu", "Loai_CT": "", "Thuoc_huyen": "H. Văn Lâm", "Thuoc_tinh": "Hưng Yên", "Trong_chigioi": "", "Ngoai_baiSg": "", "layer": "HYE_KTVHXH", "path": "D:/Work/HungYen/TaiLieu/De/De Hung Yen/BD Hung Yen/HYE_KTVHXH.TAB" }, "geometry": { "type": "Point", "coordinates": [ 106.050947212038594, 20.998679834247341 ] } },
{ "type": "Feature", "properties": { "ID": "HYE325040ntrang", "Ten_CT": "Nghĩa trang", "Loai_CT": "", "Thuoc_huyen": "H. Văn Lâm", "Thuoc_tinh": "Hưng Yên", "Trong_chigioi": "", "Ngoai_baiSg": "", "layer": "HYE_KTVHXH", "path": "D:/Work/HungYen/TaiLieu/De/De Hung Yen/BD Hung Yen/HYE_KTVHXH.TAB" }, "geometry": { "type": "Point", "coordinates": [ 106.058578579550044, 20.992261333936966 ] } },
{ "type": "Feature", "properties": { "ID": "HYE325040ntrang", "Ten_CT": "Nghĩa trang", "Loai_CT": "", "Thuoc_huyen": "H. Văn Lâm", "Thuoc_tinh": "Hưng Yên", "Trong_chigioi": "", "Ngoai_baiSg": "", "layer": "HYE_KTVHXH", "path": "D:/Work/HungYen/TaiLieu/De/De Hung Yen/BD Hung Yen/HYE_KTVHXH.TAB" }, "geometry": { "type": "Point", "coordinates": [ 106.056635168977948, 20.991697273509299 ] } },
{ "type": "Feature", "properties": { "ID": "HYE325040den", "Ten_CT": "Đền, chùa, miếu", "Loai_CT": "", "Thuoc_huyen": "H. Văn Lâm", "Thuoc_tinh": "Hưng Yên", "Trong_chigioi": "", "Ngoai_baiSg": "", "layer": "HYE_KTVHXH", "path": "D:/Work/HungYen/TaiLieu/De/De Hung Yen/BD Hung Yen/HYE_KTVHXH.TAB" }, "geometry": { "type": "Point", "coordinates": [ 106.049960238726527, 20.990563801242565 ] } },
{ "type": "Feature", "properties": { "ID": "HYE325040ntrang", "Ten_CT": "Nghĩa trang", "Loai_CT": "", "Thuoc_huyen": "H. Văn Lâm", "Thuoc_tinh": "Hưng Yên", "Trong_chigioi": "", "Ngoai_baiSg": "", "layer": "HYE_KTVHXH", "path": "D:/Work/HungYen/TaiLieu/De/De Hung Yen/BD Hung Yen/HYE_KTVHXH.TAB" }, "geometry": { "type": "Point", "coordinates": [ 106.048846045049856, 20.989863083043616 ] } },
{ "type": "Feature", "properties": { "ID": "HYE325040ntrang", "Ten_CT": "Nghĩa trang", "Loai_CT": "", "Thuoc_huyen": "H. Văn Lâm", "Thuoc_tinh": "Hưng Yên", "Trong_chigioi": "", "Ngoai_baiSg": "", "layer": "HYE_KTVHXH", "path": "D:/Work/HungYen/TaiLieu/De/De Hung Yen/BD Hung Yen/HYE_KTVHXH.TAB" }, "geometry": { "type": "Point", "coordinates": [ 106.049292940758789, 20.988670934800506 ] } },
{ "type": "Feature", "properties": { "ID": "HYE325040den", "Ten_CT": "Đền, chùa, miếu", "Loai_CT": "", "Thuoc_huyen": "H. Văn Lâm", "Thuoc_tinh": "Hưng Yên", "Trong_chigioi": "", "Ngoai_baiSg": "", "layer": "HYE_KTVHXH", "path": "D:/Work/HungYen/TaiLieu/De/De Hung Yen/BD Hung Yen/HYE_KTVHXH.TAB" }, "geometry": { "type": "Point", "coordinates": [ 106.079935078773616, 20.993624964298746 ] } },
{ "type": "Feature", "properties": { "ID": "HYE325040den", "Ten_CT": "Đền, chùa, miếu", "Loai_CT": "", "Thuoc_huyen": "H. Văn Lâm", "Thuoc_tinh": "Hưng Yên", "Trong_chigioi": "", "Ngoai_baiSg": "", "layer": "HYE_KTVHXH", "path": "D:/Work/HungYen/TaiLieu/De/De Hung Yen/BD Hung Yen/HYE_KTVHXH.TAB" }, "geometry": { "type": "Point", "coordinates": [ 106.083524703161203, 20.99325297874789 ] } },
{ "type": "Feature", "properties": { "ID": "HYE325040bia", "Ten_CT": "Bia tưởng niệm", "Loai_CT": "", "Thuoc_huyen": "H. Văn Lâm", "Thuoc_tinh": "Hưng Yên", "Trong_chigioi": "", "Ngoai_baiSg": "", "layer": "HYE_KTVHXH", "path": "D:/Work/HungYen/TaiLieu/De/De Hung Yen/BD Hung Yen/HYE_KTVHXH.TAB" }, "geometry": { "type": "Point", "coordinates": [ 106.089848114819901, 20.988139156073153 ] } },
{ "type": "Feature", "properties": { "ID": "HYE325040den", "Ten_CT": "Đền, chùa, miếu", "Loai_CT": "", "Thuoc_huyen": "H. Văn Lâm", "Thuoc_tinh": "Hưng Yên", "Trong_chigioi": "", "Ngoai_baiSg": "", "layer": "HYE_KTVHXH", "path": "D:/Work/HungYen/TaiLieu/De/De Hung Yen/BD Hung Yen/HYE_KTVHXH.TAB" }, "geometry": { "type": "Point", "coordinates": [ 106.094803991291229, 20.979464582188438 ] } },
{ "type": "Feature", "properties": { "ID": "HYE325040den", "Ten_CT": "Đền, chùa, miếu", "Loai_CT": "", "Thuoc_huyen": "H. Văn Lâm", "Thuoc_tinh": "Hưng Yên", "Trong_chigioi": "", "Ngoai_baiSg": "", "layer": "HYE_KTVHXH", "path": "D:/Work/HungYen/TaiLieu/De/De Hung Yen/BD Hung Yen/HYE_KTVHXH.TAB" }, "geometry": { "type": "Point", "coordinates": [ 106.104678991771721, 20.99564469827984 ] } },
{ "type": "Feature", "properties": { "ID": "HYE325040den", "Ten_CT": "Đền, chùa, miếu", "Loai_CT": "", "Thuoc_huyen": "H. Văn Lâm", "Thuoc_tinh": "Hưng Yên", "Trong_chigioi": "", "Ngoai_baiSg": "", "layer": "HYE_KTVHXH", "path": "D:/Work/HungYen/TaiLieu/De/De Hung Yen/BD Hung Yen/HYE_KTVHXH.TAB" }, "geometry": { "type": "Point", "coordinates": [ 106.098261585239513, 20.996308865882892 ] } },
{ "type": "Feature", "properties": { "ID": "HYE328040den", "Ten_CT": "Đền, chùa, miếu", "Loai_CT": "", "Thuoc_huyen": "H. Mỹ Hào", "Thuoc_tinh": "Hưng Yên", "Trong_chigioi": "", "Ngoai_baiSg": "", "layer": "HYE_KTVHXH", "path": "D:/Work/HungYen/TaiLieu/De/De Hung Yen/BD Hung Yen/HYE_KTVHXH.TAB" }, "geometry": { "type": "Point", "coordinates": [ 106.137287749385607, 20.91062695498945 ] } },
{ "type": "Feature", "properties": { "ID": "HYE328040den", "Ten_CT": "Đền, chùa, miếu", "Loai_CT": "", "Thuoc_huyen": "H. Mỹ Hào", "Thuoc_tinh": "Hưng Yên", "Trong_chigioi": "", "Ngoai_baiSg": "", "layer": "HYE_KTVHXH", "path": "D:/Work/HungYen/TaiLieu/De/De Hung Yen/BD Hung Yen/HYE_KTVHXH.TAB" }, "geometry": { "type": "Point", "coordinates": [ 106.136935691188611, 20.923255327189143 ] } },
{ "type": "Feature", "properties": { "ID": "HYE328040den", "Ten_CT": "Đền, chùa, miếu", "Loai_CT": "", "Thuoc_huyen": "H. Mỹ Hào", "Thuoc_tinh": "Hưng Yên", "Trong_chigioi": "", "Ngoai_baiSg": "", "layer": "HYE_KTVHXH", "path": "D:/Work/HungYen/TaiLieu/De/De Hung Yen/BD Hung Yen/HYE_KTVHXH.TAB" }, "geometry": { "type": "Point", "coordinates": [ 106.084394491660703, 20.970075777314545 ] } },
{ "type": "Feature", "properties": { "ID": "HYE328040ntrang", "Ten_CT": "Nghĩa trang", "Loai_CT": "", "Thuoc_huyen": "H. Mỹ Hào", "Thuoc_tinh": "Hưng Yên", "Trong_chigioi": "", "Ngoai_baiSg": "", "layer": "HYE_KTVHXH", "path": "D:/Work/HungYen/TaiLieu/De/De Hung Yen/BD Hung Yen/HYE_KTVHXH.TAB" }, "geometry": { "type": "Point", "coordinates": [ 106.080694138525431, 20.964010945328017 ] } },
{ "type": "Feature", "properties": { "ID": "HYE328040ntrang", "Ten_CT": "Nghĩa trang", "Loai_CT": "", "Thuoc_huyen": "H. Mỹ Hào", "Thuoc_tinh": "Hưng Yên", "Trong_chigioi": "", "Ngoai_baiSg": "", "layer": "HYE_KTVHXH", "path": "D:/Work/HungYen/TaiLieu/De/De Hung Yen/BD Hung Yen/HYE_KTVHXH.TAB" }, "geometry": { "type": "Point", "coordinates": [ 106.078376980412216, 20.96436079858174 ] } },
{ "type": "Feature", "properties": { "ID": "HYE328040den", "Ten_CT": "Đền, chùa, miếu", "Loai_CT": "", "Thuoc_huyen": "H. Mỹ Hào", "Thuoc_tinh": "Hưng Yên", "Trong_chigioi": "", "Ngoai_baiSg": "", "layer": "HYE_KTVHXH", "path": "D:/Work/HungYen/TaiLieu/De/De Hung Yen/BD Hung Yen/HYE_KTVHXH.TAB" }, "geometry": { "type": "Point", "coordinates": [ 106.082478397252132, 20.962788191419783 ] } },
{ "type": "Feature", "properties": { "ID": "HYE328040ntrang", "Ten_CT": "Nghĩa trang", "Loai_CT": "", "Thuoc_huyen": "H. Mỹ Hào", "Thuoc_tinh": "Hưng Yên", "Trong_chigioi": "", "Ngoai_baiSg": "", "layer": "HYE_KTVHXH", "path": "D:/Work/HungYen/TaiLieu/De/De Hung Yen/BD Hung Yen/HYE_KTVHXH.TAB" }, "geometry": { "type": "Point", "coordinates": [ 106.087436667572803, 20.956446689735067 ] } },
{ "type": "Feature", "properties": { "ID": "HYE328040lnung", "Ten_CT": "lnung", "Loai_CT": "", "Thuoc_huyen": "H. Mỹ Hào", "Thuoc_tinh": "Hưng Yên", "Trong_chigioi": "", "Ngoai_baiSg": "", "layer": "HYE_KTVHXH", "path": "D:/Work/HungYen/TaiLieu/De/De Hung Yen/BD Hung Yen/HYE_KTVHXH.TAB" }, "geometry": { "type": "Point", "coordinates": [ 106.076036869036727, 20.946385904828116 ] } },
{ "type": "Feature", "properties": { "ID": "HYE328040den", "Ten_CT": "Đền, chùa, miếu", "Loai_CT": "", "Thuoc_huyen": "H. Mỹ Hào", "Thuoc_tinh": "Hưng Yên", "Trong_chigioi": "", "Ngoai_baiSg": "", "layer": "HYE_KTVHXH", "path": "D:/Work/HungYen/TaiLieu/De/De Hung Yen/BD Hung Yen/HYE_KTVHXH.TAB" }, "geometry": { "type": "Point", "coordinates": [ 106.069979325730586, 20.941973508819135 ] } },
{ "type": "Feature", "properties": { "ID": "HYE328040den", "Ten_CT": "Đền, chùa, miếu", "Loai_CT": "", "Thuoc_huyen": "H. Mỹ Hào", "Thuoc_tinh": "Hưng Yên", "Trong_chigioi": "", "Ngoai_baiSg": "", "layer": "HYE_KTVHXH", "path": "D:/Work/HungYen/TaiLieu/De/De Hung Yen/BD Hung Yen/HYE_KTVHXH.TAB" }, "geometry": { "type": "Point", "coordinates": [ 106.082956123107678, 20.929992286655327 ] } },
{ "type": "Feature", "properties": { "ID": "HYE328040ntrang", "Ten_CT": "Nghĩa trang", "Loai_CT": "", "Thuoc_huyen": "H. Mỹ Hào", "Thuoc_tinh": "Hưng Yên", "Trong_chigioi": "", "Ngoai_baiSg": "", "layer": "HYE_KTVHXH", "path": "D:/Work/HungYen/TaiLieu/De/De Hung Yen/BD Hung Yen/HYE_KTVHXH.TAB" }, "geometry": { "type": "Point", "coordinates": [ 106.081530087232608, 20.928672621624496 ] } },
{ "type": "Feature", "properties": { "ID": "HYE328040ntrang", "Ten_CT": "Nghĩa trang", "Loai_CT": "", "Thuoc_huyen": "H. Mỹ Hào", "Thuoc_tinh": "Hưng Yên", "Trong_chigioi": "", "Ngoai_baiSg": "", "layer": "HYE_KTVHXH", "path": "D:/Work/HungYen/TaiLieu/De/De Hung Yen/BD Hung Yen/HYE_KTVHXH.TAB" }, "geometry": { "type": "Point", "coordinates": [ 106.08037892973897, 20.928456487403981 ] } },
{ "type": "Feature", "properties": { "ID": "HYE328040den", "Ten_CT": "Đền, chùa, miếu", "Loai_CT": "", "Thuoc_huyen": "H. Mỹ Hào", "Thuoc_tinh": "Hưng Yên", "Trong_chigioi": "", "Ngoai_baiSg": "", "layer": "HYE_KTVHXH", "path": "D:/Work/HungYen/TaiLieu/De/De Hung Yen/BD Hung Yen/HYE_KTVHXH.TAB" }, "geometry": { "type": "Point", "coordinates": [ 106.096783151498329, 20.922092154816184 ] } },
{ "type": "Feature", "properties": { "ID": "HYE328040den", "Ten_CT": "Đền, chùa, miếu", "Loai_CT": "", "Thuoc_huyen": "H. Mỹ Hào", "Thuoc_tinh": "Hưng Yên", "Trong_chigioi": "", "Ngoai_baiSg": "", "layer": "HYE_KTVHXH", "path": "D:/Work/HungYen/TaiLieu/De/De Hung Yen/BD Hung Yen/HYE_KTVHXH.TAB" }, "geometry": { "type": "Point", "coordinates": [ 106.106842677666194, 20.918191206945416 ] } },
{ "type": "Feature", "properties": { "ID": "HYE328040lnung", "Ten_CT": "lnung", "Loai_CT": "", "Thuoc_huyen": "H. Mỹ Hào", "Thuoc_tinh": "Hưng Yên", "Trong_chigioi": "", "Ngoai_baiSg": "", "layer": "HYE_KTVHXH", "path": "D:/Work/HungYen/TaiLieu/De/De Hung Yen/BD Hung Yen/HYE_KTVHXH.TAB" }, "geometry": { "type": "Point", "coordinates": [ 106.082504208840561, 20.933291214104514 ] } },
{ "type": "Feature", "properties": { "ID": "HYE328040den", "Ten_CT": "Đền, chùa, miếu", "Loai_CT": "", "Thuoc_huyen": "H. Mỹ Hào", "Thuoc_tinh": "Hưng Yên", "Trong_chigioi": "", "Ngoai_baiSg": "", "layer": "HYE_KTVHXH", "path": "D:/Work/HungYen/TaiLieu/De/De Hung Yen/BD Hung Yen/HYE_KTVHXH.TAB" }, "geometry": { "type": "Point", "coordinates": [ 106.094432092439064, 20.934043787511893 ] } },
{ "type": "Feature", "properties": { "ID": "HYE328040den", "Ten_CT": "Đền, chùa, miếu", "Loai_CT": "", "Thuoc_huyen": "H. Mỹ Hào", "Thuoc_tinh": "Hưng Yên", "Trong_chigioi": "", "Ngoai_baiSg": "", "layer": "HYE_KTVHXH", "path": "D:/Work/HungYen/TaiLieu/De/De Hung Yen/BD Hung Yen/HYE_KTVHXH.TAB" }, "geometry": { "type": "Point", "coordinates": [ 106.130168440120642, 20.924313826111042 ] } },
{ "type": "Feature", "properties": { "ID": "HYE329040den", "Ten_CT": "Đền, chùa, miếu", "Loai_CT": "", "Thuoc_huyen": "H. Ân Thi", "Thuoc_tinh": "Hưng Yên", "Trong_chigioi": "", "Ngoai_baiSg": "", "layer": "HYE_KTVHXH", "path": "D:/Work/HungYen/TaiLieu/De/De Hung Yen/BD Hung Yen/HYE_KTVHXH.TAB" }, "geometry": { "type": "Point", "coordinates": [ 106.129852561953328, 20.862761821135937 ] } },
{ "type": "Feature", "properties": { "ID": "HYE325040den", "Ten_CT": "Đền, chùa, miếu", "Loai_CT": "", "Thuoc_huyen": "H. Văn Lâm", "Thuoc_tinh": "Hưng Yên", "Trong_chigioi": "", "Ngoai_baiSg": "", "layer": "HYE_KTVHXH", "path": "D:/Work/HungYen/TaiLieu/De/De Hung Yen/BD Hung Yen/HYE_KTVHXH.TAB" }, "geometry": { "type": "Point", "coordinates": [ 106.125974213563737, 20.973882637185341 ] } },
{ "type": "Feature", "properties": { "ID": "HYE325040bia", "Ten_CT": "Bia tưởng niệm", "Loai_CT": "", "Thuoc_huyen": "H. Văn Lâm", "Thuoc_tinh": "Hưng Yên", "Trong_chigioi": "", "Ngoai_baiSg": "", "layer": "HYE_KTVHXH", "path": "D:/Work/HungYen/TaiLieu/De/De Hung Yen/BD Hung Yen/HYE_KTVHXH.TAB" }, "geometry": { "type": "Point", "coordinates": [ 106.116893852851234, 20.972380077886527 ] } },
{ "type": "Feature", "properties": { "ID": "HYE325040den", "Ten_CT": "Đền, chùa, miếu", "Loai_CT": "", "Thuoc_huyen": "H. Văn Lâm", "Thuoc_tinh": "Hưng Yên", "Trong_chigioi": "", "Ngoai_baiSg": "", "layer": "HYE_KTVHXH", "path": "D:/Work/HungYen/TaiLieu/De/De Hung Yen/BD Hung Yen/HYE_KTVHXH.TAB" }, "geometry": { "type": "Point", "coordinates": [ 106.116914126468217, 20.969321441327146 ] } },
{ "type": "Feature", "properties": { "ID": "HYE325040den", "Ten_CT": "Đền, chùa, miếu", "Loai_CT": "", "Thuoc_huyen": "H. Văn Lâm", "Thuoc_tinh": "Hưng Yên", "Trong_chigioi": "", "Ngoai_baiSg": "", "layer": "HYE_KTVHXH", "path": "D:/Work/HungYen/TaiLieu/De/De Hung Yen/BD Hung Yen/HYE_KTVHXH.TAB" }, "geometry": { "type": "Point", "coordinates": [ 106.050875635061999, 20.966480852104986 ] } },
{ "type": "Feature", "properties": { "ID": "HYE325040den", "Ten_CT": "Đền, chùa, miếu", "Loai_CT": "", "Thuoc_huyen": "H. Văn Lâm", "Thuoc_tinh": "Hưng Yên", "Trong_chigioi": "", "Ngoai_baiSg": "", "layer": "HYE_KTVHXH", "path": "D:/Work/HungYen/TaiLieu/De/De Hung Yen/BD Hung Yen/HYE_KTVHXH.TAB" }, "geometry": { "type": "Point", "coordinates": [ 106.035009732794791, 20.97280121572992 ] } },
{ "type": "Feature", "properties": { "ID": "HYE325040ntrang", "Ten_CT": "Nghĩa trang", "Loai_CT": "", "Thuoc_huyen": "H. Văn Lâm", "Thuoc_tinh": "Hưng Yên", "Trong_chigioi": "", "Ngoai_baiSg": "", "layer": "HYE_KTVHXH", "path": "D:/Work/HungYen/TaiLieu/De/De Hung Yen/BD Hung Yen/HYE_KTVHXH.TAB" }, "geometry": { "type": "Point", "coordinates": [ 106.041010066635877, 20.971852628310202 ] } },
{ "type": "Feature", "properties": { "ID": "HYE325040ntrang", "Ten_CT": "Nghĩa trang", "Loai_CT": "", "Thuoc_huyen": "H. Văn Lâm", "Thuoc_tinh": "Hưng Yên", "Trong_chigioi": "", "Ngoai_baiSg": "", "layer": "HYE_KTVHXH", "path": "D:/Work/HungYen/TaiLieu/De/De Hung Yen/BD Hung Yen/HYE_KTVHXH.TAB" }, "geometry": { "type": "Point", "coordinates": [ 106.042113424724988, 20.970765170874937 ] } },
{ "type": "Feature", "properties": { "ID": "HYE325040ntrang", "Ten_CT": "Nghĩa trang", "Loai_CT": "", "Thuoc_huyen": "H. Văn Lâm", "Thuoc_tinh": "Hưng Yên", "Trong_chigioi": "", "Ngoai_baiSg": "", "layer": "HYE_KTVHXH", "path": "D:/Work/HungYen/TaiLieu/De/De Hung Yen/BD Hung Yen/HYE_KTVHXH.TAB" }, "geometry": { "type": "Point", "coordinates": [ 106.04359733354589, 20.97019703237217 ] } },
{ "type": "Feature", "properties": { "ID": "HYE325040den", "Ten_CT": "Đền, chùa, miếu", "Loai_CT": "", "Thuoc_huyen": "H. Văn Lâm", "Thuoc_tinh": "Hưng Yên", "Trong_chigioi": "", "Ngoai_baiSg": "", "layer": "HYE_KTVHXH", "path": "D:/Work/HungYen/TaiLieu/De/De Hung Yen/BD Hung Yen/HYE_KTVHXH.TAB" }, "geometry": { "type": "Point", "coordinates": [ 106.010591238945338, 20.973133974894907 ] } },
{ "type": "Feature", "properties": { "ID": "HYE325040den", "Ten_CT": "Đền, chùa, miếu", "Loai_CT": "", "Thuoc_huyen": "H. Văn Lâm", "Thuoc_tinh": "Hưng Yên", "Trong_chigioi": "", "Ngoai_baiSg": "", "layer": "HYE_KTVHXH", "path": "D:/Work/HungYen/TaiLieu/De/De Hung Yen/BD Hung Yen/HYE_KTVHXH.TAB" }, "geometry": { "type": "Point", "coordinates": [ 106.003365089961548, 20.972375482515552 ] } },
{ "type": "Feature", "properties": { "ID": "HYE325040thoc", "Ten_CT": "Trường học", "Loai_CT": "", "Thuoc_huyen": "H. Văn Lâm", "Thuoc_tinh": "Hưng Yên", "Trong_chigioi": "", "Ngoai_baiSg": "", "layer": "HYE_KTVHXH", "path": "D:/Work/HungYen/TaiLieu/De/De Hung Yen/BD Hung Yen/HYE_KTVHXH.TAB" }, "geometry": { "type": "Point", "coordinates": [ 106.000895431557439, 20.973899332824157 ] } },
{ "type": "Feature", "properties": { "ID": "HYE325040den", "Ten_CT": "Đền, chùa, miếu", "Loai_CT": "", "Thuoc_huyen": "H. Văn Lâm", "Thuoc_tinh": "Hưng Yên", "Trong_chigioi": "", "Ngoai_baiSg": "", "layer": "HYE_KTVHXH", "path": "D:/Work/HungYen/TaiLieu/De/De Hung Yen/BD Hung Yen/HYE_KTVHXH.TAB" }, "geometry": { "type": "Point", "coordinates": [ 106.016971764227932, 20.960314020827816 ] } },
{ "type": "Feature", "properties": { "ID": "HYE325040den", "Ten_CT": "Đền, chùa, miếu", "Loai_CT": "", "Thuoc_huyen": "H. Văn Lâm", "Thuoc_tinh": "Hưng Yên", "Trong_chigioi": "", "Ngoai_baiSg": "", "layer": "HYE_KTVHXH", "path": "D:/Work/HungYen/TaiLieu/De/De Hung Yen/BD Hung Yen/HYE_KTVHXH.TAB" }, "geometry": { "type": "Point", "coordinates": [ 106.012456096264927, 20.958403056851083 ] } },
{ "type": "Feature", "properties": { "ID": "HYE325040den", "Ten_CT": "Đền, chùa, miếu", "Loai_CT": "", "Thuoc_huyen": "H. Văn Lâm", "Thuoc_tinh": "Hưng Yên", "Trong_chigioi": "", "Ngoai_baiSg": "", "layer": "HYE_KTVHXH", "path": "D:/Work/HungYen/TaiLieu/De/De Hung Yen/BD Hung Yen/HYE_KTVHXH.TAB" }, "geometry": { "type": "Point", "coordinates": [ 106.004316139078654, 20.954370603634928 ] } },
{ "type": "Feature", "properties": { "ID": "HYE326040den", "Ten_CT": "Đền, chùa, miếu", "Loai_CT": "", "Thuoc_huyen": "H. Văn Giang", "Thuoc_tinh": "Hưng Yên", "Trong_chigioi": "", "Ngoai_baiSg": "", "layer": "HYE_KTVHXH", "path": "D:/Work/HungYen/TaiLieu/De/De Hung Yen/BD Hung Yen/HYE_KTVHXH.TAB" }, "geometry": { "type": "Point", "coordinates": [ 106.002625572699557, 20.944766041052578 ] } },
{ "type": "Feature", "properties": { "ID": "HYE326040den", "Ten_CT": "Đền, chùa, miếu", "Loai_CT": "", "Thuoc_huyen": "H. Văn Giang", "Thuoc_tinh": "Hưng Yên", "Trong_chigioi": "", "Ngoai_baiSg": "", "layer": "HYE_KTVHXH", "path": "D:/Work/HungYen/TaiLieu/De/De Hung Yen/BD Hung Yen/HYE_KTVHXH.TAB" }, "geometry": { "type": "Point", "coordinates": [ 106.012106250482745, 20.9329341978755 ] } },
{ "type": "Feature", "properties": { "ID": "HYE326040den", "Ten_CT": "Đền, chùa, miếu", "Loai_CT": "", "Thuoc_huyen": "H. Văn Giang", "Thuoc_tinh": "Hưng Yên", "Trong_chigioi": "", "Ngoai_baiSg": "", "layer": "HYE_KTVHXH", "path": "D:/Work/HungYen/TaiLieu/De/De Hung Yen/BD Hung Yen/HYE_KTVHXH.TAB" }, "geometry": { "type": "Point", "coordinates": [ 106.004480745352453, 20.931469912178134 ] } },
{ "type": "Feature", "properties": { "ID": "HYE327040lnung", "Ten_CT": "lnung", "Loai_CT": "", "Thuoc_huyen": "H. Yên  Mỹ", "Thuoc_tinh": "Hưng Yên", "Trong_chigioi": "", "Ngoai_baiSg": "", "layer": "HYE_KTVHXH", "path": "D:/Work/HungYen/TaiLieu/De/De Hung Yen/BD Hung Yen/HYE_KTVHXH.TAB" }, "geometry": { "type": "Point", "coordinates": [ 106.008294327820252, 20.914547514761832 ] } },
{ "type": "Feature", "properties": { "ID": "HYE327040den", "Ten_CT": "Đền, chùa, miếu", "Loai_CT": "", "Thuoc_huyen": "H. Yên  Mỹ", "Thuoc_tinh": "Hưng Yên", "Trong_chigioi": "", "Ngoai_baiSg": "", "layer": "HYE_KTVHXH", "path": "D:/Work/HungYen/TaiLieu/De/De Hung Yen/BD Hung Yen/HYE_KTVHXH.TAB" }, "geometry": { "type": "Point", "coordinates": [ 106.009100946443866, 20.904685901280267 ] } },
{ "type": "Feature", "properties": { "ID": "HYE327040den", "Ten_CT": "Đền, chùa, miếu", "Loai_CT": "", "Thuoc_huyen": "H. Yên  Mỹ", "Thuoc_tinh": "Hưng Yên", "Trong_chigioi": "", "Ngoai_baiSg": "", "layer": "HYE_KTVHXH", "path": "D:/Work/HungYen/TaiLieu/De/De Hung Yen/BD Hung Yen/HYE_KTVHXH.TAB" }, "geometry": { "type": "Point", "coordinates": [ 106.004750619046703, 20.906500319287463 ] } },
{ "type": "Feature", "properties": { "ID": "HYE327040ntrang", "Ten_CT": "Nghĩa trang", "Loai_CT": "", "Thuoc_huyen": "H. Yên  Mỹ", "Thuoc_tinh": "Hưng Yên", "Trong_chigioi": "", "Ngoai_baiSg": "", "layer": "HYE_KTVHXH", "path": "D:/Work/HungYen/TaiLieu/De/De Hung Yen/BD Hung Yen/HYE_KTVHXH.TAB" }, "geometry": { "type": "Point", "coordinates": [ 106.019367592568472, 20.885454801972177 ] } },
{ "type": "Feature", "properties": { "ID": "HYE327040lnung", "Ten_CT": "lnung", "Loai_CT": "", "Thuoc_huyen": "H. Yên  Mỹ", "Thuoc_tinh": "Hưng Yên", "Trong_chigioi": "", "Ngoai_baiSg": "", "layer": "HYE_KTVHXH", "path": "D:/Work/HungYen/TaiLieu/De/De Hung Yen/BD Hung Yen/HYE_KTVHXH.TAB" }, "geometry": { "type": "Point", "coordinates": [ 106.024329909730071, 20.875490872915471 ] } },
{ "type": "Feature", "properties": { "ID": "HYE327040ntrang", "Ten_CT": "Nghĩa trang", "Loai_CT": "", "Thuoc_huyen": "H. Yên  Mỹ", "Thuoc_tinh": "Hưng Yên", "Trong_chigioi": "", "Ngoai_baiSg": "", "layer": "HYE_KTVHXH", "path": "D:/Work/HungYen/TaiLieu/De/De Hung Yen/BD Hung Yen/HYE_KTVHXH.TAB" }, "geometry": { "type": "Point", "coordinates": [ 106.046276286603941, 20.892528111069222 ] } },
{ "type": "Feature", "properties": { "ID": "HYE327040den", "Ten_CT": "Đền, chùa, miếu", "Loai_CT": "", "Thuoc_huyen": "H. Yên  Mỹ", "Thuoc_tinh": "Hưng Yên", "Trong_chigioi": "", "Ngoai_baiSg": "", "layer": "HYE_KTVHXH", "path": "D:/Work/HungYen/TaiLieu/De/De Hung Yen/BD Hung Yen/HYE_KTVHXH.TAB" }, "geometry": { "type": "Point", "coordinates": [ 106.045584745462733, 20.903003927245813 ] } },
{ "type": "Feature", "properties": { "ID": "HYE327040den", "Ten_CT": "Đền, chùa, miếu", "Loai_CT": "", "Thuoc_huyen": "H. Yên  Mỹ", "Thuoc_tinh": "Hưng Yên", "Trong_chigioi": "", "Ngoai_baiSg": "", "layer": "HYE_KTVHXH", "path": "D:/Work/HungYen/TaiLieu/De/De Hung Yen/BD Hung Yen/HYE_KTVHXH.TAB" }, "geometry": { "type": "Point", "coordinates": [ 106.052068246717539, 20.925677288695404 ] } },
{ "type": "Feature", "properties": { "ID": "HYE327040den", "Ten_CT": "Đền, chùa, miếu", "Loai_CT": "", "Thuoc_huyen": "H. Yên  Mỹ", "Thuoc_tinh": "Hưng Yên", "Trong_chigioi": "", "Ngoai_baiSg": "", "layer": "HYE_KTVHXH", "path": "D:/Work/HungYen/TaiLieu/De/De Hung Yen/BD Hung Yen/HYE_KTVHXH.TAB" }, "geometry": { "type": "Point", "coordinates": [ 106.055059927194009, 20.919584606599383 ] } },
{ "type": "Feature", "properties": { "ID": "HYE327040den", "Ten_CT": "Đền, chùa, miếu", "Loai_CT": "", "Thuoc_huyen": "H. Yên  Mỹ", "Thuoc_tinh": "Hưng Yên", "Trong_chigioi": "", "Ngoai_baiSg": "", "layer": "HYE_KTVHXH", "path": "D:/Work/HungYen/TaiLieu/De/De Hung Yen/BD Hung Yen/HYE_KTVHXH.TAB" }, "geometry": { "type": "Point", "coordinates": [ 106.047816243091859, 20.924529663342312 ] } },
{ "type": "Feature", "properties": { "ID": "HYE327040den", "Ten_CT": "Đền, chùa, miếu", "Loai_CT": "", "Thuoc_huyen": "H. Yên  Mỹ", "Thuoc_tinh": "Hưng Yên", "Trong_chigioi": "", "Ngoai_baiSg": "", "layer": "HYE_KTVHXH", "path": "D:/Work/HungYen/TaiLieu/De/De Hung Yen/BD Hung Yen/HYE_KTVHXH.TAB" }, "geometry": { "type": "Point", "coordinates": [ 106.04941427104896, 20.920476506387338 ] } },
{ "type": "Feature", "properties": { "ID": "HYE327040den", "Ten_CT": "Đền, chùa, miếu", "Loai_CT": "", "Thuoc_huyen": "H. Yên  Mỹ", "Thuoc_tinh": "Hưng Yên", "Trong_chigioi": "", "Ngoai_baiSg": "", "layer": "HYE_KTVHXH", "path": "D:/Work/HungYen/TaiLieu/De/De Hung Yen/BD Hung Yen/HYE_KTVHXH.TAB" }, "geometry": { "type": "Point", "coordinates": [ 106.039565261463238, 20.934520609386553 ] } },
{ "type": "Feature", "properties": { "ID": "HYE328040bia", "Ten_CT": "Bia tưởng niệm", "Loai_CT": "", "Thuoc_huyen": "H. Mỹ Hào", "Thuoc_tinh": "Hưng Yên", "Trong_chigioi": "", "Ngoai_baiSg": "", "layer": "HYE_KTVHXH", "path": "D:/Work/HungYen/TaiLieu/De/De Hung Yen/BD Hung Yen/HYE_KTVHXH.TAB" }, "geometry": { "type": "Point", "coordinates": [ 106.058614452363528, 20.934467118175668 ] } },
{ "type": "Feature", "properties": { "ID": "HYE328040bvien", "Ten_CT": "Bệnh viện, trạm xá", "Loai_CT": "", "Thuoc_huyen": "H. Mỹ Hào", "Thuoc_tinh": "Hưng Yên", "Trong_chigioi": "", "Ngoai_baiSg": "", "layer": "HYE_KTVHXH", "path": "D:/Work/HungYen/TaiLieu/De/De Hung Yen/BD Hung Yen/HYE_KTVHXH.TAB" }, "geometry": { "type": "Point", "coordinates": [ 106.043475547799773, 20.939182899051772 ] } },
{ "type": "Feature", "properties": { "ID": "HYE328040thoc", "Ten_CT": "Trường học", "Loai_CT": "", "Thuoc_huyen": "H. Mỹ Hào", "Thuoc_tinh": "Hưng Yên", "Trong_chigioi": "", "Ngoai_baiSg": "", "layer": "HYE_KTVHXH", "path": "D:/Work/HungYen/TaiLieu/De/De Hung Yen/BD Hung Yen/HYE_KTVHXH.TAB" }, "geometry": { "type": "Point", "coordinates": [ 106.04438670001116, 20.939009642814337 ] } },
{ "type": "Feature", "properties": { "ID": "HYE328040thoc", "Ten_CT": "Trường học", "Loai_CT": "", "Thuoc_huyen": "H. Mỹ Hào", "Thuoc_tinh": "Hưng Yên", "Trong_chigioi": "", "Ngoai_baiSg": "", "layer": "HYE_KTVHXH", "path": "D:/Work/HungYen/TaiLieu/De/De Hung Yen/BD Hung Yen/HYE_KTVHXH.TAB" }, "geometry": { "type": "Point", "coordinates": [ 106.041264172491069, 20.944944485845014 ] } },
{ "type": "Feature", "properties": { "ID": "HYE327040den", "Ten_CT": "Đền, chùa, miếu", "Loai_CT": "", "Thuoc_huyen": "H. Yên  Mỹ", "Thuoc_tinh": "Hưng Yên", "Trong_chigioi": "", "Ngoai_baiSg": "", "layer": "HYE_KTVHXH", "path": "D:/Work/HungYen/TaiLieu/De/De Hung Yen/BD Hung Yen/HYE_KTVHXH.TAB" }, "geometry": { "type": "Point", "coordinates": [ 106.028911287292487, 20.936783838009205 ] } },
{ "type": "Feature", "properties": { "ID": "HYE327040den", "Ten_CT": "Đền, chùa, miếu", "Loai_CT": "", "Thuoc_huyen": "H. Yên  Mỹ", "Thuoc_tinh": "Hưng Yên", "Trong_chigioi": "", "Ngoai_baiSg": "", "layer": "HYE_KTVHXH", "path": "D:/Work/HungYen/TaiLieu/De/De Hung Yen/BD Hung Yen/HYE_KTVHXH.TAB" }, "geometry": { "type": "Point", "coordinates": [ 106.029288744185692, 20.913410949997012 ] } },
{ "type": "Feature", "properties": { "ID": "HYE327040den", "Ten_CT": "Đền, chùa, miếu", "Loai_CT": "", "Thuoc_huyen": "H. Yên  Mỹ", "Thuoc_tinh": "Hưng Yên", "Trong_chigioi": "", "Ngoai_baiSg": "", "layer": "HYE_KTVHXH", "path": "D:/Work/HungYen/TaiLieu/De/De Hung Yen/BD Hung Yen/HYE_KTVHXH.TAB" }, "geometry": { "type": "Point", "coordinates": [ 106.008203875429103, 20.868338291004555 ] } },
{ "type": "Feature", "properties": { "ID": "HYE327040bia", "Ten_CT": "Bia tưởng niệm", "Loai_CT": "", "Thuoc_huyen": "H. Yên  Mỹ", "Thuoc_tinh": "Hưng Yên", "Trong_chigioi": "", "Ngoai_baiSg": "", "layer": "HYE_KTVHXH", "path": "D:/Work/HungYen/TaiLieu/De/De Hung Yen/BD Hung Yen/HYE_KTVHXH.TAB" }, "geometry": { "type": "Point", "coordinates": [ 106.02116535347119, 20.865816275042057 ] } },
{ "type": "Feature", "properties": { "ID": "HYE327040lnung", "Ten_CT": "lnung", "Loai_CT": "", "Thuoc_huyen": "H. Yên  Mỹ", "Thuoc_tinh": "Hưng Yên", "Trong_chigioi": "", "Ngoai_baiSg": "", "layer": "HYE_KTVHXH", "path": "D:/Work/HungYen/TaiLieu/De/De Hung Yen/BD Hung Yen/HYE_KTVHXH.TAB" }, "geometry": { "type": "Point", "coordinates": [ 106.022324997380494, 20.866316921132732 ] } },
{ "type": "Feature", "properties": { "ID": "HYE327040bia", "Ten_CT": "Bia tưởng niệm", "Loai_CT": "", "Thuoc_huyen": "H. Yên  Mỹ", "Thuoc_tinh": "Hưng Yên", "Trong_chigioi": "", "Ngoai_baiSg": "", "layer": "HYE_KTVHXH", "path": "D:/Work/HungYen/TaiLieu/De/De Hung Yen/BD Hung Yen/HYE_KTVHXH.TAB" }, "geometry": { "type": "Point", "coordinates": [ 106.029329532714826, 20.869460654247025 ] } },
{ "type": "Feature", "properties": { "ID": "HYE327040Lô cốt", "Ten_CT": "Lô cốt", "Loai_CT": "", "Thuoc_huyen": "H. Yên  Mỹ", "Thuoc_tinh": "Hưng Yên", "Trong_chigioi": "", "Ngoai_baiSg": "", "layer": "HYE_KTVHXH", "path": "D:/Work/HungYen/TaiLieu/De/De Hung Yen/BD Hung Yen/HYE_KTVHXH.TAB" }, "geometry": { "type": "Point", "coordinates": [ 106.025975943110467, 20.867606999581572 ] } },
{ "type": "Feature", "properties": { "ID": "HYE327040lnung", "Ten_CT": "lnung", "Loai_CT": "", "Thuoc_huyen": "H. Yên  Mỹ", "Thuoc_tinh": "Hưng Yên", "Trong_chigioi": "", "Ngoai_baiSg": "", "layer": "HYE_KTVHXH", "path": "D:/Work/HungYen/TaiLieu/De/De Hung Yen/BD Hung Yen/HYE_KTVHXH.TAB" }, "geometry": { "type": "Point", "coordinates": [ 106.024840462250822, 20.871835809900869 ] } },
{ "type": "Feature", "properties": { "ID": "HYE327040den", "Ten_CT": "Đền, chùa, miếu", "Loai_CT": "", "Thuoc_huyen": "H. Yên  Mỹ", "Thuoc_tinh": "Hưng Yên", "Trong_chigioi": "", "Ngoai_baiSg": "", "layer": "HYE_KTVHXH", "path": "D:/Work/HungYen/TaiLieu/De/De Hung Yen/BD Hung Yen/HYE_KTVHXH.TAB" }, "geometry": { "type": "Point", "coordinates": [ 106.033989365884892, 20.864569819847674 ] } },
{ "type": "Feature", "properties": { "ID": "HYE327040den", "Ten_CT": "Đền, chùa, miếu", "Loai_CT": "", "Thuoc_huyen": "H. Yên  Mỹ", "Thuoc_tinh": "Hưng Yên", "Trong_chigioi": "", "Ngoai_baiSg": "", "layer": "HYE_KTVHXH", "path": "D:/Work/HungYen/TaiLieu/De/De Hung Yen/BD Hung Yen/HYE_KTVHXH.TAB" }, "geometry": { "type": "Point", "coordinates": [ 106.038771060061393, 20.859398232666244 ] } },
{ "type": "Feature", "properties": { "ID": "HYE327040ntrang", "Ten_CT": "Nghĩa trang", "Loai_CT": "", "Thuoc_huyen": "H. Yên  Mỹ", "Thuoc_tinh": "Hưng Yên", "Trong_chigioi": "", "Ngoai_baiSg": "", "layer": "HYE_KTVHXH", "path": "D:/Work/HungYen/TaiLieu/De/De Hung Yen/BD Hung Yen/HYE_KTVHXH.TAB" }, "geometry": { "type": "Point", "coordinates": [ 106.053132484706666, 20.856756559668877 ] } },
{ "type": "Feature", "properties": { "ID": "HYE327040den", "Ten_CT": "Đền, chùa, miếu", "Loai_CT": "", "Thuoc_huyen": "H. Yên  Mỹ", "Thuoc_tinh": "Hưng Yên", "Trong_chigioi": "", "Ngoai_baiSg": "", "layer": "HYE_KTVHXH", "path": "D:/Work/HungYen/TaiLieu/De/De Hung Yen/BD Hung Yen/HYE_KTVHXH.TAB" }, "geometry": { "type": "Point", "coordinates": [ 106.061464812532265, 20.861718504289719 ] } },
{ "type": "Feature", "properties": { "ID": "HYE327040ntrang", "Ten_CT": "Nghĩa trang", "Loai_CT": "", "Thuoc_huyen": "H. Yên  Mỹ", "Thuoc_tinh": "Hưng Yên", "Trong_chigioi": "", "Ngoai_baiSg": "", "layer": "HYE_KTVHXH", "path": "D:/Work/HungYen/TaiLieu/De/De Hung Yen/BD Hung Yen/HYE_KTVHXH.TAB" }, "geometry": { "type": "Point", "coordinates": [ 106.062674395645431, 20.857795841838541 ] } },
{ "type": "Feature", "properties": { "ID": "HYE327040ntrang", "Ten_CT": "Nghĩa trang", "Loai_CT": "", "Thuoc_huyen": "H. Yên  Mỹ", "Thuoc_tinh": "Hưng Yên", "Trong_chigioi": "", "Ngoai_baiSg": "", "layer": "HYE_KTVHXH", "path": "D:/Work/HungYen/TaiLieu/De/De Hung Yen/BD Hung Yen/HYE_KTVHXH.TAB" }, "geometry": { "type": "Point", "coordinates": [ 106.062031123196121, 20.856514205771408 ] } },
{ "type": "Feature", "properties": { "ID": "HYE327040den", "Ten_CT": "Đền, chùa, miếu", "Loai_CT": "", "Thuoc_huyen": "H. Yên  Mỹ", "Thuoc_tinh": "Hưng Yên", "Trong_chigioi": "", "Ngoai_baiSg": "", "layer": "HYE_KTVHXH", "path": "D:/Work/HungYen/TaiLieu/De/De Hung Yen/BD Hung Yen/HYE_KTVHXH.TAB" }, "geometry": { "type": "Point", "coordinates": [ 106.06732005498128, 20.868371137745758 ] } },
{ "type": "Feature", "properties": { "ID": "HYE329040den", "Ten_CT": "Đền, chùa, miếu", "Loai_CT": "", "Thuoc_huyen": "H. Ân Thi", "Thuoc_tinh": "Hưng Yên", "Trong_chigioi": "", "Ngoai_baiSg": "", "layer": "HYE_KTVHXH", "path": "D:/Work/HungYen/TaiLieu/De/De Hung Yen/BD Hung Yen/HYE_KTVHXH.TAB" }, "geometry": { "type": "Point", "coordinates": [ 106.080725616686649, 20.855132453139426 ] } },
{ "type": "Feature", "properties": { "ID": "HYE329040den", "Ten_CT": "Đền, chùa, miếu", "Loai_CT": "", "Thuoc_huyen": "H. Ân Thi", "Thuoc_tinh": "Hưng Yên", "Trong_chigioi": "", "Ngoai_baiSg": "", "layer": "HYE_KTVHXH", "path": "D:/Work/HungYen/TaiLieu/De/De Hung Yen/BD Hung Yen/HYE_KTVHXH.TAB" }, "geometry": { "type": "Point", "coordinates": [ 106.090237562804688, 20.851997766570289 ] } },
{ "type": "Feature", "properties": { "ID": "HYE329040den", "Ten_CT": "Đền, chùa, miếu", "Loai_CT": "", "Thuoc_huyen": "H. Ân Thi", "Thuoc_tinh": "Hưng Yên", "Trong_chigioi": "", "Ngoai_baiSg": "", "layer": "HYE_KTVHXH", "path": "D:/Work/HungYen/TaiLieu/De/De Hung Yen/BD Hung Yen/HYE_KTVHXH.TAB" }, "geometry": { "type": "Point", "coordinates": [ 106.100648415106463, 20.847161184117148 ] } },
{ "type": "Feature", "properties": { "ID": "HYE329040ntrang", "Ten_CT": "Nghĩa trang", "Loai_CT": "", "Thuoc_huyen": "H. Ân Thi", "Thuoc_tinh": "Hưng Yên", "Trong_chigioi": "", "Ngoai_baiSg": "", "layer": "HYE_KTVHXH", "path": "D:/Work/HungYen/TaiLieu/De/De Hung Yen/BD Hung Yen/HYE_KTVHXH.TAB" }, "geometry": { "type": "Point", "coordinates": [ 106.101717580357771, 20.856776284989657 ] } },
{ "type": "Feature", "properties": { "ID": "HYE329040ntrang", "Ten_CT": "Nghĩa trang", "Loai_CT": "", "Thuoc_huyen": "H. Ân Thi", "Thuoc_tinh": "Hưng Yên", "Trong_chigioi": "", "Ngoai_baiSg": "", "layer": "HYE_KTVHXH", "path": "D:/Work/HungYen/TaiLieu/De/De Hung Yen/BD Hung Yen/HYE_KTVHXH.TAB" }, "geometry": { "type": "Point", "coordinates": [ 106.102422373663345, 20.855560666995309 ] } },
{ "type": "Feature", "properties": { "ID": "HYE329040ntrang", "Ten_CT": "Nghĩa trang", "Loai_CT": "", "Thuoc_huyen": "H. Ân Thi", "Thuoc_tinh": "Hưng Yên", "Trong_chigioi": "", "Ngoai_baiSg": "", "layer": "HYE_KTVHXH", "path": "D:/Work/HungYen/TaiLieu/De/De Hung Yen/BD Hung Yen/HYE_KTVHXH.TAB" }, "geometry": { "type": "Point", "coordinates": [ 106.105543293690474, 20.856770231563562 ] } },
{ "type": "Feature", "properties": { "ID": "HYE329040ntrang", "Ten_CT": "Nghĩa trang", "Loai_CT": "", "Thuoc_huyen": "H. Ân Thi", "Thuoc_tinh": "Hưng Yên", "Trong_chigioi": "", "Ngoai_baiSg": "", "layer": "HYE_KTVHXH", "path": "D:/Work/HungYen/TaiLieu/De/De Hung Yen/BD Hung Yen/HYE_KTVHXH.TAB" }, "geometry": { "type": "Point", "coordinates": [ 106.104921237908144, 20.855730758686718 ] } },
{ "type": "Feature", "properties": { "ID": "HYE329040den", "Ten_CT": "Đền, chùa, miếu", "Loai_CT": "", "Thuoc_huyen": "H. Ân Thi", "Thuoc_tinh": "Hưng Yên", "Trong_chigioi": "", "Ngoai_baiSg": "", "layer": "HYE_KTVHXH", "path": "D:/Work/HungYen/TaiLieu/De/De Hung Yen/BD Hung Yen/HYE_KTVHXH.TAB" }, "geometry": { "type": "Point", "coordinates": [ 106.098331519591184, 20.8583742116369 ] } },
{ "type": "Feature", "properties": { "ID": "HYE329040den", "Ten_CT": "Đền, chùa, miếu", "Loai_CT": "", "Thuoc_huyen": "H. Ân Thi", "Thuoc_tinh": "Hưng Yên", "Trong_chigioi": "", "Ngoai_baiSg": "", "layer": "HYE_KTVHXH", "path": "D:/Work/HungYen/TaiLieu/De/De Hung Yen/BD Hung Yen/HYE_KTVHXH.TAB" }, "geometry": { "type": "Point", "coordinates": [ 106.092127722187826, 20.858469829795382 ] } },
{ "type": "Feature", "properties": { "ID": "HYE329040bia", "Ten_CT": "Bia tưởng niệm", "Loai_CT": "", "Thuoc_huyen": "H. Ân Thi", "Thuoc_tinh": "Hưng Yên", "Trong_chigioi": "", "Ngoai_baiSg": "", "layer": "HYE_KTVHXH", "path": "D:/Work/HungYen/TaiLieu/De/De Hung Yen/BD Hung Yen/HYE_KTVHXH.TAB" }, "geometry": { "type": "Point", "coordinates": [ 106.093956708630373, 20.869507863059816 ] } },
{ "type": "Feature", "properties": { "ID": "HYE327040den", "Ten_CT": "Đền, chùa, miếu", "Loai_CT": "", "Thuoc_huyen": "H. Yên  Mỹ", "Thuoc_tinh": "Hưng Yên", "Trong_chigioi": "", "Ngoai_baiSg": "", "layer": "HYE_KTVHXH", "path": "D:/Work/HungYen/TaiLieu/De/De Hung Yen/BD Hung Yen/HYE_KTVHXH.TAB" }, "geometry": { "type": "Point", "coordinates": [ 106.059243663212868, 20.878557629821657 ] } },
{ "type": "Feature", "properties": { "ID": "HYE327040ntrang", "Ten_CT": "Nghĩa trang", "Loai_CT": "", "Thuoc_huyen": "H. Yên  Mỹ", "Thuoc_tinh": "Hưng Yên", "Trong_chigioi": "", "Ngoai_baiSg": "", "layer": "HYE_KTVHXH", "path": "D:/Work/HungYen/TaiLieu/De/De Hung Yen/BD Hung Yen/HYE_KTVHXH.TAB" }, "geometry": { "type": "Point", "coordinates": [ 106.051254825873031, 20.876711903001915 ] } },
{ "type": "Feature", "properties": { "ID": "HYE327040ntrang", "Ten_CT": "Nghĩa trang", "Loai_CT": "", "Thuoc_huyen": "H. Yên  Mỹ", "Thuoc_tinh": "Hưng Yên", "Trong_chigioi": "", "Ngoai_baiSg": "", "layer": "HYE_KTVHXH", "path": "D:/Work/HungYen/TaiLieu/De/De Hung Yen/BD Hung Yen/HYE_KTVHXH.TAB" }, "geometry": { "type": "Point", "coordinates": [ 106.052378672519396, 20.875829265224425 ] } },
{ "type": "Feature", "properties": { "ID": "HYE327040ntrang", "Ten_CT": "Nghĩa trang", "Loai_CT": "", "Thuoc_huyen": "H. Yên  Mỹ", "Thuoc_tinh": "Hưng Yên", "Trong_chigioi": "", "Ngoai_baiSg": "", "layer": "HYE_KTVHXH", "path": "D:/Work/HungYen/TaiLieu/De/De Hung Yen/BD Hung Yen/HYE_KTVHXH.TAB" }, "geometry": { "type": "Point", "coordinates": [ 106.053449726268482, 20.875897208293424 ] } },
{ "type": "Feature", "properties": { "ID": "HYE327040bia", "Ten_CT": "Bia tưởng niệm", "Loai_CT": "", "Thuoc_huyen": "H. Yên  Mỹ", "Thuoc_tinh": "Hưng Yên", "Trong_chigioi": "", "Ngoai_baiSg": "", "layer": "HYE_KTVHXH", "path": "D:/Work/HungYen/TaiLieu/De/De Hung Yen/BD Hung Yen/HYE_KTVHXH.TAB" }, "geometry": { "type": "Point", "coordinates": [ 106.060290622006505, 20.872065461310232 ] } },
{ "type": "Feature", "properties": { "ID": "HYE327040den", "Ten_CT": "Đền, chùa, miếu", "Loai_CT": "", "Thuoc_huyen": "H. Yên  Mỹ", "Thuoc_tinh": "Hưng Yên", "Trong_chigioi": "", "Ngoai_baiSg": "", "layer": "HYE_KTVHXH", "path": "D:/Work/HungYen/TaiLieu/De/De Hung Yen/BD Hung Yen/HYE_KTVHXH.TAB" }, "geometry": { "type": "Point", "coordinates": [ 106.048406072675533, 20.862413803260068 ] } },
{ "type": "Feature", "properties": { "ID": "HYE329040den", "Ten_CT": "Đền, chùa, miếu", "Loai_CT": "", "Thuoc_huyen": "H. Ân Thi", "Thuoc_tinh": "Hưng Yên", "Trong_chigioi": "", "Ngoai_baiSg": "", "layer": "HYE_KTVHXH", "path": "D:/Work/HungYen/TaiLieu/De/De Hung Yen/BD Hung Yen/HYE_KTVHXH.TAB" }, "geometry": { "type": "Point", "coordinates": [ 106.125582831251393, 20.87902825084219 ] } },
{ "type": "Feature", "properties": { "ID": "HYE329040ntrang", "Ten_CT": "Nghĩa trang", "Loai_CT": "", "Thuoc_huyen": "H. Ân Thi", "Thuoc_tinh": "Hưng Yên", "Trong_chigioi": "", "Ngoai_baiSg": "", "layer": "HYE_KTVHXH", "path": "D:/Work/HungYen/TaiLieu/De/De Hung Yen/BD Hung Yen/HYE_KTVHXH.TAB" }, "geometry": { "type": "Point", "coordinates": [ 106.127758063697172, 20.879123329047673 ] } },
{ "type": "Feature", "properties": { "ID": "HYE329040ntrang", "Ten_CT": "Nghĩa trang", "Loai_CT": "", "Thuoc_huyen": "H. Ân Thi", "Thuoc_tinh": "Hưng Yên", "Trong_chigioi": "", "Ngoai_baiSg": "", "layer": "HYE_KTVHXH", "path": "D:/Work/HungYen/TaiLieu/De/De Hung Yen/BD Hung Yen/HYE_KTVHXH.TAB" }, "geometry": { "type": "Point", "coordinates": [ 106.127771146599926, 20.878210310356479 ] } },
{ "type": "Feature", "properties": { "ID": "HYE329040den", "Ten_CT": "Đền, chùa, miếu", "Loai_CT": "", "Thuoc_huyen": "H. Ân Thi", "Thuoc_tinh": "Hưng Yên", "Trong_chigioi": "", "Ngoai_baiSg": "", "layer": "HYE_KTVHXH", "path": "D:/Work/HungYen/TaiLieu/De/De Hung Yen/BD Hung Yen/HYE_KTVHXH.TAB" }, "geometry": { "type": "Point", "coordinates": [ 106.119119656929001, 20.865636649206774 ] } },
{ "type": "Feature", "properties": { "ID": "HYE329040den", "Ten_CT": "Đền, chùa, miếu", "Loai_CT": "", "Thuoc_huyen": "H. Ân Thi", "Thuoc_tinh": "Hưng Yên", "Trong_chigioi": "", "Ngoai_baiSg": "", "layer": "HYE_KTVHXH", "path": "D:/Work/HungYen/TaiLieu/De/De Hung Yen/BD Hung Yen/HYE_KTVHXH.TAB" }, "geometry": { "type": "Point", "coordinates": [ 106.108198263853737, 20.846888888346015 ] } },
{ "type": "Feature", "properties": { "ID": "HYE329040bia", "Ten_CT": "Bia tưởng niệm", "Loai_CT": "", "Thuoc_huyen": "H. Ân Thi", "Thuoc_tinh": "Hưng Yên", "Trong_chigioi": "", "Ngoai_baiSg": "", "layer": "HYE_KTVHXH", "path": "D:/Work/HungYen/TaiLieu/De/De Hung Yen/BD Hung Yen/HYE_KTVHXH.TAB" }, "geometry": { "type": "Point", "coordinates": [ 106.103491118337615, 20.84143991844077 ] } },
{ "type": "Feature", "properties": { "ID": "HYE329040den", "Ten_CT": "Đền, chùa, miếu", "Loai_CT": "", "Thuoc_huyen": "H. Ân Thi", "Thuoc_tinh": "Hưng Yên", "Trong_chigioi": "", "Ngoai_baiSg": "", "layer": "HYE_KTVHXH", "path": "D:/Work/HungYen/TaiLieu/De/De Hung Yen/BD Hung Yen/HYE_KTVHXH.TAB" }, "geometry": { "type": "Point", "coordinates": [ 106.100126672049655, 20.835370094019662 ] } },
{ "type": "Feature", "properties": { "ID": "HYE329040ntrang", "Ten_CT": "Nghĩa trang", "Loai_CT": "", "Thuoc_huyen": "H. Ân Thi", "Thuoc_tinh": "Hưng Yên", "Trong_chigioi": "", "Ngoai_baiSg": "", "layer": "HYE_KTVHXH", "path": "D:/Work/HungYen/TaiLieu/De/De Hung Yen/BD Hung Yen/HYE_KTVHXH.TAB" }, "geometry": { "type": "Point", "coordinates": [ 106.091881332912578, 20.847158131139071 ] } },
{ "type": "Feature", "properties": { "ID": "HYE329040den", "Ten_CT": "Đền, chùa, miếu", "Loai_CT": "", "Thuoc_huyen": "H. Ân Thi", "Thuoc_tinh": "Hưng Yên", "Trong_chigioi": "", "Ngoai_baiSg": "", "layer": "HYE_KTVHXH", "path": "D:/Work/HungYen/TaiLieu/De/De Hung Yen/BD Hung Yen/HYE_KTVHXH.TAB" }, "geometry": { "type": "Point", "coordinates": [ 106.073123744962899, 20.839752397704189 ] } },
{ "type": "Feature", "properties": { "ID": "HYE329040den", "Ten_CT": "Đền, chùa, miếu", "Loai_CT": "", "Thuoc_huyen": "H. Ân Thi", "Thuoc_tinh": "Hưng Yên", "Trong_chigioi": "", "Ngoai_baiSg": "", "layer": "HYE_KTVHXH", "path": "D:/Work/HungYen/TaiLieu/De/De Hung Yen/BD Hung Yen/HYE_KTVHXH.TAB" }, "geometry": { "type": "Point", "coordinates": [ 106.055730340738236, 20.8402167147215 ] } },
{ "type": "Feature", "properties": { "ID": "HYE329040thoc", "Ten_CT": "Trường học", "Loai_CT": "", "Thuoc_huyen": "H. Ân Thi", "Thuoc_tinh": "Hưng Yên", "Trong_chigioi": "", "Ngoai_baiSg": "", "layer": "HYE_KTVHXH", "path": "D:/Work/HungYen/TaiLieu/De/De Hung Yen/BD Hung Yen/HYE_KTVHXH.TAB" }, "geometry": { "type": "Point", "coordinates": [ 106.073457050874097, 20.844633071385626 ] } },
{ "type": "Feature", "properties": { "ID": "HYE329040bia", "Ten_CT": "Bia tưởng niệm", "Loai_CT": "", "Thuoc_huyen": "H. Ân Thi", "Thuoc_tinh": "Hưng Yên", "Trong_chigioi": "", "Ngoai_baiSg": "", "layer": "HYE_KTVHXH", "path": "D:/Work/HungYen/TaiLieu/De/De Hung Yen/BD Hung Yen/HYE_KTVHXH.TAB" }, "geometry": { "type": "Point", "coordinates": [ 106.075153829350199, 20.845159806952871 ] } },
{ "type": "Feature", "properties": { "ID": "HYE329040ntrang", "Ten_CT": "Nghĩa trang", "Loai_CT": "", "Thuoc_huyen": "H. Ân Thi", "Thuoc_tinh": "Hưng Yên", "Trong_chigioi": "", "Ngoai_baiSg": "", "layer": "HYE_KTVHXH", "path": "D:/Work/HungYen/TaiLieu/De/De Hung Yen/BD Hung Yen/HYE_KTVHXH.TAB" }, "geometry": { "type": "Point", "coordinates": [ 106.082440194784738, 20.849288164822042 ] } },
{ "type": "Feature", "properties": { "ID": "HYE328040ntrang", "Ten_CT": "Nghĩa trang", "Loai_CT": "", "Thuoc_huyen": "H. Mỹ Hào", "Thuoc_tinh": "Hưng Yên", "Trong_chigioi": "", "Ngoai_baiSg": "", "layer": "HYE_KTVHXH", "path": "D:/Work/HungYen/TaiLieu/De/De Hung Yen/BD Hung Yen/HYE_KTVHXH.TAB" }, "geometry": { "type": "Point", "coordinates": [ 106.097634972509866, 20.88631365220559 ] } },
{ "type": "Feature", "properties": { "ID": "HYE329040bia", "Ten_CT": "Bia tưởng niệm", "Loai_CT": "", "Thuoc_huyen": "H. Ân Thi", "Thuoc_tinh": "Hưng Yên", "Trong_chigioi": "", "Ngoai_baiSg": "", "layer": "HYE_KTVHXH", "path": "D:/Work/HungYen/TaiLieu/De/De Hung Yen/BD Hung Yen/HYE_KTVHXH.TAB" }, "geometry": { "type": "Point", "coordinates": [ 106.13722341577224, 20.889282033321138 ] } },
{ "type": "Feature", "properties": { "ID": "HYE329040den", "Ten_CT": "Đền, chùa, miếu", "Loai_CT": "", "Thuoc_huyen": "H. Ân Thi", "Thuoc_tinh": "Hưng Yên", "Trong_chigioi": "", "Ngoai_baiSg": "", "layer": "HYE_KTVHXH", "path": "D:/Work/HungYen/TaiLieu/De/De Hung Yen/BD Hung Yen/HYE_KTVHXH.TAB" }, "geometry": { "type": "Point", "coordinates": [ 106.141446666984734, 20.886325923494727 ] } },
{ "type": "Feature", "properties": { "ID": "HYE329040den", "Ten_CT": "Đền, chùa, miếu", "Loai_CT": "", "Thuoc_huyen": "H. Ân Thi", "Thuoc_tinh": "Hưng Yên", "Trong_chigioi": "", "Ngoai_baiSg": "", "layer": "HYE_KTVHXH", "path": "D:/Work/HungYen/TaiLieu/De/De Hung Yen/BD Hung Yen/HYE_KTVHXH.TAB" }, "geometry": { "type": "Point", "coordinates": [ 106.11171122749451, 20.881556756509898 ] } },
{ "type": "Feature", "properties": { "ID": "HYE328040den", "Ten_CT": "Đền, chùa, miếu", "Loai_CT": "", "Thuoc_huyen": "H. Mỹ Hào", "Thuoc_tinh": "Hưng Yên", "Trong_chigioi": "", "Ngoai_baiSg": "", "layer": "HYE_KTVHXH", "path": "D:/Work/HungYen/TaiLieu/De/De Hung Yen/BD Hung Yen/HYE_KTVHXH.TAB" }, "geometry": { "type": "Point", "coordinates": [ 106.135201427114012, 20.899191333231112 ] } },
{ "type": "Feature", "properties": { "ID": "HYE328040den", "Ten_CT": "Đền, chùa, miếu", "Loai_CT": "", "Thuoc_huyen": "H. Mỹ Hào", "Thuoc_tinh": "Hưng Yên", "Trong_chigioi": "", "Ngoai_baiSg": "", "layer": "HYE_KTVHXH", "path": "D:/Work/HungYen/TaiLieu/De/De Hung Yen/BD Hung Yen/HYE_KTVHXH.TAB" }, "geometry": { "type": "Point", "coordinates": [ 106.106292910008762, 20.907331171684561 ] } },
{ "type": "Feature", "properties": { "ID": "HYE328040ntrang", "Ten_CT": "Nghĩa trang", "Loai_CT": "", "Thuoc_huyen": "H. Mỹ Hào", "Thuoc_tinh": "Hưng Yên", "Trong_chigioi": "", "Ngoai_baiSg": "", "layer": "HYE_KTVHXH", "path": "D:/Work/HungYen/TaiLieu/De/De Hung Yen/BD Hung Yen/HYE_KTVHXH.TAB" }, "geometry": { "type": "Point", "coordinates": [ 106.114396201960886, 20.906489076176655 ] } },
{ "type": "Feature", "properties": { "ID": "HYE328040ntrang", "Ten_CT": "Nghĩa trang", "Loai_CT": "", "Thuoc_huyen": "H. Mỹ Hào", "Thuoc_tinh": "Hưng Yên", "Trong_chigioi": "", "Ngoai_baiSg": "", "layer": "HYE_KTVHXH", "path": "D:/Work/HungYen/TaiLieu/De/De Hung Yen/BD Hung Yen/HYE_KTVHXH.TAB" }, "geometry": { "type": "Point", "coordinates": [ 106.113407438704243, 20.907206264142651 ] } },
{ "type": "Feature", "properties": { "ID": "HYE328040ntrang", "Ten_CT": "Nghĩa trang", "Loai_CT": "", "Thuoc_huyen": "H. Mỹ Hào", "Thuoc_tinh": "Hưng Yên", "Trong_chigioi": "", "Ngoai_baiSg": "", "layer": "HYE_KTVHXH", "path": "D:/Work/HungYen/TaiLieu/De/De Hung Yen/BD Hung Yen/HYE_KTVHXH.TAB" }, "geometry": { "type": "Point", "coordinates": [ 106.111731055907725, 20.908476134267648 ] } },
{ "type": "Feature", "properties": { "ID": "HYE328040ntrang", "Ten_CT": "Nghĩa trang", "Loai_CT": "", "Thuoc_huyen": "H. Mỹ Hào", "Thuoc_tinh": "Hưng Yên", "Trong_chigioi": "", "Ngoai_baiSg": "", "layer": "HYE_KTVHXH", "path": "D:/Work/HungYen/TaiLieu/De/De Hung Yen/BD Hung Yen/HYE_KTVHXH.TAB" }, "geometry": { "type": "Point", "coordinates": [ 106.113590999715981, 20.908667205675403 ] } },
{ "type": "Feature", "properties": { "ID": "HYE328040den", "Ten_CT": "Đền, chùa, miếu", "Loai_CT": "", "Thuoc_huyen": "H. Mỹ Hào", "Thuoc_tinh": "Hưng Yên", "Trong_chigioi": "", "Ngoai_baiSg": "", "layer": "HYE_KTVHXH", "path": "D:/Work/HungYen/TaiLieu/De/De Hung Yen/BD Hung Yen/HYE_KTVHXH.TAB" }, "geometry": { "type": "Point", "coordinates": [ 106.126564095538029, 20.936237775644607 ] } },
{ "type": "Feature", "properties": { "ID": "HYE328040den", "Ten_CT": "Đền, chùa, miếu", "Loai_CT": "", "Thuoc_huyen": "H. Mỹ Hào", "Thuoc_tinh": "Hưng Yên", "Trong_chigioi": "", "Ngoai_baiSg": "", "layer": "HYE_KTVHXH", "path": "D:/Work/HungYen/TaiLieu/De/De Hung Yen/BD Hung Yen/HYE_KTVHXH.TAB" }, "geometry": { "type": "Point", "coordinates": [ 106.138909058260964, 20.933718900771218 ] } },
{ "type": "Feature", "properties": { "ID": "HYE328040den", "Ten_CT": "Đền, chùa, miếu", "Loai_CT": "", "Thuoc_huyen": "H. Mỹ Hào", "Thuoc_tinh": "Hưng Yên", "Trong_chigioi": "", "Ngoai_baiSg": "", "layer": "HYE_KTVHXH", "path": "D:/Work/HungYen/TaiLieu/De/De Hung Yen/BD Hung Yen/HYE_KTVHXH.TAB" }, "geometry": { "type": "Point", "coordinates": [ 106.144999375670011, 20.941577525543011 ] } },
{ "type": "Feature", "properties": { "ID": "HYE328040den", "Ten_CT": "Đền, chùa, miếu", "Loai_CT": "", "Thuoc_huyen": "H. Mỹ Hào", "Thuoc_tinh": "Hưng Yên", "Trong_chigioi": "", "Ngoai_baiSg": "", "layer": "HYE_KTVHXH", "path": "D:/Work/HungYen/TaiLieu/De/De Hung Yen/BD Hung Yen/HYE_KTVHXH.TAB" }, "geometry": { "type": "Point", "coordinates": [ 106.144232558563132, 20.951614327111479 ] } },
{ "type": "Feature", "properties": { "ID": "HYE328040den", "Ten_CT": "Đền, chùa, miếu", "Loai_CT": "", "Thuoc_huyen": "H. Mỹ Hào", "Thuoc_tinh": "Hưng Yên", "Trong_chigioi": "", "Ngoai_baiSg": "", "layer": "HYE_KTVHXH", "path": "D:/Work/HungYen/TaiLieu/De/De Hung Yen/BD Hung Yen/HYE_KTVHXH.TAB" }, "geometry": { "type": "Point", "coordinates": [ 106.119125215459746, 20.954694882787837 ] } },
{ "type": "Feature", "properties": { "ID": "HYE328040den", "Ten_CT": "Đền, chùa, miếu", "Loai_CT": "", "Thuoc_huyen": "H. Mỹ Hào", "Thuoc_tinh": "Hưng Yên", "Trong_chigioi": "", "Ngoai_baiSg": "", "layer": "HYE_KTVHXH", "path": "D:/Work/HungYen/TaiLieu/De/De Hung Yen/BD Hung Yen/HYE_KTVHXH.TAB" }, "geometry": { "type": "Point", "coordinates": [ 106.120030267162775, 20.948495403712986 ] } },
{ "type": "Feature", "properties": { "ID": "HYE328040den", "Ten_CT": "Đền, chùa, miếu", "Loai_CT": "", "Thuoc_huyen": "H. Mỹ Hào", "Thuoc_tinh": "Hưng Yên", "Trong_chigioi": "", "Ngoai_baiSg": "", "layer": "HYE_KTVHXH", "path": "D:/Work/HungYen/TaiLieu/De/De Hung Yen/BD Hung Yen/HYE_KTVHXH.TAB" }, "geometry": { "type": "Point", "coordinates": [ 106.056736593905271, 20.951823569260366 ] } },
{ "type": "Feature", "properties": { "ID": "HYE328040den", "Ten_CT": "Đền, chùa, miếu", "Loai_CT": "", "Thuoc_huyen": "H. Mỹ Hào", "Thuoc_tinh": "Hưng Yên", "Trong_chigioi": "", "Ngoai_baiSg": "", "layer": "HYE_KTVHXH", "path": "D:/Work/HungYen/TaiLieu/De/De Hung Yen/BD Hung Yen/HYE_KTVHXH.TAB" }, "geometry": { "type": "Point", "coordinates": [ 106.075601927849632, 20.961422605324813 ] } },
{ "type": "Feature", "properties": { "ID": "HYE328040den", "Ten_CT": "Đền, chùa, miếu", "Loai_CT": "", "Thuoc_huyen": "H. Mỹ Hào", "Thuoc_tinh": "Hưng Yên", "Trong_chigioi": "", "Ngoai_baiSg": "", "layer": "HYE_KTVHXH", "path": "D:/Work/HungYen/TaiLieu/De/De Hung Yen/BD Hung Yen/HYE_KTVHXH.TAB" }, "geometry": { "type": "Point", "coordinates": [ 106.101242300382751, 20.95847684811325 ] } },
{ "type": "Feature", "properties": { "ID": "HYE329040ntrang", "Ten_CT": "Nghĩa trang", "Loai_CT": "", "Thuoc_huyen": "H. Ân Thi", "Thuoc_tinh": "Hưng Yên", "Trong_chigioi": "", "Ngoai_baiSg": "", "layer": "HYE_KTVHXH", "path": "D:/Work/HungYen/TaiLieu/De/De Hung Yen/BD Hung Yen/HYE_KTVHXH.TAB" }, "geometry": { "type": "Point", "coordinates": [ 106.124667491637624, 20.837551958437825 ] } },
{ "type": "Feature", "properties": { "ID": "HYE327040lnung", "Ten_CT": "lnung", "Loai_CT": "", "Thuoc_huyen": "H. Yên  Mỹ", "Thuoc_tinh": "Hưng Yên", "Trong_chigioi": "", "Ngoai_baiSg": "", "layer": "HYE_KTVHXH", "path": "D:/Work/HungYen/TaiLieu/De/De Hung Yen/BD Hung Yen/HYE_KTVHXH.TAB" }, "geometry": { "type": "Point", "coordinates": [ 106.041476526161304, 20.847242703896622 ] } },
{ "type": "Feature", "properties": { "ID": "HYE330040lnung", "Ten_CT": "lnung", "Loai_CT": "", "Thuoc_huyen": "H. Khoái Châu", "Thuoc_tinh": "Hưng Yên", "Trong_chigioi": "", "Ngoai_baiSg": "", "layer": "HYE_KTVHXH", "path": "D:/Work/HungYen/TaiLieu/De/De Hung Yen/BD Hung Yen/HYE_KTVHXH.TAB" }, "geometry": { "type": "Point", "coordinates": [ 106.014864483606047, 20.854124327806293 ] } },
{ "type": "Feature", "properties": { "ID": "HYE330040thoc", "Ten_CT": "Trường học", "Loai_CT": "", "Thuoc_huyen": "H. Khoái Châu", "Thuoc_tinh": "Hưng Yên", "Trong_chigioi": "", "Ngoai_baiSg": "", "layer": "HYE_KTVHXH", "path": "D:/Work/HungYen/TaiLieu/De/De Hung Yen/BD Hung Yen/HYE_KTVHXH.TAB" }, "geometry": { "type": "Point", "coordinates": [ 106.006640405243985, 20.840576919837012 ] } },
{ "type": "Feature", "properties": { "ID": "HYE325040ntrang", "Ten_CT": "Nghĩa trang", "Loai_CT": "", "Thuoc_huyen": "H. Văn Lâm", "Thuoc_tinh": "Hưng Yên", "Trong_chigioi": "", "Ngoai_baiSg": "", "layer": "HYE_KTVHXH", "path": "D:/Work/HungYen/TaiLieu/De/De Hung Yen/BD Hung Yen/HYE_KTVHXH.TAB" }, "geometry": { "type": "Point", "coordinates": [ 106.044243181317242, 20.995823081798601 ] } },
{ "type": "Feature", "properties": { "ID": "HYE325040ntrang", "Ten_CT": "Nghĩa trang", "Loai_CT": "", "Thuoc_huyen": "H. Văn Lâm", "Thuoc_tinh": "Hưng Yên", "Trong_chigioi": "", "Ngoai_baiSg": "", "layer": "HYE_KTVHXH", "path": "D:/Work/HungYen/TaiLieu/De/De Hung Yen/BD Hung Yen/HYE_KTVHXH.TAB" }, "geometry": { "type": "Point", "coordinates": [ 106.044258423840233, 20.994888456474055 ] } },
{ "type": "Feature", "properties": { "ID": "HYE328040den", "Ten_CT": "Đền, chùa, miếu", "Loai_CT": "", "Thuoc_huyen": "H. Mỹ Hào", "Thuoc_tinh": "Hưng Yên", "Trong_chigioi": "", "Ngoai_baiSg": "", "layer": "HYE_KTVHXH", "path": "D:/Work/HungYen/TaiLieu/De/De Hung Yen/BD Hung Yen/HYE_KTVHXH.TAB" }, "geometry": { "type": "Point", "coordinates": [ 106.112774004604944, 20.939321362358655 ] } },
{ "type": "Feature", "properties": { "ID": "HYE327040den", "Ten_CT": "Đền, chùa, miếu", "Loai_CT": "", "Thuoc_huyen": "H. Yên  Mỹ", "Thuoc_tinh": "Hưng Yên", "Trong_chigioi": "", "Ngoai_baiSg": "", "layer": "HYE_KTVHXH", "path": "D:/Work/HungYen/TaiLieu/De/De Hung Yen/BD Hung Yen/HYE_KTVHXH.TAB" }, "geometry": { "type": "Point", "coordinates": [ 106.054438726298045, 20.896458246777275 ] } },
{ "type": "Feature", "properties": { "ID": "HYE329040den", "Ten_CT": "Đền, chùa, miếu", "Loai_CT": "", "Thuoc_huyen": "H. Ân Thi", "Thuoc_tinh": "Hưng Yên", "Trong_chigioi": "", "Ngoai_baiSg": "", "layer": "HYE_KTVHXH", "path": "D:/Work/HungYen/TaiLieu/De/De Hung Yen/BD Hung Yen/HYE_KTVHXH.TAB" }, "geometry": { "type": "Point", "coordinates": [ 106.11981201788052, 20.754339106331795 ] } },
{ "type": "Feature", "properties": { "ID": "HYE328040lnung", "Ten_CT": "lnung", "Loai_CT": "", "Thuoc_huyen": "H. Mỹ Hào", "Thuoc_tinh": "Hưng Yên", "Trong_chigioi": "", "Ngoai_baiSg": "", "layer": "HYE_KTVHXH", "path": "D:/Work/HungYen/TaiLieu/De/De Hung Yen/BD Hung Yen/HYE_KTVHXH.TAB" }, "geometry": { "type": "Point", "coordinates": [ 106.125792402574717, 20.958128695884152 ] } },
{ "type": "Feature", "properties": { "ID": "HYE330040den", "Ten_CT": "Đền, chùa, miếu", "Loai_CT": "", "Thuoc_huyen": "H. Khoái Châu", "Thuoc_tinh": "Hưng Yên", "Trong_chigioi": "", "Ngoai_baiSg": "", "layer": "HYE_KTVHXH", "path": "D:/Work/HungYen/TaiLieu/De/De Hung Yen/BD Hung Yen/HYE_KTVHXH.TAB" }, "geometry": { "type": "Point", "coordinates": [ 106.001437365442271, 20.770875992832607 ] } },
{ "type": "Feature", "properties": { "ID": "HYE327040den", "Ten_CT": "Đền, chùa, miếu", "Loai_CT": "", "Thuoc_huyen": "H. Yên  Mỹ", "Thuoc_tinh": "Hưng Yên", "Trong_chigioi": "", "Ngoai_baiSg": "", "layer": "HYE_KTVHXH", "path": "D:/Work/HungYen/TaiLieu/De/De Hung Yen/BD Hung Yen/HYE_KTVHXH.TAB" }, "geometry": { "type": "Point", "coordinates": [ 106.013971548648371, 20.897110660461557 ] } },
{ "type": "Feature", "properties": { "ID": "HYE325040den", "Ten_CT": "Đền, chùa, miếu", "Loai_CT": "", "Thuoc_huyen": "H. Văn Lâm", "Thuoc_tinh": "Hưng Yên", "Trong_chigioi": "", "Ngoai_baiSg": "", "layer": "HYE_KTVHXH", "path": "D:/Work/HungYen/TaiLieu/De/De Hung Yen/BD Hung Yen/HYE_KTVHXH.TAB" }, "geometry": { "type": "Point", "coordinates": [ 106.000199300984974, 20.983787587615861 ] } },
{ "type": "Feature", "properties": { "ID": "HYE328040ntrang", "Ten_CT": "Nghĩa trang", "Loai_CT": "", "Thuoc_huyen": "H. Mỹ Hào", "Thuoc_tinh": "Hưng Yên", "Trong_chigioi": "", "Ngoai_baiSg": "", "layer": "HYE_KTVHXH", "path": "D:/Work/HungYen/TaiLieu/De/De Hung Yen/BD Hung Yen/HYE_KTVHXH.TAB" }, "geometry": { "type": "Point", "coordinates": [ 106.088589739862584, 20.917086888016016 ] } },
{ "type": "Feature", "properties": { "ID": "HYE325040ntrang", "Ten_CT": "Nghĩa trang", "Loai_CT": "", "Thuoc_huyen": "H. Văn Lâm", "Thuoc_tinh": "Hưng Yên", "Trong_chigioi": "", "Ngoai_baiSg": "", "layer": "HYE_KTVHXH", "path": "D:/Work/HungYen/TaiLieu/De/De Hung Yen/BD Hung Yen/HYE_KTVHXH.TAB" }, "geometry": { "type": "Point", "coordinates": [ 106.083839000943485, 20.992747037088876 ] } },
{ "type": "Feature", "properties": { "ID": "HYE325040bia", "Ten_CT": "Bia tưởng niệm", "Loai_CT": "", "Thuoc_huyen": "H. Văn Lâm", "Thuoc_tinh": "Hưng Yên", "Trong_chigioi": "", "Ngoai_baiSg": "", "layer": "HYE_KTVHXH", "path": "D:/Work/HungYen/TaiLieu/De/De Hung Yen/BD Hung Yen/HYE_KTVHXH.TAB" }, "geometry": { "type": "Point", "coordinates": [ 106.035397925183403, 20.986856099364367 ] } },
{ "type": "Feature", "properties": { "ID": "HYE332040den", "Ten_CT": "Đền, chùa, miếu", "Loai_CT": "", "Thuoc_huyen": "H. Tiên Lữ", "Thuoc_tinh": "Hưng Yên", "Trong_chigioi": "", "Ngoai_baiSg": "", "layer": "HYE_KTVHXH", "path": "D:/Work/HungYen/TaiLieu/De/De Hung Yen/BD Hung Yen/HYE_KTVHXH.TAB" }, "geometry": { "type": "Point", "coordinates": [ 106.099510419569938, 20.636302728402821 ] } },
{ "type": "Feature", "properties": { "ID": "HYE332040den", "Ten_CT": "Đền, chùa, miếu", "Loai_CT": "", "Thuoc_huyen": "H. Tiên Lữ", "Thuoc_tinh": "Hưng Yên", "Trong_chigioi": "", "Ngoai_baiSg": "", "layer": "HYE_KTVHXH", "path": "D:/Work/HungYen/TaiLieu/De/De Hung Yen/BD Hung Yen/HYE_KTVHXH.TAB" }, "geometry": { "type": "Point", "coordinates": [ 106.097186067490966, 20.62984851925961 ] } },
{ "type": "Feature", "properties": { "ID": "HYE332040den", "Ten_CT": "Đền, chùa, miếu", "Loai_CT": "", "Thuoc_huyen": "H. Tiên Lữ", "Thuoc_tinh": "Hưng Yên", "Trong_chigioi": "", "Ngoai_baiSg": "", "layer": "HYE_KTVHXH", "path": "D:/Work/HungYen/TaiLieu/De/De Hung Yen/BD Hung Yen/HYE_KTVHXH.TAB" }, "geometry": { "type": "Point", "coordinates": [ 106.093340027752475, 20.624437122866755 ] } },
{ "type": "Feature", "properties": { "ID": "HYE333040den", "Ten_CT": "Đền, chùa, miếu", "Loai_CT": "", "Thuoc_huyen": "H. Phù Cừ", "Thuoc_tinh": "Hưng Yên", "Trong_chigioi": "", "Ngoai_baiSg": "", "layer": "HYE_KTVHXH", "path": "D:/Work/HungYen/TaiLieu/De/De Hung Yen/BD Hung Yen/HYE_KTVHXH.TAB" }, "geometry": { "type": "Point", "coordinates": [ 106.221312077842711, 20.661242644185911 ] } },
{ "type": "Feature", "properties": { "ID": "HYE333040den", "Ten_CT": "Đền, chùa, miếu", "Loai_CT": "", "Thuoc_huyen": "H. Phù Cừ", "Thuoc_tinh": "Hưng Yên", "Trong_chigioi": "", "Ngoai_baiSg": "", "layer": "HYE_KTVHXH", "path": "D:/Work/HungYen/TaiLieu/De/De Hung Yen/BD Hung Yen/HYE_KTVHXH.TAB" }, "geometry": { "type": "Point", "coordinates": [ 106.215340374844658, 20.650597489833771 ] } },
{ "type": "Feature", "properties": { "ID": "HYE333040den", "Ten_CT": "Đền, chùa, miếu", "Loai_CT": "", "Thuoc_huyen": "H. Phù Cừ", "Thuoc_tinh": "Hưng Yên", "Trong_chigioi": "", "Ngoai_baiSg": "", "layer": "HYE_KTVHXH", "path": "D:/Work/HungYen/TaiLieu/De/De Hung Yen/BD Hung Yen/HYE_KTVHXH.TAB" }, "geometry": { "type": "Point", "coordinates": [ 106.211082616143955, 20.658919996015854 ] } },
{ "type": "Feature", "properties": { "ID": "HYE333040bia", "Ten_CT": "Bia tưởng niệm", "Loai_CT": "", "Thuoc_huyen": "H. Phù Cừ", "Thuoc_tinh": "Hưng Yên", "Trong_chigioi": "", "Ngoai_baiSg": "", "layer": "HYE_KTVHXH", "path": "D:/Work/HungYen/TaiLieu/De/De Hung Yen/BD Hung Yen/HYE_KTVHXH.TAB" }, "geometry": { "type": "Point", "coordinates": [ 106.196176340695942, 20.656954367191361 ] } },
{ "type": "Feature", "properties": { "ID": "HYE333040den", "Ten_CT": "Đền, chùa, miếu", "Loai_CT": "", "Thuoc_huyen": "H. Phù Cừ", "Thuoc_tinh": "Hưng Yên", "Trong_chigioi": "", "Ngoai_baiSg": "", "layer": "HYE_KTVHXH", "path": "D:/Work/HungYen/TaiLieu/De/De Hung Yen/BD Hung Yen/HYE_KTVHXH.TAB" }, "geometry": { "type": "Point", "coordinates": [ 106.196310486529939, 20.651036908330386 ] } },
{ "type": "Feature", "properties": { "ID": "HYE332040ntho", "Ten_CT": "Nhà thờ", "Loai_CT": "", "Thuoc_huyen": "H. Tiên Lữ", "Thuoc_tinh": "Hưng Yên", "Trong_chigioi": "", "Ngoai_baiSg": "", "layer": "HYE_KTVHXH", "path": "D:/Work/HungYen/TaiLieu/De/De Hung Yen/BD Hung Yen/HYE_KTVHXH.TAB" }, "geometry": { "type": "Point", "coordinates": [ 106.180106435761957, 20.66030518712212 ] } },
{ "type": "Feature", "properties": { "ID": "HYE332040den", "Ten_CT": "Đền, chùa, miếu", "Loai_CT": "", "Thuoc_huyen": "H. Tiên Lữ", "Thuoc_tinh": "Hưng Yên", "Trong_chigioi": "", "Ngoai_baiSg": "", "layer": "HYE_KTVHXH", "path": "D:/Work/HungYen/TaiLieu/De/De Hung Yen/BD Hung Yen/HYE_KTVHXH.TAB" }, "geometry": { "type": "Point", "coordinates": [ 106.182005476145775, 20.66282420902149 ] } },
{ "type": "Feature", "properties": { "ID": "HYE332040den", "Ten_CT": "Đền, chùa, miếu", "Loai_CT": "", "Thuoc_huyen": "H. Tiên Lữ", "Thuoc_tinh": "Hưng Yên", "Trong_chigioi": "", "Ngoai_baiSg": "", "layer": "HYE_KTVHXH", "path": "D:/Work/HungYen/TaiLieu/De/De Hung Yen/BD Hung Yen/HYE_KTVHXH.TAB" }, "geometry": { "type": "Point", "coordinates": [ 106.16807904347516, 20.662555797445012 ] } },
{ "type": "Feature", "properties": { "ID": "HYE332040ntho", "Ten_CT": "Nhà thờ", "Loai_CT": "", "Thuoc_huyen": "H. Tiên Lữ", "Thuoc_tinh": "Hưng Yên", "Trong_chigioi": "", "Ngoai_baiSg": "", "layer": "HYE_KTVHXH", "path": "D:/Work/HungYen/TaiLieu/De/De Hung Yen/BD Hung Yen/HYE_KTVHXH.TAB" }, "geometry": { "type": "Point", "coordinates": [ 106.153577083681341, 20.654521777867362 ] } },
{ "type": "Feature", "properties": { "ID": "HYE332040den", "Ten_CT": "Đền, chùa, miếu", "Loai_CT": "", "Thuoc_huyen": "H. Tiên Lữ", "Thuoc_tinh": "Hưng Yên", "Trong_chigioi": "", "Ngoai_baiSg": "", "layer": "HYE_KTVHXH", "path": "D:/Work/HungYen/TaiLieu/De/De Hung Yen/BD Hung Yen/HYE_KTVHXH.TAB" }, "geometry": { "type": "Point", "coordinates": [ 106.149151915063797, 20.666058084195036 ] } },
{ "type": "Feature", "properties": { "ID": "HYE332040ntrang", "Ten_CT": "Nghĩa trang", "Loai_CT": "", "Thuoc_huyen": "H. Tiên Lữ", "Thuoc_tinh": "Hưng Yên", "Trong_chigioi": "", "Ngoai_baiSg": "", "layer": "HYE_KTVHXH", "path": "D:/Work/HungYen/TaiLieu/De/De Hung Yen/BD Hung Yen/HYE_KTVHXH.TAB" }, "geometry": { "type": "Point", "coordinates": [ 106.135190500060588, 20.666969443611894 ] } },
{ "type": "Feature", "properties": { "ID": "HYE332040den", "Ten_CT": "Đền, chùa, miếu", "Loai_CT": "", "Thuoc_huyen": "H. Tiên Lữ", "Thuoc_tinh": "Hưng Yên", "Trong_chigioi": "", "Ngoai_baiSg": "", "layer": "HYE_KTVHXH", "path": "D:/Work/HungYen/TaiLieu/De/De Hung Yen/BD Hung Yen/HYE_KTVHXH.TAB" }, "geometry": { "type": "Point", "coordinates": [ 106.132583397045877, 20.663227349677825 ] } },
{ "type": "Feature", "properties": { "ID": "HYE332040ntrang", "Ten_CT": "Nghĩa trang", "Loai_CT": "", "Thuoc_huyen": "H. Tiên Lữ", "Thuoc_tinh": "Hưng Yên", "Trong_chigioi": "", "Ngoai_baiSg": "", "layer": "HYE_KTVHXH", "path": "D:/Work/HungYen/TaiLieu/De/De Hung Yen/BD Hung Yen/HYE_KTVHXH.TAB" }, "geometry": { "type": "Point", "coordinates": [ 106.120174352117189, 20.65482353153039 ] } },
{ "type": "Feature", "properties": { "ID": "HYE332040den", "Ten_CT": "Đền, chùa, miếu", "Loai_CT": "", "Thuoc_huyen": "H. Tiên Lữ", "Thuoc_tinh": "Hưng Yên", "Trong_chigioi": "", "Ngoai_baiSg": "", "layer": "HYE_KTVHXH", "path": "D:/Work/HungYen/TaiLieu/De/De Hung Yen/BD Hung Yen/HYE_KTVHXH.TAB" }, "geometry": { "type": "Point", "coordinates": [ 106.099306924692499, 20.666150076277994 ] } },
{ "type": "Feature", "properties": { "ID": "HYE332040den", "Ten_CT": "Đền, chùa, miếu", "Loai_CT": "", "Thuoc_huyen": "H. Tiên Lữ", "Thuoc_tinh": "Hưng Yên", "Trong_chigioi": "", "Ngoai_baiSg": "", "layer": "HYE_KTVHXH", "path": "D:/Work/HungYen/TaiLieu/De/De Hung Yen/BD Hung Yen/HYE_KTVHXH.TAB" }, "geometry": { "type": "Point", "coordinates": [ 106.093547131956626, 20.651308875578717 ] } },
{ "type": "Feature", "properties": { "ID": "HYE332040den", "Ten_CT": "Đền, chùa, miếu", "Loai_CT": "", "Thuoc_huyen": "H. Tiên Lữ", "Thuoc_tinh": "Hưng Yên", "Trong_chigioi": "", "Ngoai_baiSg": "", "layer": "HYE_KTVHXH", "path": "D:/Work/HungYen/TaiLieu/De/De Hung Yen/BD Hung Yen/HYE_KTVHXH.TAB" }, "geometry": { "type": "Point", "coordinates": [ 106.08937369373966, 20.660764776033087 ] } },
{ "type": "Feature", "properties": { "ID": "HYE332040den", "Ten_CT": "Đền, chùa, miếu", "Loai_CT": "", "Thuoc_huyen": "H. Tiên Lữ", "Thuoc_tinh": "Hưng Yên", "Trong_chigioi": "", "Ngoai_baiSg": "", "layer": "HYE_KTVHXH", "path": "D:/Work/HungYen/TaiLieu/De/De Hung Yen/BD Hung Yen/HYE_KTVHXH.TAB" }, "geometry": { "type": "Point", "coordinates": [ 106.091711183664472, 20.631869691465251 ] } },
{ "type": "Feature", "properties": { "ID": "HYE323040ntho", "Ten_CT": "Nhà thờ", "Loai_CT": "", "Thuoc_huyen": "TX. Hưng Yên", "Thuoc_tinh": "Hưng Yên", "Trong_chigioi": "", "Ngoai_baiSg": "", "layer": "HYE_KTVHXH", "path": "D:/Work/HungYen/TaiLieu/De/De Hung Yen/BD Hung Yen/HYE_KTVHXH.TAB" }, "geometry": { "type": "Point", "coordinates": [ 106.090248524716657, 20.634600663516146 ] } },
{ "type": "Feature", "properties": { "ID": "HYE332040den", "Ten_CT": "Đền, chùa, miếu", "Loai_CT": "", "Thuoc_huyen": "H. Tiên Lữ", "Thuoc_tinh": "Hưng Yên", "Trong_chigioi": "", "Ngoai_baiSg": "", "layer": "HYE_KTVHXH", "path": "D:/Work/HungYen/TaiLieu/De/De Hung Yen/BD Hung Yen/HYE_KTVHXH.TAB" }, "geometry": { "type": "Point", "coordinates": [ 106.092475025901464, 20.638214060062989 ] } },
{ "type": "Feature", "properties": { "ID": "HYE332040den", "Ten_CT": "Đền, chùa, miếu", "Loai_CT": "", "Thuoc_huyen": "H. Tiên Lữ", "Thuoc_tinh": "Hưng Yên", "Trong_chigioi": "", "Ngoai_baiSg": "", "layer": "HYE_KTVHXH", "path": "D:/Work/HungYen/TaiLieu/De/De Hung Yen/BD Hung Yen/HYE_KTVHXH.TAB" }, "geometry": { "type": "Point", "coordinates": [ 106.084498270510807, 20.64076039129743 ] } },
{ "type": "Feature", "properties": { "ID": "HYE332040ntho", "Ten_CT": "Nhà thờ", "Loai_CT": "", "Thuoc_huyen": "H. Tiên Lữ", "Thuoc_tinh": "Hưng Yên", "Trong_chigioi": "", "Ngoai_baiSg": "", "layer": "HYE_KTVHXH", "path": "D:/Work/HungYen/TaiLieu/De/De Hung Yen/BD Hung Yen/HYE_KTVHXH.TAB" }, "geometry": { "type": "Point", "coordinates": [ 106.08595385974391, 20.626771415284857 ] } },
{ "type": "Feature", "properties": { "ID": "HYE332040den", "Ten_CT": "Đền, chùa, miếu", "Loai_CT": "", "Thuoc_huyen": "H. Tiên Lữ", "Thuoc_tinh": "Hưng Yên", "Trong_chigioi": "", "Ngoai_baiSg": "", "layer": "HYE_KTVHXH", "path": "D:/Work/HungYen/TaiLieu/De/De Hung Yen/BD Hung Yen/HYE_KTVHXH.TAB" }, "geometry": { "type": "Point", "coordinates": [ 106.082404238258931, 20.620828722084081 ] } },
{ "type": "Feature", "properties": { "ID": "HYE332040den", "Ten_CT": "Đền, chùa, miếu", "Loai_CT": "", "Thuoc_huyen": "H. Tiên Lữ", "Thuoc_tinh": "Hưng Yên", "Trong_chigioi": "", "Ngoai_baiSg": "", "layer": "HYE_KTVHXH", "path": "D:/Work/HungYen/TaiLieu/De/De Hung Yen/BD Hung Yen/HYE_KTVHXH.TAB" }, "geometry": { "type": "Point", "coordinates": [ 106.07080465289657, 20.627318452228156 ] } },
{ "type": "Feature", "properties": { "ID": "HYE323040den", "Ten_CT": "Đền, chùa, miếu", "Loai_CT": "", "Thuoc_huyen": "TX. Hưng Yên", "Thuoc_tinh": "Hưng Yên", "Trong_chigioi": "", "Ngoai_baiSg": "", "layer": "HYE_KTVHXH", "path": "D:/Work/HungYen/TaiLieu/De/De Hung Yen/BD Hung Yen/HYE_KTVHXH.TAB" }, "geometry": { "type": "Point", "coordinates": [ 106.069069089901802, 20.62621511470881 ] } },
{ "type": "Feature", "properties": { "ID": "HYE323040den", "Ten_CT": "Đền, chùa, miếu", "Loai_CT": "", "Thuoc_huyen": "TX. Hưng Yên", "Thuoc_tinh": "Hưng Yên", "Trong_chigioi": "", "Ngoai_baiSg": "", "layer": "HYE_KTVHXH", "path": "D:/Work/HungYen/TaiLieu/De/De Hung Yen/BD Hung Yen/HYE_KTVHXH.TAB" }, "geometry": { "type": "Point", "coordinates": [ 106.07031325398205, 20.630965522059057 ] } },
{ "type": "Feature", "properties": { "ID": "HYE323040ntrang", "Ten_CT": "Nghĩa trang", "Loai_CT": "", "Thuoc_huyen": "TX. Hưng Yên", "Thuoc_tinh": "Hưng Yên", "Trong_chigioi": "", "Ngoai_baiSg": "", "layer": "HYE_KTVHXH", "path": "D:/Work/HungYen/TaiLieu/De/De Hung Yen/BD Hung Yen/HYE_KTVHXH.TAB" }, "geometry": { "type": "Point", "coordinates": [ 106.07396015161936, 20.634920740365065 ] } },
{ "type": "Feature", "properties": { "ID": "HYE323040den", "Ten_CT": "Đền, chùa, miếu", "Loai_CT": "", "Thuoc_huyen": "TX. Hưng Yên", "Thuoc_tinh": "Hưng Yên", "Trong_chigioi": "", "Ngoai_baiSg": "", "layer": "HYE_KTVHXH", "path": "D:/Work/HungYen/TaiLieu/De/De Hung Yen/BD Hung Yen/HYE_KTVHXH.TAB" }, "geometry": { "type": "Point", "coordinates": [ 106.06834821641732, 20.636411605781511 ] } },
{ "type": "Feature", "properties": { "ID": "HYE323040den", "Ten_CT": "Đền, chùa, miếu", "Loai_CT": "", "Thuoc_huyen": "TX. Hưng Yên", "Thuoc_tinh": "Hưng Yên", "Trong_chigioi": "", "Ngoai_baiSg": "", "layer": "HYE_KTVHXH", "path": "D:/Work/HungYen/TaiLieu/De/De Hung Yen/BD Hung Yen/HYE_KTVHXH.TAB" }, "geometry": { "type": "Point", "coordinates": [ 106.061450606226941, 20.639101175633634 ] } },
{ "type": "Feature", "properties": { "ID": "HYE323040den", "Ten_CT": "Đền, chùa, miếu", "Loai_CT": "", "Thuoc_huyen": "TX. Hưng Yên", "Thuoc_tinh": "Hưng Yên", "Trong_chigioi": "", "Ngoai_baiSg": "", "layer": "HYE_KTVHXH", "path": "D:/Work/HungYen/TaiLieu/De/De Hung Yen/BD Hung Yen/HYE_KTVHXH.TAB" }, "geometry": { "type": "Point", "coordinates": [ 106.059289035352165, 20.639996343381711 ] } },
{ "type": "Feature", "properties": { "ID": "HYE323040den", "Ten_CT": "Đền, chùa, miếu", "Loai_CT": "", "Thuoc_huyen": "TX. Hưng Yên", "Thuoc_tinh": "Hưng Yên", "Trong_chigioi": "", "Ngoai_baiSg": "", "layer": "HYE_KTVHXH", "path": "D:/Work/HungYen/TaiLieu/De/De Hung Yen/BD Hung Yen/HYE_KTVHXH.TAB" }, "geometry": { "type": "Point", "coordinates": [ 106.054302642713282, 20.646862735286213 ] } },
{ "type": "Feature", "properties": { "ID": "HYE323040bia", "Ten_CT": "Bia tưởng niệm", "Loai_CT": "", "Thuoc_huyen": "TX. Hưng Yên", "Thuoc_tinh": "Hưng Yên", "Trong_chigioi": "", "Ngoai_baiSg": "", "layer": "HYE_KTVHXH", "path": "D:/Work/HungYen/TaiLieu/De/De Hung Yen/BD Hung Yen/HYE_KTVHXH.TAB" }, "geometry": { "type": "Point", "coordinates": [ 106.051262145039701, 20.644833707460098 ] } },
{ "type": "Feature", "properties": { "ID": "HYE323040den", "Ten_CT": "Đền, chùa, miếu", "Loai_CT": "", "Thuoc_huyen": "TX. Hưng Yên", "Thuoc_tinh": "Hưng Yên", "Trong_chigioi": "", "Ngoai_baiSg": "", "layer": "HYE_KTVHXH", "path": "D:/Work/HungYen/TaiLieu/De/De Hung Yen/BD Hung Yen/HYE_KTVHXH.TAB" }, "geometry": { "type": "Point", "coordinates": [ 106.050342876100004, 20.652456963880958 ] } },
{ "type": "Feature", "properties": { "ID": "HYE323040ntrang", "Ten_CT": "Nghĩa trang", "Loai_CT": "", "Thuoc_huyen": "TX. Hưng Yên", "Thuoc_tinh": "Hưng Yên", "Trong_chigioi": "", "Ngoai_baiSg": "", "layer": "HYE_KTVHXH", "path": "D:/Work/HungYen/TaiLieu/De/De Hung Yen/BD Hung Yen/HYE_KTVHXH.TAB" }, "geometry": { "type": "Point", "coordinates": [ 106.046476031262202, 20.650633095228226 ] } },
{ "type": "Feature", "properties": { "ID": "HYE323040den", "Ten_CT": "Đền, chùa, miếu", "Loai_CT": "", "Thuoc_huyen": "TX. Hưng Yên", "Thuoc_tinh": "Hưng Yên", "Trong_chigioi": "", "Ngoai_baiSg": "", "layer": "HYE_KTVHXH", "path": "D:/Work/HungYen/TaiLieu/De/De Hung Yen/BD Hung Yen/HYE_KTVHXH.TAB" }, "geometry": { "type": "Point", "coordinates": [ 106.047674439411722, 20.64185115028825 ] } },
{ "type": "Feature", "properties": { "ID": "HYE323040den", "Ten_CT": "Đền, chùa, miếu", "Loai_CT": "", "Thuoc_huyen": "TX. Hưng Yên", "Thuoc_tinh": "Hưng Yên", "Trong_chigioi": "", "Ngoai_baiSg": "", "layer": "HYE_KTVHXH", "path": "D:/Work/HungYen/TaiLieu/De/De Hung Yen/BD Hung Yen/HYE_KTVHXH.TAB" }, "geometry": { "type": "Point", "coordinates": [ 106.05133061566255, 20.637939590166201 ] } },
{ "type": "Feature", "properties": { "ID": "HYE323040den", "Ten_CT": "Đền, chùa, miếu", "Loai_CT": "", "Thuoc_huyen": "TX. Hưng Yên", "Thuoc_tinh": "Hưng Yên", "Trong_chigioi": "", "Ngoai_baiSg": "", "layer": "HYE_KTVHXH", "path": "D:/Work/HungYen/TaiLieu/De/De Hung Yen/BD Hung Yen/HYE_KTVHXH.TAB" }, "geometry": { "type": "Point", "coordinates": [ 106.04560265019667, 20.664987119810256 ] } },
{ "type": "Feature", "properties": { "ID": "HYE323040den", "Ten_CT": "Đền, chùa, miếu", "Loai_CT": "", "Thuoc_huyen": "TX. Hưng Yên", "Thuoc_tinh": "Hưng Yên", "Trong_chigioi": "", "Ngoai_baiSg": "", "layer": "HYE_KTVHXH", "path": "D:/Work/HungYen/TaiLieu/De/De Hung Yen/BD Hung Yen/HYE_KTVHXH.TAB" }, "geometry": { "type": "Point", "coordinates": [ 106.050261556823671, 20.663909235201142 ] } },
{ "type": "Feature", "properties": { "ID": "HYE323040den", "Ten_CT": "Đền, chùa, miếu", "Loai_CT": "", "Thuoc_huyen": "TX. Hưng Yên", "Thuoc_tinh": "Hưng Yên", "Trong_chigioi": "", "Ngoai_baiSg": "", "layer": "HYE_KTVHXH", "path": "D:/Work/HungYen/TaiLieu/De/De Hung Yen/BD Hung Yen/HYE_KTVHXH.TAB" }, "geometry": { "type": "Point", "coordinates": [ 106.052687699042849, 20.660674153706232 ] } },
{ "type": "Feature", "properties": { "ID": "HYE323040den", "Ten_CT": "Đền, chùa, miếu", "Loai_CT": "", "Thuoc_huyen": "TX. Hưng Yên", "Thuoc_tinh": "Hưng Yên", "Trong_chigioi": "", "Ngoai_baiSg": "", "layer": "HYE_KTVHXH", "path": "D:/Work/HungYen/TaiLieu/De/De Hung Yen/BD Hung Yen/HYE_KTVHXH.TAB" }, "geometry": { "type": "Point", "coordinates": [ 106.058735434052934, 20.656259672442658 ] } },
{ "type": "Feature", "properties": { "ID": "HYE332040den", "Ten_CT": "Đền, chùa, miếu", "Loai_CT": "", "Thuoc_huyen": "H. Tiên Lữ", "Thuoc_tinh": "Hưng Yên", "Trong_chigioi": "", "Ngoai_baiSg": "", "layer": "HYE_KTVHXH", "path": "D:/Work/HungYen/TaiLieu/De/De Hung Yen/BD Hung Yen/HYE_KTVHXH.TAB" }, "geometry": { "type": "Point", "coordinates": [ 106.083942707497727, 20.64702608106888 ] } },
{ "type": "Feature", "properties": { "ID": "HYE323040den", "Ten_CT": "Đền, chùa, miếu", "Loai_CT": "", "Thuoc_huyen": "TX. Hưng Yên", "Thuoc_tinh": "Hưng Yên", "Trong_chigioi": "", "Ngoai_baiSg": "", "layer": "HYE_KTVHXH", "path": "D:/Work/HungYen/TaiLieu/De/De Hung Yen/BD Hung Yen/HYE_KTVHXH.TAB" }, "geometry": { "type": "Point", "coordinates": [ 106.068629771703158, 20.662543106653448 ] } },
{ "type": "Feature", "properties": { "ID": "HYE323040den", "Ten_CT": "Đền, chùa, miếu", "Loai_CT": "", "Thuoc_huyen": "TX. Hưng Yên", "Thuoc_tinh": "Hưng Yên", "Trong_chigioi": "", "Ngoai_baiSg": "", "layer": "HYE_KTVHXH", "path": "D:/Work/HungYen/TaiLieu/De/De Hung Yen/BD Hung Yen/HYE_KTVHXH.TAB" }, "geometry": { "type": "Point", "coordinates": [ 106.072969240446596, 20.666878262745303 ] } },
{ "type": "Feature", "properties": { "ID": "HYE333040thoc", "Ten_CT": "Trường học", "Loai_CT": "", "Thuoc_huyen": "H. Phù Cừ", "Thuoc_tinh": "Hưng Yên", "Trong_chigioi": "", "Ngoai_baiSg": "", "layer": "HYE_KTVHXH", "path": "D:/Work/HungYen/TaiLieu/De/De Hung Yen/BD Hung Yen/HYE_KTVHXH.TAB" }, "geometry": { "type": "Point", "coordinates": [ 106.240060975209545, 20.677044385458455 ] } },
{ "type": "Feature", "properties": { "ID": "HYE333040den", "Ten_CT": "Đền, chùa, miếu", "Loai_CT": "", "Thuoc_huyen": "H. Phù Cừ", "Thuoc_tinh": "Hưng Yên", "Trong_chigioi": "", "Ngoai_baiSg": "", "layer": "HYE_KTVHXH", "path": "D:/Work/HungYen/TaiLieu/De/De Hung Yen/BD Hung Yen/HYE_KTVHXH.TAB" }, "geometry": { "type": "Point", "coordinates": [ 106.237121434563718, 20.682210231578232 ] } },
{ "type": "Feature", "properties": { "ID": "HYE333040ntrang", "Ten_CT": "Nghĩa trang", "Loai_CT": "", "Thuoc_huyen": "H. Phù Cừ", "Thuoc_tinh": "Hưng Yên", "Trong_chigioi": "", "Ngoai_baiSg": "", "layer": "HYE_KTVHXH", "path": "D:/Work/HungYen/TaiLieu/De/De Hung Yen/BD Hung Yen/HYE_KTVHXH.TAB" }, "geometry": { "type": "Point", "coordinates": [ 106.225430742961137, 20.688851650663633 ] } },
{ "type": "Feature", "properties": { "ID": "HYE333040ntrang", "Ten_CT": "Nghĩa trang", "Loai_CT": "", "Thuoc_huyen": "H. Phù Cừ", "Thuoc_tinh": "Hưng Yên", "Trong_chigioi": "", "Ngoai_baiSg": "", "layer": "HYE_KTVHXH", "path": "D:/Work/HungYen/TaiLieu/De/De Hung Yen/BD Hung Yen/HYE_KTVHXH.TAB" }, "geometry": { "type": "Point", "coordinates": [ 106.226198096379022, 20.688024963573948 ] } },
{ "type": "Feature", "properties": { "ID": "HYE333040den", "Ten_CT": "Đền, chùa, miếu", "Loai_CT": "", "Thuoc_huyen": "H. Phù Cừ", "Thuoc_tinh": "Hưng Yên", "Trong_chigioi": "", "Ngoai_baiSg": "", "layer": "HYE_KTVHXH", "path": "D:/Work/HungYen/TaiLieu/De/De Hung Yen/BD Hung Yen/HYE_KTVHXH.TAB" }, "geometry": { "type": "Point", "coordinates": [ 106.221209235249276, 20.683339089235755 ] } },
{ "type": "Feature", "properties": { "ID": "HYE333040ntrang", "Ten_CT": "Nghĩa trang", "Loai_CT": "", "Thuoc_huyen": "H. Phù Cừ", "Thuoc_tinh": "Hưng Yên", "Trong_chigioi": "", "Ngoai_baiSg": "", "layer": "HYE_KTVHXH", "path": "D:/Work/HungYen/TaiLieu/De/De Hung Yen/BD Hung Yen/HYE_KTVHXH.TAB" }, "geometry": { "type": "Point", "coordinates": [ 106.20992969135358, 20.677132553662958 ] } },
{ "type": "Feature", "properties": { "ID": "HYE332040den", "Ten_CT": "Đền, chùa, miếu", "Loai_CT": "", "Thuoc_huyen": "H. Tiên Lữ", "Thuoc_tinh": "Hưng Yên", "Trong_chigioi": "", "Ngoai_baiSg": "", "layer": "HYE_KTVHXH", "path": "D:/Work/HungYen/TaiLieu/De/De Hung Yen/BD Hung Yen/HYE_KTVHXH.TAB" }, "geometry": { "type": "Point", "coordinates": [ 106.187087993929012, 20.674883472052553 ] } },
{ "type": "Feature", "properties": { "ID": "HYE332040den", "Ten_CT": "Đền, chùa, miếu", "Loai_CT": "", "Thuoc_huyen": "H. Tiên Lữ", "Thuoc_tinh": "Hưng Yên", "Trong_chigioi": "", "Ngoai_baiSg": "", "layer": "HYE_KTVHXH", "path": "D:/Work/HungYen/TaiLieu/De/De Hung Yen/BD Hung Yen/HYE_KTVHXH.TAB" }, "geometry": { "type": "Point", "coordinates": [ 106.184426605399949, 20.667686073008539 ] } },
{ "type": "Feature", "properties": { "ID": "HYE332040den", "Ten_CT": "Đền, chùa, miếu", "Loai_CT": "", "Thuoc_huyen": "H. Tiên Lữ", "Thuoc_tinh": "Hưng Yên", "Trong_chigioi": "", "Ngoai_baiSg": "", "layer": "HYE_KTVHXH", "path": "D:/Work/HungYen/TaiLieu/De/De Hung Yen/BD Hung Yen/HYE_KTVHXH.TAB" }, "geometry": { "type": "Point", "coordinates": [ 106.178555594050835, 20.673227432561102 ] } },
{ "type": "Feature", "properties": { "ID": "HYE332040ntho", "Ten_CT": "Nhà thờ", "Loai_CT": "", "Thuoc_huyen": "H. Tiên Lữ", "Thuoc_tinh": "Hưng Yên", "Trong_chigioi": "", "Ngoai_baiSg": "", "layer": "HYE_KTVHXH", "path": "D:/Work/HungYen/TaiLieu/De/De Hung Yen/BD Hung Yen/HYE_KTVHXH.TAB" }, "geometry": { "type": "Point", "coordinates": [ 106.178973147582866, 20.672327808746545 ] } },
{ "type": "Feature", "properties": { "ID": "HYE332040den", "Ten_CT": "Đền, chùa, miếu", "Loai_CT": "", "Thuoc_huyen": "H. Tiên Lữ", "Thuoc_tinh": "Hưng Yên", "Trong_chigioi": "", "Ngoai_baiSg": "", "layer": "HYE_KTVHXH", "path": "D:/Work/HungYen/TaiLieu/De/De Hung Yen/BD Hung Yen/HYE_KTVHXH.TAB" }, "geometry": { "type": "Point", "coordinates": [ 106.177007668552918, 20.683305021084799 ] } },
{ "type": "Feature", "properties": { "ID": "HYE333040den", "Ten_CT": "Đền, chùa, miếu", "Loai_CT": "", "Thuoc_huyen": "H. Phù Cừ", "Thuoc_tinh": "Hưng Yên", "Trong_chigioi": "", "Ngoai_baiSg": "", "layer": "HYE_KTVHXH", "path": "D:/Work/HungYen/TaiLieu/De/De Hung Yen/BD Hung Yen/HYE_KTVHXH.TAB" }, "geometry": { "type": "Point", "coordinates": [ 106.201872632695938, 20.694116182280723 ] } },
{ "type": "Feature", "properties": { "ID": "HYE333040ntrang", "Ten_CT": "Nghĩa trang", "Loai_CT": "", "Thuoc_huyen": "H. Phù Cừ", "Thuoc_tinh": "Hưng Yên", "Trong_chigioi": "", "Ngoai_baiSg": "", "layer": "HYE_KTVHXH", "path": "D:/Work/HungYen/TaiLieu/De/De Hung Yen/BD Hung Yen/HYE_KTVHXH.TAB" }, "geometry": { "type": "Point", "coordinates": [ 106.207071150727032, 20.694515659233996 ] } },
{ "type": "Feature", "properties": { "ID": "HYE333040den", "Ten_CT": "Đền, chùa, miếu", "Loai_CT": "", "Thuoc_huyen": "H. Phù Cừ", "Thuoc_tinh": "Hưng Yên", "Trong_chigioi": "", "Ngoai_baiSg": "", "layer": "HYE_KTVHXH", "path": "D:/Work/HungYen/TaiLieu/De/De Hung Yen/BD Hung Yen/HYE_KTVHXH.TAB" }, "geometry": { "type": "Point", "coordinates": [ 106.210612950204137, 20.697746459426863 ] } },
{ "type": "Feature", "properties": { "ID": "HYE333040ntho", "Ten_CT": "Nhà thờ", "Loai_CT": "", "Thuoc_huyen": "H. Phù Cừ", "Thuoc_tinh": "Hưng Yên", "Trong_chigioi": "", "Ngoai_baiSg": "", "layer": "HYE_KTVHXH", "path": "D:/Work/HungYen/TaiLieu/De/De Hung Yen/BD Hung Yen/HYE_KTVHXH.TAB" }, "geometry": { "type": "Point", "coordinates": [ 106.242644858766937, 20.690888848900464 ] } },
{ "type": "Feature", "properties": { "ID": "HYE333040den", "Ten_CT": "Đền, chùa, miếu", "Loai_CT": "", "Thuoc_huyen": "H. Phù Cừ", "Thuoc_tinh": "Hưng Yên", "Trong_chigioi": "", "Ngoai_baiSg": "", "layer": "HYE_KTVHXH", "path": "D:/Work/HungYen/TaiLieu/De/De Hung Yen/BD Hung Yen/HYE_KTVHXH.TAB" }, "geometry": { "type": "Point", "coordinates": [ 106.2347897920924, 20.700423023878855 ] } },
{ "type": "Feature", "properties": { "ID": "HYE333040ntrang", "Ten_CT": "Nghĩa trang", "Loai_CT": "", "Thuoc_huyen": "H. Phù Cừ", "Thuoc_tinh": "Hưng Yên", "Trong_chigioi": "", "Ngoai_baiSg": "", "layer": "HYE_KTVHXH", "path": "D:/Work/HungYen/TaiLieu/De/De Hung Yen/BD Hung Yen/HYE_KTVHXH.TAB" }, "geometry": { "type": "Point", "coordinates": [ 106.211111824522533, 20.715718042496665 ] } },
{ "type": "Feature", "properties": { "ID": "HYE333040ntrang", "Ten_CT": "Nghĩa trang", "Loai_CT": "", "Thuoc_huyen": "H. Phù Cừ", "Thuoc_tinh": "Hưng Yên", "Trong_chigioi": "", "Ngoai_baiSg": "", "layer": "HYE_KTVHXH", "path": "D:/Work/HungYen/TaiLieu/De/De Hung Yen/BD Hung Yen/HYE_KTVHXH.TAB" }, "geometry": { "type": "Point", "coordinates": [ 106.211069927148685, 20.714554251573237 ] } },
{ "type": "Feature", "properties": { "ID": "HYE333040den", "Ten_CT": "Đền, chùa, miếu", "Loai_CT": "", "Thuoc_huyen": "H. Phù Cừ", "Thuoc_tinh": "Hưng Yên", "Trong_chigioi": "", "Ngoai_baiSg": "", "layer": "HYE_KTVHXH", "path": "D:/Work/HungYen/TaiLieu/De/De Hung Yen/BD Hung Yen/HYE_KTVHXH.TAB" }, "geometry": { "type": "Point", "coordinates": [ 106.215185688399913, 20.710528148751685 ] } },
{ "type": "Feature", "properties": { "ID": "HYE333040den", "Ten_CT": "Đền, chùa, miếu", "Loai_CT": "", "Thuoc_huyen": "H. Phù Cừ", "Thuoc_tinh": "Hưng Yên", "Trong_chigioi": "", "Ngoai_baiSg": "", "layer": "HYE_KTVHXH", "path": "D:/Work/HungYen/TaiLieu/De/De Hung Yen/BD Hung Yen/HYE_KTVHXH.TAB" }, "geometry": { "type": "Point", "coordinates": [ 106.212397001996038, 20.72304313552349 ] } },
{ "type": "Feature", "properties": { "ID": "HYE333040den", "Ten_CT": "Đền, chùa, miếu", "Loai_CT": "", "Thuoc_huyen": "H. Phù Cừ", "Thuoc_tinh": "Hưng Yên", "Trong_chigioi": "", "Ngoai_baiSg": "", "layer": "HYE_KTVHXH", "path": "D:/Work/HungYen/TaiLieu/De/De Hung Yen/BD Hung Yen/HYE_KTVHXH.TAB" }, "geometry": { "type": "Point", "coordinates": [ 106.208234996257218, 20.730380080716305 ] } },
{ "type": "Feature", "properties": { "ID": "HYE333040den", "Ten_CT": "Đền, chùa, miếu", "Loai_CT": "", "Thuoc_huyen": "H. Phù Cừ", "Thuoc_tinh": "Hưng Yên", "Trong_chigioi": "", "Ngoai_baiSg": "", "layer": "HYE_KTVHXH", "path": "D:/Work/HungYen/TaiLieu/De/De Hung Yen/BD Hung Yen/HYE_KTVHXH.TAB" }, "geometry": { "type": "Point", "coordinates": [ 106.179286028622741, 20.748009740906671 ] } },
{ "type": "Feature", "properties": { "ID": "HYE333040ntho", "Ten_CT": "Nhà thờ", "Loai_CT": "", "Thuoc_huyen": "H. Phù Cừ", "Thuoc_tinh": "Hưng Yên", "Trong_chigioi": "", "Ngoai_baiSg": "", "layer": "HYE_KTVHXH", "path": "D:/Work/HungYen/TaiLieu/De/De Hung Yen/BD Hung Yen/HYE_KTVHXH.TAB" }, "geometry": { "type": "Point", "coordinates": [ 106.180086971117134, 20.741674151242385 ] } },
{ "type": "Feature", "properties": { "ID": "HYE333040bdien", "Ten_CT": "Bưu điện", "Loai_CT": "", "Thuoc_huyen": "H. Phù Cừ", "Thuoc_tinh": "Hưng Yên", "Trong_chigioi": "", "Ngoai_baiSg": "", "layer": "HYE_KTVHXH", "path": "D:/Work/HungYen/TaiLieu/De/De Hung Yen/BD Hung Yen/HYE_KTVHXH.TAB" }, "geometry": { "type": "Point", "coordinates": [ 106.17429399876967, 20.733505519918388 ] } },
{ "type": "Feature", "properties": { "ID": "HYE333040tbthe", "Ten_CT": "Trạm biến thế", "Loai_CT": "", "Thuoc_huyen": "H. Phù Cừ", "Thuoc_tinh": "Hưng Yên", "Trong_chigioi": "", "Ngoai_baiSg": "", "layer": "HYE_KTVHXH", "path": "D:/Work/HungYen/TaiLieu/De/De Hung Yen/BD Hung Yen/HYE_KTVHXH.TAB" }, "geometry": { "type": "Point", "coordinates": [ 106.170855109579037, 20.730387754246852 ] } },
{ "type": "Feature", "properties": { "ID": "HYE333040den", "Ten_CT": "Đền, chùa, miếu", "Loai_CT": "", "Thuoc_huyen": "H. Phù Cừ", "Thuoc_tinh": "Hưng Yên", "Trong_chigioi": "", "Ngoai_baiSg": "", "layer": "HYE_KTVHXH", "path": "D:/Work/HungYen/TaiLieu/De/De Hung Yen/BD Hung Yen/HYE_KTVHXH.TAB" }, "geometry": { "type": "Point", "coordinates": [ 106.159536600991942, 20.726273383575588 ] } },
{ "type": "Feature", "properties": { "ID": "HYE333040den", "Ten_CT": "Đền, chùa, miếu", "Loai_CT": "", "Thuoc_huyen": "H. Phù Cừ", "Thuoc_tinh": "Hưng Yên", "Trong_chigioi": "", "Ngoai_baiSg": "", "layer": "HYE_KTVHXH", "path": "D:/Work/HungYen/TaiLieu/De/De Hung Yen/BD Hung Yen/HYE_KTVHXH.TAB" }, "geometry": { "type": "Point", "coordinates": [ 106.158786441013447, 20.737292712851463 ] } },
{ "type": "Feature", "properties": { "ID": "HYE333040den", "Ten_CT": "Đền, chùa, miếu", "Loai_CT": "", "Thuoc_huyen": "H. Phù Cừ", "Thuoc_tinh": "Hưng Yên", "Trong_chigioi": "", "Ngoai_baiSg": "", "layer": "HYE_KTVHXH", "path": "D:/Work/HungYen/TaiLieu/De/De Hung Yen/BD Hung Yen/HYE_KTVHXH.TAB" }, "geometry": { "type": "Point", "coordinates": [ 106.16321380982022, 20.748263793975418 ] } },
{ "type": "Feature", "properties": { "ID": "HYE333040ntho", "Ten_CT": "Nhà thờ", "Loai_CT": "", "Thuoc_huyen": "H. Phù Cừ", "Thuoc_tinh": "Hưng Yên", "Trong_chigioi": "", "Ngoai_baiSg": "", "layer": "HYE_KTVHXH", "path": "D:/Work/HungYen/TaiLieu/De/De Hung Yen/BD Hung Yen/HYE_KTVHXH.TAB" }, "geometry": { "type": "Point", "coordinates": [ 106.186767821699107, 20.737416035535354 ] } },
{ "type": "Feature", "properties": { "ID": "HYE333040den", "Ten_CT": "Đền, chùa, miếu", "Loai_CT": "", "Thuoc_huyen": "H. Phù Cừ", "Thuoc_tinh": "Hưng Yên", "Trong_chigioi": "", "Ngoai_baiSg": "", "layer": "HYE_KTVHXH", "path": "D:/Work/HungYen/TaiLieu/De/De Hung Yen/BD Hung Yen/HYE_KTVHXH.TAB" }, "geometry": { "type": "Point", "coordinates": [ 106.211303330650225, 20.742304243418758 ] } },
{ "type": "Feature", "properties": { "ID": "HYE333040den", "Ten_CT": "Đền, chùa, miếu", "Loai_CT": "", "Thuoc_huyen": "H. Phù Cừ", "Thuoc_tinh": "Hưng Yên", "Trong_chigioi": "", "Ngoai_baiSg": "", "layer": "HYE_KTVHXH", "path": "D:/Work/HungYen/TaiLieu/De/De Hung Yen/BD Hung Yen/HYE_KTVHXH.TAB" }, "geometry": { "type": "Point", "coordinates": [ 106.203792715420462, 20.731191074923149 ] } },
{ "type": "Feature", "properties": { "ID": "HYE333040den", "Ten_CT": "Đền, chùa, miếu", "Loai_CT": "", "Thuoc_huyen": "H. Phù Cừ", "Thuoc_tinh": "Hưng Yên", "Trong_chigioi": "", "Ngoai_baiSg": "", "layer": "HYE_KTVHXH", "path": "D:/Work/HungYen/TaiLieu/De/De Hung Yen/BD Hung Yen/HYE_KTVHXH.TAB" }, "geometry": { "type": "Point", "coordinates": [ 106.189549611086093, 20.725392455787276 ] } },
{ "type": "Feature", "properties": { "ID": "HYE333040bvien", "Ten_CT": "Bệnh viện, trạm xá", "Loai_CT": "", "Thuoc_huyen": "H. Phù Cừ", "Thuoc_tinh": "Hưng Yên", "Trong_chigioi": "", "Ngoai_baiSg": "", "layer": "HYE_KTVHXH", "path": "D:/Work/HungYen/TaiLieu/De/De Hung Yen/BD Hung Yen/HYE_KTVHXH.TAB" }, "geometry": { "type": "Point", "coordinates": [ 106.196280092888102, 20.710285259350119 ] } },
{ "type": "Feature", "properties": { "ID": "HYE333040den", "Ten_CT": "Đền, chùa, miếu", "Loai_CT": "", "Thuoc_huyen": "H. Phù Cừ", "Thuoc_tinh": "Hưng Yên", "Trong_chigioi": "", "Ngoai_baiSg": "", "layer": "HYE_KTVHXH", "path": "D:/Work/HungYen/TaiLieu/De/De Hung Yen/BD Hung Yen/HYE_KTVHXH.TAB" }, "geometry": { "type": "Point", "coordinates": [ 106.18809756617685, 20.7051236887485 ] } },
{ "type": "Feature", "properties": { "ID": "HYE333040den", "Ten_CT": "Đền, chùa, miếu", "Loai_CT": "", "Thuoc_huyen": "H. Phù Cừ", "Thuoc_tinh": "Hưng Yên", "Trong_chigioi": "", "Ngoai_baiSg": "", "layer": "HYE_KTVHXH", "path": "D:/Work/HungYen/TaiLieu/De/De Hung Yen/BD Hung Yen/HYE_KTVHXH.TAB" }, "geometry": { "type": "Point", "coordinates": [ 106.179016299643337, 20.707384743781137 ] } },
{ "type": "Feature", "properties": { "ID": "HYE333040den", "Ten_CT": "Đền, chùa, miếu", "Loai_CT": "", "Thuoc_huyen": "H. Phù Cừ", "Thuoc_tinh": "Hưng Yên", "Trong_chigioi": "", "Ngoai_baiSg": "", "layer": "HYE_KTVHXH", "path": "D:/Work/HungYen/TaiLieu/De/De Hung Yen/BD Hung Yen/HYE_KTVHXH.TAB" }, "geometry": { "type": "Point", "coordinates": [ 106.176829611266072, 20.696715113899103 ] } },
{ "type": "Feature", "properties": { "ID": "HYE333040den", "Ten_CT": "Đền, chùa, miếu", "Loai_CT": "", "Thuoc_huyen": "H. Phù Cừ", "Thuoc_tinh": "Hưng Yên", "Trong_chigioi": "", "Ngoai_baiSg": "", "layer": "HYE_KTVHXH", "path": "D:/Work/HungYen/TaiLieu/De/De Hung Yen/BD Hung Yen/HYE_KTVHXH.TAB" }, "geometry": { "type": "Point", "coordinates": [ 106.170738942139096, 20.712924910723871 ] } },
{ "type": "Feature", "properties": { "ID": "HYE333040den", "Ten_CT": "Đền, chùa, miếu", "Loai_CT": "", "Thuoc_huyen": "H. Phù Cừ", "Thuoc_tinh": "Hưng Yên", "Trong_chigioi": "", "Ngoai_baiSg": "", "layer": "HYE_KTVHXH", "path": "D:/Work/HungYen/TaiLieu/De/De Hung Yen/BD Hung Yen/HYE_KTVHXH.TAB" }, "geometry": { "type": "Point", "coordinates": [ 106.169206993409432, 20.704135594220624 ] } },
{ "type": "Feature", "properties": { "ID": "HYE333040den", "Ten_CT": "Đền, chùa, miếu", "Loai_CT": "", "Thuoc_huyen": "H. Phù Cừ", "Thuoc_tinh": "Hưng Yên", "Trong_chigioi": "", "Ngoai_baiSg": "", "layer": "HYE_KTVHXH", "path": "D:/Work/HungYen/TaiLieu/De/De Hung Yen/BD Hung Yen/HYE_KTVHXH.TAB" }, "geometry": { "type": "Point", "coordinates": [ 106.172130206920315, 20.701473573046382 ] } },
{ "type": "Feature", "properties": { "ID": "HYE333040den", "Ten_CT": "Đền, chùa, miếu", "Loai_CT": "", "Thuoc_huyen": "H. Phù Cừ", "Thuoc_tinh": "Hưng Yên", "Trong_chigioi": "", "Ngoai_baiSg": "", "layer": "HYE_KTVHXH", "path": "D:/Work/HungYen/TaiLieu/De/De Hung Yen/BD Hung Yen/HYE_KTVHXH.TAB" }, "geometry": { "type": "Point", "coordinates": [ 106.172879096733965, 20.69859883534177 ] } },
{ "type": "Feature", "properties": { "ID": "HYE332040den", "Ten_CT": "Đền, chùa, miếu", "Loai_CT": "", "Thuoc_huyen": "H. Tiên Lữ", "Thuoc_tinh": "Hưng Yên", "Trong_chigioi": "", "Ngoai_baiSg": "", "layer": "HYE_KTVHXH", "path": "D:/Work/HungYen/TaiLieu/De/De Hung Yen/BD Hung Yen/HYE_KTVHXH.TAB" }, "geometry": { "type": "Point", "coordinates": [ 106.16021712373842, 20.680272844304337 ] } },
{ "type": "Feature", "properties": { "ID": "HYE332040den", "Ten_CT": "Đền, chùa, miếu", "Loai_CT": "", "Thuoc_huyen": "H. Tiên Lữ", "Thuoc_tinh": "Hưng Yên", "Trong_chigioi": "", "Ngoai_baiSg": "", "layer": "HYE_KTVHXH", "path": "D:/Work/HungYen/TaiLieu/De/De Hung Yen/BD Hung Yen/HYE_KTVHXH.TAB" }, "geometry": { "type": "Point", "coordinates": [ 106.167813989837839, 20.683580414560463 ] } },
{ "type": "Feature", "properties": { "ID": "HYE332040den", "Ten_CT": "Đền, chùa, miếu", "Loai_CT": "", "Thuoc_huyen": "H. Tiên Lữ", "Thuoc_tinh": "Hưng Yên", "Trong_chigioi": "", "Ngoai_baiSg": "", "layer": "HYE_KTVHXH", "path": "D:/Work/HungYen/TaiLieu/De/De Hung Yen/BD Hung Yen/HYE_KTVHXH.TAB" }, "geometry": { "type": "Point", "coordinates": [ 106.163779210256479, 20.701738270427796 ] } },
{ "type": "Feature", "properties": { "ID": "HYE333040ntho", "Ten_CT": "Nhà thờ", "Loai_CT": "", "Thuoc_huyen": "H. Phù Cừ", "Thuoc_tinh": "Hưng Yên", "Trong_chigioi": "", "Ngoai_baiSg": "", "layer": "HYE_KTVHXH", "path": "D:/Work/HungYen/TaiLieu/De/De Hung Yen/BD Hung Yen/HYE_KTVHXH.TAB" }, "geometry": { "type": "Point", "coordinates": [ 106.151383010926025, 20.718868840628797 ] } },
{ "type": "Feature", "properties": { "ID": "HYE333040den", "Ten_CT": "Đền, chùa, miếu", "Loai_CT": "", "Thuoc_huyen": "H. Phù Cừ", "Thuoc_tinh": "Hưng Yên", "Trong_chigioi": "", "Ngoai_baiSg": "", "layer": "HYE_KTVHXH", "path": "D:/Work/HungYen/TaiLieu/De/De Hung Yen/BD Hung Yen/HYE_KTVHXH.TAB" }, "geometry": { "type": "Point", "coordinates": [ 106.147473148528789, 20.721335462302232 ] } },
{ "type": "Feature", "properties": { "ID": "HYE333040den", "Ten_CT": "Đền, chùa, miếu", "Loai_CT": "", "Thuoc_huyen": "H. Phù Cừ", "Thuoc_tinh": "Hưng Yên", "Trong_chigioi": "", "Ngoai_baiSg": "", "layer": "HYE_KTVHXH", "path": "D:/Work/HungYen/TaiLieu/De/De Hung Yen/BD Hung Yen/HYE_KTVHXH.TAB" }, "geometry": { "type": "Point", "coordinates": [ 106.143056714779306, 20.724738547258223 ] } },
{ "type": "Feature", "properties": { "ID": "HYE333040ntho", "Ten_CT": "Nhà thờ", "Loai_CT": "", "Thuoc_huyen": "H. Phù Cừ", "Thuoc_tinh": "Hưng Yên", "Trong_chigioi": "", "Ngoai_baiSg": "", "layer": "HYE_KTVHXH", "path": "D:/Work/HungYen/TaiLieu/De/De Hung Yen/BD Hung Yen/HYE_KTVHXH.TAB" }, "geometry": { "type": "Point", "coordinates": [ 106.14457981825079, 20.725270858761682 ] } },
{ "type": "Feature", "properties": { "ID": "HYE333040bia", "Ten_CT": "Bia tưởng niệm", "Loai_CT": "", "Thuoc_huyen": "H. Phù Cừ", "Thuoc_tinh": "Hưng Yên", "Trong_chigioi": "", "Ngoai_baiSg": "", "layer": "HYE_KTVHXH", "path": "D:/Work/HungYen/TaiLieu/De/De Hung Yen/BD Hung Yen/HYE_KTVHXH.TAB" }, "geometry": { "type": "Point", "coordinates": [ 106.132611810468404, 20.729869613066292 ] } },
{ "type": "Feature", "properties": { "ID": "HYE333040den", "Ten_CT": "Đền, chùa, miếu", "Loai_CT": "", "Thuoc_huyen": "H. Phù Cừ", "Thuoc_tinh": "Hưng Yên", "Trong_chigioi": "", "Ngoai_baiSg": "", "layer": "HYE_KTVHXH", "path": "D:/Work/HungYen/TaiLieu/De/De Hung Yen/BD Hung Yen/HYE_KTVHXH.TAB" }, "geometry": { "type": "Point", "coordinates": [ 106.131048794002922, 20.733079591319903 ] } },
{ "type": "Feature", "properties": { "ID": "HYE329040ntho", "Ten_CT": "Nhà thờ", "Loai_CT": "", "Thuoc_huyen": "H. Ân Thi", "Thuoc_tinh": "Hưng Yên", "Trong_chigioi": "", "Ngoai_baiSg": "", "layer": "HYE_KTVHXH", "path": "D:/Work/HungYen/TaiLieu/De/De Hung Yen/BD Hung Yen/HYE_KTVHXH.TAB" }, "geometry": { "type": "Point", "coordinates": [ 106.115459703301198, 20.740426260775529 ] } },
{ "type": "Feature", "properties": { "ID": "HYE329040ntho", "Ten_CT": "Nhà thờ", "Loai_CT": "", "Thuoc_huyen": "H. Ân Thi", "Thuoc_tinh": "Hưng Yên", "Trong_chigioi": "", "Ngoai_baiSg": "", "layer": "HYE_KTVHXH", "path": "D:/Work/HungYen/TaiLieu/De/De Hung Yen/BD Hung Yen/HYE_KTVHXH.TAB" }, "geometry": { "type": "Point", "coordinates": [ 106.114503552969396, 20.748127163555033 ] } },
{ "type": "Feature", "properties": { "ID": "HYE329040den", "Ten_CT": "Đền, chùa, miếu", "Loai_CT": "", "Thuoc_huyen": "H. Ân Thi", "Thuoc_tinh": "Hưng Yên", "Trong_chigioi": "", "Ngoai_baiSg": "", "layer": "HYE_KTVHXH", "path": "D:/Work/HungYen/TaiLieu/De/De Hung Yen/BD Hung Yen/HYE_KTVHXH.TAB" }, "geometry": { "type": "Point", "coordinates": [ 106.104882648442583, 20.749041323232646 ] } },
{ "type": "Feature", "properties": { "ID": "HYE332040tbthe", "Ten_CT": "Trạm biến thế", "Loai_CT": "", "Thuoc_huyen": "H. Tiên Lữ", "Thuoc_tinh": "Hưng Yên", "Trong_chigioi": "", "Ngoai_baiSg": "", "layer": "HYE_KTVHXH", "path": "D:/Work/HungYen/TaiLieu/De/De Hung Yen/BD Hung Yen/HYE_KTVHXH.TAB" }, "geometry": { "type": "Point", "coordinates": [ 106.111878247515804, 20.724437258874147 ] } },
{ "type": "Feature", "properties": { "ID": "HYE332040den", "Ten_CT": "Đền, chùa, miếu", "Loai_CT": "", "Thuoc_huyen": "H. Tiên Lữ", "Thuoc_tinh": "Hưng Yên", "Trong_chigioi": "", "Ngoai_baiSg": "", "layer": "HYE_KTVHXH", "path": "D:/Work/HungYen/TaiLieu/De/De Hung Yen/BD Hung Yen/HYE_KTVHXH.TAB" }, "geometry": { "type": "Point", "coordinates": [ 106.079673644998564, 20.716004681799735 ] } },
{ "type": "Feature", "properties": { "ID": "HYE332040bia", "Ten_CT": "Bia tưởng niệm", "Loai_CT": "", "Thuoc_huyen": "H. Tiên Lữ", "Thuoc_tinh": "Hưng Yên", "Trong_chigioi": "", "Ngoai_baiSg": "", "layer": "HYE_KTVHXH", "path": "D:/Work/HungYen/TaiLieu/De/De Hung Yen/BD Hung Yen/HYE_KTVHXH.TAB" }, "geometry": { "type": "Point", "coordinates": [ 106.095271529074139, 20.714277183633609 ] } },
{ "type": "Feature", "properties": { "ID": "HYE332040den", "Ten_CT": "Đền, chùa, miếu", "Loai_CT": "", "Thuoc_huyen": "H. Tiên Lữ", "Thuoc_tinh": "Hưng Yên", "Trong_chigioi": "", "Ngoai_baiSg": "", "layer": "HYE_KTVHXH", "path": "D:/Work/HungYen/TaiLieu/De/De Hung Yen/BD Hung Yen/HYE_KTVHXH.TAB" }, "geometry": { "type": "Point", "coordinates": [ 106.076375881914714, 20.706877741579039 ] } },
{ "type": "Feature", "properties": { "ID": "HYE332040den", "Ten_CT": "Đền, chùa, miếu", "Loai_CT": "", "Thuoc_huyen": "H. Tiên Lữ", "Thuoc_tinh": "Hưng Yên", "Trong_chigioi": "", "Ngoai_baiSg": "", "layer": "HYE_KTVHXH", "path": "D:/Work/HungYen/TaiLieu/De/De Hung Yen/BD Hung Yen/HYE_KTVHXH.TAB" }, "geometry": { "type": "Point", "coordinates": [ 106.124004851263592, 20.716229474599935 ] } },
{ "type": "Feature", "properties": { "ID": "HYE332040den", "Ten_CT": "Đền, chùa, miếu", "Loai_CT": "", "Thuoc_huyen": "H. Tiên Lữ", "Thuoc_tinh": "Hưng Yên", "Trong_chigioi": "", "Ngoai_baiSg": "", "layer": "HYE_KTVHXH", "path": "D:/Work/HungYen/TaiLieu/De/De Hung Yen/BD Hung Yen/HYE_KTVHXH.TAB" }, "geometry": { "type": "Point", "coordinates": [ 106.125394572093384, 20.715155933736575 ] } },
{ "type": "Feature", "properties": { "ID": "HYE332040den", "Ten_CT": "Đền, chùa, miếu", "Loai_CT": "", "Thuoc_huyen": "H. Tiên Lữ", "Thuoc_tinh": "Hưng Yên", "Trong_chigioi": "", "Ngoai_baiSg": "", "layer": "HYE_KTVHXH", "path": "D:/Work/HungYen/TaiLieu/De/De Hung Yen/BD Hung Yen/HYE_KTVHXH.TAB" }, "geometry": { "type": "Point", "coordinates": [ 106.119422449864189, 20.71061240986473 ] } },
{ "type": "Feature", "properties": { "ID": "HYE332040den", "Ten_CT": "Đền, chùa, miếu", "Loai_CT": "", "Thuoc_huyen": "H. Tiên Lữ", "Thuoc_tinh": "Hưng Yên", "Trong_chigioi": "", "Ngoai_baiSg": "", "layer": "HYE_KTVHXH", "path": "D:/Work/HungYen/TaiLieu/De/De Hung Yen/BD Hung Yen/HYE_KTVHXH.TAB" }, "geometry": { "type": "Point", "coordinates": [ 106.147923410952075, 20.681730401730995 ] } },
{ "type": "Feature", "properties": { "ID": "HYE332040den", "Ten_CT": "Đền, chùa, miếu", "Loai_CT": "", "Thuoc_huyen": "H. Tiên Lữ", "Thuoc_tinh": "Hưng Yên", "Trong_chigioi": "", "Ngoai_baiSg": "", "layer": "HYE_KTVHXH", "path": "D:/Work/HungYen/TaiLieu/De/De Hung Yen/BD Hung Yen/HYE_KTVHXH.TAB" }, "geometry": { "type": "Point", "coordinates": [ 106.13747284664602, 20.6691727743375 ] } },
{ "type": "Feature", "properties": { "ID": "HYE332040den", "Ten_CT": "Đền, chùa, miếu", "Loai_CT": "", "Thuoc_huyen": "H. Tiên Lữ", "Thuoc_tinh": "Hưng Yên", "Trong_chigioi": "", "Ngoai_baiSg": "", "layer": "HYE_KTVHXH", "path": "D:/Work/HungYen/TaiLieu/De/De Hung Yen/BD Hung Yen/HYE_KTVHXH.TAB" }, "geometry": { "type": "Point", "coordinates": [ 106.108523338384245, 20.674363454675152 ] } },
{ "type": "Feature", "properties": { "ID": "HYE323040den", "Ten_CT": "Đền, chùa, miếu", "Loai_CT": "", "Thuoc_huyen": "TX. Hưng Yên", "Thuoc_tinh": "Hưng Yên", "Trong_chigioi": "", "Ngoai_baiSg": "", "layer": "HYE_KTVHXH", "path": "D:/Work/HungYen/TaiLieu/De/De Hung Yen/BD Hung Yen/HYE_KTVHXH.TAB" }, "geometry": { "type": "Point", "coordinates": [ 106.088117480563326, 20.6736798633364 ] } },
{ "type": "Feature", "properties": { "ID": "HYE332040den", "Ten_CT": "Đền, chùa, miếu", "Loai_CT": "", "Thuoc_huyen": "H. Tiên Lữ", "Thuoc_tinh": "Hưng Yên", "Trong_chigioi": "", "Ngoai_baiSg": "", "layer": "HYE_KTVHXH", "path": "D:/Work/HungYen/TaiLieu/De/De Hung Yen/BD Hung Yen/HYE_KTVHXH.TAB" }, "geometry": { "type": "Point", "coordinates": [ 106.095992252213307, 20.676065934537725 ] } },
{ "type": "Feature", "properties": { "ID": "HYE332040bia", "Ten_CT": "Bia tưởng niệm", "Loai_CT": "", "Thuoc_huyen": "H. Tiên Lữ", "Thuoc_tinh": "Hưng Yên", "Trong_chigioi": "", "Ngoai_baiSg": "", "layer": "HYE_KTVHXH", "path": "D:/Work/HungYen/TaiLieu/De/De Hung Yen/BD Hung Yen/HYE_KTVHXH.TAB" }, "geometry": { "type": "Point", "coordinates": [ 106.104629230161819, 20.681769722195973 ] } },
{ "type": "Feature", "properties": { "ID": "HYE332040den", "Ten_CT": "Đền, chùa, miếu", "Loai_CT": "", "Thuoc_huyen": "H. Tiên Lữ", "Thuoc_tinh": "Hưng Yên", "Trong_chigioi": "", "Ngoai_baiSg": "", "layer": "HYE_KTVHXH", "path": "D:/Work/HungYen/TaiLieu/De/De Hung Yen/BD Hung Yen/HYE_KTVHXH.TAB" }, "geometry": { "type": "Point", "coordinates": [ 106.107210553940618, 20.684702992164951 ] } },
{ "type": "Feature", "properties": { "ID": "HYE332040den", "Ten_CT": "Đền, chùa, miếu", "Loai_CT": "", "Thuoc_huyen": "H. Tiên Lữ", "Thuoc_tinh": "Hưng Yên", "Trong_chigioi": "", "Ngoai_baiSg": "", "layer": "HYE_KTVHXH", "path": "D:/Work/HungYen/TaiLieu/De/De Hung Yen/BD Hung Yen/HYE_KTVHXH.TAB" }, "geometry": { "type": "Point", "coordinates": [ 106.111202807764357, 20.689521069052827 ] } },
{ "type": "Feature", "properties": { "ID": "HYE332040den", "Ten_CT": "Đền, chùa, miếu", "Loai_CT": "", "Thuoc_huyen": "H. Tiên Lữ", "Thuoc_tinh": "Hưng Yên", "Trong_chigioi": "", "Ngoai_baiSg": "", "layer": "HYE_KTVHXH", "path": "D:/Work/HungYen/TaiLieu/De/De Hung Yen/BD Hung Yen/HYE_KTVHXH.TAB" }, "geometry": { "type": "Point", "coordinates": [ 106.139659264838187, 20.681614667859474 ] } },
{ "type": "Feature", "properties": { "ID": "HYE323040den", "Ten_CT": "Đền, chùa, miếu", "Loai_CT": "", "Thuoc_huyen": "TX. Hưng Yên", "Thuoc_tinh": "Hưng Yên", "Trong_chigioi": "", "Ngoai_baiSg": "", "layer": "HYE_KTVHXH", "path": "D:/Work/HungYen/TaiLieu/De/De Hung Yen/BD Hung Yen/HYE_KTVHXH.TAB" }, "geometry": { "type": "Point", "coordinates": [ 106.088720222701753, 20.680823724964888 ] } },
{ "type": "Feature", "properties": { "ID": "HYE323040den", "Ten_CT": "Đền, chùa, miếu", "Loai_CT": "", "Thuoc_huyen": "TX. Hưng Yên", "Thuoc_tinh": "Hưng Yên", "Trong_chigioi": "", "Ngoai_baiSg": "", "layer": "HYE_KTVHXH", "path": "D:/Work/HungYen/TaiLieu/De/De Hung Yen/BD Hung Yen/HYE_KTVHXH.TAB" }, "geometry": { "type": "Point", "coordinates": [ 106.0823996484486, 20.682454733267758 ] } },
{ "type": "Feature", "properties": { "ID": "HYE323040den", "Ten_CT": "Đền, chùa, miếu", "Loai_CT": "", "Thuoc_huyen": "TX. Hưng Yên", "Thuoc_tinh": "Hưng Yên", "Trong_chigioi": "", "Ngoai_baiSg": "", "layer": "HYE_KTVHXH", "path": "D:/Work/HungYen/TaiLieu/De/De Hung Yen/BD Hung Yen/HYE_KTVHXH.TAB" }, "geometry": { "type": "Point", "coordinates": [ 106.079809079792042, 20.679975939426722 ] } },
{ "type": "Feature", "properties": { "ID": "HYE323040den", "Ten_CT": "Đền, chùa, miếu", "Loai_CT": "", "Thuoc_huyen": "TX. Hưng Yên", "Thuoc_tinh": "Hưng Yên", "Trong_chigioi": "", "Ngoai_baiSg": "", "layer": "HYE_KTVHXH", "path": "D:/Work/HungYen/TaiLieu/De/De Hung Yen/BD Hung Yen/HYE_KTVHXH.TAB" }, "geometry": { "type": "Point", "coordinates": [ 106.07489172379961, 20.6881627298173 ] } },
{ "type": "Feature", "properties": { "ID": "HYE323040ntrang", "Ten_CT": "Nghĩa trang", "Loai_CT": "", "Thuoc_huyen": "TX. Hưng Yên", "Thuoc_tinh": "Hưng Yên", "Trong_chigioi": "", "Ngoai_baiSg": "", "layer": "HYE_KTVHXH", "path": "D:/Work/HungYen/TaiLieu/De/De Hung Yen/BD Hung Yen/HYE_KTVHXH.TAB" }, "geometry": { "type": "Point", "coordinates": [ 106.063602326448176, 20.683991300562269 ] } },
{ "type": "Feature", "properties": { "ID": "HYE323040den", "Ten_CT": "Đền, chùa, miếu", "Loai_CT": "", "Thuoc_huyen": "TX. Hưng Yên", "Thuoc_tinh": "Hưng Yên", "Trong_chigioi": "", "Ngoai_baiSg": "", "layer": "HYE_KTVHXH", "path": "D:/Work/HungYen/TaiLieu/De/De Hung Yen/BD Hung Yen/HYE_KTVHXH.TAB" }, "geometry": { "type": "Point", "coordinates": [ 106.060924696066849, 20.683879870754382 ] } },
{ "type": "Feature", "properties": { "ID": "HYE331040den", "Ten_CT": "Đền, chùa, miếu", "Loai_CT": "", "Thuoc_huyen": "H. Kim Động", "Thuoc_tinh": "Hưng Yên", "Trong_chigioi": "", "Ngoai_baiSg": "", "layer": "HYE_KTVHXH", "path": "D:/Work/HungYen/TaiLieu/De/De Hung Yen/BD Hung Yen/HYE_KTVHXH.TAB" }, "geometry": { "type": "Point", "coordinates": [ 106.012996233425767, 20.736561908048607 ] } },
{ "type": "Feature", "properties": { "ID": "HYE331040den", "Ten_CT": "Đền, chùa, miếu", "Loai_CT": "", "Thuoc_huyen": "H. Kim Động", "Thuoc_tinh": "Hưng Yên", "Trong_chigioi": "", "Ngoai_baiSg": "", "layer": "HYE_KTVHXH", "path": "D:/Work/HungYen/TaiLieu/De/De Hung Yen/BD Hung Yen/HYE_KTVHXH.TAB" }, "geometry": { "type": "Point", "coordinates": [ 106.011542605901525, 20.733288186781373 ] } },
{ "type": "Feature", "properties": { "ID": "HYE331040den", "Ten_CT": "Đền, chùa, miếu", "Loai_CT": "", "Thuoc_huyen": "H. Kim Động", "Thuoc_tinh": "Hưng Yên", "Trong_chigioi": "", "Ngoai_baiSg": "", "layer": "HYE_KTVHXH", "path": "D:/Work/HungYen/TaiLieu/De/De Hung Yen/BD Hung Yen/HYE_KTVHXH.TAB" }, "geometry": { "type": "Point", "coordinates": [ 106.00717550740859, 20.73393857340616 ] } },
{ "type": "Feature", "properties": { "ID": "HYE331040ntho", "Ten_CT": "Nhà thờ", "Loai_CT": "", "Thuoc_huyen": "H. Kim Động", "Thuoc_tinh": "Hưng Yên", "Trong_chigioi": "", "Ngoai_baiSg": "", "layer": "HYE_KTVHXH", "path": "D:/Work/HungYen/TaiLieu/De/De Hung Yen/BD Hung Yen/HYE_KTVHXH.TAB" }, "geometry": { "type": "Point", "coordinates": [ 106.024159796440699, 20.740655163792937 ] } },
{ "type": "Feature", "properties": { "ID": "HYE331040den", "Ten_CT": "Đền, chùa, miếu", "Loai_CT": "", "Thuoc_huyen": "H. Kim Động", "Thuoc_tinh": "Hưng Yên", "Trong_chigioi": "", "Ngoai_baiSg": "", "layer": "HYE_KTVHXH", "path": "D:/Work/HungYen/TaiLieu/De/De Hung Yen/BD Hung Yen/HYE_KTVHXH.TAB" }, "geometry": { "type": "Point", "coordinates": [ 106.006838923303945, 20.728555665276698 ] } },
{ "type": "Feature", "properties": { "ID": "HYE331040den", "Ten_CT": "Đền, chùa, miếu", "Loai_CT": "", "Thuoc_huyen": "H. Kim Động", "Thuoc_tinh": "Hưng Yên", "Trong_chigioi": "", "Ngoai_baiSg": "", "layer": "HYE_KTVHXH", "path": "D:/Work/HungYen/TaiLieu/De/De Hung Yen/BD Hung Yen/HYE_KTVHXH.TAB" }, "geometry": { "type": "Point", "coordinates": [ 106.005063232459136, 20.726054981193482 ] } },
{ "type": "Feature", "properties": { "ID": "HYE331040den", "Ten_CT": "Đền, chùa, miếu", "Loai_CT": "", "Thuoc_huyen": "H. Kim Động", "Thuoc_tinh": "Hưng Yên", "Trong_chigioi": "", "Ngoai_baiSg": "", "layer": "HYE_KTVHXH", "path": "D:/Work/HungYen/TaiLieu/De/De Hung Yen/BD Hung Yen/HYE_KTVHXH.TAB" }, "geometry": { "type": "Point", "coordinates": [ 106.001994506174825, 20.725231187638745 ] } },
{ "type": "Feature", "properties": { "ID": "HYE331040den", "Ten_CT": "Đền, chùa, miếu", "Loai_CT": "", "Thuoc_huyen": "H. Kim Động", "Thuoc_tinh": "Hưng Yên", "Trong_chigioi": "", "Ngoai_baiSg": "", "layer": "HYE_KTVHXH", "path": "D:/Work/HungYen/TaiLieu/De/De Hung Yen/BD Hung Yen/HYE_KTVHXH.TAB" }, "geometry": { "type": "Point", "coordinates": [ 106.009873069619942, 20.720616732460101 ] } },
{ "type": "Feature", "properties": { "ID": "HYE331040ntho", "Ten_CT": "Nhà thờ", "Loai_CT": "", "Thuoc_huyen": "H. Kim Động", "Thuoc_tinh": "Hưng Yên", "Trong_chigioi": "", "Ngoai_baiSg": "", "layer": "HYE_KTVHXH", "path": "D:/Work/HungYen/TaiLieu/De/De Hung Yen/BD Hung Yen/HYE_KTVHXH.TAB" }, "geometry": { "type": "Point", "coordinates": [ 106.020771355813551, 20.721426019398493 ] } },
{ "type": "Feature", "properties": { "ID": "HYE331040den", "Ten_CT": "Đền, chùa, miếu", "Loai_CT": "", "Thuoc_huyen": "H. Kim Động", "Thuoc_tinh": "Hưng Yên", "Trong_chigioi": "", "Ngoai_baiSg": "", "layer": "HYE_KTVHXH", "path": "D:/Work/HungYen/TaiLieu/De/De Hung Yen/BD Hung Yen/HYE_KTVHXH.TAB" }, "geometry": { "type": "Point", "coordinates": [ 106.031022210301145, 20.720819389654139 ] } },
{ "type": "Feature", "properties": { "ID": "HYE331040ntrang", "Ten_CT": "Nghĩa trang", "Loai_CT": "", "Thuoc_huyen": "H. Kim Động", "Thuoc_tinh": "Hưng Yên", "Trong_chigioi": "", "Ngoai_baiSg": "", "layer": "HYE_KTVHXH", "path": "D:/Work/HungYen/TaiLieu/De/De Hung Yen/BD Hung Yen/HYE_KTVHXH.TAB" }, "geometry": { "type": "Point", "coordinates": [ 106.038464570422889, 20.725017214717255 ] } },
{ "type": "Feature", "properties": { "ID": "HYE331040ntrang", "Ten_CT": "Nghĩa trang", "Loai_CT": "", "Thuoc_huyen": "H. Kim Động", "Thuoc_tinh": "Hưng Yên", "Trong_chigioi": "", "Ngoai_baiSg": "", "layer": "HYE_KTVHXH", "path": "D:/Work/HungYen/TaiLieu/De/De Hung Yen/BD Hung Yen/HYE_KTVHXH.TAB" }, "geometry": { "type": "Point", "coordinates": [ 106.03843522944706, 20.72364346679111 ] } },
{ "type": "Feature", "properties": { "ID": "HYE331040den", "Ten_CT": "Đền, chùa, miếu", "Loai_CT": "", "Thuoc_huyen": "H. Kim Động", "Thuoc_tinh": "Hưng Yên", "Trong_chigioi": "", "Ngoai_baiSg": "", "layer": "HYE_KTVHXH", "path": "D:/Work/HungYen/TaiLieu/De/De Hung Yen/BD Hung Yen/HYE_KTVHXH.TAB" }, "geometry": { "type": "Point", "coordinates": [ 106.039537012234121, 20.72533283040185 ] } },
{ "type": "Feature", "properties": { "ID": "HYE331040ntho", "Ten_CT": "Nhà thờ", "Loai_CT": "", "Thuoc_huyen": "H. Kim Động", "Thuoc_tinh": "Hưng Yên", "Trong_chigioi": "", "Ngoai_baiSg": "", "layer": "HYE_KTVHXH", "path": "D:/Work/HungYen/TaiLieu/De/De Hung Yen/BD Hung Yen/HYE_KTVHXH.TAB" }, "geometry": { "type": "Point", "coordinates": [ 106.042067842618934, 20.723490141312933 ] } },
{ "type": "Feature", "properties": { "ID": "HYE331040den", "Ten_CT": "Đền, chùa, miếu", "Loai_CT": "", "Thuoc_huyen": "H. Kim Động", "Thuoc_tinh": "Hưng Yên", "Trong_chigioi": "", "Ngoai_baiSg": "", "layer": "HYE_KTVHXH", "path": "D:/Work/HungYen/TaiLieu/De/De Hung Yen/BD Hung Yen/HYE_KTVHXH.TAB" }, "geometry": { "type": "Point", "coordinates": [ 106.043645497472511, 20.723482297100265 ] } },
{ "type": "Feature", "properties": { "ID": "HYE331040den", "Ten_CT": "Đền, chùa, miếu", "Loai_CT": "", "Thuoc_huyen": "H. Kim Động", "Thuoc_tinh": "Hưng Yên", "Trong_chigioi": "", "Ngoai_baiSg": "", "layer": "HYE_KTVHXH", "path": "D:/Work/HungYen/TaiLieu/De/De Hung Yen/BD Hung Yen/HYE_KTVHXH.TAB" }, "geometry": { "type": "Point", "coordinates": [ 106.042070480845638, 20.718428912305797 ] } },
{ "type": "Feature", "properties": { "ID": "HYE331040den", "Ten_CT": "Đền, chùa, miếu", "Loai_CT": "", "Thuoc_huyen": "H. Kim Động", "Thuoc_tinh": "Hưng Yên", "Trong_chigioi": "", "Ngoai_baiSg": "", "layer": "HYE_KTVHXH", "path": "D:/Work/HungYen/TaiLieu/De/De Hung Yen/BD Hung Yen/HYE_KTVHXH.TAB" }, "geometry": { "type": "Point", "coordinates": [ 106.044482696159662, 20.714292427893078 ] } },
{ "type": "Feature", "properties": { "ID": "HYE323040den", "Ten_CT": "Đền, chùa, miếu", "Loai_CT": "", "Thuoc_huyen": "TX. Hưng Yên", "Thuoc_tinh": "Hưng Yên", "Trong_chigioi": "", "Ngoai_baiSg": "", "layer": "HYE_KTVHXH", "path": "D:/Work/HungYen/TaiLieu/De/De Hung Yen/BD Hung Yen/HYE_KTVHXH.TAB" }, "geometry": { "type": "Point", "coordinates": [ 106.055654637709409, 20.707497965720204 ] } },
{ "type": "Feature", "properties": { "ID": "HYE331040den", "Ten_CT": "Đền, chùa, miếu", "Loai_CT": "", "Thuoc_huyen": "H. Kim Động", "Thuoc_tinh": "Hưng Yên", "Trong_chigioi": "", "Ngoai_baiSg": "", "layer": "HYE_KTVHXH", "path": "D:/Work/HungYen/TaiLieu/De/De Hung Yen/BD Hung Yen/HYE_KTVHXH.TAB" }, "geometry": { "type": "Point", "coordinates": [ 106.062740324390504, 20.709918345763747 ] } },
{ "type": "Feature", "properties": { "ID": "HYE331040den", "Ten_CT": "Đền, chùa, miếu", "Loai_CT": "", "Thuoc_huyen": "H. Kim Động", "Thuoc_tinh": "Hưng Yên", "Trong_chigioi": "", "Ngoai_baiSg": "", "layer": "HYE_KTVHXH", "path": "D:/Work/HungYen/TaiLieu/De/De Hung Yen/BD Hung Yen/HYE_KTVHXH.TAB" }, "geometry": { "type": "Point", "coordinates": [ 106.05566917817238, 20.717762396204051 ] } },
{ "type": "Feature", "properties": { "ID": "HYE331040den", "Ten_CT": "Đền, chùa, miếu", "Loai_CT": "", "Thuoc_huyen": "H. Kim Động", "Thuoc_tinh": "Hưng Yên", "Trong_chigioi": "", "Ngoai_baiSg": "", "layer": "HYE_KTVHXH", "path": "D:/Work/HungYen/TaiLieu/De/De Hung Yen/BD Hung Yen/HYE_KTVHXH.TAB" }, "geometry": { "type": "Point", "coordinates": [ 106.043126267091225, 20.736030902849414 ] } },
{ "type": "Feature", "properties": { "ID": "HYE331040ntho", "Ten_CT": "Nhà thờ", "Loai_CT": "", "Thuoc_huyen": "H. Kim Động", "Thuoc_tinh": "Hưng Yên", "Trong_chigioi": "", "Ngoai_baiSg": "", "layer": "HYE_KTVHXH", "path": "D:/Work/HungYen/TaiLieu/De/De Hung Yen/BD Hung Yen/HYE_KTVHXH.TAB" }, "geometry": { "type": "Point", "coordinates": [ 106.046759838946116, 20.744967449693917 ] } },
{ "type": "Feature", "properties": { "ID": "HYE331040ntho", "Ten_CT": "Nhà thờ", "Loai_CT": "", "Thuoc_huyen": "H. Kim Động", "Thuoc_tinh": "Hưng Yên", "Trong_chigioi": "", "Ngoai_baiSg": "", "layer": "HYE_KTVHXH", "path": "D:/Work/HungYen/TaiLieu/De/De Hung Yen/BD Hung Yen/HYE_KTVHXH.TAB" }, "geometry": { "type": "Point", "coordinates": [ 106.053282564515015, 20.741401616725209 ] } },
{ "type": "Feature", "properties": { "ID": "HYE331040thoc", "Ten_CT": "Trường học", "Loai_CT": "", "Thuoc_huyen": "H. Kim Động", "Thuoc_tinh": "Hưng Yên", "Trong_chigioi": "", "Ngoai_baiSg": "", "layer": "HYE_KTVHXH", "path": "D:/Work/HungYen/TaiLieu/De/De Hung Yen/BD Hung Yen/HYE_KTVHXH.TAB" }, "geometry": { "type": "Point", "coordinates": [ 106.058610243513584, 20.746051615734743 ] } },
{ "type": "Feature", "properties": { "ID": "HYE331040den", "Ten_CT": "Đền, chùa, miếu", "Loai_CT": "", "Thuoc_huyen": "H. Kim Động", "Thuoc_tinh": "Hưng Yên", "Trong_chigioi": "", "Ngoai_baiSg": "", "layer": "HYE_KTVHXH", "path": "D:/Work/HungYen/TaiLieu/De/De Hung Yen/BD Hung Yen/HYE_KTVHXH.TAB" }, "geometry": { "type": "Point", "coordinates": [ 106.064875184367096, 20.736962191323713 ] } },
{ "type": "Feature", "properties": { "ID": "HYE331040ntrang", "Ten_CT": "Nghĩa trang", "Loai_CT": "", "Thuoc_huyen": "H. Kim Động", "Thuoc_tinh": "Hưng Yên", "Trong_chigioi": "", "Ngoai_baiSg": "", "layer": "HYE_KTVHXH", "path": "D:/Work/HungYen/TaiLieu/De/De Hung Yen/BD Hung Yen/HYE_KTVHXH.TAB" }, "geometry": { "type": "Point", "coordinates": [ 106.061697498773626, 20.736327177923876 ] } },
{ "type": "Feature", "properties": { "ID": "HYE331040den", "Ten_CT": "Đền, chùa, miếu", "Loai_CT": "", "Thuoc_huyen": "H. Kim Động", "Thuoc_tinh": "Hưng Yên", "Trong_chigioi": "", "Ngoai_baiSg": "", "layer": "HYE_KTVHXH", "path": "D:/Work/HungYen/TaiLieu/De/De Hung Yen/BD Hung Yen/HYE_KTVHXH.TAB" }, "geometry": { "type": "Point", "coordinates": [ 106.070037390453052, 20.742749153947571 ] } },
{ "type": "Feature", "properties": { "ID": "HYE331040den", "Ten_CT": "Đền, chùa, miếu", "Loai_CT": "", "Thuoc_huyen": "H. Kim Động", "Thuoc_tinh": "Hưng Yên", "Trong_chigioi": "", "Ngoai_baiSg": "", "layer": "HYE_KTVHXH", "path": "D:/Work/HungYen/TaiLieu/De/De Hung Yen/BD Hung Yen/HYE_KTVHXH.TAB" }, "geometry": { "type": "Point", "coordinates": [ 106.084527630409056, 20.746373349894611 ] } },
{ "type": "Feature", "properties": { "ID": "HYE323040den", "Ten_CT": "Đền, chùa, miếu", "Loai_CT": "", "Thuoc_huyen": "TX. Hưng Yên", "Thuoc_tinh": "Hưng Yên", "Trong_chigioi": "", "Ngoai_baiSg": "", "layer": "HYE_KTVHXH", "path": "D:/Work/HungYen/TaiLieu/De/De Hung Yen/BD Hung Yen/HYE_KTVHXH.TAB" }, "geometry": { "type": "Point", "coordinates": [ 106.063173664331075, 20.691475303911513 ] } },
{ "type": "Feature", "properties": { "ID": "HYE323040ntrang", "Ten_CT": "Nghĩa trang", "Loai_CT": "", "Thuoc_huyen": "TX. Hưng Yên", "Thuoc_tinh": "Hưng Yên", "Trong_chigioi": "", "Ngoai_baiSg": "", "layer": "HYE_KTVHXH", "path": "D:/Work/HungYen/TaiLieu/De/De Hung Yen/BD Hung Yen/HYE_KTVHXH.TAB" }, "geometry": { "type": "Point", "coordinates": [ 106.058230463664202, 20.696823622055433 ] } },
{ "type": "Feature", "properties": { "ID": "HYE323040ntrang", "Ten_CT": "Nghĩa trang", "Loai_CT": "", "Thuoc_huyen": "TX. Hưng Yên", "Thuoc_tinh": "Hưng Yên", "Trong_chigioi": "", "Ngoai_baiSg": "", "layer": "HYE_KTVHXH", "path": "D:/Work/HungYen/TaiLieu/De/De Hung Yen/BD Hung Yen/HYE_KTVHXH.TAB" }, "geometry": { "type": "Point", "coordinates": [ 106.057943101625966, 20.697544918920965 ] } },
{ "type": "Feature", "properties": { "ID": "HYE323040den", "Ten_CT": "Đền, chùa, miếu", "Loai_CT": "", "Thuoc_huyen": "TX. Hưng Yên", "Thuoc_tinh": "Hưng Yên", "Trong_chigioi": "", "Ngoai_baiSg": "", "layer": "HYE_KTVHXH", "path": "D:/Work/HungYen/TaiLieu/De/De Hung Yen/BD Hung Yen/HYE_KTVHXH.TAB" }, "geometry": { "type": "Point", "coordinates": [ 106.041508463613425, 20.677095121362758 ] } },
{ "type": "Feature", "properties": { "ID": "HYE331040den", "Ten_CT": "Đền, chùa, miếu", "Loai_CT": "", "Thuoc_huyen": "H. Kim Động", "Thuoc_tinh": "Hưng Yên", "Trong_chigioi": "", "Ngoai_baiSg": "", "layer": "HYE_KTVHXH", "path": "D:/Work/HungYen/TaiLieu/De/De Hung Yen/BD Hung Yen/HYE_KTVHXH.TAB" }, "geometry": { "type": "Point", "coordinates": [ 106.016182133928012, 20.703828930497163 ] } },
{ "type": "Feature", "properties": { "ID": "HYE331040den", "Ten_CT": "Đền, chùa, miếu", "Loai_CT": "", "Thuoc_huyen": "H. Kim Động", "Thuoc_tinh": "Hưng Yên", "Trong_chigioi": "", "Ngoai_baiSg": "", "layer": "HYE_KTVHXH", "path": "D:/Work/HungYen/TaiLieu/De/De Hung Yen/BD Hung Yen/HYE_KTVHXH.TAB" }, "geometry": { "type": "Point", "coordinates": [ 106.021320930487548, 20.701548576533394 ] } },
{ "type": "Feature", "properties": { "ID": "HYE331040bia", "Ten_CT": "Bia tưởng niệm", "Loai_CT": "", "Thuoc_huyen": "H. Kim Động", "Thuoc_tinh": "Hưng Yên", "Trong_chigioi": "", "Ngoai_baiSg": "", "layer": "HYE_KTVHXH", "path": "D:/Work/HungYen/TaiLieu/De/De Hung Yen/BD Hung Yen/HYE_KTVHXH.TAB" }, "geometry": { "type": "Point", "coordinates": [ 106.029571753035768, 20.704812355321447 ] } },
{ "type": "Feature", "properties": { "ID": "HYE331040thoc", "Ten_CT": "Trường học", "Loai_CT": "", "Thuoc_huyen": "H. Kim Động", "Thuoc_tinh": "Hưng Yên", "Trong_chigioi": "", "Ngoai_baiSg": "", "layer": "HYE_KTVHXH", "path": "D:/Work/HungYen/TaiLieu/De/De Hung Yen/BD Hung Yen/HYE_KTVHXH.TAB" }, "geometry": { "type": "Point", "coordinates": [ 106.035376188864092, 20.694049753772738 ] } },
{ "type": "Feature", "properties": { "ID": "HYE331040den", "Ten_CT": "Đền, chùa, miếu", "Loai_CT": "", "Thuoc_huyen": "H. Kim Động", "Thuoc_tinh": "Hưng Yên", "Trong_chigioi": "", "Ngoai_baiSg": "", "layer": "HYE_KTVHXH", "path": "D:/Work/HungYen/TaiLieu/De/De Hung Yen/BD Hung Yen/HYE_KTVHXH.TAB" }, "geometry": { "type": "Point", "coordinates": [ 106.0378968215539, 20.699424416424129 ] } },
{ "type": "Feature", "properties": { "ID": "HYE323040trhinh", "Ten_CT": "Phát thanh, truyền hình", "Loai_CT": "", "Thuoc_huyen": "TX. Hưng Yên", "Thuoc_tinh": "Hưng Yên", "Trong_chigioi": "", "Ngoai_baiSg": "", "layer": "HYE_KTVHXH", "path": "D:/Work/HungYen/TaiLieu/De/De Hung Yen/BD Hung Yen/HYE_KTVHXH.TAB" }, "geometry": { "type": "Point", "coordinates": [ 106.055539643010832, 20.672000602516487 ] } },
{ "type": "Feature", "properties": { "ID": "HYE323040den", "Ten_CT": "Đền, chùa, miếu", "Loai_CT": "", "Thuoc_huyen": "TX. Hưng Yên", "Thuoc_tinh": "Hưng Yên", "Trong_chigioi": "", "Ngoai_baiSg": "", "layer": "HYE_KTVHXH", "path": "D:/Work/HungYen/TaiLieu/De/De Hung Yen/BD Hung Yen/HYE_KTVHXH.TAB" }, "geometry": { "type": "Point", "coordinates": [ 106.049586750187586, 20.68145910702474 ] } },
{ "type": "Feature", "properties": { "ID": "HYE323040den", "Ten_CT": "Đền, chùa, miếu", "Loai_CT": "", "Thuoc_huyen": "TX. Hưng Yên", "Thuoc_tinh": "Hưng Yên", "Trong_chigioi": "", "Ngoai_baiSg": "", "layer": "HYE_KTVHXH", "path": "D:/Work/HungYen/TaiLieu/De/De Hung Yen/BD Hung Yen/HYE_KTVHXH.TAB" }, "geometry": { "type": "Point", "coordinates": [ 106.070462111327672, 20.675259437285408 ] } },
{ "type": "Feature", "properties": { "ID": "HYE323040bdien", "Ten_CT": "Bưu điện", "Loai_CT": "", "Thuoc_huyen": "TX. Hưng Yên", "Thuoc_tinh": "Hưng Yên", "Trong_chigioi": "", "Ngoai_baiSg": "", "layer": "HYE_KTVHXH", "path": "D:/Work/HungYen/TaiLieu/De/De Hung Yen/BD Hung Yen/HYE_KTVHXH.TAB" }, "geometry": { "type": "Point", "coordinates": [ 106.055081652451776, 20.650550522428965 ] } },
{ "type": "Feature", "properties": { "ID": "HYE333040ntrang", "Ten_CT": "Nghĩa trang", "Loai_CT": "", "Thuoc_huyen": "H. Phù Cừ", "Thuoc_tinh": "Hưng Yên", "Trong_chigioi": "", "Ngoai_baiSg": "", "layer": "HYE_KTVHXH", "path": "D:/Work/HungYen/TaiLieu/De/De Hung Yen/BD Hung Yen/HYE_KTVHXH.TAB" }, "geometry": { "type": "Point", "coordinates": [ 106.217180348771649, 20.648415615594708 ] } },
{ "type": "Feature", "properties": { "ID": "HYE333040ntrang", "Ten_CT": "Nghĩa trang", "Loai_CT": "", "Thuoc_huyen": "H. Phù Cừ", "Thuoc_tinh": "Hưng Yên", "Trong_chigioi": "", "Ngoai_baiSg": "", "layer": "HYE_KTVHXH", "path": "D:/Work/HungYen/TaiLieu/De/De Hung Yen/BD Hung Yen/HYE_KTVHXH.TAB" }, "geometry": { "type": "Point", "coordinates": [ 106.208221107772687, 20.661780683758519 ] } },
{ "type": "Feature", "properties": { "ID": "HYE331040ntrang", "Ten_CT": "Nghĩa trang", "Loai_CT": "", "Thuoc_huyen": "H. Kim Động", "Thuoc_tinh": "Hưng Yên", "Trong_chigioi": "", "Ngoai_baiSg": "", "layer": "HYE_KTVHXH", "path": "D:/Work/HungYen/TaiLieu/De/De Hung Yen/BD Hung Yen/HYE_KTVHXH.TAB" }, "geometry": { "type": "Point", "coordinates": [ 106.008989246740626, 20.721435507697432 ] } },
{ "type": "Feature", "properties": { "ID": "HYE331040ntrang", "Ten_CT": "Nghĩa trang", "Loai_CT": "", "Thuoc_huyen": "H. Kim Động", "Thuoc_tinh": "Hưng Yên", "Trong_chigioi": "", "Ngoai_baiSg": "", "layer": "HYE_KTVHXH", "path": "D:/Work/HungYen/TaiLieu/De/De Hung Yen/BD Hung Yen/HYE_KTVHXH.TAB" }, "geometry": { "type": "Point", "coordinates": [ 106.010693043823295, 20.721190693623317 ] } },
{ "type": "Feature", "properties": { "ID": "HYE323040lnung", "Ten_CT": "lnung", "Loai_CT": "", "Thuoc_huyen": "TX. Hưng Yên", "Thuoc_tinh": "Hưng Yên", "Trong_chigioi": "", "Ngoai_baiSg": "", "layer": "HYE_KTVHXH", "path": "D:/Work/HungYen/TaiLieu/De/De Hung Yen/BD Hung Yen/HYE_KTVHXH.TAB" }, "geometry": { "type": "Point", "coordinates": [ 106.049351412070692, 20.713316784010054 ] } },
{ "type": "Feature", "properties": { "ID": "HYE329040den", "Ten_CT": "Đền, chùa, miếu", "Loai_CT": "", "Thuoc_huyen": "H. Ân Thi", "Thuoc_tinh": "Hưng Yên", "Trong_chigioi": "", "Ngoai_baiSg": "", "layer": "HYE_KTVHXH", "path": "D:/Work/HungYen/TaiLieu/De/De Hung Yen/BD Hung Yen/HYE_KTVHXH.TAB" }, "geometry": { "type": "Point", "coordinates": [ 106.112482503807556, 20.746254907136489 ] } },
{ "type": "Feature", "properties": { "ID": "HYE331040ntrang", "Ten_CT": "Nghĩa trang", "Loai_CT": "", "Thuoc_huyen": "H. Kim Động", "Thuoc_tinh": "Hưng Yên", "Trong_chigioi": "", "Ngoai_baiSg": "", "layer": "HYE_KTVHXH", "path": "D:/Work/HungYen/TaiLieu/De/De Hung Yen/BD Hung Yen/HYE_KTVHXH.TAB" }, "geometry": { "type": "Point", "coordinates": [ 106.041573191982934, 20.68734161152511 ] } },
{ "type": "Feature", "properties": { "ID": "HYE323040den", "Ten_CT": "Đền, chùa, miếu", "Loai_CT": "", "Thuoc_huyen": "TX. Hưng Yên", "Thuoc_tinh": "Hưng Yên", "Trong_chigioi": "", "Ngoai_baiSg": "", "layer": "HYE_KTVHXH", "path": "D:/Work/HungYen/TaiLieu/De/De Hung Yen/BD Hung Yen/HYE_KTVHXH.TAB" }, "geometry": { "type": "Point", "coordinates": [ 106.060709669071613, 20.63742831735248 ] } },
{ "type": "Feature", "properties": { "ID": "HYE332040ntrang", "Ten_CT": "Nghĩa trang", "Loai_CT": "", "Thuoc_huyen": "H. Tiên Lữ", "Thuoc_tinh": "Hưng Yên", "Trong_chigioi": "", "Ngoai_baiSg": "", "layer": "HYE_KTVHXH", "path": "D:/Work/HungYen/TaiLieu/De/De Hung Yen/BD Hung Yen/HYE_KTVHXH.TAB" }, "geometry": { "type": "Point", "coordinates": [ 106.135758752095313, 20.666513066018315 ] } },
{ "type": "Feature", "properties": { "ID": "HYE333040ntrang", "Ten_CT": "Nghĩa trang", "Loai_CT": "", "Thuoc_huyen": "H. Phù Cừ", "Thuoc_tinh": "Hưng Yên", "Trong_chigioi": "", "Ngoai_baiSg": "", "layer": "HYE_KTVHXH", "path": "D:/Work/HungYen/TaiLieu/De/De Hung Yen/BD Hung Yen/HYE_KTVHXH.TAB" }, "geometry": { "type": "Point", "coordinates": [ 106.252641379722576, 20.680627614409403 ] } },
{ "type": "Feature", "properties": { "ID": "HYE330040den", "Ten_CT": "Đền, chùa, miếu", "Loai_CT": "", "Thuoc_huyen": "H. Khoái Châu", "Thuoc_tinh": "Hưng Yên", "Trong_chigioi": "", "Ngoai_baiSg": "", "layer": "HYE_KTVHXH", "path": "D:/Work/HungYen/TaiLieu/De/De Hung Yen/BD Hung Yen/HYE_KTVHXH.TAB" }, "geometry": { "type": "Point", "coordinates": [ 105.918487688381816, 20.823868101967918 ] } },
{ "type": "Feature", "properties": { "ID": "HYE330040den", "Ten_CT": "Đền, chùa, miếu", "Loai_CT": "", "Thuoc_huyen": "H. Khoái Châu", "Thuoc_tinh": "Hưng Yên", "Trong_chigioi": "", "Ngoai_baiSg": "", "layer": "HYE_KTVHXH", "path": "D:/Work/HungYen/TaiLieu/De/De Hung Yen/BD Hung Yen/HYE_KTVHXH.TAB" }, "geometry": { "type": "Point", "coordinates": [ 105.916744656312318, 20.813398132674784 ] } },
{ "type": "Feature", "properties": { "ID": "HYE330040den", "Ten_CT": "Đền, chùa, miếu", "Loai_CT": "", "Thuoc_huyen": "H. Khoái Châu", "Thuoc_tinh": "Hưng Yên", "Trong_chigioi": "", "Ngoai_baiSg": "", "layer": "HYE_KTVHXH", "path": "D:/Work/HungYen/TaiLieu/De/De Hung Yen/BD Hung Yen/HYE_KTVHXH.TAB" }, "geometry": { "type": "Point", "coordinates": [ 105.931725577864057, 20.791340035084492 ] } },
{ "type": "Feature", "properties": { "ID": "HYE330040den", "Ten_CT": "Đền, chùa, miếu", "Loai_CT": "", "Thuoc_huyen": "H. Khoái Châu", "Thuoc_tinh": "Hưng Yên", "Trong_chigioi": "", "Ngoai_baiSg": "", "layer": "HYE_KTVHXH", "path": "D:/Work/HungYen/TaiLieu/De/De Hung Yen/BD Hung Yen/HYE_KTVHXH.TAB" }, "geometry": { "type": "Point", "coordinates": [ 105.957895682497238, 20.793347635451635 ] } },
{ "type": "Feature", "properties": { "ID": "HYE330040den", "Ten_CT": "Đền, chùa, miếu", "Loai_CT": "", "Thuoc_huyen": "H. Khoái Châu", "Thuoc_tinh": "Hưng Yên", "Trong_chigioi": "", "Ngoai_baiSg": "", "layer": "HYE_KTVHXH", "path": "D:/Work/HungYen/TaiLieu/De/De Hung Yen/BD Hung Yen/HYE_KTVHXH.TAB" }, "geometry": { "type": "Point", "coordinates": [ 105.956203245400573, 20.805371701262871 ] } },
{ "type": "Feature", "properties": { "ID": "HYE330040den", "Ten_CT": "Đền, chùa, miếu", "Loai_CT": "", "Thuoc_huyen": "H. Khoái Châu", "Thuoc_tinh": "Hưng Yên", "Trong_chigioi": "", "Ngoai_baiSg": "", "layer": "HYE_KTVHXH", "path": "D:/Work/HungYen/TaiLieu/De/De Hung Yen/BD Hung Yen/HYE_KTVHXH.TAB" }, "geometry": { "type": "Point", "coordinates": [ 105.941078649088524, 20.824715821723334 ] } },
{ "type": "Feature", "properties": { "ID": "HYE330040den", "Ten_CT": "Đền, chùa, miếu", "Loai_CT": "", "Thuoc_huyen": "H. Khoái Châu", "Thuoc_tinh": "Hưng Yên", "Trong_chigioi": "", "Ngoai_baiSg": "", "layer": "HYE_KTVHXH", "path": "D:/Work/HungYen/TaiLieu/De/De Hung Yen/BD Hung Yen/HYE_KTVHXH.TAB" }, "geometry": { "type": "Point", "coordinates": [ 105.95510601274492, 20.832157967240512 ] } },
{ "type": "Feature", "properties": { "ID": "HYE330040den", "Ten_CT": "Đền, chùa, miếu", "Loai_CT": "", "Thuoc_huyen": "H. Khoái Châu", "Thuoc_tinh": "Hưng Yên", "Trong_chigioi": "", "Ngoai_baiSg": "", "layer": "HYE_KTVHXH", "path": "D:/Work/HungYen/TaiLieu/De/De Hung Yen/BD Hung Yen/HYE_KTVHXH.TAB" }, "geometry": { "type": "Point", "coordinates": [ 105.967215012990678, 20.826316859677441 ] } },
{ "type": "Feature", "properties": { "ID": "HYE330040den", "Ten_CT": "Đền, chùa, miếu", "Loai_CT": "", "Thuoc_huyen": "H. Khoái Châu", "Thuoc_tinh": "Hưng Yên", "Trong_chigioi": "", "Ngoai_baiSg": "", "layer": "HYE_KTVHXH", "path": "D:/Work/HungYen/TaiLieu/De/De Hung Yen/BD Hung Yen/HYE_KTVHXH.TAB" }, "geometry": { "type": "Point", "coordinates": [ 105.978654169009815, 20.784917430955741 ] } },
{ "type": "Feature", "properties": { "ID": "HYE330040den", "Ten_CT": "Đền, chùa, miếu", "Loai_CT": "", "Thuoc_huyen": "H. Khoái Châu", "Thuoc_tinh": "Hưng Yên", "Trong_chigioi": "", "Ngoai_baiSg": "", "layer": "HYE_KTVHXH", "path": "D:/Work/HungYen/TaiLieu/De/De Hung Yen/BD Hung Yen/HYE_KTVHXH.TAB" }, "geometry": { "type": "Point", "coordinates": [ 105.966583377003346, 20.779940273881962 ] } },
{ "type": "Feature", "properties": { "ID": "HYE330040den", "Ten_CT": "Đền, chùa, miếu", "Loai_CT": "", "Thuoc_huyen": "H. Khoái Châu", "Thuoc_tinh": "Hưng Yên", "Trong_chigioi": "", "Ngoai_baiSg": "", "layer": "HYE_KTVHXH", "path": "D:/Work/HungYen/TaiLieu/De/De Hung Yen/BD Hung Yen/HYE_KTVHXH.TAB" }, "geometry": { "type": "Point", "coordinates": [ 105.981268993696105, 20.777770821036803 ] } },
{ "type": "Feature", "properties": { "ID": "HYE330040den", "Ten_CT": "Đền, chùa, miếu", "Loai_CT": "", "Thuoc_huyen": "H. Khoái Châu", "Thuoc_tinh": "Hưng Yên", "Trong_chigioi": "", "Ngoai_baiSg": "", "layer": "HYE_KTVHXH", "path": "D:/Work/HungYen/TaiLieu/De/De Hung Yen/BD Hung Yen/HYE_KTVHXH.TAB" }, "geometry": { "type": "Point", "coordinates": [ 105.977136457283137, 20.773888872046633 ] } },
{ "type": "Feature", "properties": { "ID": "HYE330040den", "Ten_CT": "Đền, chùa, miếu", "Loai_CT": "", "Thuoc_huyen": "H. Khoái Châu", "Thuoc_tinh": "Hưng Yên", "Trong_chigioi": "", "Ngoai_baiSg": "", "layer": "HYE_KTVHXH", "path": "D:/Work/HungYen/TaiLieu/De/De Hung Yen/BD Hung Yen/HYE_KTVHXH.TAB" }, "geometry": { "type": "Point", "coordinates": [ 105.969835406253765, 20.7754099935688 ] } },
{ "type": "Feature", "properties": { "ID": "HYE330040den", "Ten_CT": "Đền, chùa, miếu", "Loai_CT": "", "Thuoc_huyen": "H. Khoái Châu", "Thuoc_tinh": "Hưng Yên", "Trong_chigioi": "", "Ngoai_baiSg": "", "layer": "HYE_KTVHXH", "path": "D:/Work/HungYen/TaiLieu/De/De Hung Yen/BD Hung Yen/HYE_KTVHXH.TAB" }, "geometry": { "type": "Point", "coordinates": [ 105.983840676650104, 20.791922424797594 ] } },
{ "type": "Feature", "properties": { "ID": "HYE330040den", "Ten_CT": "Đền, chùa, miếu", "Loai_CT": "", "Thuoc_huyen": "H. Khoái Châu", "Thuoc_tinh": "Hưng Yên", "Trong_chigioi": "", "Ngoai_baiSg": "", "layer": "HYE_KTVHXH", "path": "D:/Work/HungYen/TaiLieu/De/De Hung Yen/BD Hung Yen/HYE_KTVHXH.TAB" }, "geometry": { "type": "Point", "coordinates": [ 105.985474786683426, 20.800863972901265 ] } },
{ "type": "Feature", "properties": { "ID": "HYE330040den", "Ten_CT": "Đền, chùa, miếu", "Loai_CT": "", "Thuoc_huyen": "H. Khoái Châu", "Thuoc_tinh": "Hưng Yên", "Trong_chigioi": "", "Ngoai_baiSg": "", "layer": "HYE_KTVHXH", "path": "D:/Work/HungYen/TaiLieu/De/De Hung Yen/BD Hung Yen/HYE_KTVHXH.TAB" }, "geometry": { "type": "Point", "coordinates": [ 105.988739374676229, 20.806230227436238 ] } },
{ "type": "Feature", "properties": { "ID": "HYE330040den", "Ten_CT": "Đền, chùa, miếu", "Loai_CT": "", "Thuoc_huyen": "H. Khoái Châu", "Thuoc_tinh": "Hưng Yên", "Trong_chigioi": "", "Ngoai_baiSg": "", "layer": "HYE_KTVHXH", "path": "D:/Work/HungYen/TaiLieu/De/De Hung Yen/BD Hung Yen/HYE_KTVHXH.TAB" }, "geometry": { "type": "Point", "coordinates": [ 105.986797470253322, 20.809564696485474 ] } },
{ "type": "Feature", "properties": { "ID": "HYE330040den", "Ten_CT": "Đền, chùa, miếu", "Loai_CT": "", "Thuoc_huyen": "H. Khoái Châu", "Thuoc_tinh": "Hưng Yên", "Trong_chigioi": "", "Ngoai_baiSg": "", "layer": "HYE_KTVHXH", "path": "D:/Work/HungYen/TaiLieu/De/De Hung Yen/BD Hung Yen/HYE_KTVHXH.TAB" }, "geometry": { "type": "Point", "coordinates": [ 105.989377341085344, 20.820829547503401 ] } },
{ "type": "Feature", "properties": { "ID": "HYE330040den", "Ten_CT": "Đền, chùa, miếu", "Loai_CT": "", "Thuoc_huyen": "H. Khoái Châu", "Thuoc_tinh": "Hưng Yên", "Trong_chigioi": "", "Ngoai_baiSg": "", "layer": "HYE_KTVHXH", "path": "D:/Work/HungYen/TaiLieu/De/De Hung Yen/BD Hung Yen/HYE_KTVHXH.TAB" }, "geometry": { "type": "Point", "coordinates": [ 105.988662710964292, 20.774623487390972 ] } },
{ "type": "Feature", "properties": { "ID": "HYE330040den", "Ten_CT": "Đền, chùa, miếu", "Loai_CT": "", "Thuoc_huyen": "H. Khoái Châu", "Thuoc_tinh": "Hưng Yên", "Trong_chigioi": "", "Ngoai_baiSg": "", "layer": "HYE_KTVHXH", "path": "D:/Work/HungYen/TaiLieu/De/De Hung Yen/BD Hung Yen/HYE_KTVHXH.TAB" }, "geometry": { "type": "Point", "coordinates": [ 105.997093672807353, 20.776054383790292 ] } },
{ "type": "Feature", "properties": { "ID": "HYE331040den", "Ten_CT": "Đền, chùa, miếu", "Loai_CT": "", "Thuoc_huyen": "H. Kim Động", "Thuoc_tinh": "Hưng Yên", "Trong_chigioi": "", "Ngoai_baiSg": "", "layer": "HYE_KTVHXH", "path": "D:/Work/HungYen/TaiLieu/De/De Hung Yen/BD Hung Yen/HYE_KTVHXH.TAB" }, "geometry": { "type": "Point", "coordinates": [ 105.994845917335837, 20.756273467726515 ] } },
{ "type": "Feature", "properties": { "ID": "HYE330040den", "Ten_CT": "Đền, chùa, miếu", "Loai_CT": "", "Thuoc_huyen": "H. Khoái Châu", "Thuoc_tinh": "Hưng Yên", "Trong_chigioi": "", "Ngoai_baiSg": "", "layer": "HYE_KTVHXH", "path": "D:/Work/HungYen/TaiLieu/De/De Hung Yen/BD Hung Yen/HYE_KTVHXH.TAB" }, "geometry": { "type": "Point", "coordinates": [ 105.959873034775939, 20.785047774244116 ] } },
{ "type": "Feature", "properties": { "ID": "HYE330040den", "Ten_CT": "Đền, chùa, miếu", "Loai_CT": "", "Thuoc_huyen": "H. Khoái Châu", "Thuoc_tinh": "Hưng Yên", "Trong_chigioi": "", "Ngoai_baiSg": "", "layer": "HYE_KTVHXH", "path": "D:/Work/HungYen/TaiLieu/De/De Hung Yen/BD Hung Yen/HYE_KTVHXH.TAB" }, "geometry": { "type": "Point", "coordinates": [ 105.922524288246649, 20.83320979395306 ] } },
{ "type": "Feature", "properties": { "ID": "HYE330040den", "Ten_CT": "Đền, chùa, miếu", "Loai_CT": "", "Thuoc_huyen": "H. Khoái Châu", "Thuoc_tinh": "Hưng Yên", "Trong_chigioi": "", "Ngoai_baiSg": "", "layer": "HYE_KTVHXH", "path": "D:/Work/HungYen/TaiLieu/De/De Hung Yen/BD Hung Yen/HYE_KTVHXH.TAB" }, "geometry": { "type": "Point", "coordinates": [ 105.936580755026242, 20.828645984395159 ] } },
{ "type": "Feature", "properties": { "ID": "HYE330040den", "Ten_CT": "Đền, chùa, miếu", "Loai_CT": "", "Thuoc_huyen": "H. Khoái Châu", "Thuoc_tinh": "Hưng Yên", "Trong_chigioi": "", "Ngoai_baiSg": "", "layer": "HYE_KTVHXH", "path": "D:/Work/HungYen/TaiLieu/De/De Hung Yen/BD Hung Yen/HYE_KTVHXH.TAB" }, "geometry": { "type": "Point", "coordinates": [ 105.939349176470031, 20.812499607258331 ] } },
{ "type": "Feature", "properties": { "ID": "HYE330040bia", "Ten_CT": "Bia tưởng niệm", "Loai_CT": "", "Thuoc_huyen": "H. Khoái Châu", "Thuoc_tinh": "Hưng Yên", "Trong_chigioi": "", "Ngoai_baiSg": "", "layer": "HYE_KTVHXH", "path": "D:/Work/HungYen/TaiLieu/De/De Hung Yen/BD Hung Yen/HYE_KTVHXH.TAB" }, "geometry": { "type": "Point", "coordinates": [ 105.983664709948911, 20.818121884727187 ] } },
{ "type": "Feature", "properties": { "ID": "HYE330040bia", "Ten_CT": "Bia tưởng niệm", "Loai_CT": "", "Thuoc_huyen": "H. Khoái Châu", "Thuoc_tinh": "Hưng Yên", "Trong_chigioi": "", "Ngoai_baiSg": "", "layer": "HYE_KTVHXH", "path": "D:/Work/HungYen/TaiLieu/De/De Hung Yen/BD Hung Yen/HYE_KTVHXH.TAB" }, "geometry": { "type": "Point", "coordinates": [ 105.986398252279983, 20.781042776382172 ] } },
{ "type": "Feature", "properties": { "ID": "HYE330040bia", "Ten_CT": "Bia tưởng niệm", "Loai_CT": "", "Thuoc_huyen": "H. Khoái Châu", "Thuoc_tinh": "Hưng Yên", "Trong_chigioi": "", "Ngoai_baiSg": "", "layer": "HYE_KTVHXH", "path": "D:/Work/HungYen/TaiLieu/De/De Hung Yen/BD Hung Yen/HYE_KTVHXH.TAB" }, "geometry": { "type": "Point", "coordinates": [ 105.945606403859344, 20.823960430389175 ] } },
{ "type": "Feature", "properties": { "ID": "HYE330040lnung", "Ten_CT": "lnung", "Loai_CT": "", "Thuoc_huyen": "H. Khoái Châu", "Thuoc_tinh": "Hưng Yên", "Trong_chigioi": "", "Ngoai_baiSg": "", "layer": "HYE_KTVHXH", "path": "D:/Work/HungYen/TaiLieu/De/De Hung Yen/BD Hung Yen/HYE_KTVHXH.TAB" }, "geometry": { "type": "Point", "coordinates": [ 105.95957806504272, 20.82604681865401 ] } },
{ "type": "Feature", "properties": { "ID": "HYE330040lnung", "Ten_CT": "lnung", "Loai_CT": "", "Thuoc_huyen": "H. Khoái Châu", "Thuoc_tinh": "Hưng Yên", "Trong_chigioi": "", "Ngoai_baiSg": "", "layer": "HYE_KTVHXH", "path": "D:/Work/HungYen/TaiLieu/De/De Hung Yen/BD Hung Yen/HYE_KTVHXH.TAB" }, "geometry": { "type": "Point", "coordinates": [ 105.983249510273467, 20.824063587303108 ] } },
{ "type": "Feature", "properties": { "ID": "HYE330040lnung", "Ten_CT": "lnung", "Loai_CT": "", "Thuoc_huyen": "H. Khoái Châu", "Thuoc_tinh": "Hưng Yên", "Trong_chigioi": "", "Ngoai_baiSg": "", "layer": "HYE_KTVHXH", "path": "D:/Work/HungYen/TaiLieu/De/De Hung Yen/BD Hung Yen/HYE_KTVHXH.TAB" }, "geometry": { "type": "Point", "coordinates": [ 105.984495969443316, 20.82497843712942 ] } },
{ "type": "Feature", "properties": { "ID": "HYE330040lnung", "Ten_CT": "lnung", "Loai_CT": "", "Thuoc_huyen": "H. Khoái Châu", "Thuoc_tinh": "Hưng Yên", "Trong_chigioi": "", "Ngoai_baiSg": "", "layer": "HYE_KTVHXH", "path": "D:/Work/HungYen/TaiLieu/De/De Hung Yen/BD Hung Yen/HYE_KTVHXH.TAB" }, "geometry": { "type": "Point", "coordinates": [ 105.982644226981449, 20.814435106035646 ] } },
{ "type": "Feature", "properties": { "ID": "HYE330040bia", "Ten_CT": "Bia tưởng niệm", "Loai_CT": "", "Thuoc_huyen": "H. Khoái Châu", "Thuoc_tinh": "Hưng Yên", "Trong_chigioi": "", "Ngoai_baiSg": "", "layer": "HYE_KTVHXH", "path": "D:/Work/HungYen/TaiLieu/De/De Hung Yen/BD Hung Yen/HYE_KTVHXH.TAB" }, "geometry": { "type": "Point", "coordinates": [ 105.983813256789801, 20.793635772969239 ] } },
{ "type": "Feature", "properties": { "ID": "HYE330040thoc", "Ten_CT": "Trường học", "Loai_CT": "", "Thuoc_huyen": "H. Khoái Châu", "Thuoc_tinh": "Hưng Yên", "Trong_chigioi": "", "Ngoai_baiSg": "", "layer": "HYE_KTVHXH", "path": "D:/Work/HungYen/TaiLieu/De/De Hung Yen/BD Hung Yen/HYE_KTVHXH.TAB" }, "geometry": { "type": "Point", "coordinates": [ 105.985386735319835, 20.793209154099987 ] } },
{ "type": "Feature", "properties": { "ID": "HYE330040lnung", "Ten_CT": "lnung", "Loai_CT": "", "Thuoc_huyen": "H. Khoái Châu", "Thuoc_tinh": "Hưng Yên", "Trong_chigioi": "", "Ngoai_baiSg": "", "layer": "HYE_KTVHXH", "path": "D:/Work/HungYen/TaiLieu/De/De Hung Yen/BD Hung Yen/HYE_KTVHXH.TAB" }, "geometry": { "type": "Point", "coordinates": [ 105.984660560930763, 20.783948879220674 ] } },
{ "type": "Feature", "properties": { "ID": "HYE330040bia", "Ten_CT": "Bia tưởng niệm", "Loai_CT": "", "Thuoc_huyen": "H. Khoái Châu", "Thuoc_tinh": "Hưng Yên", "Trong_chigioi": "", "Ngoai_baiSg": "", "layer": "HYE_KTVHXH", "path": "D:/Work/HungYen/TaiLieu/De/De Hung Yen/BD Hung Yen/HYE_KTVHXH.TAB" }, "geometry": { "type": "Point", "coordinates": [ 105.95638529893499, 20.806601330874678 ] } },
{ "type": "Feature", "properties": { "ID": "HYE330040lnung", "Ten_CT": "lnung", "Loai_CT": "", "Thuoc_huyen": "H. Khoái Châu", "Thuoc_tinh": "Hưng Yên", "Trong_chigioi": "", "Ngoai_baiSg": "", "layer": "HYE_KTVHXH", "path": "D:/Work/HungYen/TaiLieu/De/De Hung Yen/BD Hung Yen/HYE_KTVHXH.TAB" }, "geometry": { "type": "Point", "coordinates": [ 105.955040600984049, 20.827911032813802 ] } },
{ "type": "Feature", "properties": { "ID": "HYE330040ntrang", "Ten_CT": "Nghĩa trang", "Loai_CT": "", "Thuoc_huyen": "H. Khoái Châu", "Thuoc_tinh": "Hưng Yên", "Trong_chigioi": "", "Ngoai_baiSg": "", "layer": "HYE_KTVHXH", "path": "D:/Work/HungYen/TaiLieu/De/De Hung Yen/BD Hung Yen/HYE_KTVHXH.TAB" }, "geometry": { "type": "Point", "coordinates": [ 105.982346408619861, 20.772351318908871 ] } },
{ "type": "Feature", "properties": { "ID": "HYE330040ntrang", "Ten_CT": "Nghĩa trang", "Loai_CT": "", "Thuoc_huyen": "H. Khoái Châu", "Thuoc_tinh": "Hưng Yên", "Trong_chigioi": "", "Ngoai_baiSg": "", "layer": "HYE_KTVHXH", "path": "D:/Work/HungYen/TaiLieu/De/De Hung Yen/BD Hung Yen/HYE_KTVHXH.TAB" }, "geometry": { "type": "Point", "coordinates": [ 105.982413245162363, 20.79377416633422 ] } },
{ "type": "Feature", "properties": { "ID": "HYE330040lnung", "Ten_CT": "lnung", "Loai_CT": "", "Thuoc_huyen": "H. Khoái Châu", "Thuoc_tinh": "Hưng Yên", "Trong_chigioi": "", "Ngoai_baiSg": "", "layer": "HYE_KTVHXH", "path": "D:/Work/HungYen/TaiLieu/De/De Hung Yen/BD Hung Yen/HYE_KTVHXH.TAB" }, "geometry": { "type": "Point", "coordinates": [ 105.984710963606872, 20.807040065498274 ] } },
{ "type": "Feature", "properties": { "ID": "HYE330040ntrang", "Ten_CT": "Nghĩa trang", "Loai_CT": "", "Thuoc_huyen": "H. Khoái Châu", "Thuoc_tinh": "Hưng Yên", "Trong_chigioi": "", "Ngoai_baiSg": "", "layer": "HYE_KTVHXH", "path": "D:/Work/HungYen/TaiLieu/De/De Hung Yen/BD Hung Yen/HYE_KTVHXH.TAB" }, "geometry": { "type": "Point", "coordinates": [ 105.981821950751581, 20.803182209834578 ] } },
{ "type": "Feature", "properties": { "ID": "HYE330040ntrang", "Ten_CT": "Nghĩa trang", "Loai_CT": "", "Thuoc_huyen": "H. Khoái Châu", "Thuoc_tinh": "Hưng Yên", "Trong_chigioi": "", "Ngoai_baiSg": "", "layer": "HYE_KTVHXH", "path": "D:/Work/HungYen/TaiLieu/De/De Hung Yen/BD Hung Yen/HYE_KTVHXH.TAB" }, "geometry": { "type": "Point", "coordinates": [ 105.943570139792527, 20.793763549534024 ] } },
{ "type": "Feature", "properties": { "ID": "HYE330040lnung", "Ten_CT": "lnung", "Loai_CT": "", "Thuoc_huyen": "H. Khoái Châu", "Thuoc_tinh": "Hưng Yên", "Trong_chigioi": "", "Ngoai_baiSg": "", "layer": "HYE_KTVHXH", "path": "D:/Work/HungYen/TaiLieu/De/De Hung Yen/BD Hung Yen/HYE_KTVHXH.TAB" }, "geometry": { "type": "Point", "coordinates": [ 105.948839733333656, 20.809412981872967 ] } },
{ "type": "Feature", "properties": { "ID": "HYE330040lnung", "Ten_CT": "lnung", "Loai_CT": "", "Thuoc_huyen": "H. Khoái Châu", "Thuoc_tinh": "Hưng Yên", "Trong_chigioi": "", "Ngoai_baiSg": "", "layer": "HYE_KTVHXH", "path": "D:/Work/HungYen/TaiLieu/De/De Hung Yen/BD Hung Yen/HYE_KTVHXH.TAB" }, "geometry": { "type": "Point", "coordinates": [ 105.946618518965039, 20.805389626631044 ] } },
{ "type": "Feature", "properties": { "ID": "HYE330040lnung", "Ten_CT": "lnung", "Loai_CT": "", "Thuoc_huyen": "H. Khoái Châu", "Thuoc_tinh": "Hưng Yên", "Trong_chigioi": "", "Ngoai_baiSg": "", "layer": "HYE_KTVHXH", "path": "D:/Work/HungYen/TaiLieu/De/De Hung Yen/BD Hung Yen/HYE_KTVHXH.TAB" }, "geometry": { "type": "Point", "coordinates": [ 105.919525177215903, 20.801198947330008 ] } },
{ "type": "Feature", "properties": { "ID": "HYE330040lnung", "Ten_CT": "lnung", "Loai_CT": "", "Thuoc_huyen": "H. Khoái Châu", "Thuoc_tinh": "Hưng Yên", "Trong_chigioi": "", "Ngoai_baiSg": "", "layer": "HYE_KTVHXH", "path": "D:/Work/HungYen/TaiLieu/De/De Hung Yen/BD Hung Yen/HYE_KTVHXH.TAB" }, "geometry": { "type": "Point", "coordinates": [ 105.920704928000958, 20.811365821473014 ] } },
{ "type": "Feature", "properties": { "ID": "HYE330040den", "Ten_CT": "Đền, chùa, miếu", "Loai_CT": "", "Thuoc_huyen": "H. Khoái Châu", "Thuoc_tinh": "Hưng Yên", "Trong_chigioi": "", "Ngoai_baiSg": "", "layer": "HYE_KTVHXH", "path": "D:/Work/HungYen/TaiLieu/De/De Hung Yen/BD Hung Yen/HYE_KTVHXH.TAB" }, "geometry": { "type": "Point", "coordinates": [ 105.925104179674619, 20.842707050214209 ] } },
{ "type": "Feature", "properties": { "ID": "HYE330040den", "Ten_CT": "Đền, chùa, miếu", "Loai_CT": "", "Thuoc_huyen": "H. Khoái Châu", "Thuoc_tinh": "Hưng Yên", "Trong_chigioi": "", "Ngoai_baiSg": "", "layer": "HYE_KTVHXH", "path": "D:/Work/HungYen/TaiLieu/De/De Hung Yen/BD Hung Yen/HYE_KTVHXH.TAB" }, "geometry": { "type": "Point", "coordinates": [ 105.92784350697714, 20.835525186417183 ] } },
{ "type": "Feature", "properties": { "ID": "HYE330040den", "Ten_CT": "Đền, chùa, miếu", "Loai_CT": "", "Thuoc_huyen": "H. Khoái Châu", "Thuoc_tinh": "Hưng Yên", "Trong_chigioi": "", "Ngoai_baiSg": "", "layer": "HYE_KTVHXH", "path": "D:/Work/HungYen/TaiLieu/De/De Hung Yen/BD Hung Yen/HYE_KTVHXH.TAB" }, "geometry": { "type": "Point", "coordinates": [ 105.944672676911338, 20.836912144677644 ] } },
{ "type": "Feature", "properties": { "ID": "HYE330040bvien", "Ten_CT": "Bệnh viện, trạm xá", "Loai_CT": "", "Thuoc_huyen": "H. Khoái Châu", "Thuoc_tinh": "Hưng Yên", "Trong_chigioi": "", "Ngoai_baiSg": "", "layer": "HYE_KTVHXH", "path": "D:/Work/HungYen/TaiLieu/De/De Hung Yen/BD Hung Yen/HYE_KTVHXH.TAB" }, "geometry": { "type": "Point", "coordinates": [ 105.977219723651046, 20.843261860743375 ] } },
{ "type": "Feature", "properties": { "ID": "HYE330040den", "Ten_CT": "Đền, chùa, miếu", "Loai_CT": "", "Thuoc_huyen": "H. Khoái Châu", "Thuoc_tinh": "Hưng Yên", "Trong_chigioi": "", "Ngoai_baiSg": "", "layer": "HYE_KTVHXH", "path": "D:/Work/HungYen/TaiLieu/De/De Hung Yen/BD Hung Yen/HYE_KTVHXH.TAB" }, "geometry": { "type": "Point", "coordinates": [ 105.953764818741774, 20.851013812698223 ] } },
{ "type": "Feature", "properties": { "ID": "HYE330040den", "Ten_CT": "Đền, chùa, miếu", "Loai_CT": "", "Thuoc_huyen": "H. Khoái Châu", "Thuoc_tinh": "Hưng Yên", "Trong_chigioi": "", "Ngoai_baiSg": "", "layer": "HYE_KTVHXH", "path": "D:/Work/HungYen/TaiLieu/De/De Hung Yen/BD Hung Yen/HYE_KTVHXH.TAB" }, "geometry": { "type": "Point", "coordinates": [ 105.946244760130284, 20.84834796225265 ] } },
{ "type": "Feature", "properties": { "ID": "HYE330040den", "Ten_CT": "Đền, chùa, miếu", "Loai_CT": "", "Thuoc_huyen": "H. Khoái Châu", "Thuoc_tinh": "Hưng Yên", "Trong_chigioi": "", "Ngoai_baiSg": "", "layer": "HYE_KTVHXH", "path": "D:/Work/HungYen/TaiLieu/De/De Hung Yen/BD Hung Yen/HYE_KTVHXH.TAB" }, "geometry": { "type": "Point", "coordinates": [ 105.938577161778582, 20.853077281982269 ] } },
{ "type": "Feature", "properties": { "ID": "HYE330040den", "Ten_CT": "Đền, chùa, miếu", "Loai_CT": "", "Thuoc_huyen": "H. Khoái Châu", "Thuoc_tinh": "Hưng Yên", "Trong_chigioi": "", "Ngoai_baiSg": "", "layer": "HYE_KTVHXH", "path": "D:/Work/HungYen/TaiLieu/De/De Hung Yen/BD Hung Yen/HYE_KTVHXH.TAB" }, "geometry": { "type": "Point", "coordinates": [ 105.967752013436822, 20.854325381603058 ] } },
{ "type": "Feature", "properties": { "ID": "HYE330040den", "Ten_CT": "Đền, chùa, miếu", "Loai_CT": "", "Thuoc_huyen": "H. Khoái Châu", "Thuoc_tinh": "Hưng Yên", "Trong_chigioi": "", "Ngoai_baiSg": "", "layer": "HYE_KTVHXH", "path": "D:/Work/HungYen/TaiLieu/De/De Hung Yen/BD Hung Yen/HYE_KTVHXH.TAB" }, "geometry": { "type": "Point", "coordinates": [ 105.971912805018462, 20.853937798661587 ] } },
{ "type": "Feature", "properties": { "ID": "HYE330040den", "Ten_CT": "Đền, chùa, miếu", "Loai_CT": "", "Thuoc_huyen": "H. Khoái Châu", "Thuoc_tinh": "Hưng Yên", "Trong_chigioi": "", "Ngoai_baiSg": "", "layer": "HYE_KTVHXH", "path": "D:/Work/HungYen/TaiLieu/De/De Hung Yen/BD Hung Yen/HYE_KTVHXH.TAB" }, "geometry": { "type": "Point", "coordinates": [ 105.990751873302997, 20.858789823114858 ] } },
{ "type": "Feature", "properties": { "ID": "HYE327040den", "Ten_CT": "Đền, chùa, miếu", "Loai_CT": "", "Thuoc_huyen": "H. Yên  Mỹ", "Thuoc_tinh": "Hưng Yên", "Trong_chigioi": "", "Ngoai_baiSg": "", "layer": "HYE_KTVHXH", "path": "D:/Work/HungYen/TaiLieu/De/De Hung Yen/BD Hung Yen/HYE_KTVHXH.TAB" }, "geometry": { "type": "Point", "coordinates": [ 105.986302572351789, 20.866915385561597 ] } },
{ "type": "Feature", "properties": { "ID": "HYE330040den", "Ten_CT": "Đền, chùa, miếu", "Loai_CT": "", "Thuoc_huyen": "H. Khoái Châu", "Thuoc_tinh": "Hưng Yên", "Trong_chigioi": "", "Ngoai_baiSg": "", "layer": "HYE_KTVHXH", "path": "D:/Work/HungYen/TaiLieu/De/De Hung Yen/BD Hung Yen/HYE_KTVHXH.TAB" }, "geometry": { "type": "Point", "coordinates": [ 105.98306639511199, 20.864362977042028 ] } },
{ "type": "Feature", "properties": { "ID": "HYE330040den", "Ten_CT": "Đền, chùa, miếu", "Loai_CT": "", "Thuoc_huyen": "H. Khoái Châu", "Thuoc_tinh": "Hưng Yên", "Trong_chigioi": "", "Ngoai_baiSg": "", "layer": "HYE_KTVHXH", "path": "D:/Work/HungYen/TaiLieu/De/De Hung Yen/BD Hung Yen/HYE_KTVHXH.TAB" }, "geometry": { "type": "Point", "coordinates": [ 105.978448174300198, 20.865163002950499 ] } },
{ "type": "Feature", "properties": { "ID": "HYE330040den", "Ten_CT": "Đền, chùa, miếu", "Loai_CT": "", "Thuoc_huyen": "H. Khoái Châu", "Thuoc_tinh": "Hưng Yên", "Trong_chigioi": "", "Ngoai_baiSg": "", "layer": "HYE_KTVHXH", "path": "D:/Work/HungYen/TaiLieu/De/De Hung Yen/BD Hung Yen/HYE_KTVHXH.TAB" }, "geometry": { "type": "Point", "coordinates": [ 105.978871709460165, 20.863294894376761 ] } },
{ "type": "Feature", "properties": { "ID": "HYE327040den", "Ten_CT": "Đền, chùa, miếu", "Loai_CT": "", "Thuoc_huyen": "H. Yên  Mỹ", "Thuoc_tinh": "Hưng Yên", "Trong_chigioi": "", "Ngoai_baiSg": "", "layer": "HYE_KTVHXH", "path": "D:/Work/HungYen/TaiLieu/De/De Hung Yen/BD Hung Yen/HYE_KTVHXH.TAB" }, "geometry": { "type": "Point", "coordinates": [ 105.980139735609185, 20.868452378917592 ] } },
{ "type": "Feature", "properties": { "ID": "HYE330040den", "Ten_CT": "Đền, chùa, miếu", "Loai_CT": "", "Thuoc_huyen": "H. Khoái Châu", "Thuoc_tinh": "Hưng Yên", "Trong_chigioi": "", "Ngoai_baiSg": "", "layer": "HYE_KTVHXH", "path": "D:/Work/HungYen/TaiLieu/De/De Hung Yen/BD Hung Yen/HYE_KTVHXH.TAB" }, "geometry": { "type": "Point", "coordinates": [ 105.944441817987908, 20.86196390113161 ] } },
{ "type": "Feature", "properties": { "ID": "HYE330040den", "Ten_CT": "Đền, chùa, miếu", "Loai_CT": "", "Thuoc_huyen": "H. Khoái Châu", "Thuoc_tinh": "Hưng Yên", "Trong_chigioi": "", "Ngoai_baiSg": "", "layer": "HYE_KTVHXH", "path": "D:/Work/HungYen/TaiLieu/De/De Hung Yen/BD Hung Yen/HYE_KTVHXH.TAB" }, "geometry": { "type": "Point", "coordinates": [ 105.928691412701468, 20.879023581857695 ] } },
{ "type": "Feature", "properties": { "ID": "HYE327040den", "Ten_CT": "Đền, chùa, miếu", "Loai_CT": "", "Thuoc_huyen": "H. Yên  Mỹ", "Thuoc_tinh": "Hưng Yên", "Trong_chigioi": "", "Ngoai_baiSg": "", "layer": "HYE_KTVHXH", "path": "D:/Work/HungYen/TaiLieu/De/De Hung Yen/BD Hung Yen/HYE_KTVHXH.TAB" }, "geometry": { "type": "Point", "coordinates": [ 105.986687432457245, 20.879309151154587 ] } },
{ "type": "Feature", "properties": { "ID": "HYE327040den", "Ten_CT": "Đền, chùa, miếu", "Loai_CT": "", "Thuoc_huyen": "H. Yên  Mỹ", "Thuoc_tinh": "Hưng Yên", "Trong_chigioi": "", "Ngoai_baiSg": "", "layer": "HYE_KTVHXH", "path": "D:/Work/HungYen/TaiLieu/De/De Hung Yen/BD Hung Yen/HYE_KTVHXH.TAB" }, "geometry": { "type": "Point", "coordinates": [ 105.984234376783533, 20.876437667573434 ] } },
{ "type": "Feature", "properties": { "ID": "HYE327040den", "Ten_CT": "Đền, chùa, miếu", "Loai_CT": "", "Thuoc_huyen": "H. Yên  Mỹ", "Thuoc_tinh": "Hưng Yên", "Trong_chigioi": "", "Ngoai_baiSg": "", "layer": "HYE_KTVHXH", "path": "D:/Work/HungYen/TaiLieu/De/De Hung Yen/BD Hung Yen/HYE_KTVHXH.TAB" }, "geometry": { "type": "Point", "coordinates": [ 105.986789481801196, 20.887528121163268 ] } },
{ "type": "Feature", "properties": { "ID": "HYE327040den", "Ten_CT": "Đền, chùa, miếu", "Loai_CT": "", "Thuoc_huyen": "H. Yên  Mỹ", "Thuoc_tinh": "Hưng Yên", "Trong_chigioi": "", "Ngoai_baiSg": "", "layer": "HYE_KTVHXH", "path": "D:/Work/HungYen/TaiLieu/De/De Hung Yen/BD Hung Yen/HYE_KTVHXH.TAB" }, "geometry": { "type": "Point", "coordinates": [ 105.987590968703387, 20.88274880251771 ] } },
{ "type": "Feature", "properties": { "ID": "HYE330040den", "Ten_CT": "Đền, chùa, miếu", "Loai_CT": "", "Thuoc_huyen": "H. Khoái Châu", "Thuoc_tinh": "Hưng Yên", "Trong_chigioi": "", "Ngoai_baiSg": "", "layer": "HYE_KTVHXH", "path": "D:/Work/HungYen/TaiLieu/De/De Hung Yen/BD Hung Yen/HYE_KTVHXH.TAB" }, "geometry": { "type": "Point", "coordinates": [ 105.927224681202205, 20.881665570229849 ] } },
{ "type": "Feature", "properties": { "ID": "HYE330040den", "Ten_CT": "Đền, chùa, miếu", "Loai_CT": "", "Thuoc_huyen": "H. Khoái Châu", "Thuoc_tinh": "Hưng Yên", "Trong_chigioi": "", "Ngoai_baiSg": "", "layer": "HYE_KTVHXH", "path": "D:/Work/HungYen/TaiLieu/De/De Hung Yen/BD Hung Yen/HYE_KTVHXH.TAB" }, "geometry": { "type": "Point", "coordinates": [ 105.929965188577469, 20.888363061502083 ] } },
{ "type": "Feature", "properties": { "ID": "HYE330040den", "Ten_CT": "Đền, chùa, miếu", "Loai_CT": "", "Thuoc_huyen": "H. Khoái Châu", "Thuoc_tinh": "Hưng Yên", "Trong_chigioi": "", "Ngoai_baiSg": "", "layer": "HYE_KTVHXH", "path": "D:/Work/HungYen/TaiLieu/De/De Hung Yen/BD Hung Yen/HYE_KTVHXH.TAB" }, "geometry": { "type": "Point", "coordinates": [ 105.918920709774156, 20.887030950852946 ] } },
{ "type": "Feature", "properties": { "ID": "HYE326040den", "Ten_CT": "Đền, chùa, miếu", "Loai_CT": "", "Thuoc_huyen": "H. Văn Giang", "Thuoc_tinh": "Hưng Yên", "Trong_chigioi": "", "Ngoai_baiSg": "", "layer": "HYE_KTVHXH", "path": "D:/Work/HungYen/TaiLieu/De/De Hung Yen/BD Hung Yen/HYE_KTVHXH.TAB" }, "geometry": { "type": "Point", "coordinates": [ 105.918910722999556, 20.889386853239632 ] } },
{ "type": "Feature", "properties": { "ID": "HYE326040den", "Ten_CT": "Đền, chùa, miếu", "Loai_CT": "", "Thuoc_huyen": "H. Văn Giang", "Thuoc_tinh": "Hưng Yên", "Trong_chigioi": "", "Ngoai_baiSg": "", "layer": "HYE_KTVHXH", "path": "D:/Work/HungYen/TaiLieu/De/De Hung Yen/BD Hung Yen/HYE_KTVHXH.TAB" }, "geometry": { "type": "Point", "coordinates": [ 105.91585351032694, 20.897284396075712 ] } },
{ "type": "Feature", "properties": { "ID": "HYE326040den", "Ten_CT": "Đền, chùa, miếu", "Loai_CT": "", "Thuoc_huyen": "H. Văn Giang", "Thuoc_tinh": "Hưng Yên", "Trong_chigioi": "", "Ngoai_baiSg": "", "layer": "HYE_KTVHXH", "path": "D:/Work/HungYen/TaiLieu/De/De Hung Yen/BD Hung Yen/HYE_KTVHXH.TAB" }, "geometry": { "type": "Point", "coordinates": [ 105.914402006531319, 20.894283999277643 ] } },
{ "type": "Feature", "properties": { "ID": "HYE327040den", "Ten_CT": "Đền, chùa, miếu", "Loai_CT": "", "Thuoc_huyen": "H. Yên  Mỹ", "Thuoc_tinh": "Hưng Yên", "Trong_chigioi": "", "Ngoai_baiSg": "", "layer": "HYE_KTVHXH", "path": "D:/Work/HungYen/TaiLieu/De/De Hung Yen/BD Hung Yen/HYE_KTVHXH.TAB" }, "geometry": { "type": "Point", "coordinates": [ 105.978272121699234, 20.903833688833732 ] } },
{ "type": "Feature", "properties": { "ID": "HYE326040den", "Ten_CT": "Đền, chùa, miếu", "Loai_CT": "", "Thuoc_huyen": "H. Văn Giang", "Thuoc_tinh": "Hưng Yên", "Trong_chigioi": "", "Ngoai_baiSg": "", "layer": "HYE_KTVHXH", "path": "D:/Work/HungYen/TaiLieu/De/De Hung Yen/BD Hung Yen/HYE_KTVHXH.TAB" }, "geometry": { "type": "Point", "coordinates": [ 105.910085521862044, 20.903443938894828 ] } },
{ "type": "Feature", "properties": { "ID": "HYE326040den", "Ten_CT": "Đền, chùa, miếu", "Loai_CT": "", "Thuoc_huyen": "H. Văn Giang", "Thuoc_tinh": "Hưng Yên", "Trong_chigioi": "", "Ngoai_baiSg": "", "layer": "HYE_KTVHXH", "path": "D:/Work/HungYen/TaiLieu/De/De Hung Yen/BD Hung Yen/HYE_KTVHXH.TAB" }, "geometry": { "type": "Point", "coordinates": [ 105.912388982285279, 20.901141852270854 ] } },
{ "type": "Feature", "properties": { "ID": "HYE326040den", "Ten_CT": "Đền, chùa, miếu", "Loai_CT": "", "Thuoc_huyen": "H. Văn Giang", "Thuoc_tinh": "Hưng Yên", "Trong_chigioi": "", "Ngoai_baiSg": "", "layer": "HYE_KTVHXH", "path": "D:/Work/HungYen/TaiLieu/De/De Hung Yen/BD Hung Yen/HYE_KTVHXH.TAB" }, "geometry": { "type": "Point", "coordinates": [ 105.906450074659531, 20.906763350017776 ] } },
{ "type": "Feature", "properties": { "ID": "HYE327040den", "Ten_CT": "Đền, chùa, miếu", "Loai_CT": "", "Thuoc_huyen": "H. Yên  Mỹ", "Thuoc_tinh": "Hưng Yên", "Trong_chigioi": "", "Ngoai_baiSg": "", "layer": "HYE_KTVHXH", "path": "D:/Work/HungYen/TaiLieu/De/De Hung Yen/BD Hung Yen/HYE_KTVHXH.TAB" }, "geometry": { "type": "Point", "coordinates": [ 105.996163438149267, 20.913863484395964 ] } },
{ "type": "Feature", "properties": { "ID": "HYE326040lnung", "Ten_CT": "lnung", "Loai_CT": "", "Thuoc_huyen": "H. Văn Giang", "Thuoc_tinh": "Hưng Yên", "Trong_chigioi": "", "Ngoai_baiSg": "", "layer": "HYE_KTVHXH", "path": "D:/Work/HungYen/TaiLieu/De/De Hung Yen/BD Hung Yen/HYE_KTVHXH.TAB" }, "geometry": { "type": "Point", "coordinates": [ 105.972926798386823, 20.916327125847918 ] } },
{ "type": "Feature", "properties": { "ID": "HYE326040den", "Ten_CT": "Đền, chùa, miếu", "Loai_CT": "", "Thuoc_huyen": "H. Văn Giang", "Thuoc_tinh": "Hưng Yên", "Trong_chigioi": "", "Ngoai_baiSg": "", "layer": "HYE_KTVHXH", "path": "D:/Work/HungYen/TaiLieu/De/De Hung Yen/BD Hung Yen/HYE_KTVHXH.TAB" }, "geometry": { "type": "Point", "coordinates": [ 105.92996761722938, 20.909930348153921 ] } },
{ "type": "Feature", "properties": { "ID": "HYE326040den", "Ten_CT": "Đền, chùa, miếu", "Loai_CT": "", "Thuoc_huyen": "H. Văn Giang", "Thuoc_tinh": "Hưng Yên", "Trong_chigioi": "", "Ngoai_baiSg": "", "layer": "HYE_KTVHXH", "path": "D:/Work/HungYen/TaiLieu/De/De Hung Yen/BD Hung Yen/HYE_KTVHXH.TAB" }, "geometry": { "type": "Point", "coordinates": [ 105.925919961930063, 20.915362857673092 ] } },
{ "type": "Feature", "properties": { "ID": "HYE326040den", "Ten_CT": "Đền, chùa, miếu", "Loai_CT": "", "Thuoc_huyen": "H. Văn Giang", "Thuoc_tinh": "Hưng Yên", "Trong_chigioi": "", "Ngoai_baiSg": "", "layer": "HYE_KTVHXH", "path": "D:/Work/HungYen/TaiLieu/De/De Hung Yen/BD Hung Yen/HYE_KTVHXH.TAB" }, "geometry": { "type": "Point", "coordinates": [ 105.934807971784792, 20.908322200518395 ] } },
{ "type": "Feature", "properties": { "ID": "HYE326040den", "Ten_CT": "Đền, chùa, miếu", "Loai_CT": "", "Thuoc_huyen": "H. Văn Giang", "Thuoc_tinh": "Hưng Yên", "Trong_chigioi": "", "Ngoai_baiSg": "", "layer": "HYE_KTVHXH", "path": "D:/Work/HungYen/TaiLieu/De/De Hung Yen/BD Hung Yen/HYE_KTVHXH.TAB" }, "geometry": { "type": "Point", "coordinates": [ 105.925912701604929, 20.9104842556868 ] } },
{ "type": "Feature", "properties": { "ID": "HYE326040den", "Ten_CT": "Đền, chùa, miếu", "Loai_CT": "", "Thuoc_huyen": "H. Văn Giang", "Thuoc_tinh": "Hưng Yên", "Trong_chigioi": "", "Ngoai_baiSg": "", "layer": "HYE_KTVHXH", "path": "D:/Work/HungYen/TaiLieu/De/De Hung Yen/BD Hung Yen/HYE_KTVHXH.TAB" }, "geometry": { "type": "Point", "coordinates": [ 105.915984681442026, 20.910244595575396 ] } },
{ "type": "Feature", "properties": { "ID": "HYE325040den", "Ten_CT": "Đền, chùa, miếu", "Loai_CT": "", "Thuoc_huyen": "H. Văn Lâm", "Thuoc_tinh": "Hưng Yên", "Trong_chigioi": "", "Ngoai_baiSg": "", "layer": "HYE_KTVHXH", "path": "D:/Work/HungYen/TaiLieu/De/De Hung Yen/BD Hung Yen/HYE_KTVHXH.TAB" }, "geometry": { "type": "Point", "coordinates": [ 105.979170095492279, 20.995504321805065 ] } },
{ "type": "Feature", "properties": { "ID": "HYE325040den", "Ten_CT": "Đền, chùa, miếu", "Loai_CT": "", "Thuoc_huyen": "H. Văn Lâm", "Thuoc_tinh": "Hưng Yên", "Trong_chigioi": "", "Ngoai_baiSg": "", "layer": "HYE_KTVHXH", "path": "D:/Work/HungYen/TaiLieu/De/De Hung Yen/BD Hung Yen/HYE_KTVHXH.TAB" }, "geometry": { "type": "Point", "coordinates": [ 105.970680300293026, 20.985015053260263 ] } },
{ "type": "Feature", "properties": { "ID": "HYE325040den", "Ten_CT": "Đền, chùa, miếu", "Loai_CT": "", "Thuoc_huyen": "H. Văn Lâm", "Thuoc_tinh": "Hưng Yên", "Trong_chigioi": "", "Ngoai_baiSg": "", "layer": "HYE_KTVHXH", "path": "D:/Work/HungYen/TaiLieu/De/De Hung Yen/BD Hung Yen/HYE_KTVHXH.TAB" }, "geometry": { "type": "Point", "coordinates": [ 105.988558863568073, 20.987393058553607 ] } },
{ "type": "Feature", "properties": { "ID": "HYE325040den", "Ten_CT": "Đền, chùa, miếu", "Loai_CT": "", "Thuoc_huyen": "H. Văn Lâm", "Thuoc_tinh": "Hưng Yên", "Trong_chigioi": "", "Ngoai_baiSg": "", "layer": "HYE_KTVHXH", "path": "D:/Work/HungYen/TaiLieu/De/De Hung Yen/BD Hung Yen/HYE_KTVHXH.TAB" }, "geometry": { "type": "Point", "coordinates": [ 105.982031256117182, 20.970627405062267 ] } },
{ "type": "Feature", "properties": { "ID": "HYE325040den", "Ten_CT": "Đền, chùa, miếu", "Loai_CT": "", "Thuoc_huyen": "H. Văn Lâm", "Thuoc_tinh": "Hưng Yên", "Trong_chigioi": "", "Ngoai_baiSg": "", "layer": "HYE_KTVHXH", "path": "D:/Work/HungYen/TaiLieu/De/De Hung Yen/BD Hung Yen/HYE_KTVHXH.TAB" }, "geometry": { "type": "Point", "coordinates": [ 105.974390023797284, 20.975204151968306 ] } },
{ "type": "Feature", "properties": { "ID": "HYE325040den", "Ten_CT": "Đền, chùa, miếu", "Loai_CT": "", "Thuoc_huyen": "H. Văn Lâm", "Thuoc_tinh": "Hưng Yên", "Trong_chigioi": "", "Ngoai_baiSg": "", "layer": "HYE_KTVHXH", "path": "D:/Work/HungYen/TaiLieu/De/De Hung Yen/BD Hung Yen/HYE_KTVHXH.TAB" }, "geometry": { "type": "Point", "coordinates": [ 105.973907023581134, 20.97122279137654 ] } },
{ "type": "Feature", "properties": { "ID": "HYE326040den", "Ten_CT": "Đền, chùa, miếu", "Loai_CT": "", "Thuoc_huyen": "H. Văn Giang", "Thuoc_tinh": "Hưng Yên", "Trong_chigioi": "", "Ngoai_baiSg": "", "layer": "HYE_KTVHXH", "path": "D:/Work/HungYen/TaiLieu/De/De Hung Yen/BD Hung Yen/HYE_KTVHXH.TAB" }, "geometry": { "type": "Point", "coordinates": [ 105.909311816466158, 20.96171192631699 ] } },
{ "type": "Feature", "properties": { "ID": "HYE326040den", "Ten_CT": "Đền, chùa, miếu", "Loai_CT": "", "Thuoc_huyen": "H. Văn Giang", "Thuoc_tinh": "Hưng Yên", "Trong_chigioi": "", "Ngoai_baiSg": "", "layer": "HYE_KTVHXH", "path": "D:/Work/HungYen/TaiLieu/De/De Hung Yen/BD Hung Yen/HYE_KTVHXH.TAB" }, "geometry": { "type": "Point", "coordinates": [ 105.908362117786879, 20.959202231509121 ] } },
{ "type": "Feature", "properties": { "ID": "HYE326040den", "Ten_CT": "Đền, chùa, miếu", "Loai_CT": "", "Thuoc_huyen": "H. Văn Giang", "Thuoc_tinh": "Hưng Yên", "Trong_chigioi": "", "Ngoai_baiSg": "", "layer": "HYE_KTVHXH", "path": "D:/Work/HungYen/TaiLieu/De/De Hung Yen/BD Hung Yen/HYE_KTVHXH.TAB" }, "geometry": { "type": "Point", "coordinates": [ 105.912951561150692, 20.958330523880178 ] } },
{ "type": "Feature", "properties": { "ID": "HYE326040thoc", "Ten_CT": "Trường học", "Loai_CT": "", "Thuoc_huyen": "H. Văn Giang", "Thuoc_tinh": "Hưng Yên", "Trong_chigioi": "", "Ngoai_baiSg": "", "layer": "HYE_KTVHXH", "path": "D:/Work/HungYen/TaiLieu/De/De Hung Yen/BD Hung Yen/HYE_KTVHXH.TAB" }, "geometry": { "type": "Point", "coordinates": [ 105.915663526713459, 20.965340648765636 ] } },
{ "type": "Feature", "properties": { "ID": "HYE326040den", "Ten_CT": "Đền, chùa, miếu", "Loai_CT": "", "Thuoc_huyen": "H. Văn Giang", "Thuoc_tinh": "Hưng Yên", "Trong_chigioi": "", "Ngoai_baiSg": "", "layer": "HYE_KTVHXH", "path": "D:/Work/HungYen/TaiLieu/De/De Hung Yen/BD Hung Yen/HYE_KTVHXH.TAB" }, "geometry": { "type": "Point", "coordinates": [ 105.951897276749335, 20.961668759023738 ] } },
{ "type": "Feature", "properties": { "ID": "HYE325040den", "Ten_CT": "Đền, chùa, miếu", "Loai_CT": "", "Thuoc_huyen": "H. Văn Lâm", "Thuoc_tinh": "Hưng Yên", "Trong_chigioi": "", "Ngoai_baiSg": "", "layer": "HYE_KTVHXH", "path": "D:/Work/HungYen/TaiLieu/De/De Hung Yen/BD Hung Yen/HYE_KTVHXH.TAB" }, "geometry": { "type": "Point", "coordinates": [ 105.98398437109546, 20.965683925027729 ] } },
{ "type": "Feature", "properties": { "ID": "HYE326040den", "Ten_CT": "Đền, chùa, miếu", "Loai_CT": "", "Thuoc_huyen": "H. Văn Giang", "Thuoc_tinh": "Hưng Yên", "Trong_chigioi": "", "Ngoai_baiSg": "", "layer": "HYE_KTVHXH", "path": "D:/Work/HungYen/TaiLieu/De/De Hung Yen/BD Hung Yen/HYE_KTVHXH.TAB" }, "geometry": { "type": "Point", "coordinates": [ 105.987633383545742, 20.959906735852314 ] } },
{ "type": "Feature", "properties": { "ID": "HYE326040thoc", "Ten_CT": "Trường học", "Loai_CT": "", "Thuoc_huyen": "H. Văn Giang", "Thuoc_tinh": "Hưng Yên", "Trong_chigioi": "", "Ngoai_baiSg": "", "layer": "HYE_KTVHXH", "path": "D:/Work/HungYen/TaiLieu/De/De Hung Yen/BD Hung Yen/HYE_KTVHXH.TAB" }, "geometry": { "type": "Point", "coordinates": [ 105.942895044639101, 20.953878584618433 ] } },
{ "type": "Feature", "properties": { "ID": "HYE326040bvien", "Ten_CT": "Bệnh viện, trạm xá", "Loai_CT": "", "Thuoc_huyen": "H. Văn Giang", "Thuoc_tinh": "Hưng Yên", "Trong_chigioi": "", "Ngoai_baiSg": "", "layer": "HYE_KTVHXH", "path": "D:/Work/HungYen/TaiLieu/De/De Hung Yen/BD Hung Yen/HYE_KTVHXH.TAB" }, "geometry": { "type": "Point", "coordinates": [ 105.942457117458559, 20.952677843311882 ] } },
{ "type": "Feature", "properties": { "ID": "HYE326040den", "Ten_CT": "Đền, chùa, miếu", "Loai_CT": "", "Thuoc_huyen": "H. Văn Giang", "Thuoc_tinh": "Hưng Yên", "Trong_chigioi": "", "Ngoai_baiSg": "", "layer": "HYE_KTVHXH", "path": "D:/Work/HungYen/TaiLieu/De/De Hung Yen/BD Hung Yen/HYE_KTVHXH.TAB" }, "geometry": { "type": "Point", "coordinates": [ 105.929288461250053, 20.950059989690864 ] } },
{ "type": "Feature", "properties": { "ID": "HYE326040den", "Ten_CT": "Đền, chùa, miếu", "Loai_CT": "", "Thuoc_huyen": "H. Văn Giang", "Thuoc_tinh": "Hưng Yên", "Trong_chigioi": "", "Ngoai_baiSg": "", "layer": "HYE_KTVHXH", "path": "D:/Work/HungYen/TaiLieu/De/De Hung Yen/BD Hung Yen/HYE_KTVHXH.TAB" }, "geometry": { "type": "Point", "coordinates": [ 105.925031407316084, 20.948728177794319 ] } },
{ "type": "Feature", "properties": { "ID": "HYE326040den", "Ten_CT": "Đền, chùa, miếu", "Loai_CT": "", "Thuoc_huyen": "H. Văn Giang", "Thuoc_tinh": "Hưng Yên", "Trong_chigioi": "", "Ngoai_baiSg": "", "layer": "HYE_KTVHXH", "path": "D:/Work/HungYen/TaiLieu/De/De Hung Yen/BD Hung Yen/HYE_KTVHXH.TAB" }, "geometry": { "type": "Point", "coordinates": [ 105.924731997526678, 20.945924127443092 ] } },
{ "type": "Feature", "properties": { "ID": "HYE326040den", "Ten_CT": "Đền, chùa, miếu", "Loai_CT": "", "Thuoc_huyen": "H. Văn Giang", "Thuoc_tinh": "Hưng Yên", "Trong_chigioi": "", "Ngoai_baiSg": "", "layer": "HYE_KTVHXH", "path": "D:/Work/HungYen/TaiLieu/De/De Hung Yen/BD Hung Yen/HYE_KTVHXH.TAB" }, "geometry": { "type": "Point", "coordinates": [ 105.930570508659869, 20.941189577427082 ] } },
{ "type": "Feature", "properties": { "ID": "HYE326040den", "Ten_CT": "Đền, chùa, miếu", "Loai_CT": "", "Thuoc_huyen": "H. Văn Giang", "Thuoc_tinh": "Hưng Yên", "Trong_chigioi": "", "Ngoai_baiSg": "", "layer": "HYE_KTVHXH", "path": "D:/Work/HungYen/TaiLieu/De/De Hung Yen/BD Hung Yen/HYE_KTVHXH.TAB" }, "geometry": { "type": "Point", "coordinates": [ 105.933691574841276, 20.941697991821801 ] } },
{ "type": "Feature", "properties": { "ID": "HYE325040den", "Ten_CT": "Đền, chùa, miếu", "Loai_CT": "", "Thuoc_huyen": "H. Văn Lâm", "Thuoc_tinh": "Hưng Yên", "Trong_chigioi": "", "Ngoai_baiSg": "", "layer": "HYE_KTVHXH", "path": "D:/Work/HungYen/TaiLieu/De/De Hung Yen/BD Hung Yen/HYE_KTVHXH.TAB" }, "geometry": { "type": "Point", "coordinates": [ 105.995643116908013, 20.969710735869221 ] } },
{ "type": "Feature", "properties": { "ID": "HYE326040den", "Ten_CT": "Đền, chùa, miếu", "Loai_CT": "", "Thuoc_huyen": "H. Văn Giang", "Thuoc_tinh": "Hưng Yên", "Trong_chigioi": "", "Ngoai_baiSg": "", "layer": "HYE_KTVHXH", "path": "D:/Work/HungYen/TaiLieu/De/De Hung Yen/BD Hung Yen/HYE_KTVHXH.TAB" }, "geometry": { "type": "Point", "coordinates": [ 105.938316964167484, 20.944886025532895 ] } },
{ "type": "Feature", "properties": { "ID": "HYE326040den", "Ten_CT": "Đền, chùa, miếu", "Loai_CT": "", "Thuoc_huyen": "H. Văn Giang", "Thuoc_tinh": "Hưng Yên", "Trong_chigioi": "", "Ngoai_baiSg": "", "layer": "HYE_KTVHXH", "path": "D:/Work/HungYen/TaiLieu/De/De Hung Yen/BD Hung Yen/HYE_KTVHXH.TAB" }, "geometry": { "type": "Point", "coordinates": [ 105.940724362666359, 20.944170312569231 ] } },
{ "type": "Feature", "properties": { "ID": "HYE326040den", "Ten_CT": "Đền, chùa, miếu", "Loai_CT": "", "Thuoc_huyen": "H. Văn Giang", "Thuoc_tinh": "Hưng Yên", "Trong_chigioi": "", "Ngoai_baiSg": "", "layer": "HYE_KTVHXH", "path": "D:/Work/HungYen/TaiLieu/De/De Hung Yen/BD Hung Yen/HYE_KTVHXH.TAB" }, "geometry": { "type": "Point", "coordinates": [ 105.941611586360125, 20.943327079640081 ] } },
{ "type": "Feature", "properties": { "ID": "HYE326040den", "Ten_CT": "Đền, chùa, miếu", "Loai_CT": "", "Thuoc_huyen": "H. Văn Giang", "Thuoc_tinh": "Hưng Yên", "Trong_chigioi": "", "Ngoai_baiSg": "", "layer": "HYE_KTVHXH", "path": "D:/Work/HungYen/TaiLieu/De/De Hung Yen/BD Hung Yen/HYE_KTVHXH.TAB" }, "geometry": { "type": "Point", "coordinates": [ 105.928981681492559, 20.944687843616371 ] } },
{ "type": "Feature", "properties": { "ID": "HYE326040den", "Ten_CT": "Đền, chùa, miếu", "Loai_CT": "", "Thuoc_huyen": "H. Văn Giang", "Thuoc_tinh": "Hưng Yên", "Trong_chigioi": "", "Ngoai_baiSg": "", "layer": "HYE_KTVHXH", "path": "D:/Work/HungYen/TaiLieu/De/De Hung Yen/BD Hung Yen/HYE_KTVHXH.TAB" }, "geometry": { "type": "Point", "coordinates": [ 105.997979245386887, 20.947334106886014 ] } },
{ "type": "Feature", "properties": { "ID": "HYE326040den", "Ten_CT": "Đền, chùa, miếu", "Loai_CT": "", "Thuoc_huyen": "H. Văn Giang", "Thuoc_tinh": "Hưng Yên", "Trong_chigioi": "", "Ngoai_baiSg": "", "layer": "HYE_KTVHXH", "path": "D:/Work/HungYen/TaiLieu/De/De Hung Yen/BD Hung Yen/HYE_KTVHXH.TAB" }, "geometry": { "type": "Point", "coordinates": [ 105.995010580744591, 20.943386396419175 ] } },
{ "type": "Feature", "properties": { "ID": "HYE326040den", "Ten_CT": "Đền, chùa, miếu", "Loai_CT": "", "Thuoc_huyen": "H. Văn Giang", "Thuoc_tinh": "Hưng Yên", "Trong_chigioi": "", "Ngoai_baiSg": "", "layer": "HYE_KTVHXH", "path": "D:/Work/HungYen/TaiLieu/De/De Hung Yen/BD Hung Yen/HYE_KTVHXH.TAB" }, "geometry": { "type": "Point", "coordinates": [ 105.99808282985056, 20.941125410719337 ] } },
{ "type": "Feature", "properties": { "ID": "HYE326040den", "Ten_CT": "Đền, chùa, miếu", "Loai_CT": "", "Thuoc_huyen": "H. Văn Giang", "Thuoc_tinh": "Hưng Yên", "Trong_chigioi": "", "Ngoai_baiSg": "", "layer": "HYE_KTVHXH", "path": "D:/Work/HungYen/TaiLieu/De/De Hung Yen/BD Hung Yen/HYE_KTVHXH.TAB" }, "geometry": { "type": "Point", "coordinates": [ 105.992170876732132, 20.94068403308566 ] } },
{ "type": "Feature", "properties": { "ID": "HYE326040den", "Ten_CT": "Đền, chùa, miếu", "Loai_CT": "", "Thuoc_huyen": "H. Văn Giang", "Thuoc_tinh": "Hưng Yên", "Trong_chigioi": "", "Ngoai_baiSg": "", "layer": "HYE_KTVHXH", "path": "D:/Work/HungYen/TaiLieu/De/De Hung Yen/BD Hung Yen/HYE_KTVHXH.TAB" }, "geometry": { "type": "Point", "coordinates": [ 105.957160632539129, 20.943522982877184 ] } },
{ "type": "Feature", "properties": { "ID": "HYE326040den", "Ten_CT": "Đền, chùa, miếu", "Loai_CT": "", "Thuoc_huyen": "H. Văn Giang", "Thuoc_tinh": "Hưng Yên", "Trong_chigioi": "", "Ngoai_baiSg": "", "layer": "HYE_KTVHXH", "path": "D:/Work/HungYen/TaiLieu/De/De Hung Yen/BD Hung Yen/HYE_KTVHXH.TAB" }, "geometry": { "type": "Point", "coordinates": [ 105.953311630863197, 20.936406699683204 ] } },
{ "type": "Feature", "properties": { "ID": "HYE326040den", "Ten_CT": "Đền, chùa, miếu", "Loai_CT": "", "Thuoc_huyen": "H. Văn Giang", "Thuoc_tinh": "Hưng Yên", "Trong_chigioi": "", "Ngoai_baiSg": "", "layer": "HYE_KTVHXH", "path": "D:/Work/HungYen/TaiLieu/De/De Hung Yen/BD Hung Yen/HYE_KTVHXH.TAB" }, "geometry": { "type": "Point", "coordinates": [ 105.956470388414672, 20.938282984481539 ] } },
{ "type": "Feature", "properties": { "ID": "HYE326040den", "Ten_CT": "Đền, chùa, miếu", "Loai_CT": "", "Thuoc_huyen": "H. Văn Giang", "Thuoc_tinh": "Hưng Yên", "Trong_chigioi": "", "Ngoai_baiSg": "", "layer": "HYE_KTVHXH", "path": "D:/Work/HungYen/TaiLieu/De/De Hung Yen/BD Hung Yen/HYE_KTVHXH.TAB" }, "geometry": { "type": "Point", "coordinates": [ 105.956725230574534, 20.935177840927828 ] } },
{ "type": "Feature", "properties": { "ID": "HYE326040den", "Ten_CT": "Đền, chùa, miếu", "Loai_CT": "", "Thuoc_huyen": "H. Văn Giang", "Thuoc_tinh": "Hưng Yên", "Trong_chigioi": "", "Ngoai_baiSg": "", "layer": "HYE_KTVHXH", "path": "D:/Work/HungYen/TaiLieu/De/De Hung Yen/BD Hung Yen/HYE_KTVHXH.TAB" }, "geometry": { "type": "Point", "coordinates": [ 105.957900204600108, 20.931909697427194 ] } },
{ "type": "Feature", "properties": { "ID": "HYE326040den", "Ten_CT": "Đền, chùa, miếu", "Loai_CT": "", "Thuoc_huyen": "H. Văn Giang", "Thuoc_tinh": "Hưng Yên", "Trong_chigioi": "", "Ngoai_baiSg": "", "layer": "HYE_KTVHXH", "path": "D:/Work/HungYen/TaiLieu/De/De Hung Yen/BD Hung Yen/HYE_KTVHXH.TAB" }, "geometry": { "type": "Point", "coordinates": [ 105.950017167626399, 20.934363603906803 ] } },
{ "type": "Feature", "properties": { "ID": "HYE326040den", "Ten_CT": "Đền, chùa, miếu", "Loai_CT": "", "Thuoc_huyen": "H. Văn Giang", "Thuoc_tinh": "Hưng Yên", "Trong_chigioi": "", "Ngoai_baiSg": "", "layer": "HYE_KTVHXH", "path": "D:/Work/HungYen/TaiLieu/De/De Hung Yen/BD Hung Yen/HYE_KTVHXH.TAB" }, "geometry": { "type": "Point", "coordinates": [ 105.956010185477354, 20.92368364448652 ] } },
{ "type": "Feature", "properties": { "ID": "HYE326040den", "Ten_CT": "Đền, chùa, miếu", "Loai_CT": "", "Thuoc_huyen": "H. Văn Giang", "Thuoc_tinh": "Hưng Yên", "Trong_chigioi": "", "Ngoai_baiSg": "", "layer": "HYE_KTVHXH", "path": "D:/Work/HungYen/TaiLieu/De/De Hung Yen/BD Hung Yen/HYE_KTVHXH.TAB" }, "geometry": { "type": "Point", "coordinates": [ 105.963337921722314, 20.931715655569615 ] } },
{ "type": "Feature", "properties": { "ID": "HYE326040den", "Ten_CT": "Đền, chùa, miếu", "Loai_CT": "", "Thuoc_huyen": "H. Văn Giang", "Thuoc_tinh": "Hưng Yên", "Trong_chigioi": "", "Ngoai_baiSg": "", "layer": "HYE_KTVHXH", "path": "D:/Work/HungYen/TaiLieu/De/De Hung Yen/BD Hung Yen/HYE_KTVHXH.TAB" }, "geometry": { "type": "Point", "coordinates": [ 105.922763181670575, 20.928766611213696 ] } },
{ "type": "Feature", "properties": { "ID": "HYE326040den", "Ten_CT": "Đền, chùa, miếu", "Loai_CT": "", "Thuoc_huyen": "H. Văn Giang", "Thuoc_tinh": "Hưng Yên", "Trong_chigioi": "", "Ngoai_baiSg": "", "layer": "HYE_KTVHXH", "path": "D:/Work/HungYen/TaiLieu/De/De Hung Yen/BD Hung Yen/HYE_KTVHXH.TAB" }, "geometry": { "type": "Point", "coordinates": [ 105.920279023041786, 20.92291938295174 ] } },
{ "type": "Feature", "properties": { "ID": "HYE326040den", "Ten_CT": "Đền, chùa, miếu", "Loai_CT": "", "Thuoc_huyen": "H. Văn Giang", "Thuoc_tinh": "Hưng Yên", "Trong_chigioi": "", "Ngoai_baiSg": "", "layer": "HYE_KTVHXH", "path": "D:/Work/HungYen/TaiLieu/De/De Hung Yen/BD Hung Yen/HYE_KTVHXH.TAB" }, "geometry": { "type": "Point", "coordinates": [ 105.950536301637925, 20.918114346447492 ] } },
{ "type": "Feature", "properties": { "ID": "HYE326040den", "Ten_CT": "Đền, chùa, miếu", "Loai_CT": "", "Thuoc_huyen": "H. Văn Giang", "Thuoc_tinh": "Hưng Yên", "Trong_chigioi": "", "Ngoai_baiSg": "", "layer": "HYE_KTVHXH", "path": "D:/Work/HungYen/TaiLieu/De/De Hung Yen/BD Hung Yen/HYE_KTVHXH.TAB" }, "geometry": { "type": "Point", "coordinates": [ 105.953144865337038, 20.922206393203361 ] } },
{ "type": "Feature", "properties": { "ID": "HYE326040den", "Ten_CT": "Đền, chùa, miếu", "Loai_CT": "", "Thuoc_huyen": "H. Văn Giang", "Thuoc_tinh": "Hưng Yên", "Trong_chigioi": "", "Ngoai_baiSg": "", "layer": "HYE_KTVHXH", "path": "D:/Work/HungYen/TaiLieu/De/De Hung Yen/BD Hung Yen/HYE_KTVHXH.TAB" }, "geometry": { "type": "Point", "coordinates": [ 105.963963371214732, 20.920769033167019 ] } },
{ "type": "Feature", "properties": { "ID": "HYE327040den", "Ten_CT": "Đền, chùa, miếu", "Loai_CT": "", "Thuoc_huyen": "H. Yên  Mỹ", "Thuoc_tinh": "Hưng Yên", "Trong_chigioi": "", "Ngoai_baiSg": "", "layer": "HYE_KTVHXH", "path": "D:/Work/HungYen/TaiLieu/De/De Hung Yen/BD Hung Yen/HYE_KTVHXH.TAB" }, "geometry": { "type": "Point", "coordinates": [ 105.980238260043407, 20.906839849162061 ] } },
{ "type": "Feature", "properties": { "ID": "HYE330040bia", "Ten_CT": "Bia tưởng niệm", "Loai_CT": "", "Thuoc_huyen": "H. Khoái Châu", "Thuoc_tinh": "Hưng Yên", "Trong_chigioi": "", "Ngoai_baiSg": "", "layer": "HYE_KTVHXH", "path": "D:/Work/HungYen/TaiLieu/De/De Hung Yen/BD Hung Yen/HYE_KTVHXH.TAB" }, "geometry": { "type": "Point", "coordinates": [ 105.927683555991536, 20.837621975774592 ] } },
{ "type": "Feature", "properties": { "ID": "HYE326040lnung", "Ten_CT": "lnung", "Loai_CT": "", "Thuoc_huyen": "H. Văn Giang", "Thuoc_tinh": "Hưng Yên", "Trong_chigioi": "", "Ngoai_baiSg": "", "layer": "HYE_KTVHXH", "path": "D:/Work/HungYen/TaiLieu/De/De Hung Yen/BD Hung Yen/HYE_KTVHXH.TAB" }, "geometry": { "type": "Point", "coordinates": [ 105.916200446996299, 20.974969689910438 ] } },
{ "type": "Feature", "properties": { "ID": "HYE326040lnung", "Ten_CT": "lnung", "Loai_CT": "", "Thuoc_huyen": "H. Văn Giang", "Thuoc_tinh": "Hưng Yên", "Trong_chigioi": "", "Ngoai_baiSg": "", "layer": "HYE_KTVHXH", "path": "D:/Work/HungYen/TaiLieu/De/De Hung Yen/BD Hung Yen/HYE_KTVHXH.TAB" }, "geometry": { "type": "Point", "coordinates": [ 105.914298284086286, 20.974651219963565 ] } },
{ "type": "Feature", "properties": { "ID": "040den", "Ten_CT": "Đền, chùa, miếu", "Loai_CT": "", "Thuoc_huyen": "", "Thuoc_tinh": "Hưng Yên", "Trong_chigioi": "", "Ngoai_baiSg": "", "layer": "HYE_KTVHXH", "path": "D:/Work/HungYen/TaiLieu/De/De Hung Yen/BD Hung Yen/HYE_KTVHXH.TAB" }, "geometry": { "type": "Point", "coordinates": [ 105.984480920062964, 20.999106260664629 ] } },
{ "type": "Feature", "properties": { "ID": "HYE326040den", "Ten_CT": "Đền, chùa, miếu", "Loai_CT": "", "Thuoc_huyen": "H. Văn Giang", "Thuoc_tinh": "Hưng Yên", "Trong_chigioi": "", "Ngoai_baiSg": "", "layer": "HYE_KTVHXH", "path": "D:/Work/HungYen/TaiLieu/De/De Hung Yen/BD Hung Yen/HYE_KTVHXH.TAB" }, "geometry": { "type": "Point", "coordinates": [ 105.916709558146593, 20.923731844731755 ] } },
{ "type": "Feature", "properties": { "ID": "HYE325040den", "Ten_CT": "Đền, chùa, miếu", "Loai_CT": "", "Thuoc_huyen": "H. Văn Lâm", "Thuoc_tinh": "Hưng Yên", "Trong_chigioi": "", "Ngoai_baiSg": "", "layer": "HYE_KTVHXH", "path": "D:/Work/HungYen/TaiLieu/De/De Hung Yen/BD Hung Yen/HYE_KTVHXH.TAB" }, "geometry": { "type": "Point", "coordinates": [ 105.997923284122706, 20.982866122162616 ] } },
{ "type": "Feature", "properties": { "ID": "HYE325040thoc", "Ten_CT": "Trường học", "Loai_CT": "", "Thuoc_huyen": "H. Văn Lâm", "Thuoc_tinh": "Hưng Yên", "Trong_chigioi": "", "Ngoai_baiSg": "", "layer": "HYE_KTVHXH", "path": "D:/Work/HungYen/TaiLieu/De/De Hung Yen/BD Hung Yen/HYE_KTVHXH.TAB" }, "geometry": { "type": "Point", "coordinates": [ 105.980330069361699, 20.979954578622888 ] } },
{ "type": "Feature", "properties": { "ID": "HYE326040ntrang", "Ten_CT": "Nghĩa trang", "Loai_CT": "", "Thuoc_huyen": "H. Văn Giang", "Thuoc_tinh": "Hưng Yên", "Trong_chigioi": "", "Ngoai_baiSg": "", "layer": "HYE_KTVHXH", "path": "D:/Work/HungYen/TaiLieu/De/De Hung Yen/BD Hung Yen/HYE_KTVHXH.TAB" }, "geometry": { "type": "Point", "coordinates": [ 105.907408126897423, 20.901456043304673 ] } },
{ "type": "Feature", "properties": { "ID": "HYE327040den", "Ten_CT": "Đền, chùa, miếu", "Loai_CT": "", "Thuoc_huyen": "H. Yên  Mỹ", "Thuoc_tinh": "Hưng Yên", "Trong_chigioi": "", "Ngoai_baiSg": "", "layer": "HYE_KTVHXH", "path": "D:/Work/HungYen/TaiLieu/De/De Hung Yen/BD Hung Yen/HYE_KTVHXH.TAB" }, "geometry": { "type": "Point", "coordinates": [ 105.993873947139988, 20.890146826683267 ] } },
{ "type": "Feature", "properties": { "ID": "HYE330040bdien", "Ten_CT": "Bưu điện", "Loai_CT": "", "Thuoc_huyen": "H. Khoái Châu", "Thuoc_tinh": "Hưng Yên", "Trong_chigioi": "", "Ngoai_baiSg": "", "layer": "HYE_KTVHXH", "path": "D:/Work/HungYen/TaiLieu/De/De Hung Yen/BD Hung Yen/HYE_KTVHXH.TAB" }, "geometry": { "type": "Point", "coordinates": [ 105.975943613543819, 20.841999201127507 ] } },
{ "type": "Feature", "properties": { "ID": "HYE330040thoc", "Ten_CT": "Trường học", "Loai_CT": "", "Thuoc_huyen": "H. Khoái Châu", "Thuoc_tinh": "Hưng Yên", "Trong_chigioi": "", "Ngoai_baiSg": "", "layer": "HYE_KTVHXH", "path": "D:/Work/HungYen/TaiLieu/De/De Hung Yen/BD Hung Yen/HYE_KTVHXH.TAB" }, "geometry": { "type": "Point", "coordinates": [ 105.976230622425476, 20.838769691474727 ] } },
{ "type": "Feature", "properties": { "ID": "HYE330040bia", "Ten_CT": "Bia tưởng niệm", "Loai_CT": "", "Thuoc_huyen": "H. Khoái Châu", "Thuoc_tinh": "Hưng Yên", "Trong_chigioi": "", "Ngoai_baiSg": "", "layer": "HYE_KTVHXH", "path": "D:/Work/HungYen/TaiLieu/De/De Hung Yen/BD Hung Yen/HYE_KTVHXH.TAB" }, "geometry": { "type": "Point", "coordinates": [ 105.945649726305632, 20.850101577032582 ] } },
{ "type": "Feature", "properties": { "ID": "HYE330040bia", "Ten_CT": "Bia tưởng niệm", "Loai_CT": "", "Thuoc_huyen": "H. Khoái Châu", "Thuoc_tinh": "Hưng Yên", "Trong_chigioi": "", "Ngoai_baiSg": "", "layer": "HYE_KTVHXH", "path": "D:/Work/HungYen/TaiLieu/De/De Hung Yen/BD Hung Yen/HYE_KTVHXH.TAB" }, "geometry": { "type": "Point", "coordinates": [ 105.970334461824038, 20.840219401980271 ] } },
{ "type": "Feature", "properties": { "ID": "HYE330040den", "Ten_CT": "Đền, chùa, miếu", "Loai_CT": "", "Thuoc_huyen": "H. Khoái Châu", "Thuoc_tinh": "Hưng Yên", "Trong_chigioi": "", "Ngoai_baiSg": "", "layer": "HYE_KTVHXH", "path": "D:/Work/HungYen/TaiLieu/De/De Hung Yen/BD Hung Yen/HYE_KTVHXH.TAB" }, "geometry": { "type": "Point", "coordinates": [ 105.981620048602636, 20.834511500036228 ] } },
{ "type": "Feature", "properties": { "ID": "HYE327040den", "Ten_CT": "Đền, chùa, miếu", "Loai_CT": "", "Thuoc_huyen": "H. Yên  Mỹ", "Thuoc_tinh": "Hưng Yên", "Trong_chigioi": "", "Ngoai_baiSg": "", "layer": "HYE_KTVHXH", "path": "D:/Work/HungYen/TaiLieu/De/De Hung Yen/BD Hung Yen/HYE_KTVHXH.TAB" }, "geometry": { "type": "Point", "coordinates": [ 105.997620993655602, 20.888756511178709 ] } },
{ "type": "Feature", "properties": { "ID": "HYE330040den", "Ten_CT": "Đền, chùa, miếu", "Loai_CT": "", "Thuoc_huyen": "H. Khoái Châu", "Thuoc_tinh": "Hưng Yên", "Trong_chigioi": "", "Ngoai_baiSg": "", "layer": "HYE_KTVHXH", "path": "D:/Work/HungYen/TaiLieu/De/De Hung Yen/BD Hung Yen/HYE_KTVHXH.TAB" }, "geometry": { "type": "Point", "coordinates": [ 105.940922296891188, 20.875102462541356 ] } },
{ "type": "Feature", "properties": { "ID": "HYE325040den", "Ten_CT": "Đền, chùa, miếu", "Loai_CT": "", "Thuoc_huyen": "H. Văn Lâm", "Thuoc_tinh": "Hưng Yên", "Trong_chigioi": "", "Ngoai_baiSg": "", "layer": "HYE_KTVHXH", "path": "D:/Work/HungYen/TaiLieu/De/De Hung Yen/BD Hung Yen/HYE_KTVHXH.TAB" }, "geometry": { "type": "Point", "coordinates": [ 105.965357624104954, 20.967245741585511 ] } },
{ "type": "Feature", "properties": { "ID": "HYE326040bdien", "Ten_CT": "Bưu điện", "Loai_CT": "", "Thuoc_huyen": "H. Văn Giang", "Thuoc_tinh": "Hưng Yên", "Trong_chigioi": "", "Ngoai_baiSg": "", "layer": "HYE_KTVHXH", "path": "D:/Work/HungYen/TaiLieu/De/De Hung Yen/BD Hung Yen/HYE_KTVHXH.TAB" }, "geometry": { "type": "Point", "coordinates": [ 105.926114821633561, 20.946769964958982 ] } },
{ "type": "Feature", "properties": { "ID": "HYE326040den", "Ten_CT": "Đền, chùa, miếu", "Loai_CT": "", "Thuoc_huyen": "H. Văn Giang", "Thuoc_tinh": "Hưng Yên", "Trong_chigioi": "", "Ngoai_baiSg": "", "layer": "HYE_KTVHXH", "path": "D:/Work/HungYen/TaiLieu/De/De Hung Yen/BD Hung Yen/HYE_KTVHXH.TAB" }, "geometry": { "type": "Point", "coordinates": [ 105.904342761470858, 20.896035353963786 ] } },
{ "type": "Feature", "properties": { "ID": "HYE330040bia", "Ten_CT": "Bia tưởng niệm", "Loai_CT": "", "Thuoc_huyen": "H. Khoái Châu", "Thuoc_tinh": "Hưng Yên", "Trong_chigioi": "", "Ngoai_baiSg": "", "layer": "HYE_KTVHXH", "path": "D:/Work/HungYen/TaiLieu/De/De Hung Yen/BD Hung Yen/HYE_KTVHXH.TAB" }, "geometry": { "type": "Point", "coordinates": [ 105.930739571216535, 20.886504259534735 ] } },
{ "type": "Feature", "properties": { "ID": "HYE327040ntrang", "Ten_CT": "Nghĩa trang", "Loai_CT": "", "Thuoc_huyen": "H. Yên  Mỹ", "Thuoc_tinh": "Hưng Yên", "Trong_chigioi": "", "Ngoai_baiSg": "", "layer": "HYE_KTVHXH", "path": "D:/Work/HungYen/TaiLieu/De/De Hung Yen/BD Hung Yen/HYE_KTVHXH.TAB" }, "geometry": { "type": "Point", "coordinates": [ 105.973433270234636, 20.908479445592313 ] } },
{ "type": "Feature", "properties": { "ID": "HYE326040bia", "Ten_CT": "Bia tưởng niệm", "Loai_CT": "", "Thuoc_huyen": "H. Văn Giang", "Thuoc_tinh": "Hưng Yên", "Trong_chigioi": "", "Ngoai_baiSg": "", "layer": "HYE_KTVHXH", "path": "D:/Work/HungYen/TaiLieu/De/De Hung Yen/BD Hung Yen/HYE_KTVHXH.TAB" }, "geometry": { "type": "Point", "coordinates": [ 105.928860719675995, 20.920344153294877 ] } },
{ "type": "Feature", "properties": { "ID": "HYE326040den", "Ten_CT": "Đền, chùa, miếu", "Loai_CT": "", "Thuoc_huyen": "H. Văn Giang", "Thuoc_tinh": "Hưng Yên", "Trong_chigioi": "", "Ngoai_baiSg": "", "layer": "HYE_KTVHXH", "path": "D:/Work/HungYen/TaiLieu/De/De Hung Yen/BD Hung Yen/HYE_KTVHXH.TAB" }, "geometry": { "type": "Point", "coordinates": [ 105.950293487966036, 20.945280688473872 ] } },
{ "type": "Feature", "properties": { "ID": "HYE330040ntrang", "Ten_CT": "Nghĩa trang", "Loai_CT": "", "Thuoc_huyen": "H. Khoái Châu", "Thuoc_tinh": "Hưng Yên", "Trong_chigioi": "", "Ngoai_baiSg": "", "layer": "HYE_KTVHXH", "path": "D:/Work/HungYen/TaiLieu/De/De Hung Yen/BD Hung Yen/HYE_KTVHXH.TAB" }, "geometry": { "type": "Point", "coordinates": [ 105.997091467035531, 20.865172665676326 ] } },
{ "type": "Feature", "properties": { "ID": "HYE330040ntrang", "Ten_CT": "Nghĩa trang", "Loai_CT": "", "Thuoc_huyen": "H. Khoái Châu", "Thuoc_tinh": "Hưng Yên", "Trong_chigioi": "", "Ngoai_baiSg": "", "layer": "HYE_KTVHXH", "path": "D:/Work/HungYen/TaiLieu/De/De Hung Yen/BD Hung Yen/HYE_KTVHXH.TAB" }, "geometry": { "type": "Point", "coordinates": [ 105.996478007098176, 20.864603163751156 ] } },
{ "type": "Feature", "properties": { "ID": "HYE326040den", "Ten_CT": "Đền, chùa, miếu", "Loai_CT": "", "Thuoc_huyen": "H. Văn Giang", "Thuoc_tinh": "Hưng Yên", "Trong_chigioi": "", "Ngoai_baiSg": "", "layer": "HYE_KTVHXH", "path": "D:/Work/HungYen/TaiLieu/De/De Hung Yen/BD Hung Yen/HYE_KTVHXH.TAB" }, "geometry": { "type": "Point", "coordinates": [ 105.992739079263458, 20.946638926663447 ] } },
{ "type": "Feature", "properties": { "ID": "HYE326040den", "Ten_CT": "Đền, chùa, miếu", "Loai_CT": "", "Thuoc_huyen": "H. Văn Giang", "Thuoc_tinh": "Hưng Yên", "Trong_chigioi": "", "Ngoai_baiSg": "", "layer": "HYE_KTVHXH", "path": "D:/Work/HungYen/TaiLieu/De/De Hung Yen/BD Hung Yen/HYE_KTVHXH.TAB" }, "geometry": { "type": "Point", "coordinates": [ 105.929110456762587, 20.954674945947545 ] } },
{ "type": "Feature", "properties": { "ID": "HYE326040thoc", "Ten_CT": "Trường học", "Loai_CT": "", "Thuoc_huyen": "H. Văn Giang", "Thuoc_tinh": "Hưng Yên", "Trong_chigioi": "", "Ngoai_baiSg": "", "layer": "HYE_KTVHXH", "path": "D:/Work/HungYen/TaiLieu/De/De Hung Yen/BD Hung Yen/HYE_KTVHXH.TAB" }, "geometry": { "type": "Point", "coordinates": [ 105.921020721824831, 20.952266957448977 ] } },
{ "type": "Feature", "properties": { "ID": "HYE326040den", "Ten_CT": "Đền, chùa, miếu", "Loai_CT": "", "Thuoc_huyen": "H. Văn Giang", "Thuoc_tinh": "Hưng Yên", "Trong_chigioi": "", "Ngoai_baiSg": "", "layer": "HYE_KTVHXH", "path": "D:/Work/HungYen/TaiLieu/De/De Hung Yen/BD Hung Yen/HYE_KTVHXH.TAB" }, "geometry": { "type": "Point", "coordinates": [ 105.93359948358696, 20.925814831433037 ] } },
{ "type": "Feature", "properties": { "ID": "HYE326040den", "Ten_CT": "Đền, chùa, miếu", "Loai_CT": "", "Thuoc_huyen": "H. Văn Giang", "Thuoc_tinh": "Hưng Yên", "Trong_chigioi": "", "Ngoai_baiSg": "", "layer": "HYE_KTVHXH", "path": "D:/Work/HungYen/TaiLieu/De/De Hung Yen/BD Hung Yen/HYE_KTVHXH.TAB" }, "geometry": { "type": "Point", "coordinates": [ 105.928530993627476, 20.924309892594149 ] } },
{ "type": "Feature", "properties": { "ID": "HYE326040den", "Ten_CT": "Đền, chùa, miếu", "Loai_CT": "", "Thuoc_huyen": "H. Văn Giang", "Thuoc_tinh": "Hưng Yên", "Trong_chigioi": "", "Ngoai_baiSg": "", "layer": "HYE_KTVHXH", "path": "D:/Work/HungYen/TaiLieu/De/De Hung Yen/BD Hung Yen/HYE_KTVHXH.TAB" }, "geometry": { "type": "Point", "coordinates": [ 105.912314782417056, 20.91114712244547 ] } },
{ "type": "Feature", "properties": { "ID": "HYE326040den", "Ten_CT": "Đền, chùa, miếu", "Loai_CT": "", "Thuoc_huyen": "H. Văn Giang", "Thuoc_tinh": "Hưng Yên", "Trong_chigioi": "", "Ngoai_baiSg": "", "layer": "HYE_KTVHXH", "path": "D:/Work/HungYen/TaiLieu/De/De Hung Yen/BD Hung Yen/HYE_KTVHXH.TAB" }, "geometry": { "type": "Point", "coordinates": [ 105.903690484257879, 20.904667685445805 ] } },
{ "type": "Feature", "properties": { "ID": "HYE330040den", "Ten_CT": "Đền, chùa, miếu", "Loai_CT": "", "Thuoc_huyen": "H. Khoái Châu", "Thuoc_tinh": "Hưng Yên", "Trong_chigioi": "", "Ngoai_baiSg": "", "layer": "HYE_KTVHXH", "path": "D:/Work/HungYen/TaiLieu/De/De Hung Yen/BD Hung Yen/HYE_KTVHXH.TAB" }, "geometry": { "type": "Point", "coordinates": [ 105.954827762840324, 20.890790920816972 ] } },
{ "type": "Feature", "properties": { "ID": "HYE327040den", "Ten_CT": "Đền, chùa, miếu", "Loai_CT": "", "Thuoc_huyen": "H. Yên  Mỹ", "Thuoc_tinh": "Hưng Yên", "Trong_chigioi": "", "Ngoai_baiSg": "", "layer": "HYE_KTVHXH", "path": "D:/Work/HungYen/TaiLieu/De/De Hung Yen/BD Hung Yen/HYE_KTVHXH.TAB" }, "geometry": { "type": "Point", "coordinates": [ 105.981138763672234, 20.895551892709612 ] } },
{ "type": "Feature", "properties": { "ID": "HYE327040bia", "Ten_CT": "Bia tưởng niệm", "Loai_CT": "", "Thuoc_huyen": "H. Yên  Mỹ", "Thuoc_tinh": "Hưng Yên", "Trong_chigioi": "", "Ngoai_baiSg": "", "layer": "HYE_KTVHXH", "path": "D:/Work/HungYen/TaiLieu/De/De Hung Yen/BD Hung Yen/HYE_KTVHXH.TAB" }, "geometry": { "type": "Point", "coordinates": [ 105.980974608768065, 20.903177992582673 ] } },
{ "type": "Feature", "properties": { "ID": "HYE326040den", "Ten_CT": "Đền, chùa, miếu", "Loai_CT": "", "Thuoc_huyen": "H. Văn Giang", "Thuoc_tinh": "Hưng Yên", "Trong_chigioi": "", "Ngoai_baiSg": "", "layer": "HYE_KTVHXH", "path": "D:/Work/HungYen/TaiLieu/De/De Hung Yen/BD Hung Yen/HYE_KTVHXH.TAB" }, "geometry": { "type": "Point", "coordinates": [ 105.944918696009026, 20.958965888062263 ] } },
{ "type": "Feature", "properties": { "ID": "HYE330040den", "Ten_CT": "Đền, chùa, miếu", "Loai_CT": "", "Thuoc_huyen": "H. Khoái Châu", "Thuoc_tinh": "Hưng Yên", "Trong_chigioi": "", "Ngoai_baiSg": "", "layer": "HYE_KTVHXH", "path": "D:/Work/HungYen/TaiLieu/De/De Hung Yen/BD Hung Yen/HYE_KTVHXH.TAB" }, "geometry": { "type": "Point", "coordinates": [ 105.950758359355362, 20.845324377412272 ] } },
{ "type": "Feature", "properties": { "ID": "HYE330040den", "Ten_CT": "Đền, chùa, miếu", "Loai_CT": "", "Thuoc_huyen": "H. Khoái Châu", "Thuoc_tinh": "Hưng Yên", "Trong_chigioi": "", "Ngoai_baiSg": "", "layer": "HYE_KTVHXH", "path": "D:/Work/HungYen/TaiLieu/De/De Hung Yen/BD Hung Yen/HYE_KTVHXH.TAB" }, "geometry": { "type": "Point", "coordinates": [ 105.946160999000242, 20.86587237595662 ] } },
{ "type": "Feature", "properties": { "ID": "HYE325040lnung", "Ten_CT": "lnung", "Loai_CT": "", "Thuoc_huyen": "H. Văn Lâm", "Thuoc_tinh": "Hưng Yên", "Trong_chigioi": "", "Ngoai_baiSg": "", "layer": "HYE_KTVHXH", "path": "D:/Work/HungYen/TaiLieu/De/De Hung Yen/BD Hung Yen/HYE_KTVHXH.TAB" }, "geometry": { "type": "Point", "coordinates": [ 105.998739504063153, 20.993064150797299 ] } },
{ "type": "Feature", "properties": { "ID": "HYE326040den", "Ten_CT": "Đền, chùa, miếu", "Loai_CT": "", "Thuoc_huyen": "H. Văn Giang", "Thuoc_tinh": "Hưng Yên", "Trong_chigioi": "", "Ngoai_baiSg": "", "layer": "HYE_KTVHXH", "path": "D:/Work/HungYen/TaiLieu/De/De Hung Yen/BD Hung Yen/HYE_KTVHXH.TAB" }, "geometry": { "type": "Point", "coordinates": [ 105.957396064159354, 20.925804293173538 ] } },
{ "type": "Feature", "properties": { "ID": "HYE326040den", "Ten_CT": "Đền, chùa, miếu", "Loai_CT": "", "Thuoc_huyen": "H. Văn Giang", "Thuoc_tinh": "Hưng Yên", "Trong_chigioi": "", "Ngoai_baiSg": "", "layer": "HYE_KTVHXH", "path": "D:/Work/HungYen/TaiLieu/De/De Hung Yen/BD Hung Yen/HYE_KTVHXH.TAB" }, "geometry": { "type": "Point", "coordinates": [ 105.962751324856313, 20.927232932443754 ] } },
{ "type": "Feature", "properties": { "ID": "HYE326040bia", "Ten_CT": "Bia tưởng niệm", "Loai_CT": "", "Thuoc_huyen": "H. Văn Giang", "Thuoc_tinh": "Hưng Yên", "Trong_chigioi": "", "Ngoai_baiSg": "", "layer": "HYE_KTVHXH", "path": "D:/Work/HungYen/TaiLieu/De/De Hung Yen/BD Hung Yen/HYE_KTVHXH.TAB" }, "geometry": { "type": "Point", "coordinates": [ 105.920730776129972, 20.966935916585438 ] } },
{ "type": "Feature", "properties": { "ID": "HYE330040den", "Ten_CT": "Đền, chùa, miếu", "Loai_CT": "", "Thuoc_huyen": "H. Khoái Châu", "Thuoc_tinh": "Hưng Yên", "Trong_chigioi": "", "Ngoai_baiSg": "", "layer": "HYE_KTVHXH", "path": "D:/Work/HungYen/TaiLieu/De/De Hung Yen/BD Hung Yen/HYE_KTVHXH.TAB" }, "geometry": { "type": "Point", "coordinates": [ 105.966024288904393, 20.847817404920526 ] } },
{ "type": "Feature", "properties": { "ID": "HYE330040den", "Ten_CT": "Đền, chùa, miếu", "Loai_CT": "", "Thuoc_huyen": "H. Khoái Châu", "Thuoc_tinh": "Hưng Yên", "Trong_chigioi": "", "Ngoai_baiSg": "", "layer": "HYE_KTVHXH", "path": "D:/Work/HungYen/TaiLieu/De/De Hung Yen/BD Hung Yen/HYE_KTVHXH.TAB" }, "geometry": { "type": "Point", "coordinates": [ 105.967755539864626, 20.843260032241943 ] } },
{ "type": "Feature", "properties": { "ID": "HYE326040ntrang", "Ten_CT": "Nghĩa trang", "Loai_CT": "", "Thuoc_huyen": "H. Văn Giang", "Thuoc_tinh": "Hưng Yên", "Trong_chigioi": "", "Ngoai_baiSg": "", "layer": "HYE_KTVHXH", "path": "D:/Work/HungYen/TaiLieu/De/De Hung Yen/BD Hung Yen/HYE_KTVHXH.TAB" }, "geometry": { "type": "Point", "coordinates": [ 105.927839461486471, 20.935704771097281 ] } },
{ "type": "Feature", "properties": { "ID": "HYE326040ntrang", "Ten_CT": "Nghĩa trang", "Loai_CT": "", "Thuoc_huyen": "H. Văn Giang", "Thuoc_tinh": "Hưng Yên", "Trong_chigioi": "", "Ngoai_baiSg": "", "layer": "HYE_KTVHXH", "path": "D:/Work/HungYen/TaiLieu/De/De Hung Yen/BD Hung Yen/HYE_KTVHXH.TAB" }, "geometry": { "type": "Point", "coordinates": [ 105.927575547069125, 20.935138276331461 ] } },
{ "type": "Feature", "properties": { "ID": "HYE326040ntrang", "Ten_CT": "Nghĩa trang", "Loai_CT": "", "Thuoc_huyen": "H. Văn Giang", "Thuoc_tinh": "Hưng Yên", "Trong_chigioi": "", "Ngoai_baiSg": "", "layer": "HYE_KTVHXH", "path": "D:/Work/HungYen/TaiLieu/De/De Hung Yen/BD Hung Yen/HYE_KTVHXH.TAB" }, "geometry": { "type": "Point", "coordinates": [ 105.984744105101299, 20.956140802162171 ] } },
{ "type": "Feature", "properties": { "ID": "HYE326040den", "Ten_CT": "Đền, chùa, miếu", "Loai_CT": "", "Thuoc_huyen": "H. Văn Giang", "Thuoc_tinh": "Hưng Yên", "Trong_chigioi": "", "Ngoai_baiSg": "", "layer": "HYE_KTVHXH", "path": "D:/Work/HungYen/TaiLieu/De/De Hung Yen/BD Hung Yen/HYE_KTVHXH.TAB" }, "geometry": { "type": "Point", "coordinates": [ 105.94855190994727, 20.963248159179191 ] } },
{ "type": "Feature", "properties": { "ID": "HYE326040den", "Ten_CT": "Đền, chùa, miếu", "Loai_CT": "", "Thuoc_huyen": "H. Văn Giang", "Thuoc_tinh": "Hưng Yên", "Trong_chigioi": "", "Ngoai_baiSg": "", "layer": "HYE_KTVHXH", "path": "D:/Work/HungYen/TaiLieu/De/De Hung Yen/BD Hung Yen/HYE_KTVHXH.TAB" }, "geometry": { "type": "Point", "coordinates": [ 105.905658370078356, 20.892488780399102 ] } },
{ "type": "Feature", "properties": { "ID": "HYE326040ntrang", "Ten_CT": "Nghĩa trang", "Loai_CT": "", "Thuoc_huyen": "H. Văn Giang", "Thuoc_tinh": "Hưng Yên", "Trong_chigioi": "", "Ngoai_baiSg": "", "layer": "HYE_KTVHXH", "path": "D:/Work/HungYen/TaiLieu/De/De Hung Yen/BD Hung Yen/HYE_KTVHXH.TAB" }, "geometry": { "type": "Point", "coordinates": [ 105.905216134696616, 20.90730268009764 ] } },
{ "type": "Feature", "properties": { "ID": "HYE326040den", "Ten_CT": "Đền, chùa, miếu", "Loai_CT": "", "Thuoc_huyen": "H. Văn Giang", "Thuoc_tinh": "Hưng Yên", "Trong_chigioi": "", "Ngoai_baiSg": "", "layer": "HYE_KTVHXH", "path": "D:/Work/HungYen/TaiLieu/De/De Hung Yen/BD Hung Yen/HYE_KTVHXH.TAB" }, "geometry": { "type": "Point", "coordinates": [ 105.945643889059852, 20.908957344398129 ] } },
{ "type": "Feature", "properties": { "ID": "HYE326040bvien", "Ten_CT": "Bệnh viện, trạm xá", "Loai_CT": "", "Thuoc_huyen": "H. Văn Giang", "Thuoc_tinh": "Hưng Yên", "Trong_chigioi": "", "Ngoai_baiSg": "", "layer": "HYE_KTVHXH", "path": "D:/Work/HungYen/TaiLieu/De/De Hung Yen/BD Hung Yen/HYE_KTVHXH.TAB" }, "geometry": { "type": "Point", "coordinates": [ 106.001722049006375, 20.9385534140918 ] } },
{ "type": "Feature", "properties": { "ID": "HYE326040bvien", "Ten_CT": "Bệnh viện, trạm xá", "Loai_CT": "", "Thuoc_huyen": "H. Văn Giang", "Thuoc_tinh": "Hưng Yên", "Trong_chigioi": "", "Ngoai_baiSg": "", "layer": "HYE_KTVHXH", "path": "D:/Work/HungYen/TaiLieu/De/De Hung Yen/BD Hung Yen/HYE_KTVHXH.TAB" }, "geometry": { "type": "Point", "coordinates": [ 105.921575277355089, 20.967619985958247 ] } },
{ "type": "Feature", "properties": { "ID": "HYE326040thoc", "Ten_CT": "Trường học", "Loai_CT": "", "Thuoc_huyen": "H. Văn Giang", "Thuoc_tinh": "Hưng Yên", "Trong_chigioi": "", "Ngoai_baiSg": "", "layer": "HYE_KTVHXH", "path": "D:/Work/HungYen/TaiLieu/De/De Hung Yen/BD Hung Yen/HYE_KTVHXH.TAB" }, "geometry": { "type": "Point", "coordinates": [ 105.918570423848522, 20.971007997224444 ] } },
{ "type": "Feature", "properties": { "ID": "HYE326040thoc", "Ten_CT": "Trường học", "Loai_CT": "", "Thuoc_huyen": "H. Văn Giang", "Thuoc_tinh": "Hưng Yên", "Trong_chigioi": "", "Ngoai_baiSg": "", "layer": "HYE_KTVHXH", "path": "D:/Work/HungYen/TaiLieu/De/De Hung Yen/BD Hung Yen/HYE_KTVHXH.TAB" }, "geometry": { "type": "Point", "coordinates": [ 105.909442202905041, 20.960559469821291 ] } },
{ "type": "Feature", "properties": { "ID": "HYE326040thoc", "Ten_CT": "Trường học", "Loai_CT": "", "Thuoc_huyen": "H. Văn Giang", "Thuoc_tinh": "Hưng Yên", "Trong_chigioi": "", "Ngoai_baiSg": "", "layer": "HYE_KTVHXH", "path": "D:/Work/HungYen/TaiLieu/De/De Hung Yen/BD Hung Yen/HYE_KTVHXH.TAB" }, "geometry": { "type": "Point", "coordinates": [ 105.923550624020052, 20.952327723747658 ] } },
{ "type": "Feature", "properties": { "ID": "HYE326040bvien", "Ten_CT": "Bệnh viện, trạm xá", "Loai_CT": "", "Thuoc_huyen": "H. Văn Giang", "Thuoc_tinh": "Hưng Yên", "Trong_chigioi": "", "Ngoai_baiSg": "", "layer": "HYE_KTVHXH", "path": "D:/Work/HungYen/TaiLieu/De/De Hung Yen/BD Hung Yen/HYE_KTVHXH.TAB" }, "geometry": { "type": "Point", "coordinates": [ 105.948841016660538, 20.958058699578856 ] } },
{ "type": "Feature", "properties": { "ID": "HYE326040thoc", "Ten_CT": "Trường học", "Loai_CT": "", "Thuoc_huyen": "H. Văn Giang", "Thuoc_tinh": "Hưng Yên", "Trong_chigioi": "", "Ngoai_baiSg": "", "layer": "HYE_KTVHXH", "path": "D:/Work/HungYen/TaiLieu/De/De Hung Yen/BD Hung Yen/HYE_KTVHXH.TAB" }, "geometry": { "type": "Point", "coordinates": [ 105.914052103430151, 20.964679183912182 ] } },
{ "type": "Feature", "properties": { "ID": "HYE326040thoc", "Ten_CT": "Trường học", "Loai_CT": "", "Thuoc_huyen": "H. Văn Giang", "Thuoc_tinh": "Hưng Yên", "Trong_chigioi": "", "Ngoai_baiSg": "", "layer": "HYE_KTVHXH", "path": "D:/Work/HungYen/TaiLieu/De/De Hung Yen/BD Hung Yen/HYE_KTVHXH.TAB" }, "geometry": { "type": "Point", "coordinates": [ 105.92421593677723, 20.949122812033508 ] } },
{ "type": "Feature", "properties": { "ID": "HYE326040den", "Ten_CT": "Đền, chùa, miếu", "Loai_CT": "", "Thuoc_huyen": "H. Văn Giang", "Thuoc_tinh": "Hưng Yên", "Trong_chigioi": "", "Ngoai_baiSg": "", "layer": "HYE_KTVHXH", "path": "D:/Work/HungYen/TaiLieu/De/De Hung Yen/BD Hung Yen/HYE_KTVHXH.TAB" }, "geometry": { "type": "Point", "coordinates": [ 105.922667452318223, 20.948805399265581 ] } },
{ "type": "Feature", "properties": { "ID": "HYE326040thoc", "Ten_CT": "Trường học", "Loai_CT": "", "Thuoc_huyen": "H. Văn Giang", "Thuoc_tinh": "Hưng Yên", "Trong_chigioi": "", "Ngoai_baiSg": "", "layer": "HYE_KTVHXH", "path": "D:/Work/HungYen/TaiLieu/De/De Hung Yen/BD Hung Yen/HYE_KTVHXH.TAB" }, "geometry": { "type": "Point", "coordinates": [ 105.948828459929388, 20.958858617146159 ] } },
{ "type": "Feature", "properties": { "ID": "HYE326040thoc", "Ten_CT": "Trường học", "Loai_CT": "", "Thuoc_huyen": "H. Văn Giang", "Thuoc_tinh": "Hưng Yên", "Trong_chigioi": "", "Ngoai_baiSg": "", "layer": "HYE_KTVHXH", "path": "D:/Work/HungYen/TaiLieu/De/De Hung Yen/BD Hung Yen/HYE_KTVHXH.TAB" }, "geometry": { "type": "Point", "coordinates": [ 105.951046467084907, 20.963759993671516 ] } },
{ "type": "Feature", "properties": { "ID": "HYE326040thoc", "Ten_CT": "Trường học", "Loai_CT": "", "Thuoc_huyen": "H. Văn Giang", "Thuoc_tinh": "Hưng Yên", "Trong_chigioi": "", "Ngoai_baiSg": "", "layer": "HYE_KTVHXH", "path": "D:/Work/HungYen/TaiLieu/De/De Hung Yen/BD Hung Yen/HYE_KTVHXH.TAB" }, "geometry": { "type": "Point", "coordinates": [ 105.949665651903999, 20.966249267701492 ] } },
{ "type": "Feature", "properties": { "ID": "HYE326040thoc", "Ten_CT": "Trường học", "Loai_CT": "", "Thuoc_huyen": "H. Văn Giang", "Thuoc_tinh": "Hưng Yên", "Trong_chigioi": "", "Ngoai_baiSg": "", "layer": "HYE_KTVHXH", "path": "D:/Work/HungYen/TaiLieu/De/De Hung Yen/BD Hung Yen/HYE_KTVHXH.TAB" }, "geometry": { "type": "Point", "coordinates": [ 105.926163334369917, 20.931591642088904 ] } },
{ "type": "Feature", "properties": { "ID": "HYE326040thoc", "Ten_CT": "Trường học", "Loai_CT": "", "Thuoc_huyen": "H. Văn Giang", "Thuoc_tinh": "Hưng Yên", "Trong_chigioi": "", "Ngoai_baiSg": "", "layer": "HYE_KTVHXH", "path": "D:/Work/HungYen/TaiLieu/De/De Hung Yen/BD Hung Yen/HYE_KTVHXH.TAB" }, "geometry": { "type": "Point", "coordinates": [ 105.930553425413493, 20.92363310504496 ] } },
{ "type": "Feature", "properties": { "ID": "HYE326040thoc", "Ten_CT": "Trường học", "Loai_CT": "", "Thuoc_huyen": "H. Văn Giang", "Thuoc_tinh": "Hưng Yên", "Trong_chigioi": "", "Ngoai_baiSg": "", "layer": "HYE_KTVHXH", "path": "D:/Work/HungYen/TaiLieu/De/De Hung Yen/BD Hung Yen/HYE_KTVHXH.TAB" }, "geometry": { "type": "Point", "coordinates": [ 105.935399656866579, 20.920470274182282 ] } },
{ "type": "Feature", "properties": { "ID": "HYE326040thoc", "Ten_CT": "Trường học", "Loai_CT": "", "Thuoc_huyen": "H. Văn Giang", "Thuoc_tinh": "Hưng Yên", "Trong_chigioi": "", "Ngoai_baiSg": "", "layer": "HYE_KTVHXH", "path": "D:/Work/HungYen/TaiLieu/De/De Hung Yen/BD Hung Yen/HYE_KTVHXH.TAB" }, "geometry": { "type": "Point", "coordinates": [ 105.929394789765567, 20.920328779372017 ] } },
{ "type": "Feature", "properties": { "ID": "HYE326040thoc", "Ten_CT": "Trường học", "Loai_CT": "", "Thuoc_huyen": "H. Văn Giang", "Thuoc_tinh": "Hưng Yên", "Trong_chigioi": "", "Ngoai_baiSg": "", "layer": "HYE_KTVHXH", "path": "D:/Work/HungYen/TaiLieu/De/De Hung Yen/BD Hung Yen/HYE_KTVHXH.TAB" }, "geometry": { "type": "Point", "coordinates": [ 105.913616466180244, 20.908552033433129 ] } },
{ "type": "Feature", "properties": { "ID": "HYE326040thoc", "Ten_CT": "Trường học", "Loai_CT": "", "Thuoc_huyen": "H. Văn Giang", "Thuoc_tinh": "Hưng Yên", "Trong_chigioi": "", "Ngoai_baiSg": "", "layer": "HYE_KTVHXH", "path": "D:/Work/HungYen/TaiLieu/De/De Hung Yen/BD Hung Yen/HYE_KTVHXH.TAB" }, "geometry": { "type": "Point", "coordinates": [ 105.911786361136706, 20.90703383015094 ] } },
{ "type": "Feature", "properties": { "ID": "HYE326040thoc", "Ten_CT": "Trường học", "Loai_CT": "", "Thuoc_huyen": "H. Văn Giang", "Thuoc_tinh": "Hưng Yên", "Trong_chigioi": "", "Ngoai_baiSg": "", "layer": "HYE_KTVHXH", "path": "D:/Work/HungYen/TaiLieu/De/De Hung Yen/BD Hung Yen/HYE_KTVHXH.TAB" }, "geometry": { "type": "Point", "coordinates": [ 105.898453791059424, 20.899437791175629 ] } },
{ "type": "Feature", "properties": { "ID": "HYE326040thoc", "Ten_CT": "Trường học", "Loai_CT": "", "Thuoc_huyen": "H. Văn Giang", "Thuoc_tinh": "Hưng Yên", "Trong_chigioi": "", "Ngoai_baiSg": "", "layer": "HYE_KTVHXH", "path": "D:/Work/HungYen/TaiLieu/De/De Hung Yen/BD Hung Yen/HYE_KTVHXH.TAB" }, "geometry": { "type": "Point", "coordinates": [ 105.91589378715085, 20.904839423723953 ] } },
{ "type": "Feature", "properties": { "ID": "HYE326040den", "Ten_CT": "Đền, chùa, miếu", "Loai_CT": "", "Thuoc_huyen": "H. Văn Giang", "Thuoc_tinh": "Hưng Yên", "Trong_chigioi": "", "Ngoai_baiSg": "", "layer": "HYE_KTVHXH", "path": "D:/Work/HungYen/TaiLieu/De/De Hung Yen/BD Hung Yen/HYE_KTVHXH.TAB" }, "geometry": { "type": "Point", "coordinates": [ 105.90667841075107, 20.901223472971665 ] } },
{ "type": "Feature", "properties": { "ID": "HYE326040thoc", "Ten_CT": "Trường học", "Loai_CT": "", "Thuoc_huyen": "H. Văn Giang", "Thuoc_tinh": "Hưng Yên", "Trong_chigioi": "", "Ngoai_baiSg": "", "layer": "HYE_KTVHXH", "path": "D:/Work/HungYen/TaiLieu/De/De Hung Yen/BD Hung Yen/HYE_KTVHXH.TAB" }, "geometry": { "type": "Point", "coordinates": [ 105.920088830630249, 20.896802857796061 ] } },
{ "type": "Feature", "properties": { "ID": "HYE326040thoc", "Ten_CT": "Trường học", "Loai_CT": "", "Thuoc_huyen": "H. Văn Giang", "Thuoc_tinh": "Hưng Yên", "Trong_chigioi": "", "Ngoai_baiSg": "", "layer": "HYE_KTVHXH", "path": "D:/Work/HungYen/TaiLieu/De/De Hung Yen/BD Hung Yen/HYE_KTVHXH.TAB" }, "geometry": { "type": "Point", "coordinates": [ 105.925358570609419, 20.907114273559596 ] } },
{ "type": "Feature", "properties": { "ID": "HYE326040thoc", "Ten_CT": "Trường học", "Loai_CT": "", "Thuoc_huyen": "H. Văn Giang", "Thuoc_tinh": "Hưng Yên", "Trong_chigioi": "", "Ngoai_baiSg": "", "layer": "HYE_KTVHXH", "path": "D:/Work/HungYen/TaiLieu/De/De Hung Yen/BD Hung Yen/HYE_KTVHXH.TAB" }, "geometry": { "type": "Point", "coordinates": [ 105.917596576519017, 20.893988154468456 ] } },
{ "type": "Feature", "properties": { "ID": "HYE326040bvien", "Ten_CT": "Bệnh viện, trạm xá", "Loai_CT": "", "Thuoc_huyen": "H. Văn Giang", "Thuoc_tinh": "Hưng Yên", "Trong_chigioi": "", "Ngoai_baiSg": "", "layer": "HYE_KTVHXH", "path": "D:/Work/HungYen/TaiLieu/De/De Hung Yen/BD Hung Yen/HYE_KTVHXH.TAB" }, "geometry": { "type": "Point", "coordinates": [ 105.954970608551918, 20.94187638139142 ] } },
{ "type": "Feature", "properties": { "ID": "HYE326040bvien", "Ten_CT": "Bệnh viện, trạm xá", "Loai_CT": "", "Thuoc_huyen": "H. Văn Giang", "Thuoc_tinh": "Hưng Yên", "Trong_chigioi": "", "Ngoai_baiSg": "", "layer": "HYE_KTVHXH", "path": "D:/Work/HungYen/TaiLieu/De/De Hung Yen/BD Hung Yen/HYE_KTVHXH.TAB" }, "geometry": { "type": "Point", "coordinates": [ 105.961652444788328, 20.923114661512002 ] } },
{ "type": "Feature", "properties": { "ID": "HYE330040bvien", "Ten_CT": "Bệnh viện, trạm xá", "Loai_CT": "", "Thuoc_huyen": "H. Khoái Châu", "Thuoc_tinh": "Hưng Yên", "Trong_chigioi": "", "Ngoai_baiSg": "", "layer": "HYE_KTVHXH", "path": "D:/Work/HungYen/TaiLieu/De/De Hung Yen/BD Hung Yen/HYE_KTVHXH.TAB" }, "geometry": { "type": "Point", "coordinates": [ 105.95534242969444, 20.888288471622865 ] } },
{ "type": "Feature", "properties": { "ID": "HYE330040thoc", "Ten_CT": "Trường học", "Loai_CT": "", "Thuoc_huyen": "H. Khoái Châu", "Thuoc_tinh": "Hưng Yên", "Trong_chigioi": "", "Ngoai_baiSg": "", "layer": "HYE_KTVHXH", "path": "D:/Work/HungYen/TaiLieu/De/De Hung Yen/BD Hung Yen/HYE_KTVHXH.TAB" }, "geometry": { "type": "Point", "coordinates": [ 105.953134356540829, 20.890121222295541 ] } },
{ "type": "Feature", "properties": { "ID": "HYE330040thoc", "Ten_CT": "Trường học", "Loai_CT": "", "Thuoc_huyen": "H. Khoái Châu", "Thuoc_tinh": "Hưng Yên", "Trong_chigioi": "", "Ngoai_baiSg": "", "layer": "HYE_KTVHXH", "path": "D:/Work/HungYen/TaiLieu/De/De Hung Yen/BD Hung Yen/HYE_KTVHXH.TAB" }, "geometry": { "type": "Point", "coordinates": [ 105.952672049225839, 20.875447252173878 ] } },
{ "type": "Feature", "properties": { "ID": "HYE330040thoc", "Ten_CT": "Trường học", "Loai_CT": "", "Thuoc_huyen": "H. Khoái Châu", "Thuoc_tinh": "Hưng Yên", "Trong_chigioi": "", "Ngoai_baiSg": "", "layer": "HYE_KTVHXH", "path": "D:/Work/HungYen/TaiLieu/De/De Hung Yen/BD Hung Yen/HYE_KTVHXH.TAB" }, "geometry": { "type": "Point", "coordinates": [ 105.951130992439502, 20.87014821572706 ] } },
{ "type": "Feature", "properties": { "ID": "HYE330040thoc", "Ten_CT": "Trường học", "Loai_CT": "", "Thuoc_huyen": "H. Khoái Châu", "Thuoc_tinh": "Hưng Yên", "Trong_chigioi": "", "Ngoai_baiSg": "", "layer": "HYE_KTVHXH", "path": "D:/Work/HungYen/TaiLieu/De/De Hung Yen/BD Hung Yen/HYE_KTVHXH.TAB" }, "geometry": { "type": "Point", "coordinates": [ 105.973420954153397, 20.864031602378436 ] } },
{ "type": "Feature", "properties": { "ID": "HYE330040thoc", "Ten_CT": "Trường học", "Loai_CT": "", "Thuoc_huyen": "H. Khoái Châu", "Thuoc_tinh": "Hưng Yên", "Trong_chigioi": "", "Ngoai_baiSg": "", "layer": "HYE_KTVHXH", "path": "D:/Work/HungYen/TaiLieu/De/De Hung Yen/BD Hung Yen/HYE_KTVHXH.TAB" }, "geometry": { "type": "Point", "coordinates": [ 105.966758452806317, 20.854083982494682 ] } },
{ "type": "Feature", "properties": { "ID": "HYE330040thoc", "Ten_CT": "Trường học", "Loai_CT": "", "Thuoc_huyen": "H. Khoái Châu", "Thuoc_tinh": "Hưng Yên", "Trong_chigioi": "", "Ngoai_baiSg": "", "layer": "HYE_KTVHXH", "path": "D:/Work/HungYen/TaiLieu/De/De Hung Yen/BD Hung Yen/HYE_KTVHXH.TAB" }, "geometry": { "type": "Point", "coordinates": [ 105.965959236468805, 20.844733004487804 ] } },
{ "type": "Feature", "properties": { "ID": "HYE330040thoc", "Ten_CT": "Trường học", "Loai_CT": "", "Thuoc_huyen": "H. Khoái Châu", "Thuoc_tinh": "Hưng Yên", "Trong_chigioi": "", "Ngoai_baiSg": "", "layer": "HYE_KTVHXH", "path": "D:/Work/HungYen/TaiLieu/De/De Hung Yen/BD Hung Yen/HYE_KTVHXH.TAB" }, "geometry": { "type": "Point", "coordinates": [ 105.970122264590572, 20.84197526065444 ] } },
{ "type": "Feature", "properties": { "ID": "HYE330040bvien", "Ten_CT": "Bệnh viện, trạm xá", "Loai_CT": "", "Thuoc_huyen": "H. Khoái Châu", "Thuoc_tinh": "Hưng Yên", "Trong_chigioi": "", "Ngoai_baiSg": "", "layer": "HYE_KTVHXH", "path": "D:/Work/HungYen/TaiLieu/De/De Hung Yen/BD Hung Yen/HYE_KTVHXH.TAB" }, "geometry": { "type": "Point", "coordinates": [ 105.976834442431027, 20.836428486468705 ] } },
{ "type": "Feature", "properties": { "ID": "HYE330040bvien", "Ten_CT": "Bệnh viện, trạm xá", "Loai_CT": "", "Thuoc_huyen": "H. Khoái Châu", "Thuoc_tinh": "Hưng Yên", "Trong_chigioi": "", "Ngoai_baiSg": "", "layer": "HYE_KTVHXH", "path": "D:/Work/HungYen/TaiLieu/De/De Hung Yen/BD Hung Yen/HYE_KTVHXH.TAB" }, "geometry": { "type": "Point", "coordinates": [ 105.966198357545409, 20.820827135147244 ] } },
{ "type": "Feature", "properties": { "ID": "HYE330040bvien", "Ten_CT": "Bệnh viện, trạm xá", "Loai_CT": "", "Thuoc_huyen": "H. Khoái Châu", "Thuoc_tinh": "Hưng Yên", "Trong_chigioi": "", "Ngoai_baiSg": "", "layer": "HYE_KTVHXH", "path": "D:/Work/HungYen/TaiLieu/De/De Hung Yen/BD Hung Yen/HYE_KTVHXH.TAB" }, "geometry": { "type": "Point", "coordinates": [ 105.956395244070862, 20.810722365859636 ] } },
{ "type": "Feature", "properties": { "ID": "HYE327040bvien", "Ten_CT": "Bệnh viện, trạm xá", "Loai_CT": "", "Thuoc_huyen": "H. Yên  Mỹ", "Thuoc_tinh": "Hưng Yên", "Trong_chigioi": "", "Ngoai_baiSg": "", "layer": "HYE_KTVHXH", "path": "D:/Work/HungYen/TaiLieu/De/De Hung Yen/BD Hung Yen/HYE_KTVHXH.TAB" }, "geometry": { "type": "Point", "coordinates": [ 105.984985654558216, 20.88680507979036 ] } },
{ "type": "Feature", "properties": { "ID": "HYE327040bvien", "Ten_CT": "Bệnh viện, trạm xá", "Loai_CT": "", "Thuoc_huyen": "H. Yên  Mỹ", "Thuoc_tinh": "Hưng Yên", "Trong_chigioi": "", "Ngoai_baiSg": "", "layer": "HYE_KTVHXH", "path": "D:/Work/HungYen/TaiLieu/De/De Hung Yen/BD Hung Yen/HYE_KTVHXH.TAB" }, "geometry": { "type": "Point", "coordinates": [ 106.001059022986624, 20.88399263888363 ] } },
{ "type": "Feature", "properties": { "ID": "HYE327040bvien", "Ten_CT": "Bệnh viện, trạm xá", "Loai_CT": "", "Thuoc_huyen": "H. Yên  Mỹ", "Thuoc_tinh": "Hưng Yên", "Trong_chigioi": "", "Ngoai_baiSg": "", "layer": "HYE_KTVHXH", "path": "D:/Work/HungYen/TaiLieu/De/De Hung Yen/BD Hung Yen/HYE_KTVHXH.TAB" }, "geometry": { "type": "Point", "coordinates": [ 105.98934802623495, 20.872386611297927 ] } },
{ "type": "Feature", "properties": { "ID": "HYE327040thoc", "Ten_CT": "Trường học", "Loai_CT": "", "Thuoc_huyen": "H. Yên  Mỹ", "Thuoc_tinh": "Hưng Yên", "Trong_chigioi": "", "Ngoai_baiSg": "", "layer": "HYE_KTVHXH", "path": "D:/Work/HungYen/TaiLieu/De/De Hung Yen/BD Hung Yen/HYE_KTVHXH.TAB" }, "geometry": { "type": "Point", "coordinates": [ 105.989381143348311, 20.87320171754018 ] } },
{ "type": "Feature", "properties": { "ID": "HYE327040thoc", "Ten_CT": "Trường học", "Loai_CT": "", "Thuoc_huyen": "H. Yên  Mỹ", "Thuoc_tinh": "Hưng Yên", "Trong_chigioi": "", "Ngoai_baiSg": "", "layer": "HYE_KTVHXH", "path": "D:/Work/HungYen/TaiLieu/De/De Hung Yen/BD Hung Yen/HYE_KTVHXH.TAB" }, "geometry": { "type": "Point", "coordinates": [ 106.000387860686189, 20.886191645979473 ] } },
{ "type": "Feature", "properties": { "ID": "HYE327040thoc", "Ten_CT": "Trường học", "Loai_CT": "", "Thuoc_huyen": "H. Yên  Mỹ", "Thuoc_tinh": "Hưng Yên", "Trong_chigioi": "", "Ngoai_baiSg": "", "layer": "HYE_KTVHXH", "path": "D:/Work/HungYen/TaiLieu/De/De Hung Yen/BD Hung Yen/HYE_KTVHXH.TAB" }, "geometry": { "type": "Point", "coordinates": [ 106.001777351233869, 20.884979813650951 ] } },
{ "type": "Feature", "properties": { "ID": "HYE327040thoc", "Ten_CT": "Trường học", "Loai_CT": "", "Thuoc_huyen": "H. Yên  Mỹ", "Thuoc_tinh": "Hưng Yên", "Trong_chigioi": "", "Ngoai_baiSg": "", "layer": "HYE_KTVHXH", "path": "D:/Work/HungYen/TaiLieu/De/De Hung Yen/BD Hung Yen/HYE_KTVHXH.TAB" }, "geometry": { "type": "Point", "coordinates": [ 105.977451210286262, 20.89344189727651 ] } },
{ "type": "Feature", "properties": { "ID": "HYE327040thoc", "Ten_CT": "Trường học", "Loai_CT": "", "Thuoc_huyen": "H. Yên  Mỹ", "Thuoc_tinh": "Hưng Yên", "Trong_chigioi": "", "Ngoai_baiSg": "", "layer": "HYE_KTVHXH", "path": "D:/Work/HungYen/TaiLieu/De/De Hung Yen/BD Hung Yen/HYE_KTVHXH.TAB" }, "geometry": { "type": "Point", "coordinates": [ 105.984260534458343, 20.890601598129646 ] } },
{ "type": "Feature", "properties": { "ID": "HYE327040thoc", "Ten_CT": "Trường học", "Loai_CT": "", "Thuoc_huyen": "H. Yên  Mỹ", "Thuoc_tinh": "Hưng Yên", "Trong_chigioi": "", "Ngoai_baiSg": "", "layer": "HYE_KTVHXH", "path": "D:/Work/HungYen/TaiLieu/De/De Hung Yen/BD Hung Yen/HYE_KTVHXH.TAB" }, "geometry": { "type": "Point", "coordinates": [ 105.982420232846863, 20.905267737863401 ] } },
{ "type": "Feature", "properties": { "ID": "HYE327040thoc", "Ten_CT": "Trường học", "Loai_CT": "", "Thuoc_huyen": "H. Yên  Mỹ", "Thuoc_tinh": "Hưng Yên", "Trong_chigioi": "", "Ngoai_baiSg": "", "layer": "HYE_KTVHXH", "path": "D:/Work/HungYen/TaiLieu/De/De Hung Yen/BD Hung Yen/HYE_KTVHXH.TAB" }, "geometry": { "type": "Point", "coordinates": [ 105.977343349940256, 20.904325887032794 ] } },
{ "type": "Feature", "properties": { "ID": "HYE326040thoc", "Ten_CT": "Trường học", "Loai_CT": "", "Thuoc_huyen": "H. Văn Giang", "Thuoc_tinh": "Hưng Yên", "Trong_chigioi": "", "Ngoai_baiSg": "", "layer": "HYE_KTVHXH", "path": "D:/Work/HungYen/TaiLieu/De/De Hung Yen/BD Hung Yen/HYE_KTVHXH.TAB" }, "geometry": { "type": "Point", "coordinates": [ 105.953594650423852, 20.944910634856402 ] } },
{ "type": "Feature", "properties": { "ID": "HYE326040thoc", "Ten_CT": "Trường học", "Loai_CT": "", "Thuoc_huyen": "H. Văn Giang", "Thuoc_tinh": "Hưng Yên", "Trong_chigioi": "", "Ngoai_baiSg": "", "layer": "HYE_KTVHXH", "path": "D:/Work/HungYen/TaiLieu/De/De Hung Yen/BD Hung Yen/HYE_KTVHXH.TAB" }, "geometry": { "type": "Point", "coordinates": [ 105.953667146870487, 20.94287297934455 ] } },
{ "type": "Feature", "properties": { "ID": "HYE326040thoc", "Ten_CT": "Trường học", "Loai_CT": "", "Thuoc_huyen": "H. Văn Giang", "Thuoc_tinh": "Hưng Yên", "Trong_chigioi": "", "Ngoai_baiSg": "", "layer": "HYE_KTVHXH", "path": "D:/Work/HungYen/TaiLieu/De/De Hung Yen/BD Hung Yen/HYE_KTVHXH.TAB" }, "geometry": { "type": "Point", "coordinates": [ 105.951006309538585, 20.945139568486141 ] } },
{ "type": "Feature", "properties": { "ID": "HYE330040thoc", "Ten_CT": "Trường học", "Loai_CT": "", "Thuoc_huyen": "H. Khoái Châu", "Thuoc_tinh": "Hưng Yên", "Trong_chigioi": "", "Ngoai_baiSg": "", "layer": "HYE_KTVHXH", "path": "D:/Work/HungYen/TaiLieu/De/De Hung Yen/BD Hung Yen/HYE_KTVHXH.TAB" }, "geometry": { "type": "Point", "coordinates": [ 105.940570697439497, 20.825663842891583 ] } },
{ "type": "Feature", "properties": { "ID": "HYE330040thoc", "Ten_CT": "Trường học", "Loai_CT": "", "Thuoc_huyen": "H. Khoái Châu", "Thuoc_tinh": "Hưng Yên", "Trong_chigioi": "", "Ngoai_baiSg": "", "layer": "HYE_KTVHXH", "path": "D:/Work/HungYen/TaiLieu/De/De Hung Yen/BD Hung Yen/HYE_KTVHXH.TAB" }, "geometry": { "type": "Point", "coordinates": [ 105.941730924895523, 20.82150899964093 ] } },
{ "type": "Feature", "properties": { "ID": "HYE330040thoc", "Ten_CT": "Trường học", "Loai_CT": "", "Thuoc_huyen": "H. Khoái Châu", "Thuoc_tinh": "Hưng Yên", "Trong_chigioi": "", "Ngoai_baiSg": "", "layer": "HYE_KTVHXH", "path": "D:/Work/HungYen/TaiLieu/De/De Hung Yen/BD Hung Yen/HYE_KTVHXH.TAB" }, "geometry": { "type": "Point", "coordinates": [ 105.929937666401443, 20.799271502003549 ] } },
{ "type": "Feature", "properties": { "ID": "HYE330040thoc", "Ten_CT": "Trường học", "Loai_CT": "", "Thuoc_huyen": "H. Khoái Châu", "Thuoc_tinh": "Hưng Yên", "Trong_chigioi": "", "Ngoai_baiSg": "", "layer": "HYE_KTVHXH", "path": "D:/Work/HungYen/TaiLieu/De/De Hung Yen/BD Hung Yen/HYE_KTVHXH.TAB" }, "geometry": { "type": "Point", "coordinates": [ 105.94721075009258, 20.789438345524861 ] } },
{ "type": "Feature", "properties": { "ID": "HYE330040thoc", "Ten_CT": "Trường học", "Loai_CT": "", "Thuoc_huyen": "H. Khoái Châu", "Thuoc_tinh": "Hưng Yên", "Trong_chigioi": "", "Ngoai_baiSg": "", "layer": "HYE_KTVHXH", "path": "D:/Work/HungYen/TaiLieu/De/De Hung Yen/BD Hung Yen/HYE_KTVHXH.TAB" }, "geometry": { "type": "Point", "coordinates": [ 105.967334260289434, 20.82086626503904 ] } },
{ "type": "Feature", "properties": { "ID": "HYE330040thoc", "Ten_CT": "Trường học", "Loai_CT": "", "Thuoc_huyen": "H. Khoái Châu", "Thuoc_tinh": "Hưng Yên", "Trong_chigioi": "", "Ngoai_baiSg": "", "layer": "HYE_KTVHXH", "path": "D:/Work/HungYen/TaiLieu/De/De Hung Yen/BD Hung Yen/HYE_KTVHXH.TAB" }, "geometry": { "type": "Point", "coordinates": [ 105.981952650070156, 20.819164923488675 ] } },
{ "type": "Feature", "properties": { "ID": "HYE330040thoc", "Ten_CT": "Trường học", "Loai_CT": "", "Thuoc_huyen": "H. Khoái Châu", "Thuoc_tinh": "Hưng Yên", "Trong_chigioi": "", "Ngoai_baiSg": "", "layer": "HYE_KTVHXH", "path": "D:/Work/HungYen/TaiLieu/De/De Hung Yen/BD Hung Yen/HYE_KTVHXH.TAB" }, "geometry": { "type": "Point", "coordinates": [ 105.971179548622928, 20.78655345439088 ] } },
{ "type": "Feature", "properties": { "ID": "HYE330040bvien", "Ten_CT": "Bệnh viện, trạm xá", "Loai_CT": "", "Thuoc_huyen": "H. Khoái Châu", "Thuoc_tinh": "Hưng Yên", "Trong_chigioi": "", "Ngoai_baiSg": "", "layer": "HYE_KTVHXH", "path": "D:/Work/HungYen/TaiLieu/De/De Hung Yen/BD Hung Yen/HYE_KTVHXH.TAB" }, "geometry": { "type": "Point", "coordinates": [ 105.952995455520877, 20.789895927741512 ] } },
{ "type": "Feature", "properties": { "ID": "HYE330040bvien", "Ten_CT": "Bệnh viện, trạm xá", "Loai_CT": "", "Thuoc_huyen": "H. Khoái Châu", "Thuoc_tinh": "Hưng Yên", "Trong_chigioi": "", "Ngoai_baiSg": "", "layer": "HYE_KTVHXH", "path": "D:/Work/HungYen/TaiLieu/De/De Hung Yen/BD Hung Yen/HYE_KTVHXH.TAB" }, "geometry": { "type": "Point", "coordinates": [ 105.972933163003404, 20.782428581336529 ] } },
{ "type": "Feature", "properties": { "ID": "HYE330040bvien", "Ten_CT": "Bệnh viện, trạm xá", "Loai_CT": "", "Thuoc_huyen": "H. Khoái Châu", "Thuoc_tinh": "Hưng Yên", "Trong_chigioi": "", "Ngoai_baiSg": "", "layer": "HYE_KTVHXH", "path": "D:/Work/HungYen/TaiLieu/De/De Hung Yen/BD Hung Yen/HYE_KTVHXH.TAB" }, "geometry": { "type": "Point", "coordinates": [ 105.987693589812011, 20.777960402115806 ] } },
{ "type": "Feature", "properties": { "ID": "HYE330040bvien", "Ten_CT": "Bệnh viện, trạm xá", "Loai_CT": "", "Thuoc_huyen": "H. Khoái Châu", "Thuoc_tinh": "Hưng Yên", "Trong_chigioi": "", "Ngoai_baiSg": "", "layer": "HYE_KTVHXH", "path": "D:/Work/HungYen/TaiLieu/De/De Hung Yen/BD Hung Yen/HYE_KTVHXH.TAB" }, "geometry": { "type": "Point", "coordinates": [ 105.985731138699137, 20.770042577904889 ] } },
{ "type": "Feature", "properties": { "ID": "HYE330040thoc", "Ten_CT": "Trường học", "Loai_CT": "", "Thuoc_huyen": "H. Khoái Châu", "Thuoc_tinh": "Hưng Yên", "Trong_chigioi": "", "Ngoai_baiSg": "", "layer": "HYE_KTVHXH", "path": "D:/Work/HungYen/TaiLieu/De/De Hung Yen/BD Hung Yen/HYE_KTVHXH.TAB" }, "geometry": { "type": "Point", "coordinates": [ 105.994749191371952, 20.762175066636686 ] } },
{ "type": "Feature", "properties": { "ID": "HYE330040thoc", "Ten_CT": "Trường học", "Loai_CT": "", "Thuoc_huyen": "H. Khoái Châu", "Thuoc_tinh": "Hưng Yên", "Trong_chigioi": "", "Ngoai_baiSg": "", "layer": "HYE_KTVHXH", "path": "D:/Work/HungYen/TaiLieu/De/De Hung Yen/BD Hung Yen/HYE_KTVHXH.TAB" }, "geometry": { "type": "Point", "coordinates": [ 105.985054505683976, 20.76334889669134 ] } },
{ "type": "Feature", "properties": { "ID": "HYE330040bvien", "Ten_CT": "Bệnh viện, trạm xá", "Loai_CT": "", "Thuoc_huyen": "H. Khoái Châu", "Thuoc_tinh": "Hưng Yên", "Trong_chigioi": "", "Ngoai_baiSg": "", "layer": "HYE_KTVHXH", "path": "D:/Work/HungYen/TaiLieu/De/De Hung Yen/BD Hung Yen/HYE_KTVHXH.TAB" }, "geometry": { "type": "Point", "coordinates": [ 105.985293357637403, 20.762660242927211 ] } },
{ "type": "Feature", "properties": { "ID": "HYE331040bvien", "Ten_CT": "Bệnh viện, trạm xá", "Loai_CT": "", "Thuoc_huyen": "H. Kim Động", "Thuoc_tinh": "Hưng Yên", "Trong_chigioi": "", "Ngoai_baiSg": "", "layer": "HYE_KTVHXH", "path": "D:/Work/HungYen/TaiLieu/De/De Hung Yen/BD Hung Yen/HYE_KTVHXH.TAB" }, "geometry": { "type": "Point", "coordinates": [ 105.985619234195013, 20.755185160297469 ] } },
{ "type": "Feature", "properties": { "ID": "HYE331040bvien", "Ten_CT": "Bệnh viện, trạm xá", "Loai_CT": "", "Thuoc_huyen": "H. Kim Động", "Thuoc_tinh": "Hưng Yên", "Trong_chigioi": "", "Ngoai_baiSg": "", "layer": "HYE_KTVHXH", "path": "D:/Work/HungYen/TaiLieu/De/De Hung Yen/BD Hung Yen/HYE_KTVHXH.TAB" }, "geometry": { "type": "Point", "coordinates": [ 105.976841926944829, 20.746143971347799 ] } },
{ "type": "Feature", "properties": { "ID": "HYE331040thoc", "Ten_CT": "Trường học", "Loai_CT": "", "Thuoc_huyen": "H. Kim Động", "Thuoc_tinh": "Hưng Yên", "Trong_chigioi": "", "Ngoai_baiSg": "", "layer": "HYE_KTVHXH", "path": "D:/Work/HungYen/TaiLieu/De/De Hung Yen/BD Hung Yen/HYE_KTVHXH.TAB" }, "geometry": { "type": "Point", "coordinates": [ 105.977529655043526, 20.745385736726583 ] } },
{ "type": "Feature", "properties": { "ID": "HYE331040thoc", "Ten_CT": "Trường học", "Loai_CT": "", "Thuoc_huyen": "H. Kim Động", "Thuoc_tinh": "Hưng Yên", "Trong_chigioi": "", "Ngoai_baiSg": "", "layer": "HYE_KTVHXH", "path": "D:/Work/HungYen/TaiLieu/De/De Hung Yen/BD Hung Yen/HYE_KTVHXH.TAB" }, "geometry": { "type": "Point", "coordinates": [ 105.976743358349609, 20.744389858119309 ] } },
{ "type": "Feature", "properties": { "ID": "HYE331040bvien", "Ten_CT": "Bệnh viện, trạm xá", "Loai_CT": "", "Thuoc_huyen": "H. Kim Động", "Thuoc_tinh": "Hưng Yên", "Trong_chigioi": "", "Ngoai_baiSg": "", "layer": "HYE_KTVHXH", "path": "D:/Work/HungYen/TaiLieu/De/De Hung Yen/BD Hung Yen/HYE_KTVHXH.TAB" }, "geometry": { "type": "Point", "coordinates": [ 105.985182771145517, 20.732341623852907 ] } },
{ "type": "Feature", "properties": { "ID": "HYE331040bvien", "Ten_CT": "Bệnh viện, trạm xá", "Loai_CT": "", "Thuoc_huyen": "H. Kim Động", "Thuoc_tinh": "Hưng Yên", "Trong_chigioi": "", "Ngoai_baiSg": "", "layer": "HYE_KTVHXH", "path": "D:/Work/HungYen/TaiLieu/De/De Hung Yen/BD Hung Yen/HYE_KTVHXH.TAB" }, "geometry": { "type": "Point", "coordinates": [ 105.992171641737727, 20.731462927161513 ] } },
{ "type": "Feature", "properties": { "ID": "HYE331040thoc", "Ten_CT": "Trường học", "Loai_CT": "", "Thuoc_huyen": "H. Kim Động", "Thuoc_tinh": "Hưng Yên", "Trong_chigioi": "", "Ngoai_baiSg": "", "layer": "HYE_KTVHXH", "path": "D:/Work/HungYen/TaiLieu/De/De Hung Yen/BD Hung Yen/HYE_KTVHXH.TAB" }, "geometry": { "type": "Point", "coordinates": [ 105.980306628717699, 20.735807723228778 ] } },
{ "type": "Feature", "properties": { "ID": "HYE331040bvien", "Ten_CT": "Bệnh viện, trạm xá", "Loai_CT": "", "Thuoc_huyen": "H. Kim Động", "Thuoc_tinh": "Hưng Yên", "Trong_chigioi": "", "Ngoai_baiSg": "", "layer": "HYE_KTVHXH", "path": "D:/Work/HungYen/TaiLieu/De/De Hung Yen/BD Hung Yen/HYE_KTVHXH.TAB" }, "geometry": { "type": "Point", "coordinates": [ 106.006093706754896, 20.722511438909322 ] } },
{ "type": "Feature", "properties": { "ID": "HYE331040thoc", "Ten_CT": "Trường học", "Loai_CT": "", "Thuoc_huyen": "H. Kim Động", "Thuoc_tinh": "Hưng Yên", "Trong_chigioi": "", "Ngoai_baiSg": "", "layer": "HYE_KTVHXH", "path": "D:/Work/HungYen/TaiLieu/De/De Hung Yen/BD Hung Yen/HYE_KTVHXH.TAB" }, "geometry": { "type": "Point", "coordinates": [ 105.992652302425782, 20.727675339897615 ] } },
{ "type": "Feature", "properties": { "ID": "HYE331040thoc", "Ten_CT": "Trường học", "Loai_CT": "", "Thuoc_huyen": "H. Kim Động", "Thuoc_tinh": "Hưng Yên", "Trong_chigioi": "", "Ngoai_baiSg": "", "layer": "HYE_KTVHXH", "path": "D:/Work/HungYen/TaiLieu/De/De Hung Yen/BD Hung Yen/HYE_KTVHXH.TAB" }, "geometry": { "type": "Point", "coordinates": [ 106.003053087767967, 20.725143615820514 ] } },
{ "type": "Feature", "properties": { "ID": "HYE331040thoc", "Ten_CT": "Trường học", "Loai_CT": "", "Thuoc_huyen": "H. Kim Động", "Thuoc_tinh": "Hưng Yên", "Trong_chigioi": "", "Ngoai_baiSg": "", "layer": "HYE_KTVHXH", "path": "D:/Work/HungYen/TaiLieu/De/De Hung Yen/BD Hung Yen/HYE_KTVHXH.TAB" }, "geometry": { "type": "Point", "coordinates": [ 106.007402972121312, 20.728531131582738 ] } },
{ "type": "Feature", "properties": { "ID": "HYE331040thoc", "Ten_CT": "Trường học", "Loai_CT": "", "Thuoc_huyen": "H. Kim Động", "Thuoc_tinh": "Hưng Yên", "Trong_chigioi": "", "Ngoai_baiSg": "", "layer": "HYE_KTVHXH", "path": "D:/Work/HungYen/TaiLieu/De/De Hung Yen/BD Hung Yen/HYE_KTVHXH.TAB" }, "geometry": { "type": "Point", "coordinates": [ 106.014569414188813, 20.75315914050265 ] } },
{ "type": "Feature", "properties": { "ID": "HYE331040bvien", "Ten_CT": "Bệnh viện, trạm xá", "Loai_CT": "", "Thuoc_huyen": "H. Kim Động", "Thuoc_tinh": "Hưng Yên", "Trong_chigioi": "", "Ngoai_baiSg": "", "layer": "HYE_KTVHXH", "path": "D:/Work/HungYen/TaiLieu/De/De Hung Yen/BD Hung Yen/HYE_KTVHXH.TAB" }, "geometry": { "type": "Point", "coordinates": [ 106.019837450451874, 20.755838864799234 ] } },
{ "type": "Feature", "properties": { "ID": "HYE331040bvien", "Ten_CT": "Bệnh viện, trạm xá", "Loai_CT": "", "Thuoc_huyen": "H. Kim Động", "Thuoc_tinh": "Hưng Yên", "Trong_chigioi": "", "Ngoai_baiSg": "", "layer": "HYE_KTVHXH", "path": "D:/Work/HungYen/TaiLieu/De/De Hung Yen/BD Hung Yen/HYE_KTVHXH.TAB" }, "geometry": { "type": "Point", "coordinates": [ 106.033491828526437, 20.747019018080447 ] } },
{ "type": "Feature", "properties": { "ID": "HYE331040bvien", "Ten_CT": "Bệnh viện, trạm xá", "Loai_CT": "", "Thuoc_huyen": "H. Kim Động", "Thuoc_tinh": "Hưng Yên", "Trong_chigioi": "", "Ngoai_baiSg": "", "layer": "HYE_KTVHXH", "path": "D:/Work/HungYen/TaiLieu/De/De Hung Yen/BD Hung Yen/HYE_KTVHXH.TAB" }, "geometry": { "type": "Point", "coordinates": [ 106.022396071393288, 20.779691823248335 ] } },
{ "type": "Feature", "properties": { "ID": "HYE331040bvien", "Ten_CT": "Bệnh viện, trạm xá", "Loai_CT": "", "Thuoc_huyen": "H. Kim Động", "Thuoc_tinh": "Hưng Yên", "Trong_chigioi": "", "Ngoai_baiSg": "", "layer": "HYE_KTVHXH", "path": "D:/Work/HungYen/TaiLieu/De/De Hung Yen/BD Hung Yen/HYE_KTVHXH.TAB" }, "geometry": { "type": "Point", "coordinates": [ 106.039061334391093, 20.720373690176327 ] } },
{ "type": "Feature", "properties": { "ID": "HYE331040bvien", "Ten_CT": "Bệnh viện, trạm xá", "Loai_CT": "", "Thuoc_huyen": "H. Kim Động", "Thuoc_tinh": "Hưng Yên", "Trong_chigioi": "", "Ngoai_baiSg": "", "layer": "HYE_KTVHXH", "path": "D:/Work/HungYen/TaiLieu/De/De Hung Yen/BD Hung Yen/HYE_KTVHXH.TAB" }, "geometry": { "type": "Point", "coordinates": [ 106.060637591694402, 20.712895624546235 ] } },
{ "type": "Feature", "properties": { "ID": "HYE331040bvien", "Ten_CT": "Bệnh viện, trạm xá", "Loai_CT": "", "Thuoc_huyen": "H. Kim Động", "Thuoc_tinh": "Hưng Yên", "Trong_chigioi": "", "Ngoai_baiSg": "", "layer": "HYE_KTVHXH", "path": "D:/Work/HungYen/TaiLieu/De/De Hung Yen/BD Hung Yen/HYE_KTVHXH.TAB" }, "geometry": { "type": "Point", "coordinates": [ 106.0531926707867, 20.734351339584265 ] } },
{ "type": "Feature", "properties": { "ID": "HYE331040bvien", "Ten_CT": "Bệnh viện, trạm xá", "Loai_CT": "", "Thuoc_huyen": "H. Kim Động", "Thuoc_tinh": "Hưng Yên", "Trong_chigioi": "", "Ngoai_baiSg": "", "layer": "HYE_KTVHXH", "path": "D:/Work/HungYen/TaiLieu/De/De Hung Yen/BD Hung Yen/HYE_KTVHXH.TAB" }, "geometry": { "type": "Point", "coordinates": [ 106.059004256866899, 20.740288177380297 ] } },
{ "type": "Feature", "properties": { "ID": "HYE331040bvien", "Ten_CT": "Bệnh viện, trạm xá", "Loai_CT": "", "Thuoc_huyen": "H. Kim Động", "Thuoc_tinh": "Hưng Yên", "Trong_chigioi": "", "Ngoai_baiSg": "", "layer": "HYE_KTVHXH", "path": "D:/Work/HungYen/TaiLieu/De/De Hung Yen/BD Hung Yen/HYE_KTVHXH.TAB" }, "geometry": { "type": "Point", "coordinates": [ 106.028520225417765, 20.704284588072341 ] } },
{ "type": "Feature", "properties": { "ID": "HYE331040bvien", "Ten_CT": "Bệnh viện, trạm xá", "Loai_CT": "", "Thuoc_huyen": "H. Kim Động", "Thuoc_tinh": "Hưng Yên", "Trong_chigioi": "", "Ngoai_baiSg": "", "layer": "HYE_KTVHXH", "path": "D:/Work/HungYen/TaiLieu/De/De Hung Yen/BD Hung Yen/HYE_KTVHXH.TAB" }, "geometry": { "type": "Point", "coordinates": [ 106.03287977957666, 20.690680278320126 ] } },
{ "type": "Feature", "properties": { "ID": "HYE331040thoc", "Ten_CT": "Trường học", "Loai_CT": "", "Thuoc_huyen": "H. Kim Động", "Thuoc_tinh": "Hưng Yên", "Trong_chigioi": "", "Ngoai_baiSg": "", "layer": "HYE_KTVHXH", "path": "D:/Work/HungYen/TaiLieu/De/De Hung Yen/BD Hung Yen/HYE_KTVHXH.TAB" }, "geometry": { "type": "Point", "coordinates": [ 106.044396702364082, 20.695319272181397 ] } },
{ "type": "Feature", "properties": { "ID": "HYE331040thoc", "Ten_CT": "Trường học", "Loai_CT": "", "Thuoc_huyen": "H. Kim Động", "Thuoc_tinh": "Hưng Yên", "Trong_chigioi": "", "Ngoai_baiSg": "", "layer": "HYE_KTVHXH", "path": "D:/Work/HungYen/TaiLieu/De/De Hung Yen/BD Hung Yen/HYE_KTVHXH.TAB" }, "geometry": { "type": "Point", "coordinates": [ 106.03214297665086, 20.690891591883148 ] } },
{ "type": "Feature", "properties": { "ID": "HYE323040bvien", "Ten_CT": "Bệnh viện, trạm xá", "Loai_CT": "", "Thuoc_huyen": "TX. Hưng Yên", "Thuoc_tinh": "Hưng Yên", "Trong_chigioi": "", "Ngoai_baiSg": "", "layer": "HYE_KTVHXH", "path": "D:/Work/HungYen/TaiLieu/De/De Hung Yen/BD Hung Yen/HYE_KTVHXH.TAB" }, "geometry": { "type": "Point", "coordinates": [ 106.047704978083189, 20.676762587669053 ] } },
{ "type": "Feature", "properties": { "ID": "HYE323040bvien", "Ten_CT": "Bệnh viện, trạm xá", "Loai_CT": "", "Thuoc_huyen": "TX. Hưng Yên", "Thuoc_tinh": "Hưng Yên", "Trong_chigioi": "", "Ngoai_baiSg": "", "layer": "HYE_KTVHXH", "path": "D:/Work/HungYen/TaiLieu/De/De Hung Yen/BD Hung Yen/HYE_KTVHXH.TAB" }, "geometry": { "type": "Point", "coordinates": [ 106.049211248195846, 20.669103892442426 ] } },
{ "type": "Feature", "properties": { "ID": "HYE323040bvien", "Ten_CT": "Bệnh viện, trạm xá", "Loai_CT": "", "Thuoc_huyen": "TX. Hưng Yên", "Thuoc_tinh": "Hưng Yên", "Trong_chigioi": "", "Ngoai_baiSg": "", "layer": "HYE_KTVHXH", "path": "D:/Work/HungYen/TaiLieu/De/De Hung Yen/BD Hung Yen/HYE_KTVHXH.TAB" }, "geometry": { "type": "Point", "coordinates": [ 106.060925508654265, 20.666752015325603 ] } },
{ "type": "Feature", "properties": { "ID": "HYE323040bvien", "Ten_CT": "Bệnh viện, trạm xá", "Loai_CT": "", "Thuoc_huyen": "TX. Hưng Yên", "Thuoc_tinh": "Hưng Yên", "Trong_chigioi": "", "Ngoai_baiSg": "", "layer": "HYE_KTVHXH", "path": "D:/Work/HungYen/TaiLieu/De/De Hung Yen/BD Hung Yen/HYE_KTVHXH.TAB" }, "geometry": { "type": "Point", "coordinates": [ 106.058435745677158, 20.662883598135195 ] } },
{ "type": "Feature", "properties": { "ID": "HYE323040bvien", "Ten_CT": "Bệnh viện, trạm xá", "Loai_CT": "", "Thuoc_huyen": "TX. Hưng Yên", "Thuoc_tinh": "Hưng Yên", "Trong_chigioi": "", "Ngoai_baiSg": "", "layer": "HYE_KTVHXH", "path": "D:/Work/HungYen/TaiLieu/De/De Hung Yen/BD Hung Yen/HYE_KTVHXH.TAB" }, "geometry": { "type": "Point", "coordinates": [ 106.054831954822632, 20.660198923374267 ] } },
{ "type": "Feature", "properties": { "ID": "HYE323040bvien", "Ten_CT": "Bệnh viện, trạm xá", "Loai_CT": "", "Thuoc_huyen": "TX. Hưng Yên", "Thuoc_tinh": "Hưng Yên", "Trong_chigioi": "", "Ngoai_baiSg": "", "layer": "HYE_KTVHXH", "path": "D:/Work/HungYen/TaiLieu/De/De Hung Yen/BD Hung Yen/HYE_KTVHXH.TAB" }, "geometry": { "type": "Point", "coordinates": [ 106.046740701674594, 20.658909510839635 ] } },
{ "type": "Feature", "properties": { "ID": "HYE323040den", "Ten_CT": "Đền, chùa, miếu", "Loai_CT": "", "Thuoc_huyen": "TX. Hưng Yên", "Thuoc_tinh": "Hưng Yên", "Trong_chigioi": "", "Ngoai_baiSg": "", "layer": "HYE_KTVHXH", "path": "D:/Work/HungYen/TaiLieu/De/De Hung Yen/BD Hung Yen/HYE_KTVHXH.TAB" }, "geometry": { "type": "Point", "coordinates": [ 106.055869425852293, 20.661073022447326 ] } },
{ "type": "Feature", "properties": { "ID": "HYE323040bvien", "Ten_CT": "Bệnh viện, trạm xá", "Loai_CT": "", "Thuoc_huyen": "TX. Hưng Yên", "Thuoc_tinh": "Hưng Yên", "Trong_chigioi": "", "Ngoai_baiSg": "", "layer": "HYE_KTVHXH", "path": "D:/Work/HungYen/TaiLieu/De/De Hung Yen/BD Hung Yen/HYE_KTVHXH.TAB" }, "geometry": { "type": "Point", "coordinates": [ 106.048198975225617, 20.652018617336324 ] } },
{ "type": "Feature", "properties": { "ID": "HYE323040bvien", "Ten_CT": "Bệnh viện, trạm xá", "Loai_CT": "", "Thuoc_huyen": "TX. Hưng Yên", "Thuoc_tinh": "Hưng Yên", "Trong_chigioi": "", "Ngoai_baiSg": "", "layer": "HYE_KTVHXH", "path": "D:/Work/HungYen/TaiLieu/De/De Hung Yen/BD Hung Yen/HYE_KTVHXH.TAB" }, "geometry": { "type": "Point", "coordinates": [ 106.075340992711588, 20.652893426139119 ] } },
{ "type": "Feature", "properties": { "ID": "HYE3230040svdong", "Ten_CT": "Sân vận động", "Loai_CT": "", "Thuoc_huyen": "TX. Hưng Yên", "Thuoc_tinh": "Hưng Yên", "Trong_chigioi": "", "Ngoai_baiSg": "", "layer": "HYE_KTVHXH", "path": "D:/Work/HungYen/TaiLieu/De/De Hung Yen/BD Hung Yen/HYE_KTVHXH.TAB" }, "geometry": { "type": "Point", "coordinates": [ 106.049761855603862, 20.648107227964893 ] } },
{ "type": "Feature", "properties": { "ID": "HYE323040bvien", "Ten_CT": "Bệnh viện, trạm xá", "Loai_CT": "", "Thuoc_huyen": "TX. Hưng Yên", "Thuoc_tinh": "Hưng Yên", "Trong_chigioi": "", "Ngoai_baiSg": "", "layer": "HYE_KTVHXH", "path": "D:/Work/HungYen/TaiLieu/De/De Hung Yen/BD Hung Yen/HYE_KTVHXH.TAB" }, "geometry": { "type": "Point", "coordinates": [ 106.059997292346395, 20.641925817265083 ] } },
{ "type": "Feature", "properties": { "ID": "HYE323040thoc", "Ten_CT": "Trường học", "Loai_CT": "", "Thuoc_huyen": "TX. Hưng Yên", "Thuoc_tinh": "Hưng Yên", "Trong_chigioi": "", "Ngoai_baiSg": "", "layer": "HYE_KTVHXH", "path": "D:/Work/HungYen/TaiLieu/De/De Hung Yen/BD Hung Yen/HYE_KTVHXH.TAB" }, "geometry": { "type": "Point", "coordinates": [ 106.045775591434989, 20.67583359313597 ] } },
{ "type": "Feature", "properties": { "ID": "HYE323040thoc", "Ten_CT": "Trường học", "Loai_CT": "", "Thuoc_huyen": "TX. Hưng Yên", "Thuoc_tinh": "Hưng Yên", "Trong_chigioi": "", "Ngoai_baiSg": "", "layer": "HYE_KTVHXH", "path": "D:/Work/HungYen/TaiLieu/De/De Hung Yen/BD Hung Yen/HYE_KTVHXH.TAB" }, "geometry": { "type": "Point", "coordinates": [ 106.059623453830241, 20.683192827393537 ] } },
{ "type": "Feature", "properties": { "ID": "HYE323040thoc", "Ten_CT": "Trường học", "Loai_CT": "", "Thuoc_huyen": "TX. Hưng Yên", "Thuoc_tinh": "Hưng Yên", "Trong_chigioi": "", "Ngoai_baiSg": "", "layer": "HYE_KTVHXH", "path": "D:/Work/HungYen/TaiLieu/De/De Hung Yen/BD Hung Yen/HYE_KTVHXH.TAB" }, "geometry": { "type": "Point", "coordinates": [ 106.057915909135289, 20.684262468332495 ] } },
{ "type": "Feature", "properties": { "ID": "HYE323040thoc", "Ten_CT": "Trường học", "Loai_CT": "", "Thuoc_huyen": "TX. Hưng Yên", "Thuoc_tinh": "Hưng Yên", "Trong_chigioi": "", "Ngoai_baiSg": "", "layer": "HYE_KTVHXH", "path": "D:/Work/HungYen/TaiLieu/De/De Hung Yen/BD Hung Yen/HYE_KTVHXH.TAB" }, "geometry": { "type": "Point", "coordinates": [ 106.060921791800922, 20.678212530350198 ] } },
{ "type": "Feature", "properties": { "ID": "HYE323040thoc", "Ten_CT": "Trường học", "Loai_CT": "", "Thuoc_huyen": "TX. Hưng Yên", "Thuoc_tinh": "Hưng Yên", "Trong_chigioi": "", "Ngoai_baiSg": "", "layer": "HYE_KTVHXH", "path": "D:/Work/HungYen/TaiLieu/De/De Hung Yen/BD Hung Yen/HYE_KTVHXH.TAB" }, "geometry": { "type": "Point", "coordinates": [ 106.064244700533223, 20.675176319030832 ] } },
{ "type": "Feature", "properties": { "ID": "HYE323040thoc", "Ten_CT": "Trường học", "Loai_CT": "", "Thuoc_huyen": "TX. Hưng Yên", "Thuoc_tinh": "Hưng Yên", "Trong_chigioi": "", "Ngoai_baiSg": "", "layer": "HYE_KTVHXH", "path": "D:/Work/HungYen/TaiLieu/De/De Hung Yen/BD Hung Yen/HYE_KTVHXH.TAB" }, "geometry": { "type": "Point", "coordinates": [ 106.058786753524828, 20.671576296162129 ] } },
{ "type": "Feature", "properties": { "ID": "HYE323040thoc", "Ten_CT": "Trường học", "Loai_CT": "", "Thuoc_huyen": "TX. Hưng Yên", "Thuoc_tinh": "Hưng Yên", "Trong_chigioi": "", "Ngoai_baiSg": "", "layer": "HYE_KTVHXH", "path": "D:/Work/HungYen/TaiLieu/De/De Hung Yen/BD Hung Yen/HYE_KTVHXH.TAB" }, "geometry": { "type": "Point", "coordinates": [ 106.048149057204469, 20.666168873523578 ] } },
{ "type": "Feature", "properties": { "ID": "HYE323040thoc", "Ten_CT": "Trường học", "Loai_CT": "", "Thuoc_huyen": "TX. Hưng Yên", "Thuoc_tinh": "Hưng Yên", "Trong_chigioi": "", "Ngoai_baiSg": "", "layer": "HYE_KTVHXH", "path": "D:/Work/HungYen/TaiLieu/De/De Hung Yen/BD Hung Yen/HYE_KTVHXH.TAB" }, "geometry": { "type": "Point", "coordinates": [ 106.05098984003611, 20.66671057255185 ] } },
{ "type": "Feature", "properties": { "ID": "HYE323040thoc", "Ten_CT": "Trường học", "Loai_CT": "", "Thuoc_huyen": "TX. Hưng Yên", "Thuoc_tinh": "Hưng Yên", "Trong_chigioi": "", "Ngoai_baiSg": "", "layer": "HYE_KTVHXH", "path": "D:/Work/HungYen/TaiLieu/De/De Hung Yen/BD Hung Yen/HYE_KTVHXH.TAB" }, "geometry": { "type": "Point", "coordinates": [ 106.055243320910037, 20.664124939281304 ] } },
{ "type": "Feature", "properties": { "ID": "HYE323040thoc", "Ten_CT": "Trường học", "Loai_CT": "", "Thuoc_huyen": "TX. Hưng Yên", "Thuoc_tinh": "Hưng Yên", "Trong_chigioi": "", "Ngoai_baiSg": "", "layer": "HYE_KTVHXH", "path": "D:/Work/HungYen/TaiLieu/De/De Hung Yen/BD Hung Yen/HYE_KTVHXH.TAB" }, "geometry": { "type": "Point", "coordinates": [ 106.052985021280236, 20.666668949311937 ] } },
{ "type": "Feature", "properties": { "ID": "HYE323040thoc", "Ten_CT": "Trường học", "Loai_CT": "", "Thuoc_huyen": "TX. Hưng Yên", "Thuoc_tinh": "Hưng Yên", "Trong_chigioi": "", "Ngoai_baiSg": "", "layer": "HYE_KTVHXH", "path": "D:/Work/HungYen/TaiLieu/De/De Hung Yen/BD Hung Yen/HYE_KTVHXH.TAB" }, "geometry": { "type": "Point", "coordinates": [ 106.059898455882518, 20.666656055756132 ] } },
{ "type": "Feature", "properties": { "ID": "HYE323040bvien", "Ten_CT": "Bệnh viện, trạm xá", "Loai_CT": "", "Thuoc_huyen": "TX. Hưng Yên", "Thuoc_tinh": "Hưng Yên", "Trong_chigioi": "", "Ngoai_baiSg": "", "layer": "HYE_KTVHXH", "path": "D:/Work/HungYen/TaiLieu/De/De Hung Yen/BD Hung Yen/HYE_KTVHXH.TAB" }, "geometry": { "type": "Point", "coordinates": [ 106.057355067615404, 20.638470102833406 ] } },
{ "type": "Feature", "properties": { "ID": "HYE323040thoc", "Ten_CT": "Trường học", "Loai_CT": "", "Thuoc_huyen": "TX. Hưng Yên", "Thuoc_tinh": "Hưng Yên", "Trong_chigioi": "", "Ngoai_baiSg": "", "layer": "HYE_KTVHXH", "path": "D:/Work/HungYen/TaiLieu/De/De Hung Yen/BD Hung Yen/HYE_KTVHXH.TAB" }, "geometry": { "type": "Point", "coordinates": [ 106.060255740007818, 20.660857833545013 ] } },
{ "type": "Feature", "properties": { "ID": "HYE323040thoc", "Ten_CT": "Trường học", "Loai_CT": "", "Thuoc_huyen": "TX. Hưng Yên", "Thuoc_tinh": "Hưng Yên", "Trong_chigioi": "", "Ngoai_baiSg": "", "layer": "HYE_KTVHXH", "path": "D:/Work/HungYen/TaiLieu/De/De Hung Yen/BD Hung Yen/HYE_KTVHXH.TAB" }, "geometry": { "type": "Point", "coordinates": [ 106.059040700304706, 20.637342521116285 ] } },
{ "type": "Feature", "properties": { "ID": "HYE323040thoc", "Ten_CT": "Trường học", "Loai_CT": "", "Thuoc_huyen": "TX. Hưng Yên", "Thuoc_tinh": "Hưng Yên", "Trong_chigioi": "", "Ngoai_baiSg": "", "layer": "HYE_KTVHXH", "path": "D:/Work/HungYen/TaiLieu/De/De Hung Yen/BD Hung Yen/HYE_KTVHXH.TAB" }, "geometry": { "type": "Point", "coordinates": [ 106.05978256326658, 20.634204498456388 ] } },
{ "type": "Feature", "properties": { "ID": "HYE323040thoc", "Ten_CT": "Trường học", "Loai_CT": "", "Thuoc_huyen": "TX. Hưng Yên", "Thuoc_tinh": "Hưng Yên", "Trong_chigioi": "", "Ngoai_baiSg": "", "layer": "HYE_KTVHXH", "path": "D:/Work/HungYen/TaiLieu/De/De Hung Yen/BD Hung Yen/HYE_KTVHXH.TAB" }, "geometry": { "type": "Point", "coordinates": [ 106.046298981385249, 20.635007522040596 ] } },
{ "type": "Feature", "properties": { "ID": "HYE323040thoc", "Ten_CT": "Trường học", "Loai_CT": "", "Thuoc_huyen": "TX. Hưng Yên", "Thuoc_tinh": "Hưng Yên", "Trong_chigioi": "", "Ngoai_baiSg": "", "layer": "HYE_KTVHXH", "path": "D:/Work/HungYen/TaiLieu/De/De Hung Yen/BD Hung Yen/HYE_KTVHXH.TAB" }, "geometry": { "type": "Point", "coordinates": [ 106.047655092360671, 20.640721907251255 ] } },
{ "type": "Feature", "properties": { "ID": "HYE323040thoc", "Ten_CT": "Trường học", "Loai_CT": "", "Thuoc_huyen": "TX. Hưng Yên", "Thuoc_tinh": "Hưng Yên", "Trong_chigioi": "", "Ngoai_baiSg": "", "layer": "HYE_KTVHXH", "path": "D:/Work/HungYen/TaiLieu/De/De Hung Yen/BD Hung Yen/HYE_KTVHXH.TAB" }, "geometry": { "type": "Point", "coordinates": [ 106.039499681752915, 20.645890647729473 ] } },
{ "type": "Feature", "properties": { "ID": "HYE323040thoc", "Ten_CT": "Trường học", "Loai_CT": "", "Thuoc_huyen": "TX. Hưng Yên", "Thuoc_tinh": "Hưng Yên", "Trong_chigioi": "", "Ngoai_baiSg": "", "layer": "HYE_KTVHXH", "path": "D:/Work/HungYen/TaiLieu/De/De Hung Yen/BD Hung Yen/HYE_KTVHXH.TAB" }, "geometry": { "type": "Point", "coordinates": [ 106.040789281320087, 20.645279707249976 ] } },
{ "type": "Feature", "properties": { "ID": "HYE323040den", "Ten_CT": "Đền, chùa, miếu", "Loai_CT": "", "Thuoc_huyen": "TX. Hưng Yên", "Thuoc_tinh": "Hưng Yên", "Trong_chigioi": "", "Ngoai_baiSg": "", "layer": "HYE_KTVHXH", "path": "D:/Work/HungYen/TaiLieu/De/De Hung Yen/BD Hung Yen/HYE_KTVHXH.TAB" }, "geometry": { "type": "Point", "coordinates": [ 106.048987703186356, 20.640166121126075 ] } },
{ "type": "Feature", "properties": { "ID": "HYE323040thoc", "Ten_CT": "Trường học", "Loai_CT": "", "Thuoc_huyen": "TX. Hưng Yên", "Thuoc_tinh": "Hưng Yên", "Trong_chigioi": "", "Ngoai_baiSg": "", "layer": "HYE_KTVHXH", "path": "D:/Work/HungYen/TaiLieu/De/De Hung Yen/BD Hung Yen/HYE_KTVHXH.TAB" }, "geometry": { "type": "Point", "coordinates": [ 106.059199225172961, 20.627602865491248 ] } },
{ "type": "Feature", "properties": { "ID": "HYE323040thoc", "Ten_CT": "Trường học", "Loai_CT": "", "Thuoc_huyen": "TX. Hưng Yên", "Thuoc_tinh": "Hưng Yên", "Trong_chigioi": "", "Ngoai_baiSg": "", "layer": "HYE_KTVHXH", "path": "D:/Work/HungYen/TaiLieu/De/De Hung Yen/BD Hung Yen/HYE_KTVHXH.TAB" }, "geometry": { "type": "Point", "coordinates": [ 106.06862880098376, 20.626603265735479 ] } },
{ "type": "Feature", "properties": { "ID": "HYE323040bvien", "Ten_CT": "Bệnh viện, trạm xá", "Loai_CT": "", "Thuoc_huyen": "TX. Hưng Yên", "Thuoc_tinh": "Hưng Yên", "Trong_chigioi": "", "Ngoai_baiSg": "", "layer": "HYE_KTVHXH", "path": "D:/Work/HungYen/TaiLieu/De/De Hung Yen/BD Hung Yen/HYE_KTVHXH.TAB" }, "geometry": { "type": "Point", "coordinates": [ 106.077696575663296, 20.633708389535183 ] } },
{ "type": "Feature", "properties": { "ID": "HYE332040bvien", "Ten_CT": "Bệnh viện, trạm xá", "Loai_CT": "", "Thuoc_huyen": "H. Tiên Lữ", "Thuoc_tinh": "Hưng Yên", "Trong_chigioi": "", "Ngoai_baiSg": "", "layer": "HYE_KTVHXH", "path": "D:/Work/HungYen/TaiLieu/De/De Hung Yen/BD Hung Yen/HYE_KTVHXH.TAB" }, "geometry": { "type": "Point", "coordinates": [ 106.097426064685664, 20.631143034203816 ] } },
{ "type": "Feature", "properties": { "ID": "HYE332040bvien", "Ten_CT": "Bệnh viện, trạm xá", "Loai_CT": "", "Thuoc_huyen": "H. Tiên Lữ", "Thuoc_tinh": "Hưng Yên", "Trong_chigioi": "", "Ngoai_baiSg": "", "layer": "HYE_KTVHXH", "path": "D:/Work/HungYen/TaiLieu/De/De Hung Yen/BD Hung Yen/HYE_KTVHXH.TAB" }, "geometry": { "type": "Point", "coordinates": [ 106.081628333256077, 20.622416121484378 ] } },
{ "type": "Feature", "properties": { "ID": "HYE323040den", "Ten_CT": "Đền, chùa, miếu", "Loai_CT": "", "Thuoc_huyen": "TX. Hưng Yên", "Thuoc_tinh": "Hưng Yên", "Trong_chigioi": "", "Ngoai_baiSg": "", "layer": "HYE_KTVHXH", "path": "D:/Work/HungYen/TaiLieu/De/De Hung Yen/BD Hung Yen/HYE_KTVHXH.TAB" }, "geometry": { "type": "Point", "coordinates": [ 106.092194507155526, 20.634250465654848 ] } },
{ "type": "Feature", "properties": { "ID": "HYE323040den", "Ten_CT": "Đền, chùa, miếu", "Loai_CT": "", "Thuoc_huyen": "TX. Hưng Yên", "Thuoc_tinh": "Hưng Yên", "Trong_chigioi": "", "Ngoai_baiSg": "", "layer": "HYE_KTVHXH", "path": "D:/Work/HungYen/TaiLieu/De/De Hung Yen/BD Hung Yen/HYE_KTVHXH.TAB" }, "geometry": { "type": "Point", "coordinates": [ 106.085745547498263, 20.632852068013854 ] } },
{ "type": "Feature", "properties": { "ID": "HYE323040thoc", "Ten_CT": "Trường học", "Loai_CT": "", "Thuoc_huyen": "TX. Hưng Yên", "Thuoc_tinh": "Hưng Yên", "Trong_chigioi": "", "Ngoai_baiSg": "", "layer": "HYE_KTVHXH", "path": "D:/Work/HungYen/TaiLieu/De/De Hung Yen/BD Hung Yen/HYE_KTVHXH.TAB" }, "geometry": { "type": "Point", "coordinates": [ 106.071965415406581, 20.65714904645213 ] } },
{ "type": "Feature", "properties": { "ID": "HYE332040thoc", "Ten_CT": "Trường học", "Loai_CT": "", "Thuoc_huyen": "H. Tiên Lữ", "Thuoc_tinh": "Hưng Yên", "Trong_chigioi": "", "Ngoai_baiSg": "", "layer": "HYE_KTVHXH", "path": "D:/Work/HungYen/TaiLieu/De/De Hung Yen/BD Hung Yen/HYE_KTVHXH.TAB" }, "geometry": { "type": "Point", "coordinates": [ 106.101640681137113, 20.629353970170275 ] } },
{ "type": "Feature", "properties": { "ID": "HYE332040thoc", "Ten_CT": "Trường học", "Loai_CT": "", "Thuoc_huyen": "H. Tiên Lữ", "Thuoc_tinh": "Hưng Yên", "Trong_chigioi": "", "Ngoai_baiSg": "", "layer": "HYE_KTVHXH", "path": "D:/Work/HungYen/TaiLieu/De/De Hung Yen/BD Hung Yen/HYE_KTVHXH.TAB" }, "geometry": { "type": "Point", "coordinates": [ 106.109948224778165, 20.654366053024781 ] } },
{ "type": "Feature", "properties": { "ID": "HYE332040thoc", "Ten_CT": "Trường học", "Loai_CT": "", "Thuoc_huyen": "H. Tiên Lữ", "Thuoc_tinh": "Hưng Yên", "Trong_chigioi": "", "Ngoai_baiSg": "", "layer": "HYE_KTVHXH", "path": "D:/Work/HungYen/TaiLieu/De/De Hung Yen/BD Hung Yen/HYE_KTVHXH.TAB" }, "geometry": { "type": "Point", "coordinates": [ 106.114774727724907, 20.654418781163297 ] } },
{ "type": "Feature", "properties": { "ID": "HYE332040thoc", "Ten_CT": "Trường học", "Loai_CT": "", "Thuoc_huyen": "H. Tiên Lữ", "Thuoc_tinh": "Hưng Yên", "Trong_chigioi": "", "Ngoai_baiSg": "", "layer": "HYE_KTVHXH", "path": "D:/Work/HungYen/TaiLieu/De/De Hung Yen/BD Hung Yen/HYE_KTVHXH.TAB" }, "geometry": { "type": "Point", "coordinates": [ 106.126938992126071, 20.667836318315786 ] } },
{ "type": "Feature", "properties": { "ID": "HYE323040bvien", "Ten_CT": "Bệnh viện, trạm xá", "Loai_CT": "", "Thuoc_huyen": "TX. Hưng Yên", "Thuoc_tinh": "Hưng Yên", "Trong_chigioi": "", "Ngoai_baiSg": "", "layer": "HYE_KTVHXH", "path": "D:/Work/HungYen/TaiLieu/De/De Hung Yen/BD Hung Yen/HYE_KTVHXH.TAB" }, "geometry": { "type": "Point", "coordinates": [ 106.077108927923831, 20.683697181559602 ] } },
{ "type": "Feature", "properties": { "ID": "HYE332040bvien", "Ten_CT": "Bệnh viện, trạm xá", "Loai_CT": "", "Thuoc_huyen": "H. Tiên Lữ", "Thuoc_tinh": "Hưng Yên", "Trong_chigioi": "", "Ngoai_baiSg": "", "layer": "HYE_KTVHXH", "path": "D:/Work/HungYen/TaiLieu/De/De Hung Yen/BD Hung Yen/HYE_KTVHXH.TAB" }, "geometry": { "type": "Point", "coordinates": [ 106.105459588777407, 20.678935087503298 ] } },
{ "type": "Feature", "properties": { "ID": "HYE332040bvien", "Ten_CT": "Bệnh viện, trạm xá", "Loai_CT": "", "Thuoc_huyen": "H. Tiên Lữ", "Thuoc_tinh": "Hưng Yên", "Trong_chigioi": "", "Ngoai_baiSg": "", "layer": "HYE_KTVHXH", "path": "D:/Work/HungYen/TaiLieu/De/De Hung Yen/BD Hung Yen/HYE_KTVHXH.TAB" }, "geometry": { "type": "Point", "coordinates": [ 106.088211969757495, 20.697906577444346 ] } },
{ "type": "Feature", "properties": { "ID": "HYE332040thoc", "Ten_CT": "Trường học", "Loai_CT": "", "Thuoc_huyen": "H. Tiên Lữ", "Thuoc_tinh": "Hưng Yên", "Trong_chigioi": "", "Ngoai_baiSg": "", "layer": "HYE_KTVHXH", "path": "D:/Work/HungYen/TaiLieu/De/De Hung Yen/BD Hung Yen/HYE_KTVHXH.TAB" }, "geometry": { "type": "Point", "coordinates": [ 106.10902013702308, 20.657026605202589 ] } },
{ "type": "Feature", "properties": { "ID": "HYE332040thoc", "Ten_CT": "Trường học", "Loai_CT": "", "Thuoc_huyen": "H. Tiên Lữ", "Thuoc_tinh": "Hưng Yên", "Trong_chigioi": "", "Ngoai_baiSg": "", "layer": "HYE_KTVHXH", "path": "D:/Work/HungYen/TaiLieu/De/De Hung Yen/BD Hung Yen/HYE_KTVHXH.TAB" }, "geometry": { "type": "Point", "coordinates": [ 106.100114326871648, 20.653814214553879 ] } },
{ "type": "Feature", "properties": { "ID": "HYE332040thoc", "Ten_CT": "Trường học", "Loai_CT": "", "Thuoc_huyen": "H. Tiên Lữ", "Thuoc_tinh": "Hưng Yên", "Trong_chigioi": "", "Ngoai_baiSg": "", "layer": "HYE_KTVHXH", "path": "D:/Work/HungYen/TaiLieu/De/De Hung Yen/BD Hung Yen/HYE_KTVHXH.TAB" }, "geometry": { "type": "Point", "coordinates": [ 106.103481797500024, 20.648623210411454 ] } },
{ "type": "Feature", "properties": { "ID": "HYE332040bvien", "Ten_CT": "Bệnh viện, trạm xá", "Loai_CT": "", "Thuoc_huyen": "H. Tiên Lữ", "Thuoc_tinh": "Hưng Yên", "Trong_chigioi": "", "Ngoai_baiSg": "", "layer": "HYE_KTVHXH", "path": "D:/Work/HungYen/TaiLieu/De/De Hung Yen/BD Hung Yen/HYE_KTVHXH.TAB" }, "geometry": { "type": "Point", "coordinates": [ 106.129888865797398, 20.667739047945922 ] } },
{ "type": "Feature", "properties": { "ID": "HYE332040bvien", "Ten_CT": "Bệnh viện, trạm xá", "Loai_CT": "", "Thuoc_huyen": "H. Tiên Lữ", "Thuoc_tinh": "Hưng Yên", "Trong_chigioi": "", "Ngoai_baiSg": "", "layer": "HYE_KTVHXH", "path": "D:/Work/HungYen/TaiLieu/De/De Hung Yen/BD Hung Yen/HYE_KTVHXH.TAB" }, "geometry": { "type": "Point", "coordinates": [ 106.136651324472297, 20.677209271352606 ] } },
{ "type": "Feature", "properties": { "ID": "HYE323040thoc", "Ten_CT": "Trường học", "Loai_CT": "", "Thuoc_huyen": "TX. Hưng Yên", "Thuoc_tinh": "Hưng Yên", "Trong_chigioi": "", "Ngoai_baiSg": "", "layer": "HYE_KTVHXH", "path": "D:/Work/HungYen/TaiLieu/De/De Hung Yen/BD Hung Yen/HYE_KTVHXH.TAB" }, "geometry": { "type": "Point", "coordinates": [ 106.074409891773499, 20.690731430273807 ] } },
{ "type": "Feature", "properties": { "ID": "HYE332040thoc", "Ten_CT": "Trường học", "Loai_CT": "", "Thuoc_huyen": "H. Tiên Lữ", "Thuoc_tinh": "Hưng Yên", "Trong_chigioi": "", "Ngoai_baiSg": "", "layer": "HYE_KTVHXH", "path": "D:/Work/HungYen/TaiLieu/De/De Hung Yen/BD Hung Yen/HYE_KTVHXH.TAB" }, "geometry": { "type": "Point", "coordinates": [ 106.084788161900562, 20.7018997551714 ] } },
{ "type": "Feature", "properties": { "ID": "HYE332040thoc", "Ten_CT": "Trường học", "Loai_CT": "", "Thuoc_huyen": "H. Tiên Lữ", "Thuoc_tinh": "Hưng Yên", "Trong_chigioi": "", "Ngoai_baiSg": "", "layer": "HYE_KTVHXH", "path": "D:/Work/HungYen/TaiLieu/De/De Hung Yen/BD Hung Yen/HYE_KTVHXH.TAB" }, "geometry": { "type": "Point", "coordinates": [ 106.089586357699929, 20.696741895232297 ] } },
{ "type": "Feature", "properties": { "ID": "HYE323040thoc", "Ten_CT": "Trường học", "Loai_CT": "", "Thuoc_huyen": "TX. Hưng Yên", "Thuoc_tinh": "Hưng Yên", "Trong_chigioi": "", "Ngoai_baiSg": "", "layer": "HYE_KTVHXH", "path": "D:/Work/HungYen/TaiLieu/De/De Hung Yen/BD Hung Yen/HYE_KTVHXH.TAB" }, "geometry": { "type": "Point", "coordinates": [ 106.057109815663196, 20.7028961083418 ] } },
{ "type": "Feature", "properties": { "ID": "HYE323040den", "Ten_CT": "Đền, chùa, miếu", "Loai_CT": "", "Thuoc_huyen": "TX. Hưng Yên", "Thuoc_tinh": "Hưng Yên", "Trong_chigioi": "", "Ngoai_baiSg": "", "layer": "HYE_KTVHXH", "path": "D:/Work/HungYen/TaiLieu/De/De Hung Yen/BD Hung Yen/HYE_KTVHXH.TAB" }, "geometry": { "type": "Point", "coordinates": [ 106.09059284621361, 20.633841373516866 ] } },
{ "type": "Feature", "properties": { "ID": "HYE332040bvien", "Ten_CT": "Bệnh viện, trạm xá", "Loai_CT": "", "Thuoc_huyen": "H. Tiên Lữ", "Thuoc_tinh": "Hưng Yên", "Trong_chigioi": "", "Ngoai_baiSg": "", "layer": "HYE_KTVHXH", "path": "D:/Work/HungYen/TaiLieu/De/De Hung Yen/BD Hung Yen/HYE_KTVHXH.TAB" }, "geometry": { "type": "Point", "coordinates": [ 106.100463737809179, 20.649842838087562 ] } },
{ "type": "Feature", "properties": { "ID": "HYE332040bvien", "Ten_CT": "Bệnh viện, trạm xá", "Loai_CT": "", "Thuoc_huyen": "H. Tiên Lữ", "Thuoc_tinh": "Hưng Yên", "Trong_chigioi": "", "Ngoai_baiSg": "", "layer": "HYE_KTVHXH", "path": "D:/Work/HungYen/TaiLieu/De/De Hung Yen/BD Hung Yen/HYE_KTVHXH.TAB" }, "geometry": { "type": "Point", "coordinates": [ 106.108718505855208, 20.65416317849969 ] } },
{ "type": "Feature", "properties": { "ID": "HYE332040bvien", "Ten_CT": "Bệnh viện, trạm xá", "Loai_CT": "", "Thuoc_huyen": "H. Tiên Lữ", "Thuoc_tinh": "Hưng Yên", "Trong_chigioi": "", "Ngoai_baiSg": "", "layer": "HYE_KTVHXH", "path": "D:/Work/HungYen/TaiLieu/De/De Hung Yen/BD Hung Yen/HYE_KTVHXH.TAB" }, "geometry": { "type": "Point", "coordinates": [ 106.097808339677584, 20.72288987960485 ] } },
{ "type": "Feature", "properties": { "ID": "HYE331040bvien", "Ten_CT": "Bệnh viện, trạm xá", "Loai_CT": "", "Thuoc_huyen": "H. Kim Động", "Thuoc_tinh": "Hưng Yên", "Trong_chigioi": "", "Ngoai_baiSg": "", "layer": "HYE_KTVHXH", "path": "D:/Work/HungYen/TaiLieu/De/De Hung Yen/BD Hung Yen/HYE_KTVHXH.TAB" }, "geometry": { "type": "Point", "coordinates": [ 106.079637496492708, 20.755983079633761 ] } },
{ "type": "Feature", "properties": { "ID": "HYE331040bvien", "Ten_CT": "Bệnh viện, trạm xá", "Loai_CT": "", "Thuoc_huyen": "H. Kim Động", "Thuoc_tinh": "Hưng Yên", "Trong_chigioi": "", "Ngoai_baiSg": "", "layer": "HYE_KTVHXH", "path": "D:/Work/HungYen/TaiLieu/De/De Hung Yen/BD Hung Yen/HYE_KTVHXH.TAB" }, "geometry": { "type": "Point", "coordinates": [ 106.091173084190103, 20.741924725410488 ] } },
{ "type": "Feature", "properties": { "ID": "HYE331040thoc", "Ten_CT": "Trường học", "Loai_CT": "", "Thuoc_huyen": "H. Kim Động", "Thuoc_tinh": "Hưng Yên", "Trong_chigioi": "", "Ngoai_baiSg": "", "layer": "HYE_KTVHXH", "path": "D:/Work/HungYen/TaiLieu/De/De Hung Yen/BD Hung Yen/HYE_KTVHXH.TAB" }, "geometry": { "type": "Point", "coordinates": [ 106.064632986941888, 20.748467539401815 ] } },
{ "type": "Feature", "properties": { "ID": "HYE331040thoc", "Ten_CT": "Trường học", "Loai_CT": "", "Thuoc_huyen": "H. Kim Động", "Thuoc_tinh": "Hưng Yên", "Trong_chigioi": "", "Ngoai_baiSg": "", "layer": "HYE_KTVHXH", "path": "D:/Work/HungYen/TaiLieu/De/De Hung Yen/BD Hung Yen/HYE_KTVHXH.TAB" }, "geometry": { "type": "Point", "coordinates": [ 106.058169597346833, 20.739286029775421 ] } },
{ "type": "Feature", "properties": { "ID": "HYE331040thoc", "Ten_CT": "Trường học", "Loai_CT": "", "Thuoc_huyen": "H. Kim Động", "Thuoc_tinh": "Hưng Yên", "Trong_chigioi": "", "Ngoai_baiSg": "", "layer": "HYE_KTVHXH", "path": "D:/Work/HungYen/TaiLieu/De/De Hung Yen/BD Hung Yen/HYE_KTVHXH.TAB" }, "geometry": { "type": "Point", "coordinates": [ 106.090047139037011, 20.741490160637191 ] } },
{ "type": "Feature", "properties": { "ID": "HYE329040thoc", "Ten_CT": "Trường học", "Loai_CT": "", "Thuoc_huyen": "H. Ân Thi", "Thuoc_tinh": "Hưng Yên", "Trong_chigioi": "", "Ngoai_baiSg": "", "layer": "HYE_KTVHXH", "path": "D:/Work/HungYen/TaiLieu/De/De Hung Yen/BD Hung Yen/HYE_KTVHXH.TAB" }, "geometry": { "type": "Point", "coordinates": [ 106.113278150922014, 20.752266999237857 ] } },
{ "type": "Feature", "properties": { "ID": "HYE329040thoc", "Ten_CT": "Trường học", "Loai_CT": "", "Thuoc_huyen": "H. Ân Thi", "Thuoc_tinh": "Hưng Yên", "Trong_chigioi": "", "Ngoai_baiSg": "", "layer": "HYE_KTVHXH", "path": "D:/Work/HungYen/TaiLieu/De/De Hung Yen/BD Hung Yen/HYE_KTVHXH.TAB" }, "geometry": { "type": "Point", "coordinates": [ 106.108963928950004, 20.772106552926751 ] } },
{ "type": "Feature", "properties": { "ID": "HYE329040thoc", "Ten_CT": "Trường học", "Loai_CT": "", "Thuoc_huyen": "H. Ân Thi", "Thuoc_tinh": "Hưng Yên", "Trong_chigioi": "", "Ngoai_baiSg": "", "layer": "HYE_KTVHXH", "path": "D:/Work/HungYen/TaiLieu/De/De Hung Yen/BD Hung Yen/HYE_KTVHXH.TAB" }, "geometry": { "type": "Point", "coordinates": [ 106.14055117497756, 20.762315309642162 ] } },
{ "type": "Feature", "properties": { "ID": "HYE329040thoc", "Ten_CT": "Trường học", "Loai_CT": "", "Thuoc_huyen": "H. Ân Thi", "Thuoc_tinh": "Hưng Yên", "Trong_chigioi": "", "Ngoai_baiSg": "", "layer": "HYE_KTVHXH", "path": "D:/Work/HungYen/TaiLieu/De/De Hung Yen/BD Hung Yen/HYE_KTVHXH.TAB" }, "geometry": { "type": "Point", "coordinates": [ 106.139839840667605, 20.758324137327282 ] } },
{ "type": "Feature", "properties": { "ID": "HYE330040bvien", "Ten_CT": "Bệnh viện, trạm xá", "Loai_CT": "", "Thuoc_huyen": "H. Khoái Châu", "Thuoc_tinh": "Hưng Yên", "Trong_chigioi": "", "Ngoai_baiSg": "", "layer": "HYE_KTVHXH", "path": "D:/Work/HungYen/TaiLieu/De/De Hung Yen/BD Hung Yen/HYE_KTVHXH.TAB" }, "geometry": { "type": "Point", "coordinates": [ 105.98897737034082, 20.80826223626698 ] } },
{ "type": "Feature", "properties": { "ID": "HYE330040bvien", "Ten_CT": "Bệnh viện, trạm xá", "Loai_CT": "", "Thuoc_huyen": "H. Khoái Châu", "Thuoc_tinh": "Hưng Yên", "Trong_chigioi": "", "Ngoai_baiSg": "", "layer": "HYE_KTVHXH", "path": "D:/Work/HungYen/TaiLieu/De/De Hung Yen/BD Hung Yen/HYE_KTVHXH.TAB" }, "geometry": { "type": "Point", "coordinates": [ 106.015423621869743, 20.826075339462623 ] } },
{ "type": "Feature", "properties": { "ID": "HYE330040bvien", "Ten_CT": "Bệnh viện, trạm xá", "Loai_CT": "", "Thuoc_huyen": "H. Khoái Châu", "Thuoc_tinh": "Hưng Yên", "Trong_chigioi": "", "Ngoai_baiSg": "", "layer": "HYE_KTVHXH", "path": "D:/Work/HungYen/TaiLieu/De/De Hung Yen/BD Hung Yen/HYE_KTVHXH.TAB" }, "geometry": { "type": "Point", "coordinates": [ 106.01763674987923, 20.811349997480612 ] } },
{ "type": "Feature", "properties": { "ID": "HYE330040bvien", "Ten_CT": "Bệnh viện, trạm xá", "Loai_CT": "", "Thuoc_huyen": "H. Khoái Châu", "Thuoc_tinh": "Hưng Yên", "Trong_chigioi": "", "Ngoai_baiSg": "", "layer": "HYE_KTVHXH", "path": "D:/Work/HungYen/TaiLieu/De/De Hung Yen/BD Hung Yen/HYE_KTVHXH.TAB" }, "geometry": { "type": "Point", "coordinates": [ 106.007689621974194, 20.837619724543945 ] } },
{ "type": "Feature", "properties": { "ID": "HYE330040bvien", "Ten_CT": "Bệnh viện, trạm xá", "Loai_CT": "", "Thuoc_huyen": "H. Khoái Châu", "Thuoc_tinh": "Hưng Yên", "Trong_chigioi": "", "Ngoai_baiSg": "", "layer": "HYE_KTVHXH", "path": "D:/Work/HungYen/TaiLieu/De/De Hung Yen/BD Hung Yen/HYE_KTVHXH.TAB" }, "geometry": { "type": "Point", "coordinates": [ 106.010568928702028, 20.833746635872348 ] } },
{ "type": "Feature", "properties": { "ID": "HYE331040bvien", "Ten_CT": "Bệnh viện, trạm xá", "Loai_CT": "", "Thuoc_huyen": "H. Kim Động", "Thuoc_tinh": "Hưng Yên", "Trong_chigioi": "", "Ngoai_baiSg": "", "layer": "HYE_KTVHXH", "path": "D:/Work/HungYen/TaiLieu/De/De Hung Yen/BD Hung Yen/HYE_KTVHXH.TAB" }, "geometry": { "type": "Point", "coordinates": [ 106.053763768909391, 20.792731186144071 ] } },
{ "type": "Feature", "properties": { "ID": "HYE331040bvien", "Ten_CT": "Bệnh viện, trạm xá", "Loai_CT": "", "Thuoc_huyen": "H. Kim Động", "Thuoc_tinh": "Hưng Yên", "Trong_chigioi": "", "Ngoai_baiSg": "", "layer": "HYE_KTVHXH", "path": "D:/Work/HungYen/TaiLieu/De/De Hung Yen/BD Hung Yen/HYE_KTVHXH.TAB" }, "geometry": { "type": "Point", "coordinates": [ 106.050381184632755, 20.771780315750121 ] } },
{ "type": "Feature", "properties": { "ID": "HYE330040thoc", "Ten_CT": "Trường học", "Loai_CT": "", "Thuoc_huyen": "H. Khoái Châu", "Thuoc_tinh": "Hưng Yên", "Trong_chigioi": "", "Ngoai_baiSg": "", "layer": "HYE_KTVHXH", "path": "D:/Work/HungYen/TaiLieu/De/De Hung Yen/BD Hung Yen/HYE_KTVHXH.TAB" }, "geometry": { "type": "Point", "coordinates": [ 105.988831686327543, 20.820648385361903 ] } },
{ "type": "Feature", "properties": { "ID": "HYE330040thoc", "Ten_CT": "Trường học", "Loai_CT": "", "Thuoc_huyen": "H. Khoái Châu", "Thuoc_tinh": "Hưng Yên", "Trong_chigioi": "", "Ngoai_baiSg": "", "layer": "HYE_KTVHXH", "path": "D:/Work/HungYen/TaiLieu/De/De Hung Yen/BD Hung Yen/HYE_KTVHXH.TAB" }, "geometry": { "type": "Point", "coordinates": [ 106.007084506225738, 20.845327951155181 ] } },
{ "type": "Feature", "properties": { "ID": "HYE330040thoc", "Ten_CT": "Trường học", "Loai_CT": "", "Thuoc_huyen": "H. Khoái Châu", "Thuoc_tinh": "Hưng Yên", "Trong_chigioi": "", "Ngoai_baiSg": "", "layer": "HYE_KTVHXH", "path": "D:/Work/HungYen/TaiLieu/De/De Hung Yen/BD Hung Yen/HYE_KTVHXH.TAB" }, "geometry": { "type": "Point", "coordinates": [ 106.005091299787708, 20.843174026331901 ] } },
{ "type": "Feature", "properties": { "ID": "HYE330040thoc", "Ten_CT": "Trường học", "Loai_CT": "", "Thuoc_huyen": "H. Khoái Châu", "Thuoc_tinh": "Hưng Yên", "Trong_chigioi": "", "Ngoai_baiSg": "", "layer": "HYE_KTVHXH", "path": "D:/Work/HungYen/TaiLieu/De/De Hung Yen/BD Hung Yen/HYE_KTVHXH.TAB" }, "geometry": { "type": "Point", "coordinates": [ 106.008322673781819, 20.848729751279844 ] } },
{ "type": "Feature", "properties": { "ID": "HYE327040thoc", "Ten_CT": "Trường học", "Loai_CT": "", "Thuoc_huyen": "H. Yên  Mỹ", "Thuoc_tinh": "Hưng Yên", "Trong_chigioi": "", "Ngoai_baiSg": "", "layer": "HYE_KTVHXH", "path": "D:/Work/HungYen/TaiLieu/De/De Hung Yen/BD Hung Yen/HYE_KTVHXH.TAB" }, "geometry": { "type": "Point", "coordinates": [ 106.022536872694261, 20.8956321528103 ] } },
{ "type": "Feature", "properties": { "ID": "HYE327040thoc", "Ten_CT": "Trường học", "Loai_CT": "", "Thuoc_huyen": "H. Yên  Mỹ", "Thuoc_tinh": "Hưng Yên", "Trong_chigioi": "", "Ngoai_baiSg": "", "layer": "HYE_KTVHXH", "path": "D:/Work/HungYen/TaiLieu/De/De Hung Yen/BD Hung Yen/HYE_KTVHXH.TAB" }, "geometry": { "type": "Point", "coordinates": [ 106.015053557809793, 20.894139864328256 ] } },
{ "type": "Feature", "properties": { "ID": "HYE327040thoc", "Ten_CT": "Trường học", "Loai_CT": "", "Thuoc_huyen": "H. Yên  Mỹ", "Thuoc_tinh": "Hưng Yên", "Trong_chigioi": "", "Ngoai_baiSg": "", "layer": "HYE_KTVHXH", "path": "D:/Work/HungYen/TaiLieu/De/De Hung Yen/BD Hung Yen/HYE_KTVHXH.TAB" }, "geometry": { "type": "Point", "coordinates": [ 106.012265408429926, 20.89407255601904 ] } },
{ "type": "Feature", "properties": { "ID": "HYE327040bvien", "Ten_CT": "Bệnh viện, trạm xá", "Loai_CT": "", "Thuoc_huyen": "H. Yên  Mỹ", "Thuoc_tinh": "Hưng Yên", "Trong_chigioi": "", "Ngoai_baiSg": "", "layer": "HYE_KTVHXH", "path": "D:/Work/HungYen/TaiLieu/De/De Hung Yen/BD Hung Yen/HYE_KTVHXH.TAB" }, "geometry": { "type": "Point", "coordinates": [ 105.981418882561357, 20.9026275738903 ] } },
{ "type": "Feature", "properties": { "ID": "HYE327040thoc", "Ten_CT": "Trường học", "Loai_CT": "", "Thuoc_huyen": "H. Yên  Mỹ", "Thuoc_tinh": "Hưng Yên", "Trong_chigioi": "", "Ngoai_baiSg": "", "layer": "HYE_KTVHXH", "path": "D:/Work/HungYen/TaiLieu/De/De Hung Yen/BD Hung Yen/HYE_KTVHXH.TAB" }, "geometry": { "type": "Point", "coordinates": [ 106.007788168993542, 20.922228359357238 ] } },
{ "type": "Feature", "properties": { "ID": "HYE327040thoc", "Ten_CT": "Trường học", "Loai_CT": "", "Thuoc_huyen": "H. Yên  Mỹ", "Thuoc_tinh": "Hưng Yên", "Trong_chigioi": "", "Ngoai_baiSg": "", "layer": "HYE_KTVHXH", "path": "D:/Work/HungYen/TaiLieu/De/De Hung Yen/BD Hung Yen/HYE_KTVHXH.TAB" }, "geometry": { "type": "Point", "coordinates": [ 106.003324618620994, 20.9245180160361 ] } },
{ "type": "Feature", "properties": { "ID": "HYE327040thoc", "Ten_CT": "Trường học", "Loai_CT": "", "Thuoc_huyen": "H. Yên  Mỹ", "Thuoc_tinh": "Hưng Yên", "Trong_chigioi": "", "Ngoai_baiSg": "", "layer": "HYE_KTVHXH", "path": "D:/Work/HungYen/TaiLieu/De/De Hung Yen/BD Hung Yen/HYE_KTVHXH.TAB" }, "geometry": { "type": "Point", "coordinates": [ 106.002851662952466, 20.914740646419411 ] } },
{ "type": "Feature", "properties": { "ID": "HYE327040thoc", "Ten_CT": "Trường học", "Loai_CT": "", "Thuoc_huyen": "H. Yên  Mỹ", "Thuoc_tinh": "Hưng Yên", "Trong_chigioi": "", "Ngoai_baiSg": "", "layer": "HYE_KTVHXH", "path": "D:/Work/HungYen/TaiLieu/De/De Hung Yen/BD Hung Yen/HYE_KTVHXH.TAB" }, "geometry": { "type": "Point", "coordinates": [ 105.995327956623228, 20.916237709173313 ] } },
{ "type": "Feature", "properties": { "ID": "HYE327040thoc", "Ten_CT": "Trường học", "Loai_CT": "", "Thuoc_huyen": "H. Yên  Mỹ", "Thuoc_tinh": "Hưng Yên", "Trong_chigioi": "", "Ngoai_baiSg": "", "layer": "HYE_KTVHXH", "path": "D:/Work/HungYen/TaiLieu/De/De Hung Yen/BD Hung Yen/HYE_KTVHXH.TAB" }, "geometry": { "type": "Point", "coordinates": [ 105.985247485199594, 20.919118428243749 ] } },
{ "type": "Feature", "properties": { "ID": "HYE327040bvien", "Ten_CT": "Bệnh viện, trạm xá", "Loai_CT": "", "Thuoc_huyen": "H. Yên  Mỹ", "Thuoc_tinh": "Hưng Yên", "Trong_chigioi": "", "Ngoai_baiSg": "", "layer": "HYE_KTVHXH", "path": "D:/Work/HungYen/TaiLieu/De/De Hung Yen/BD Hung Yen/HYE_KTVHXH.TAB" }, "geometry": { "type": "Point", "coordinates": [ 106.01966850031215, 20.891491886567511 ] } },
{ "type": "Feature", "properties": { "ID": "HYE327040den", "Ten_CT": "Đền, chùa, miếu", "Loai_CT": "", "Thuoc_huyen": "H. Yên  Mỹ", "Thuoc_tinh": "Hưng Yên", "Trong_chigioi": "", "Ngoai_baiSg": "", "layer": "HYE_KTVHXH", "path": "D:/Work/HungYen/TaiLieu/De/De Hung Yen/BD Hung Yen/HYE_KTVHXH.TAB" }, "geometry": { "type": "Point", "coordinates": [ 106.03984219537557, 20.912648472023466 ] } },
{ "type": "Feature", "properties": { "ID": "HYE327040den", "Ten_CT": "Đền, chùa, miếu", "Loai_CT": "", "Thuoc_huyen": "H. Yên  Mỹ", "Thuoc_tinh": "Hưng Yên", "Trong_chigioi": "", "Ngoai_baiSg": "", "layer": "HYE_KTVHXH", "path": "D:/Work/HungYen/TaiLieu/De/De Hung Yen/BD Hung Yen/HYE_KTVHXH.TAB" }, "geometry": { "type": "Point", "coordinates": [ 106.042097735985152, 20.912858333162685 ] } },
{ "type": "Feature", "properties": { "ID": "HYE327040den", "Ten_CT": "Đền, chùa, miếu", "Loai_CT": "", "Thuoc_huyen": "H. Yên  Mỹ", "Thuoc_tinh": "Hưng Yên", "Trong_chigioi": "", "Ngoai_baiSg": "", "layer": "HYE_KTVHXH", "path": "D:/Work/HungYen/TaiLieu/De/De Hung Yen/BD Hung Yen/HYE_KTVHXH.TAB" }, "geometry": { "type": "Point", "coordinates": [ 106.044677579479256, 20.917061918907418 ] } },
{ "type": "Feature", "properties": { "ID": "HYE327040thoc", "Ten_CT": "Trường học", "Loai_CT": "", "Thuoc_huyen": "H. Yên  Mỹ", "Thuoc_tinh": "Hưng Yên", "Trong_chigioi": "", "Ngoai_baiSg": "", "layer": "HYE_KTVHXH", "path": "D:/Work/HungYen/TaiLieu/De/De Hung Yen/BD Hung Yen/HYE_KTVHXH.TAB" }, "geometry": { "type": "Point", "coordinates": [ 106.02228036765004, 20.881829679900967 ] } },
{ "type": "Feature", "properties": { "ID": "HYE327040thoc", "Ten_CT": "Trường học", "Loai_CT": "", "Thuoc_huyen": "H. Yên  Mỹ", "Thuoc_tinh": "Hưng Yên", "Trong_chigioi": "", "Ngoai_baiSg": "", "layer": "HYE_KTVHXH", "path": "D:/Work/HungYen/TaiLieu/De/De Hung Yen/BD Hung Yen/HYE_KTVHXH.TAB" }, "geometry": { "type": "Point", "coordinates": [ 106.020694096448238, 20.875272463389305 ] } },
{ "type": "Feature", "properties": { "ID": "HYE327040thoc", "Ten_CT": "Trường học", "Loai_CT": "", "Thuoc_huyen": "H. Yên  Mỹ", "Thuoc_tinh": "Hưng Yên", "Trong_chigioi": "", "Ngoai_baiSg": "", "layer": "HYE_KTVHXH", "path": "D:/Work/HungYen/TaiLieu/De/De Hung Yen/BD Hung Yen/HYE_KTVHXH.TAB" }, "geometry": { "type": "Point", "coordinates": [ 106.028042113930795, 20.874446057638863 ] } },
{ "type": "Feature", "properties": { "ID": "HYE327040thoc", "Ten_CT": "Trường học", "Loai_CT": "", "Thuoc_huyen": "H. Yên  Mỹ", "Thuoc_tinh": "Hưng Yên", "Trong_chigioi": "", "Ngoai_baiSg": "", "layer": "HYE_KTVHXH", "path": "D:/Work/HungYen/TaiLieu/De/De Hung Yen/BD Hung Yen/HYE_KTVHXH.TAB" }, "geometry": { "type": "Point", "coordinates": [ 106.03154422871701, 20.879259161401514 ] } },
{ "type": "Feature", "properties": { "ID": "HYE327040bvien", "Ten_CT": "Bệnh viện, trạm xá", "Loai_CT": "", "Thuoc_huyen": "H. Yên  Mỹ", "Thuoc_tinh": "Hưng Yên", "Trong_chigioi": "", "Ngoai_baiSg": "", "layer": "HYE_KTVHXH", "path": "D:/Work/HungYen/TaiLieu/De/De Hung Yen/BD Hung Yen/HYE_KTVHXH.TAB" }, "geometry": { "type": "Point", "coordinates": [ 106.002596263052951, 20.914073216507326 ] } },
{ "type": "Feature", "properties": { "ID": "HYE327040bvien", "Ten_CT": "Bệnh viện, trạm xá", "Loai_CT": "", "Thuoc_huyen": "H. Yên  Mỹ", "Thuoc_tinh": "Hưng Yên", "Trong_chigioi": "", "Ngoai_baiSg": "", "layer": "HYE_KTVHXH", "path": "D:/Work/HungYen/TaiLieu/De/De Hung Yen/BD Hung Yen/HYE_KTVHXH.TAB" }, "geometry": { "type": "Point", "coordinates": [ 106.033814950035264, 20.913286402545115 ] } },
{ "type": "Feature", "properties": { "ID": "HYE327040bvien", "Ten_CT": "Bệnh viện, trạm xá", "Loai_CT": "", "Thuoc_huyen": "H. Yên  Mỹ", "Thuoc_tinh": "Hưng Yên", "Trong_chigioi": "", "Ngoai_baiSg": "", "layer": "HYE_KTVHXH", "path": "D:/Work/HungYen/TaiLieu/De/De Hung Yen/BD Hung Yen/HYE_KTVHXH.TAB" }, "geometry": { "type": "Point", "coordinates": [ 106.047431805603438, 20.903060103850663 ] } },
{ "type": "Feature", "properties": { "ID": "HYE327040bvien", "Ten_CT": "Bệnh viện, trạm xá", "Loai_CT": "", "Thuoc_huyen": "H. Yên  Mỹ", "Thuoc_tinh": "Hưng Yên", "Trong_chigioi": "", "Ngoai_baiSg": "", "layer": "HYE_KTVHXH", "path": "D:/Work/HungYen/TaiLieu/De/De Hung Yen/BD Hung Yen/HYE_KTVHXH.TAB" }, "geometry": { "type": "Point", "coordinates": [ 106.042985717354298, 20.89269250239602 ] } },
{ "type": "Feature", "properties": { "ID": "HYE327040bvien", "Ten_CT": "Bệnh viện, trạm xá", "Loai_CT": "", "Thuoc_huyen": "H. Yên  Mỹ", "Thuoc_tinh": "Hưng Yên", "Trong_chigioi": "", "Ngoai_baiSg": "", "layer": "HYE_KTVHXH", "path": "D:/Work/HungYen/TaiLieu/De/De Hung Yen/BD Hung Yen/HYE_KTVHXH.TAB" }, "geometry": { "type": "Point", "coordinates": [ 106.054995558310083, 20.9159511128275 ] } },
{ "type": "Feature", "properties": { "ID": "HYE327040bvien", "Ten_CT": "Bệnh viện, trạm xá", "Loai_CT": "", "Thuoc_huyen": "H. Yên  Mỹ", "Thuoc_tinh": "Hưng Yên", "Trong_chigioi": "", "Ngoai_baiSg": "", "layer": "HYE_KTVHXH", "path": "D:/Work/HungYen/TaiLieu/De/De Hung Yen/BD Hung Yen/HYE_KTVHXH.TAB" }, "geometry": { "type": "Point", "coordinates": [ 106.022089137088258, 20.938907679169642 ] } },
{ "type": "Feature", "properties": { "ID": "HYE327040bvien", "Ten_CT": "Bệnh viện, trạm xá", "Loai_CT": "", "Thuoc_huyen": "H. Yên  Mỹ", "Thuoc_tinh": "Hưng Yên", "Trong_chigioi": "", "Ngoai_baiSg": "", "layer": "HYE_KTVHXH", "path": "D:/Work/HungYen/TaiLieu/De/De Hung Yen/BD Hung Yen/HYE_KTVHXH.TAB" }, "geometry": { "type": "Point", "coordinates": [ 106.032359633707074, 20.939879773545769 ] } },
{ "type": "Feature", "properties": { "ID": "HYE326040bvien", "Ten_CT": "Bệnh viện, trạm xá", "Loai_CT": "", "Thuoc_huyen": "H. Văn Giang", "Thuoc_tinh": "Hưng Yên", "Trong_chigioi": "", "Ngoai_baiSg": "", "layer": "HYE_KTVHXH", "path": "D:/Work/HungYen/TaiLieu/De/De Hung Yen/BD Hung Yen/HYE_KTVHXH.TAB" }, "geometry": { "type": "Point", "coordinates": [ 105.988979011995937, 20.955184095182286 ] } },
{ "type": "Feature", "properties": { "ID": "HYE325040thoc", "Ten_CT": "Trường học", "Loai_CT": "", "Thuoc_huyen": "H. Văn Lâm", "Thuoc_tinh": "Hưng Yên", "Trong_chigioi": "", "Ngoai_baiSg": "", "layer": "HYE_KTVHXH", "path": "D:/Work/HungYen/TaiLieu/De/De Hung Yen/BD Hung Yen/HYE_KTVHXH.TAB" }, "geometry": { "type": "Point", "coordinates": [ 105.993092274712382, 20.962341222508385 ] } },
{ "type": "Feature", "properties": { "ID": "HYE325040thoc", "Ten_CT": "Trường học", "Loai_CT": "", "Thuoc_huyen": "H. Văn Lâm", "Thuoc_tinh": "Hưng Yên", "Trong_chigioi": "", "Ngoai_baiSg": "", "layer": "HYE_KTVHXH", "path": "D:/Work/HungYen/TaiLieu/De/De Hung Yen/BD Hung Yen/HYE_KTVHXH.TAB" }, "geometry": { "type": "Point", "coordinates": [ 105.99388635108987, 20.961274750246787 ] } },
{ "type": "Feature", "properties": { "ID": "HYE325040thoc", "Ten_CT": "Trường học", "Loai_CT": "", "Thuoc_huyen": "H. Văn Lâm", "Thuoc_tinh": "Hưng Yên", "Trong_chigioi": "", "Ngoai_baiSg": "", "layer": "HYE_KTVHXH", "path": "D:/Work/HungYen/TaiLieu/De/De Hung Yen/BD Hung Yen/HYE_KTVHXH.TAB" }, "geometry": { "type": "Point", "coordinates": [ 105.995667071570608, 20.965847013518239 ] } },
{ "type": "Feature", "properties": { "ID": "HYE325040thoc", "Ten_CT": "Trường học", "Loai_CT": "", "Thuoc_huyen": "H. Văn Lâm", "Thuoc_tinh": "Hưng Yên", "Trong_chigioi": "", "Ngoai_baiSg": "", "layer": "HYE_KTVHXH", "path": "D:/Work/HungYen/TaiLieu/De/De Hung Yen/BD Hung Yen/HYE_KTVHXH.TAB" }, "geometry": { "type": "Point", "coordinates": [ 105.985561826626082, 20.967722071132719 ] } },
{ "type": "Feature", "properties": { "ID": "HYE325040thoc", "Ten_CT": "Trường học", "Loai_CT": "", "Thuoc_huyen": "H. Văn Lâm", "Thuoc_tinh": "Hưng Yên", "Trong_chigioi": "", "Ngoai_baiSg": "", "layer": "HYE_KTVHXH", "path": "D:/Work/HungYen/TaiLieu/De/De Hung Yen/BD Hung Yen/HYE_KTVHXH.TAB" }, "geometry": { "type": "Point", "coordinates": [ 106.007153076687487, 20.95753632825523 ] } },
{ "type": "Feature", "properties": { "ID": "HYE325040thoc", "Ten_CT": "Trường học", "Loai_CT": "", "Thuoc_huyen": "H. Văn Lâm", "Thuoc_tinh": "Hưng Yên", "Trong_chigioi": "", "Ngoai_baiSg": "", "layer": "HYE_KTVHXH", "path": "D:/Work/HungYen/TaiLieu/De/De Hung Yen/BD Hung Yen/HYE_KTVHXH.TAB" }, "geometry": { "type": "Point", "coordinates": [ 105.994901217113295, 20.977895046073449 ] } },
{ "type": "Feature", "properties": { "ID": "HYE325040thoc", "Ten_CT": "Trường học", "Loai_CT": "", "Thuoc_huyen": "H. Văn Lâm", "Thuoc_tinh": "Hưng Yên", "Trong_chigioi": "", "Ngoai_baiSg": "", "layer": "HYE_KTVHXH", "path": "D:/Work/HungYen/TaiLieu/De/De Hung Yen/BD Hung Yen/HYE_KTVHXH.TAB" }, "geometry": { "type": "Point", "coordinates": [ 105.99410220790088, 20.982705963585591 ] } },
{ "type": "Feature", "properties": { "ID": "HYE325040thoc", "Ten_CT": "Trường học", "Loai_CT": "", "Thuoc_huyen": "H. Văn Lâm", "Thuoc_tinh": "Hưng Yên", "Trong_chigioi": "", "Ngoai_baiSg": "", "layer": "HYE_KTVHXH", "path": "D:/Work/HungYen/TaiLieu/De/De Hung Yen/BD Hung Yen/HYE_KTVHXH.TAB" }, "geometry": { "type": "Point", "coordinates": [ 105.986119751019274, 20.982668517389026 ] } },
{ "type": "Feature", "properties": { "ID": "HYE325040thoc", "Ten_CT": "Trường học", "Loai_CT": "", "Thuoc_huyen": "H. Văn Lâm", "Thuoc_tinh": "Hưng Yên", "Trong_chigioi": "", "Ngoai_baiSg": "", "layer": "HYE_KTVHXH", "path": "D:/Work/HungYen/TaiLieu/De/De Hung Yen/BD Hung Yen/HYE_KTVHXH.TAB" }, "geometry": { "type": "Point", "coordinates": [ 105.983187749454359, 20.983523701480053 ] } },
{ "type": "Feature", "properties": { "ID": "HYE325040thoc", "Ten_CT": "Trường học", "Loai_CT": "", "Thuoc_huyen": "H. Văn Lâm", "Thuoc_tinh": "Hưng Yên", "Trong_chigioi": "", "Ngoai_baiSg": "", "layer": "HYE_KTVHXH", "path": "D:/Work/HungYen/TaiLieu/De/De Hung Yen/BD Hung Yen/HYE_KTVHXH.TAB" }, "geometry": { "type": "Point", "coordinates": [ 105.980090050514235, 20.986280052696387 ] } },
{ "type": "Feature", "properties": { "ID": "HYE325040thoc", "Ten_CT": "Trường học", "Loai_CT": "", "Thuoc_huyen": "H. Văn Lâm", "Thuoc_tinh": "Hưng Yên", "Trong_chigioi": "", "Ngoai_baiSg": "", "layer": "HYE_KTVHXH", "path": "D:/Work/HungYen/TaiLieu/De/De Hung Yen/BD Hung Yen/HYE_KTVHXH.TAB" }, "geometry": { "type": "Point", "coordinates": [ 105.982753584420294, 20.976121296899723 ] } },
{ "type": "Feature", "properties": { "ID": "HYE325040thoc", "Ten_CT": "Trường học", "Loai_CT": "", "Thuoc_huyen": "H. Văn Lâm", "Thuoc_tinh": "Hưng Yên", "Trong_chigioi": "", "Ngoai_baiSg": "", "layer": "HYE_KTVHXH", "path": "D:/Work/HungYen/TaiLieu/De/De Hung Yen/BD Hung Yen/HYE_KTVHXH.TAB" }, "geometry": { "type": "Point", "coordinates": [ 105.981695493096353, 20.97313745837425 ] } },
{ "type": "Feature", "properties": { "ID": "HYE325040thoc", "Ten_CT": "Trường học", "Loai_CT": "", "Thuoc_huyen": "H. Văn Lâm", "Thuoc_tinh": "Hưng Yên", "Trong_chigioi": "", "Ngoai_baiSg": "", "layer": "HYE_KTVHXH", "path": "D:/Work/HungYen/TaiLieu/De/De Hung Yen/BD Hung Yen/HYE_KTVHXH.TAB" }, "geometry": { "type": "Point", "coordinates": [ 105.976479472616646, 20.978644256166202 ] } },
{ "type": "Feature", "properties": { "ID": "HYE325040thoc", "Ten_CT": "Trường học", "Loai_CT": "", "Thuoc_huyen": "H. Văn Lâm", "Thuoc_tinh": "Hưng Yên", "Trong_chigioi": "", "Ngoai_baiSg": "", "layer": "HYE_KTVHXH", "path": "D:/Work/HungYen/TaiLieu/De/De Hung Yen/BD Hung Yen/HYE_KTVHXH.TAB" }, "geometry": { "type": "Point", "coordinates": [ 105.979254675675236, 20.981059470780707 ] } },
{ "type": "Feature", "properties": { "ID": "HYE325040thoc", "Ten_CT": "Trường học", "Loai_CT": "", "Thuoc_huyen": "H. Văn Lâm", "Thuoc_tinh": "Hưng Yên", "Trong_chigioi": "", "Ngoai_baiSg": "", "layer": "HYE_KTVHXH", "path": "D:/Work/HungYen/TaiLieu/De/De Hung Yen/BD Hung Yen/HYE_KTVHXH.TAB" }, "geometry": { "type": "Point", "coordinates": [ 105.969571663491337, 20.984160631795145 ] } },
{ "type": "Feature", "properties": { "ID": "HYE325040bvien", "Ten_CT": "Bệnh viện, trạm xá", "Loai_CT": "", "Thuoc_huyen": "H. Văn Lâm", "Thuoc_tinh": "Hưng Yên", "Trong_chigioi": "", "Ngoai_baiSg": "", "layer": "HYE_KTVHXH", "path": "D:/Work/HungYen/TaiLieu/De/De Hung Yen/BD Hung Yen/HYE_KTVHXH.TAB" }, "geometry": { "type": "Point", "coordinates": [ 105.973088502135553, 20.981039329767047 ] } },
{ "type": "Feature", "properties": { "ID": "HYE325040bvien", "Ten_CT": "Bệnh viện, trạm xá", "Loai_CT": "", "Thuoc_huyen": "H. Văn Lâm", "Thuoc_tinh": "Hưng Yên", "Trong_chigioi": "", "Ngoai_baiSg": "", "layer": "HYE_KTVHXH", "path": "D:/Work/HungYen/TaiLieu/De/De Hung Yen/BD Hung Yen/HYE_KTVHXH.TAB" }, "geometry": { "type": "Point", "coordinates": [ 106.010917615170243, 20.985932646352119 ] } },
{ "type": "Feature", "properties": { "ID": "HYE325040thoc", "Ten_CT": "Trường học", "Loai_CT": "", "Thuoc_huyen": "H. Văn Lâm", "Thuoc_tinh": "Hưng Yên", "Trong_chigioi": "", "Ngoai_baiSg": "", "layer": "HYE_KTVHXH", "path": "D:/Work/HungYen/TaiLieu/De/De Hung Yen/BD Hung Yen/HYE_KTVHXH.TAB" }, "geometry": { "type": "Point", "coordinates": [ 106.003935587908884, 20.98664413064683 ] } },
{ "type": "Feature", "properties": { "ID": "HYE325040thoc", "Ten_CT": "Trường học", "Loai_CT": "", "Thuoc_huyen": "H. Văn Lâm", "Thuoc_tinh": "Hưng Yên", "Trong_chigioi": "", "Ngoai_baiSg": "", "layer": "HYE_KTVHXH", "path": "D:/Work/HungYen/TaiLieu/De/De Hung Yen/BD Hung Yen/HYE_KTVHXH.TAB" }, "geometry": { "type": "Point", "coordinates": [ 106.011629737102098, 20.987911966609492 ] } },
{ "type": "Feature", "properties": { "ID": "HYE325040thoc", "Ten_CT": "Trường học", "Loai_CT": "", "Thuoc_huyen": "H. Văn Lâm", "Thuoc_tinh": "Hưng Yên", "Trong_chigioi": "", "Ngoai_baiSg": "", "layer": "HYE_KTVHXH", "path": "D:/Work/HungYen/TaiLieu/De/De Hung Yen/BD Hung Yen/HYE_KTVHXH.TAB" }, "geometry": { "type": "Point", "coordinates": [ 106.041080847262805, 20.992121482294966 ] } },
{ "type": "Feature", "properties": { "ID": "HYE325040thoc", "Ten_CT": "Trường học", "Loai_CT": "", "Thuoc_huyen": "H. Văn Lâm", "Thuoc_tinh": "Hưng Yên", "Trong_chigioi": "", "Ngoai_baiSg": "", "layer": "HYE_KTVHXH", "path": "D:/Work/HungYen/TaiLieu/De/De Hung Yen/BD Hung Yen/HYE_KTVHXH.TAB" }, "geometry": { "type": "Point", "coordinates": [ 106.03055819722924, 20.989530953536953 ] } },
{ "type": "Feature", "properties": { "ID": "HYE325040thoc", "Ten_CT": "Trường học", "Loai_CT": "", "Thuoc_huyen": "H. Văn Lâm", "Thuoc_tinh": "Hưng Yên", "Trong_chigioi": "", "Ngoai_baiSg": "", "layer": "HYE_KTVHXH", "path": "D:/Work/HungYen/TaiLieu/De/De Hung Yen/BD Hung Yen/HYE_KTVHXH.TAB" }, "geometry": { "type": "Point", "coordinates": [ 106.046201543598116, 20.990245880285006 ] } },
{ "type": "Feature", "properties": { "ID": "HYE325040bvien", "Ten_CT": "Bệnh viện, trạm xá", "Loai_CT": "", "Thuoc_huyen": "H. Văn Lâm", "Thuoc_tinh": "Hưng Yên", "Trong_chigioi": "", "Ngoai_baiSg": "", "layer": "HYE_KTVHXH", "path": "D:/Work/HungYen/TaiLieu/De/De Hung Yen/BD Hung Yen/HYE_KTVHXH.TAB" }, "geometry": { "type": "Point", "coordinates": [ 106.090015496749345, 20.989384656468204 ] } },
{ "type": "Feature", "properties": { "ID": "HYE325040den", "Ten_CT": "Đền, chùa, miếu", "Loai_CT": "", "Thuoc_huyen": "H. Văn Lâm", "Thuoc_tinh": "Hưng Yên", "Trong_chigioi": "", "Ngoai_baiSg": "", "layer": "HYE_KTVHXH", "path": "D:/Work/HungYen/TaiLieu/De/De Hung Yen/BD Hung Yen/HYE_KTVHXH.TAB" }, "geometry": { "type": "Point", "coordinates": [ 106.08414268766542, 20.988652318276085 ] } },
{ "type": "Feature", "properties": { "ID": "HYE325040den", "Ten_CT": "Đền, chùa, miếu", "Loai_CT": "", "Thuoc_huyen": "H. Văn Lâm", "Thuoc_tinh": "Hưng Yên", "Trong_chigioi": "", "Ngoai_baiSg": "", "layer": "HYE_KTVHXH", "path": "D:/Work/HungYen/TaiLieu/De/De Hung Yen/BD Hung Yen/HYE_KTVHXH.TAB" }, "geometry": { "type": "Point", "coordinates": [ 106.090447763203073, 20.99059602687856 ] } },
{ "type": "Feature", "properties": { "ID": "HYE325040den", "Ten_CT": "Đền, chùa, miếu", "Loai_CT": "", "Thuoc_huyen": "H. Văn Lâm", "Thuoc_tinh": "Hưng Yên", "Trong_chigioi": "", "Ngoai_baiSg": "", "layer": "HYE_KTVHXH", "path": "D:/Work/HungYen/TaiLieu/De/De Hung Yen/BD Hung Yen/HYE_KTVHXH.TAB" }, "geometry": { "type": "Point", "coordinates": [ 106.065936779979495, 20.988515809745898 ] } },
{ "type": "Feature", "properties": { "ID": "HYE325040den", "Ten_CT": "Đền, chùa, miếu", "Loai_CT": "", "Thuoc_huyen": "H. Văn Lâm", "Thuoc_tinh": "Hưng Yên", "Trong_chigioi": "", "Ngoai_baiSg": "", "layer": "HYE_KTVHXH", "path": "D:/Work/HungYen/TaiLieu/De/De Hung Yen/BD Hung Yen/HYE_KTVHXH.TAB" }, "geometry": { "type": "Point", "coordinates": [ 106.080674584263519, 20.997420433544207 ] } },
{ "type": "Feature", "properties": { "ID": "HYE325040den", "Ten_CT": "Đền, chùa, miếu", "Loai_CT": "", "Thuoc_huyen": "H. Văn Lâm", "Thuoc_tinh": "Hưng Yên", "Trong_chigioi": "", "Ngoai_baiSg": "", "layer": "HYE_KTVHXH", "path": "D:/Work/HungYen/TaiLieu/De/De Hung Yen/BD Hung Yen/HYE_KTVHXH.TAB" }, "geometry": { "type": "Point", "coordinates": [ 106.085850315746129, 20.994984431403878 ] } },
{ "type": "Feature", "properties": { "ID": "HYE325040den", "Ten_CT": "Đền, chùa, miếu", "Loai_CT": "", "Thuoc_huyen": "H. Văn Lâm", "Thuoc_tinh": "Hưng Yên", "Trong_chigioi": "", "Ngoai_baiSg": "", "layer": "HYE_KTVHXH", "path": "D:/Work/HungYen/TaiLieu/De/De Hung Yen/BD Hung Yen/HYE_KTVHXH.TAB" }, "geometry": { "type": "Point", "coordinates": [ 106.089401394002905, 20.993620496062114 ] } },
{ "type": "Feature", "properties": { "ID": "HYE325040den", "Ten_CT": "Đền, chùa, miếu", "Loai_CT": "", "Thuoc_huyen": "H. Văn Lâm", "Thuoc_tinh": "Hưng Yên", "Trong_chigioi": "", "Ngoai_baiSg": "", "layer": "HYE_KTVHXH", "path": "D:/Work/HungYen/TaiLieu/De/De Hung Yen/BD Hung Yen/HYE_KTVHXH.TAB" }, "geometry": { "type": "Point", "coordinates": [ 106.095320308387485, 20.983271716028511 ] } },
{ "type": "Feature", "properties": { "ID": "HYE325040den", "Ten_CT": "Đền, chùa, miếu", "Loai_CT": "", "Thuoc_huyen": "H. Văn Lâm", "Thuoc_tinh": "Hưng Yên", "Trong_chigioi": "", "Ngoai_baiSg": "", "layer": "HYE_KTVHXH", "path": "D:/Work/HungYen/TaiLieu/De/De Hung Yen/BD Hung Yen/HYE_KTVHXH.TAB" }, "geometry": { "type": "Point", "coordinates": [ 106.096179792115393, 20.97907484394273 ] } },
{ "type": "Feature", "properties": { "ID": "HYE325040den", "Ten_CT": "Đền, chùa, miếu", "Loai_CT": "", "Thuoc_huyen": "H. Văn Lâm", "Thuoc_tinh": "Hưng Yên", "Trong_chigioi": "", "Ngoai_baiSg": "", "layer": "HYE_KTVHXH", "path": "D:/Work/HungYen/TaiLieu/De/De Hung Yen/BD Hung Yen/HYE_KTVHXH.TAB" }, "geometry": { "type": "Point", "coordinates": [ 106.098845593050541, 20.986546304278097 ] } },
{ "type": "Feature", "properties": { "ID": "HYE328040bvien", "Ten_CT": "Bệnh viện, trạm xá", "Loai_CT": "", "Thuoc_huyen": "H. Mỹ Hào", "Thuoc_tinh": "Hưng Yên", "Trong_chigioi": "", "Ngoai_baiSg": "", "layer": "HYE_KTVHXH", "path": "D:/Work/HungYen/TaiLieu/De/De Hung Yen/BD Hung Yen/HYE_KTVHXH.TAB" }, "geometry": { "type": "Point", "coordinates": [ 106.143797001625046, 20.940300633094971 ] } },
{ "type": "Feature", "properties": { "ID": "HYE328040bvien", "Ten_CT": "Bệnh viện, trạm xá", "Loai_CT": "", "Thuoc_huyen": "H. Mỹ Hào", "Thuoc_tinh": "Hưng Yên", "Trong_chigioi": "", "Ngoai_baiSg": "", "layer": "HYE_KTVHXH", "path": "D:/Work/HungYen/TaiLieu/De/De Hung Yen/BD Hung Yen/HYE_KTVHXH.TAB" }, "geometry": { "type": "Point", "coordinates": [ 106.119711411223847, 20.938532446800274 ] } },
{ "type": "Feature", "properties": { "ID": "HYE328040bvien", "Ten_CT": "Bệnh viện, trạm xá", "Loai_CT": "", "Thuoc_huyen": "H. Mỹ Hào", "Thuoc_tinh": "Hưng Yên", "Trong_chigioi": "", "Ngoai_baiSg": "", "layer": "HYE_KTVHXH", "path": "D:/Work/HungYen/TaiLieu/De/De Hung Yen/BD Hung Yen/HYE_KTVHXH.TAB" }, "geometry": { "type": "Point", "coordinates": [ 106.136116445429067, 20.92095999016264 ] } },
{ "type": "Feature", "properties": { "ID": "HYE328040bvien", "Ten_CT": "Bệnh viện, trạm xá", "Loai_CT": "", "Thuoc_huyen": "H. Mỹ Hào", "Thuoc_tinh": "Hưng Yên", "Trong_chigioi": "", "Ngoai_baiSg": "", "layer": "HYE_KTVHXH", "path": "D:/Work/HungYen/TaiLieu/De/De Hung Yen/BD Hung Yen/HYE_KTVHXH.TAB" }, "geometry": { "type": "Point", "coordinates": [ 106.134428876498021, 20.921362399757665 ] } },
{ "type": "Feature", "properties": { "ID": "HYE332040bvien", "Ten_CT": "Bệnh viện, trạm xá", "Loai_CT": "", "Thuoc_huyen": "H. Tiên Lữ", "Thuoc_tinh": "Hưng Yên", "Trong_chigioi": "", "Ngoai_baiSg": "", "layer": "HYE_KTVHXH", "path": "D:/Work/HungYen/TaiLieu/De/De Hung Yen/BD Hung Yen/HYE_KTVHXH.TAB" }, "geometry": { "type": "Point", "coordinates": [ 106.157861443492507, 20.69576203444899 ] } },
{ "type": "Feature", "properties": { "ID": "HYE332040bvien", "Ten_CT": "Bệnh viện, trạm xá", "Loai_CT": "", "Thuoc_huyen": "H. Tiên Lữ", "Thuoc_tinh": "Hưng Yên", "Trong_chigioi": "", "Ngoai_baiSg": "", "layer": "HYE_KTVHXH", "path": "D:/Work/HungYen/TaiLieu/De/De Hung Yen/BD Hung Yen/HYE_KTVHXH.TAB" }, "geometry": { "type": "Point", "coordinates": [ 106.156677562117821, 20.682189740790776 ] } },
{ "type": "Feature", "properties": { "ID": "HYE332040bvien", "Ten_CT": "Bệnh viện, trạm xá", "Loai_CT": "", "Thuoc_huyen": "H. Tiên Lữ", "Thuoc_tinh": "Hưng Yên", "Trong_chigioi": "", "Ngoai_baiSg": "", "layer": "HYE_KTVHXH", "path": "D:/Work/HungYen/TaiLieu/De/De Hung Yen/BD Hung Yen/HYE_KTVHXH.TAB" }, "geometry": { "type": "Point", "coordinates": [ 106.184915027888195, 20.67090461427151 ] } },
{ "type": "Feature", "properties": { "ID": "HYE332040bvien", "Ten_CT": "Bệnh viện, trạm xá", "Loai_CT": "", "Thuoc_huyen": "H. Tiên Lữ", "Thuoc_tinh": "Hưng Yên", "Trong_chigioi": "", "Ngoai_baiSg": "", "layer": "HYE_KTVHXH", "path": "D:/Work/HungYen/TaiLieu/De/De Hung Yen/BD Hung Yen/HYE_KTVHXH.TAB" }, "geometry": { "type": "Point", "coordinates": [ 106.177949416249888, 20.673830384852153 ] } },
{ "type": "Feature", "properties": { "ID": "HYE333040bvien", "Ten_CT": "Bệnh viện, trạm xá", "Loai_CT": "", "Thuoc_huyen": "H. Phù Cừ", "Thuoc_tinh": "Hưng Yên", "Trong_chigioi": "", "Ngoai_baiSg": "", "layer": "HYE_KTVHXH", "path": "D:/Work/HungYen/TaiLieu/De/De Hung Yen/BD Hung Yen/HYE_KTVHXH.TAB" }, "geometry": { "type": "Point", "coordinates": [ 106.185153487883028, 20.705863393122925 ] } },
{ "type": "Feature", "properties": { "ID": "HYE329040bvien", "Ten_CT": "Bệnh viện, trạm xá", "Loai_CT": "", "Thuoc_huyen": "H. Ân Thi", "Thuoc_tinh": "Hưng Yên", "Trong_chigioi": "", "Ngoai_baiSg": "", "layer": "HYE_KTVHXH", "path": "D:/Work/HungYen/TaiLieu/De/De Hung Yen/BD Hung Yen/HYE_KTVHXH.TAB" }, "geometry": { "type": "Point", "coordinates": [ 106.106006143004677, 20.746747972079376 ] } },
{ "type": "Feature", "properties": { "ID": "HYE329040bvien", "Ten_CT": "Bệnh viện, trạm xá", "Loai_CT": "", "Thuoc_huyen": "H. Ân Thi", "Thuoc_tinh": "Hưng Yên", "Trong_chigioi": "", "Ngoai_baiSg": "", "layer": "HYE_KTVHXH", "path": "D:/Work/HungYen/TaiLieu/De/De Hung Yen/BD Hung Yen/HYE_KTVHXH.TAB" }, "geometry": { "type": "Point", "coordinates": [ 106.125881350759869, 20.750195671220514 ] } },
{ "type": "Feature", "properties": { "ID": "HYE329040bvien", "Ten_CT": "Bệnh viện, trạm xá", "Loai_CT": "", "Thuoc_huyen": "H. Ân Thi", "Thuoc_tinh": "Hưng Yên", "Trong_chigioi": "", "Ngoai_baiSg": "", "layer": "HYE_KTVHXH", "path": "D:/Work/HungYen/TaiLieu/De/De Hung Yen/BD Hung Yen/HYE_KTVHXH.TAB" }, "geometry": { "type": "Point", "coordinates": [ 106.110667219535088, 20.760242401633043 ] } },
{ "type": "Feature", "properties": { "ID": "HYE329040bvien", "Ten_CT": "Bệnh viện, trạm xá", "Loai_CT": "", "Thuoc_huyen": "H. Ân Thi", "Thuoc_tinh": "Hưng Yên", "Trong_chigioi": "", "Ngoai_baiSg": "", "layer": "HYE_KTVHXH", "path": "D:/Work/HungYen/TaiLieu/De/De Hung Yen/BD Hung Yen/HYE_KTVHXH.TAB" }, "geometry": { "type": "Point", "coordinates": [ 106.141730545914442, 20.761883033702937 ] } },
{ "type": "Feature", "properties": { "ID": "HYE333040bvien", "Ten_CT": "Bệnh viện, trạm xá", "Loai_CT": "", "Thuoc_huyen": "H. Phù Cừ", "Thuoc_tinh": "Hưng Yên", "Trong_chigioi": "", "Ngoai_baiSg": "", "layer": "HYE_KTVHXH", "path": "D:/Work/HungYen/TaiLieu/De/De Hung Yen/BD Hung Yen/HYE_KTVHXH.TAB" }, "geometry": { "type": "Point", "coordinates": [ 106.166950294393558, 20.770320029286225 ] } },
{ "type": "Feature", "properties": { "ID": "HYE329040bvien", "Ten_CT": "Bệnh viện, trạm xá", "Loai_CT": "", "Thuoc_huyen": "H. Ân Thi", "Thuoc_tinh": "Hưng Yên", "Trong_chigioi": "", "Ngoai_baiSg": "", "layer": "HYE_KTVHXH", "path": "D:/Work/HungYen/TaiLieu/De/De Hung Yen/BD Hung Yen/HYE_KTVHXH.TAB" }, "geometry": { "type": "Point", "coordinates": [ 106.132825386338411, 20.779546087719353 ] } },
{ "type": "Feature", "properties": { "ID": "HYE333040bvien", "Ten_CT": "Bệnh viện, trạm xá", "Loai_CT": "", "Thuoc_huyen": "H. Phù Cừ", "Thuoc_tinh": "Hưng Yên", "Trong_chigioi": "", "Ngoai_baiSg": "", "layer": "HYE_KTVHXH", "path": "D:/Work/HungYen/TaiLieu/De/De Hung Yen/BD Hung Yen/HYE_KTVHXH.TAB" }, "geometry": { "type": "Point", "coordinates": [ 106.197637042313076, 20.752085781626313 ] } },
{ "type": "Feature", "properties": { "ID": "HYE333040bvien", "Ten_CT": "Bệnh viện, trạm xá", "Loai_CT": "", "Thuoc_huyen": "H. Phù Cừ", "Thuoc_tinh": "Hưng Yên", "Trong_chigioi": "", "Ngoai_baiSg": "", "layer": "HYE_KTVHXH", "path": "D:/Work/HungYen/TaiLieu/De/De Hung Yen/BD Hung Yen/HYE_KTVHXH.TAB" }, "geometry": { "type": "Point", "coordinates": [ 106.193518791313565, 20.731297174146935 ] } },
{ "type": "Feature", "properties": { "ID": "HYE333040bvien", "Ten_CT": "Bệnh viện, trạm xá", "Loai_CT": "", "Thuoc_huyen": "H. Phù Cừ", "Thuoc_tinh": "Hưng Yên", "Trong_chigioi": "", "Ngoai_baiSg": "", "layer": "HYE_KTVHXH", "path": "D:/Work/HungYen/TaiLieu/De/De Hung Yen/BD Hung Yen/HYE_KTVHXH.TAB" }, "geometry": { "type": "Point", "coordinates": [ 106.180067392270146, 20.740499351961919 ] } },
{ "type": "Feature", "properties": { "ID": "HYE332040bvien", "Ten_CT": "Bệnh viện, trạm xá", "Loai_CT": "", "Thuoc_huyen": "H. Tiên Lữ", "Thuoc_tinh": "Hưng Yên", "Trong_chigioi": "", "Ngoai_baiSg": "", "layer": "HYE_KTVHXH", "path": "D:/Work/HungYen/TaiLieu/De/De Hung Yen/BD Hung Yen/HYE_KTVHXH.TAB" }, "geometry": { "type": "Point", "coordinates": [ 106.1327586729915, 20.706922446302443 ] } },
{ "type": "Feature", "properties": { "ID": "HYE333040bvien", "Ten_CT": "Bệnh viện, trạm xá", "Loai_CT": "", "Thuoc_huyen": "H. Phù Cừ", "Thuoc_tinh": "Hưng Yên", "Trong_chigioi": "", "Ngoai_baiSg": "", "layer": "HYE_KTVHXH", "path": "D:/Work/HungYen/TaiLieu/De/De Hung Yen/BD Hung Yen/HYE_KTVHXH.TAB" }, "geometry": { "type": "Point", "coordinates": [ 106.156002491272062, 20.716785585232348 ] } },
{ "type": "Feature", "properties": { "ID": "HYE333040bvien", "Ten_CT": "Bệnh viện, trạm xá", "Loai_CT": "", "Thuoc_huyen": "H. Phù Cừ", "Thuoc_tinh": "Hưng Yên", "Trong_chigioi": "", "Ngoai_baiSg": "", "layer": "HYE_KTVHXH", "path": "D:/Work/HungYen/TaiLieu/De/De Hung Yen/BD Hung Yen/HYE_KTVHXH.TAB" }, "geometry": { "type": "Point", "coordinates": [ 106.20439237822265, 20.68188859024329 ] } },
{ "type": "Feature", "properties": { "ID": "HYE333040bvien", "Ten_CT": "Bệnh viện, trạm xá", "Loai_CT": "", "Thuoc_huyen": "H. Phù Cừ", "Thuoc_tinh": "Hưng Yên", "Trong_chigioi": "", "Ngoai_baiSg": "", "layer": "HYE_KTVHXH", "path": "D:/Work/HungYen/TaiLieu/De/De Hung Yen/BD Hung Yen/HYE_KTVHXH.TAB" }, "geometry": { "type": "Point", "coordinates": [ 106.212915185834163, 20.712817311015161 ] } },
{ "type": "Feature", "properties": { "ID": "HYE333040bvien", "Ten_CT": "Bệnh viện, trạm xá", "Loai_CT": "", "Thuoc_huyen": "H. Phù Cừ", "Thuoc_tinh": "Hưng Yên", "Trong_chigioi": "", "Ngoai_baiSg": "", "layer": "HYE_KTVHXH", "path": "D:/Work/HungYen/TaiLieu/De/De Hung Yen/BD Hung Yen/HYE_KTVHXH.TAB" }, "geometry": { "type": "Point", "coordinates": [ 106.236940767117133, 20.694232231172791 ] } },
{ "type": "Feature", "properties": { "ID": "HYE333040bvien", "Ten_CT": "Bệnh viện, trạm xá", "Loai_CT": "", "Thuoc_huyen": "H. Phù Cừ", "Thuoc_tinh": "Hưng Yên", "Trong_chigioi": "", "Ngoai_baiSg": "", "layer": "HYE_KTVHXH", "path": "D:/Work/HungYen/TaiLieu/De/De Hung Yen/BD Hung Yen/HYE_KTVHXH.TAB" }, "geometry": { "type": "Point", "coordinates": [ 106.242097034977689, 20.679162113040309 ] } },
{ "type": "Feature", "properties": { "ID": "HYE328040bvien", "Ten_CT": "Bệnh viện, trạm xá", "Loai_CT": "", "Thuoc_huyen": "H. Mỹ Hào", "Thuoc_tinh": "Hưng Yên", "Trong_chigioi": "", "Ngoai_baiSg": "", "layer": "HYE_KTVHXH", "path": "D:/Work/HungYen/TaiLieu/De/De Hung Yen/BD Hung Yen/HYE_KTVHXH.TAB" }, "geometry": { "type": "Point", "coordinates": [ 106.123522046732077, 20.904557100190594 ] } },
{ "type": "Feature", "properties": { "ID": "HYE328040bvien", "Ten_CT": "Bệnh viện, trạm xá", "Loai_CT": "", "Thuoc_huyen": "H. Mỹ Hào", "Thuoc_tinh": "Hưng Yên", "Trong_chigioi": "", "Ngoai_baiSg": "", "layer": "HYE_KTVHXH", "path": "D:/Work/HungYen/TaiLieu/De/De Hung Yen/BD Hung Yen/HYE_KTVHXH.TAB" }, "geometry": { "type": "Point", "coordinates": [ 106.10638947068044, 20.919981613748654 ] } },
{ "type": "Feature", "properties": { "ID": "HYE328040bvien", "Ten_CT": "Bệnh viện, trạm xá", "Loai_CT": "", "Thuoc_huyen": "H. Mỹ Hào", "Thuoc_tinh": "Hưng Yên", "Trong_chigioi": "", "Ngoai_baiSg": "", "layer": "HYE_KTVHXH", "path": "D:/Work/HungYen/TaiLieu/De/De Hung Yen/BD Hung Yen/HYE_KTVHXH.TAB" }, "geometry": { "type": "Point", "coordinates": [ 106.093633179042087, 20.923752210559297 ] } },
{ "type": "Feature", "properties": { "ID": "HYE328040bvien", "Ten_CT": "Bệnh viện, trạm xá", "Loai_CT": "", "Thuoc_huyen": "H. Mỹ Hào", "Thuoc_tinh": "Hưng Yên", "Trong_chigioi": "", "Ngoai_baiSg": "", "layer": "HYE_KTVHXH", "path": "D:/Work/HungYen/TaiLieu/De/De Hung Yen/BD Hung Yen/HYE_KTVHXH.TAB" }, "geometry": { "type": "Point", "coordinates": [ 106.083929268596137, 20.92722317553951 ] } },
{ "type": "Feature", "properties": { "ID": "HYE328040bvien", "Ten_CT": "Bệnh viện, trạm xá", "Loai_CT": "", "Thuoc_huyen": "H. Mỹ Hào", "Thuoc_tinh": "Hưng Yên", "Trong_chigioi": "", "Ngoai_baiSg": "", "layer": "HYE_KTVHXH", "path": "D:/Work/HungYen/TaiLieu/De/De Hung Yen/BD Hung Yen/HYE_KTVHXH.TAB" }, "geometry": { "type": "Point", "coordinates": [ 106.088682240087351, 20.946669128858851 ] } },
{ "type": "Feature", "properties": { "ID": "HYE328040bvien", "Ten_CT": "Bệnh viện, trạm xá", "Loai_CT": "", "Thuoc_huyen": "H. Mỹ Hào", "Thuoc_tinh": "Hưng Yên", "Trong_chigioi": "", "Ngoai_baiSg": "", "layer": "HYE_KTVHXH", "path": "D:/Work/HungYen/TaiLieu/De/De Hung Yen/BD Hung Yen/HYE_KTVHXH.TAB" }, "geometry": { "type": "Point", "coordinates": [ 106.073619124077183, 20.966380497398035 ] } },
{ "type": "Feature", "properties": { "ID": "HYE327040bvien", "Ten_CT": "Bệnh viện, trạm xá", "Loai_CT": "", "Thuoc_huyen": "H. Yên  Mỹ", "Thuoc_tinh": "Hưng Yên", "Trong_chigioi": "", "Ngoai_baiSg": "", "layer": "HYE_KTVHXH", "path": "D:/Work/HungYen/TaiLieu/De/De Hung Yen/BD Hung Yen/HYE_KTVHXH.TAB" }, "geometry": { "type": "Point", "coordinates": [ 106.030132831255713, 20.870205879698187 ] } },
{ "type": "Feature", "properties": { "ID": "HYE327040bvien", "Ten_CT": "Bệnh viện, trạm xá", "Loai_CT": "", "Thuoc_huyen": "H. Yên  Mỹ", "Thuoc_tinh": "Hưng Yên", "Trong_chigioi": "", "Ngoai_baiSg": "", "layer": "HYE_KTVHXH", "path": "D:/Work/HungYen/TaiLieu/De/De Hung Yen/BD Hung Yen/HYE_KTVHXH.TAB" }, "geometry": { "type": "Point", "coordinates": [ 106.058939438790446, 20.874528898526606 ] } },
{ "type": "Feature", "properties": { "ID": "HYE327040bvien", "Ten_CT": "Bệnh viện, trạm xá", "Loai_CT": "", "Thuoc_huyen": "H. Yên  Mỹ", "Thuoc_tinh": "Hưng Yên", "Trong_chigioi": "", "Ngoai_baiSg": "", "layer": "HYE_KTVHXH", "path": "D:/Work/HungYen/TaiLieu/De/De Hung Yen/BD Hung Yen/HYE_KTVHXH.TAB" }, "geometry": { "type": "Point", "coordinates": [ 106.036841765655979, 20.85837310953961 ] } },
{ "type": "Feature", "properties": { "ID": "HYE327040bvien", "Ten_CT": "Bệnh viện, trạm xá", "Loai_CT": "", "Thuoc_huyen": "H. Yên  Mỹ", "Thuoc_tinh": "Hưng Yên", "Trong_chigioi": "", "Ngoai_baiSg": "", "layer": "HYE_KTVHXH", "path": "D:/Work/HungYen/TaiLieu/De/De Hung Yen/BD Hung Yen/HYE_KTVHXH.TAB" }, "geometry": { "type": "Point", "coordinates": [ 106.062083620713267, 20.862018680638105 ] } },
{ "type": "Feature", "properties": { "ID": "HYE329040bvien", "Ten_CT": "Bệnh viện, trạm xá", "Loai_CT": "", "Thuoc_huyen": "H. Ân Thi", "Thuoc_tinh": "Hưng Yên", "Trong_chigioi": "", "Ngoai_baiSg": "", "layer": "HYE_KTVHXH", "path": "D:/Work/HungYen/TaiLieu/De/De Hung Yen/BD Hung Yen/HYE_KTVHXH.TAB" }, "geometry": { "type": "Point", "coordinates": [ 106.095314006865138, 20.867258069671749 ] } },
{ "type": "Feature", "properties": { "ID": "HYE329040bvien", "Ten_CT": "Bệnh viện, trạm xá", "Loai_CT": "", "Thuoc_huyen": "H. Ân Thi", "Thuoc_tinh": "Hưng Yên", "Trong_chigioi": "", "Ngoai_baiSg": "", "layer": "HYE_KTVHXH", "path": "D:/Work/HungYen/TaiLieu/De/De Hung Yen/BD Hung Yen/HYE_KTVHXH.TAB" }, "geometry": { "type": "Point", "coordinates": [ 106.089693669518795, 20.850584065180733 ] } },
{ "type": "Feature", "properties": { "ID": "HYE329040bvien", "Ten_CT": "Bệnh viện, trạm xá", "Loai_CT": "", "Thuoc_huyen": "H. Ân Thi", "Thuoc_tinh": "Hưng Yên", "Trong_chigioi": "", "Ngoai_baiSg": "", "layer": "HYE_KTVHXH", "path": "D:/Work/HungYen/TaiLieu/De/De Hung Yen/BD Hung Yen/HYE_KTVHXH.TAB" }, "geometry": { "type": "Point", "coordinates": [ 106.074607814370154, 20.8428552501749 ] } },
{ "type": "Feature", "properties": { "ID": "HYE329040bvien", "Ten_CT": "Bệnh viện, trạm xá", "Loai_CT": "", "Thuoc_huyen": "H. Ân Thi", "Thuoc_tinh": "Hưng Yên", "Trong_chigioi": "", "Ngoai_baiSg": "", "layer": "HYE_KTVHXH", "path": "D:/Work/HungYen/TaiLieu/De/De Hung Yen/BD Hung Yen/HYE_KTVHXH.TAB" }, "geometry": { "type": "Point", "coordinates": [ 106.106168328221031, 20.845281034395718 ] } },
{ "type": "Feature", "properties": { "ID": "HYE329040bvien", "Ten_CT": "Bệnh viện, trạm xá", "Loai_CT": "", "Thuoc_huyen": "H. Ân Thi", "Thuoc_tinh": "Hưng Yên", "Trong_chigioi": "", "Ngoai_baiSg": "", "layer": "HYE_KTVHXH", "path": "D:/Work/HungYen/TaiLieu/De/De Hung Yen/BD Hung Yen/HYE_KTVHXH.TAB" }, "geometry": { "type": "Point", "coordinates": [ 106.121823876412236, 20.865633397903544 ] } },
{ "type": "Feature", "properties": { "ID": "HYE329040bvien", "Ten_CT": "Bệnh viện, trạm xá", "Loai_CT": "", "Thuoc_huyen": "H. Ân Thi", "Thuoc_tinh": "Hưng Yên", "Trong_chigioi": "", "Ngoai_baiSg": "", "layer": "HYE_KTVHXH", "path": "D:/Work/HungYen/TaiLieu/De/De Hung Yen/BD Hung Yen/HYE_KTVHXH.TAB" }, "geometry": { "type": "Point", "coordinates": [ 106.06344773500652, 20.80928109071295 ] } },
{ "type": "Feature", "properties": { "ID": "HYE329040bvien", "Ten_CT": "Bệnh viện, trạm xá", "Loai_CT": "", "Thuoc_huyen": "H. Ân Thi", "Thuoc_tinh": "Hưng Yên", "Trong_chigioi": "", "Ngoai_baiSg": "", "layer": "HYE_KTVHXH", "path": "D:/Work/HungYen/TaiLieu/De/De Hung Yen/BD Hung Yen/HYE_KTVHXH.TAB" }, "geometry": { "type": "Point", "coordinates": [ 106.109838352822493, 20.789769787397198 ] } },
{ "type": "Feature", "properties": { "ID": "HYE329040bvien", "Ten_CT": "Bệnh viện, trạm xá", "Loai_CT": "", "Thuoc_huyen": "H. Ân Thi", "Thuoc_tinh": "Hưng Yên", "Trong_chigioi": "", "Ngoai_baiSg": "", "layer": "HYE_KTVHXH", "path": "D:/Work/HungYen/TaiLieu/De/De Hung Yen/BD Hung Yen/HYE_KTVHXH.TAB" }, "geometry": { "type": "Point", "coordinates": [ 106.129066065486157, 20.813940868260985 ] } },
{ "type": "Feature", "properties": { "ID": "HYE329040bvien", "Ten_CT": "Bệnh viện, trạm xá", "Loai_CT": "", "Thuoc_huyen": "H. Ân Thi", "Thuoc_tinh": "Hưng Yên", "Trong_chigioi": "", "Ngoai_baiSg": "", "layer": "HYE_KTVHXH", "path": "D:/Work/HungYen/TaiLieu/De/De Hung Yen/BD Hung Yen/HYE_KTVHXH.TAB" }, "geometry": { "type": "Point", "coordinates": [ 106.112526667644332, 20.82396883100763 ] } },
{ "type": "Feature", "properties": { "ID": "HYE329040bvien", "Ten_CT": "Bệnh viện, trạm xá", "Loai_CT": "", "Thuoc_huyen": "H. Ân Thi", "Thuoc_tinh": "Hưng Yên", "Trong_chigioi": "", "Ngoai_baiSg": "", "layer": "HYE_KTVHXH", "path": "D:/Work/HungYen/TaiLieu/De/De Hung Yen/BD Hung Yen/HYE_KTVHXH.TAB" }, "geometry": { "type": "Point", "coordinates": [ 106.093104414608575, 20.821970121924231 ] } },
{ "type": "Feature", "properties": { "ID": "HYE325040bvien", "Ten_CT": "Bệnh viện, trạm xá", "Loai_CT": "", "Thuoc_huyen": "H. Văn Lâm", "Thuoc_tinh": "Hưng Yên", "Trong_chigioi": "", "Ngoai_baiSg": "", "layer": "HYE_KTVHXH", "path": "D:/Work/HungYen/TaiLieu/De/De Hung Yen/BD Hung Yen/HYE_KTVHXH.TAB" }, "geometry": { "type": "Point", "coordinates": [ 106.047768905886201, 20.991038871735192 ] } },
{ "type": "Feature", "properties": { "ID": "HYE325040bvien", "Ten_CT": "Bệnh viện, trạm xá", "Loai_CT": "", "Thuoc_huyen": "H. Văn Lâm", "Thuoc_tinh": "Hưng Yên", "Trong_chigioi": "", "Ngoai_baiSg": "", "layer": "HYE_KTVHXH", "path": "D:/Work/HungYen/TaiLieu/De/De Hung Yen/BD Hung Yen/HYE_KTVHXH.TAB" }, "geometry": { "type": "Point", "coordinates": [ 106.048842071775795, 20.964357518779597 ] } },
{ "type": "Feature", "properties": { "ID": "HYE327040bvien", "Ten_CT": "Bệnh viện, trạm xá", "Loai_CT": "", "Thuoc_huyen": "H. Yên  Mỹ", "Thuoc_tinh": "Hưng Yên", "Trong_chigioi": "", "Ngoai_baiSg": "", "layer": "HYE_KTVHXH", "path": "D:/Work/HungYen/TaiLieu/De/De Hung Yen/BD Hung Yen/HYE_KTVHXH.TAB" }, "geometry": { "type": "Point", "coordinates": [ 106.033114371538858, 20.8858845652539 ] } },
{ "type": "Feature", "properties": { "ID": "HYE328040bvien", "Ten_CT": "Bệnh viện, trạm xá", "Loai_CT": "", "Thuoc_huyen": "H. Mỹ Hào", "Thuoc_tinh": "Hưng Yên", "Trong_chigioi": "", "Ngoai_baiSg": "", "layer": "HYE_KTVHXH", "path": "D:/Work/HungYen/TaiLieu/De/De Hung Yen/BD Hung Yen/HYE_KTVHXH.TAB" }, "geometry": { "type": "Point", "coordinates": [ 106.096559554564479, 20.893955717678843 ] } },
{ "type": "Feature", "properties": { "ID": "HYE329040bvien", "Ten_CT": "Bệnh viện, trạm xá", "Loai_CT": "", "Thuoc_huyen": "H. Ân Thi", "Thuoc_tinh": "Hưng Yên", "Trong_chigioi": "", "Ngoai_baiSg": "", "layer": "HYE_KTVHXH", "path": "D:/Work/HungYen/TaiLieu/De/De Hung Yen/BD Hung Yen/HYE_KTVHXH.TAB" }, "geometry": { "type": "Point", "coordinates": [ 106.135303171326086, 20.891781432848703 ] } },
{ "type": "Feature", "properties": { "ID": "HYE329040bvien", "Ten_CT": "Bệnh viện, trạm xá", "Loai_CT": "", "Thuoc_huyen": "H. Ân Thi", "Thuoc_tinh": "Hưng Yên", "Trong_chigioi": "", "Ngoai_baiSg": "", "layer": "HYE_KTVHXH", "path": "D:/Work/HungYen/TaiLieu/De/De Hung Yen/BD Hung Yen/HYE_KTVHXH.TAB" }, "geometry": { "type": "Point", "coordinates": [ 106.07342783165673, 20.790674993371514 ] } },
{ "type": "Feature", "properties": { "ID": "HYE329040bvien", "Ten_CT": "Bệnh viện, trạm xá", "Loai_CT": "", "Thuoc_huyen": "H. Ân Thi", "Thuoc_tinh": "Hưng Yên", "Trong_chigioi": "", "Ngoai_baiSg": "", "layer": "HYE_KTVHXH", "path": "D:/Work/HungYen/TaiLieu/De/De Hung Yen/BD Hung Yen/HYE_KTVHXH.TAB" }, "geometry": { "type": "Point", "coordinates": [ 106.091838562245584, 20.787226433079965 ] } },
{ "type": "Feature", "properties": { "ID": "HYE333040bvien", "Ten_CT": "Bệnh viện, trạm xá", "Loai_CT": "", "Thuoc_huyen": "H. Phù Cừ", "Thuoc_tinh": "Hưng Yên", "Trong_chigioi": "", "Ngoai_baiSg": "", "layer": "HYE_KTVHXH", "path": "D:/Work/HungYen/TaiLieu/De/De Hung Yen/BD Hung Yen/HYE_KTVHXH.TAB" }, "geometry": { "type": "Point", "coordinates": [ 106.20898239884184, 20.698087217057882 ] } },
{ "type": "Feature", "properties": { "ID": "HYE323040bvien", "Ten_CT": "Bệnh viện, trạm xá", "Loai_CT": "", "Thuoc_huyen": "TX. Hưng Yên", "Thuoc_tinh": "Hưng Yên", "Trong_chigioi": "", "Ngoai_baiSg": "", "layer": "HYE_KTVHXH", "path": "D:/Work/HungYen/TaiLieu/De/De Hung Yen/BD Hung Yen/HYE_KTVHXH.TAB" }, "geometry": { "type": "Point", "coordinates": [ 106.058181272887794, 20.667735511201837 ] } },
{ "type": "Feature", "properties": { "ID": "HYE323040bvien", "Ten_CT": "Bệnh viện, trạm xá", "Loai_CT": "", "Thuoc_huyen": "TX. Hưng Yên", "Thuoc_tinh": "Hưng Yên", "Trong_chigioi": "", "Ngoai_baiSg": "", "layer": "HYE_KTVHXH", "path": "D:/Work/HungYen/TaiLieu/De/De Hung Yen/BD Hung Yen/HYE_KTVHXH.TAB" }, "geometry": { "type": "Point", "coordinates": [ 106.059536067157623, 20.676148645427642 ] } },
{ "type": "Feature", "properties": { "ID": "HYE323040bvien", "Ten_CT": "Bệnh viện, trạm xá", "Loai_CT": "", "Thuoc_huyen": "TX. Hưng Yên", "Thuoc_tinh": "Hưng Yên", "Trong_chigioi": "", "Ngoai_baiSg": "", "layer": "HYE_KTVHXH", "path": "D:/Work/HungYen/TaiLieu/De/De Hung Yen/BD Hung Yen/HYE_KTVHXH.TAB" }, "geometry": { "type": "Point", "coordinates": [ 106.054288021101755, 20.651020758115575 ] } },
{ "type": "Feature", "properties": { "ID": "HYE323040bvien", "Ten_CT": "Bệnh viện, trạm xá", "Loai_CT": "", "Thuoc_huyen": "TX. Hưng Yên", "Thuoc_tinh": "Hưng Yên", "Trong_chigioi": "", "Ngoai_baiSg": "", "layer": "HYE_KTVHXH", "path": "D:/Work/HungYen/TaiLieu/De/De Hung Yen/BD Hung Yen/HYE_KTVHXH.TAB" }, "geometry": { "type": "Point", "coordinates": [ 106.053069919050415, 20.649091753122701 ] } },
{ "type": "Feature", "properties": { "ID": "HYE323040bvien", "Ten_CT": "Bệnh viện, trạm xá", "Loai_CT": "", "Thuoc_huyen": "TX. Hưng Yên", "Thuoc_tinh": "Hưng Yên", "Trong_chigioi": "", "Ngoai_baiSg": "", "layer": "HYE_KTVHXH", "path": "D:/Work/HungYen/TaiLieu/De/De Hung Yen/BD Hung Yen/HYE_KTVHXH.TAB" }, "geometry": { "type": "Point", "coordinates": [ 106.047678008711998, 20.647360779238756 ] } },
{ "type": "Feature", "properties": { "ID": "HYE323040bvien", "Ten_CT": "Bệnh viện, trạm xá", "Loai_CT": "", "Thuoc_huyen": "TX. Hưng Yên", "Thuoc_tinh": "Hưng Yên", "Trong_chigioi": "", "Ngoai_baiSg": "", "layer": "HYE_KTVHXH", "path": "D:/Work/HungYen/TaiLieu/De/De Hung Yen/BD Hung Yen/HYE_KTVHXH.TAB" }, "geometry": { "type": "Point", "coordinates": [ 106.056396618926314, 20.702456875676386 ] } },
{ "type": "Feature", "properties": { "ID": "HYE329040bvien", "Ten_CT": "Bệnh viện, trạm xá", "Loai_CT": "", "Thuoc_huyen": "H. Ân Thi", "Thuoc_tinh": "Hưng Yên", "Trong_chigioi": "", "Ngoai_baiSg": "", "layer": "HYE_KTVHXH", "path": "D:/Work/HungYen/TaiLieu/De/De Hung Yen/BD Hung Yen/HYE_KTVHXH.TAB" }, "geometry": { "type": "Point", "coordinates": [ 106.086882036682809, 20.81267584335648 ] } },
{ "type": "Feature", "properties": { "ID": "HYE333040bvien", "Ten_CT": "Bệnh viện, trạm xá", "Loai_CT": "", "Thuoc_huyen": "H. Phù Cừ", "Thuoc_tinh": "Hưng Yên", "Trong_chigioi": "", "Ngoai_baiSg": "", "layer": "HYE_KTVHXH", "path": "D:/Work/HungYen/TaiLieu/De/De Hung Yen/BD Hung Yen/HYE_KTVHXH.TAB" }, "geometry": { "type": "Point", "coordinates": [ 106.158246458854023, 20.752209551257902 ] } },
{ "type": "Feature", "properties": { "ID": "HYE333040bvien", "Ten_CT": "Bệnh viện, trạm xá", "Loai_CT": "", "Thuoc_huyen": "H. Phù Cừ", "Thuoc_tinh": "Hưng Yên", "Trong_chigioi": "", "Ngoai_baiSg": "", "layer": "HYE_KTVHXH", "path": "D:/Work/HungYen/TaiLieu/De/De Hung Yen/BD Hung Yen/HYE_KTVHXH.TAB" }, "geometry": { "type": "Point", "coordinates": [ 106.207422790890732, 20.653339023366836 ] } },
{ "type": "Feature", "properties": { "ID": "HYE332040bvien", "Ten_CT": "Bệnh viện, trạm xá", "Loai_CT": "", "Thuoc_huyen": "H. Tiên Lữ", "Thuoc_tinh": "Hưng Yên", "Trong_chigioi": "", "Ngoai_baiSg": "", "layer": "HYE_KTVHXH", "path": "D:/Work/HungYen/TaiLieu/De/De Hung Yen/BD Hung Yen/HYE_KTVHXH.TAB" }, "geometry": { "type": "Point", "coordinates": [ 106.122078212485576, 20.703722825720142 ] } },
{ "type": "Feature", "properties": { "ID": "HYE332040bvien", "Ten_CT": "Bệnh viện, trạm xá", "Loai_CT": "", "Thuoc_huyen": "H. Tiên Lữ", "Thuoc_tinh": "Hưng Yên", "Trong_chigioi": "", "Ngoai_baiSg": "", "layer": "HYE_KTVHXH", "path": "D:/Work/HungYen/TaiLieu/De/De Hung Yen/BD Hung Yen/HYE_KTVHXH.TAB" }, "geometry": { "type": "Point", "coordinates": [ 106.11414116558673, 20.710589477768384 ] } },
{ "type": "Feature", "properties": { "ID": "HYE328040bvien", "Ten_CT": "Bệnh viện, trạm xá", "Loai_CT": "", "Thuoc_huyen": "H. Mỹ Hào", "Thuoc_tinh": "Hưng Yên", "Trong_chigioi": "", "Ngoai_baiSg": "", "layer": "HYE_KTVHXH", "path": "D:/Work/HungYen/TaiLieu/De/De Hung Yen/BD Hung Yen/HYE_KTVHXH.TAB" }, "geometry": { "type": "Point", "coordinates": [ 106.068346809976845, 20.943135009288625 ] } },
{ "type": "Feature", "properties": { "ID": "HYE330040bvien", "Ten_CT": "Bệnh viện, trạm xá", "Loai_CT": "", "Thuoc_huyen": "H. Khoái Châu", "Thuoc_tinh": "Hưng Yên", "Trong_chigioi": "", "Ngoai_baiSg": "", "layer": "HYE_KTVHXH", "path": "D:/Work/HungYen/TaiLieu/De/De Hung Yen/BD Hung Yen/HYE_KTVHXH.TAB" }, "geometry": { "type": "Point", "coordinates": [ 105.92799661246697, 20.834821078141179 ] } },
{ "type": "Feature", "properties": { "ID": "HYE330040bvien", "Ten_CT": "Bệnh viện, trạm xá", "Loai_CT": "", "Thuoc_huyen": "H. Khoái Châu", "Thuoc_tinh": "Hưng Yên", "Trong_chigioi": "", "Ngoai_baiSg": "", "layer": "HYE_KTVHXH", "path": "D:/Work/HungYen/TaiLieu/De/De Hung Yen/BD Hung Yen/HYE_KTVHXH.TAB" }, "geometry": { "type": "Point", "coordinates": [ 105.94686701189346, 20.849256684355367 ] } },
{ "type": "Feature", "properties": { "ID": "HYE327040bvien", "Ten_CT": "Bệnh viện, trạm xá", "Loai_CT": "", "Thuoc_huyen": "H. Yên  Mỹ", "Thuoc_tinh": "Hưng Yên", "Trong_chigioi": "", "Ngoai_baiSg": "", "layer": "HYE_KTVHXH", "path": "D:/Work/HungYen/TaiLieu/De/De Hung Yen/BD Hung Yen/HYE_KTVHXH.TAB" }, "geometry": { "type": "Point", "coordinates": [ 106.022402907419533, 20.86241544807605 ] } },
{ "type": "Feature", "properties": { "ID": "HYE329040thoc", "Ten_CT": "Trường học", "Loai_CT": "", "Thuoc_huyen": "H. Ân Thi", "Thuoc_tinh": "Hưng Yên", "Trong_chigioi": "", "Ngoai_baiSg": "", "layer": "HYE_KTVHXH", "path": "D:/Work/HungYen/TaiLieu/De/De Hung Yen/BD Hung Yen/HYE_KTVHXH.TAB" }, "geometry": { "type": "Point", "coordinates": [ 106.109450871842284, 20.763450593937478 ] } },
{ "type": "Feature", "properties": { "ID": "HYE329040thoc", "Ten_CT": "Trường học", "Loai_CT": "", "Thuoc_huyen": "H. Ân Thi", "Thuoc_tinh": "Hưng Yên", "Trong_chigioi": "", "Ngoai_baiSg": "", "layer": "HYE_KTVHXH", "path": "D:/Work/HungYen/TaiLieu/De/De Hung Yen/BD Hung Yen/HYE_KTVHXH.TAB" }, "geometry": { "type": "Point", "coordinates": [ 106.08776273752828, 20.816621097913856 ] } },
{ "type": "Feature", "properties": { "ID": "HYE329040thoc", "Ten_CT": "Trường học", "Loai_CT": "", "Thuoc_huyen": "H. Ân Thi", "Thuoc_tinh": "Hưng Yên", "Trong_chigioi": "", "Ngoai_baiSg": "", "layer": "HYE_KTVHXH", "path": "D:/Work/HungYen/TaiLieu/De/De Hung Yen/BD Hung Yen/HYE_KTVHXH.TAB" }, "geometry": { "type": "Point", "coordinates": [ 106.086560915293177, 20.813467143097206 ] } },
{ "type": "Feature", "properties": { "ID": "HYE329040thoc", "Ten_CT": "Trường học", "Loai_CT": "", "Thuoc_huyen": "H. Ân Thi", "Thuoc_tinh": "Hưng Yên", "Trong_chigioi": "", "Ngoai_baiSg": "", "layer": "HYE_KTVHXH", "path": "D:/Work/HungYen/TaiLieu/De/De Hung Yen/BD Hung Yen/HYE_KTVHXH.TAB" }, "geometry": { "type": "Point", "coordinates": [ 106.087771389548507, 20.812350107488207 ] } },
{ "type": "Feature", "properties": { "ID": "HYE329040thoc", "Ten_CT": "Trường học", "Loai_CT": "", "Thuoc_huyen": "H. Ân Thi", "Thuoc_tinh": "Hưng Yên", "Trong_chigioi": "", "Ngoai_baiSg": "", "layer": "HYE_KTVHXH", "path": "D:/Work/HungYen/TaiLieu/De/De Hung Yen/BD Hung Yen/HYE_KTVHXH.TAB" }, "geometry": { "type": "Point", "coordinates": [ 106.085898525869652, 20.821144261632341 ] } },
{ "type": "Feature", "properties": { "ID": "HYE329040thoc", "Ten_CT": "Trường học", "Loai_CT": "", "Thuoc_huyen": "H. Ân Thi", "Thuoc_tinh": "Hưng Yên", "Trong_chigioi": "", "Ngoai_baiSg": "", "layer": "HYE_KTVHXH", "path": "D:/Work/HungYen/TaiLieu/De/De Hung Yen/BD Hung Yen/HYE_KTVHXH.TAB" }, "geometry": { "type": "Point", "coordinates": [ 106.066140421815547, 20.809305842114323 ] } },
{ "type": "Feature", "properties": { "ID": "HYE329040thoc", "Ten_CT": "Trường học", "Loai_CT": "", "Thuoc_huyen": "H. Ân Thi", "Thuoc_tinh": "Hưng Yên", "Trong_chigioi": "", "Ngoai_baiSg": "", "layer": "HYE_KTVHXH", "path": "D:/Work/HungYen/TaiLieu/De/De Hung Yen/BD Hung Yen/HYE_KTVHXH.TAB" }, "geometry": { "type": "Point", "coordinates": [ 106.108086029543941, 20.823424262923762 ] } },
{ "type": "Feature", "properties": { "ID": "HYE327040thoc", "Ten_CT": "Trường học", "Loai_CT": "", "Thuoc_huyen": "H. Yên  Mỹ", "Thuoc_tinh": "Hưng Yên", "Trong_chigioi": "", "Ngoai_baiSg": "", "layer": "HYE_KTVHXH", "path": "D:/Work/HungYen/TaiLieu/De/De Hung Yen/BD Hung Yen/HYE_KTVHXH.TAB" }, "geometry": { "type": "Point", "coordinates": [ 106.059637696767894, 20.861651586153933 ] } },
{ "type": "Feature", "properties": { "ID": "HYE327040thoc", "Ten_CT": "Trường học", "Loai_CT": "", "Thuoc_huyen": "H. Yên  Mỹ", "Thuoc_tinh": "Hưng Yên", "Trong_chigioi": "", "Ngoai_baiSg": "", "layer": "HYE_KTVHXH", "path": "D:/Work/HungYen/TaiLieu/De/De Hung Yen/BD Hung Yen/HYE_KTVHXH.TAB" }, "geometry": { "type": "Point", "coordinates": [ 106.063622820108989, 20.860794868478937 ] } },
{ "type": "Feature", "properties": { "ID": "HYE327040thoc", "Ten_CT": "Trường học", "Loai_CT": "", "Thuoc_huyen": "H. Yên  Mỹ", "Thuoc_tinh": "Hưng Yên", "Trong_chigioi": "", "Ngoai_baiSg": "", "layer": "HYE_KTVHXH", "path": "D:/Work/HungYen/TaiLieu/De/De Hung Yen/BD Hung Yen/HYE_KTVHXH.TAB" }, "geometry": { "type": "Point", "coordinates": [ 106.067855264650561, 20.868533854532505 ] } },
{ "type": "Feature", "properties": { "ID": "HYE327040thoc", "Ten_CT": "Trường học", "Loai_CT": "", "Thuoc_huyen": "H. Yên  Mỹ", "Thuoc_tinh": "Hưng Yên", "Trong_chigioi": "", "Ngoai_baiSg": "", "layer": "HYE_KTVHXH", "path": "D:/Work/HungYen/TaiLieu/De/De Hung Yen/BD Hung Yen/HYE_KTVHXH.TAB" }, "geometry": { "type": "Point", "coordinates": [ 106.068414088244921, 20.862761767334469 ] } },
{ "type": "Feature", "properties": { "ID": "HYE327040thoc", "Ten_CT": "Trường học", "Loai_CT": "", "Thuoc_huyen": "H. Yên  Mỹ", "Thuoc_tinh": "Hưng Yên", "Trong_chigioi": "", "Ngoai_baiSg": "", "layer": "HYE_KTVHXH", "path": "D:/Work/HungYen/TaiLieu/De/De Hung Yen/BD Hung Yen/HYE_KTVHXH.TAB" }, "geometry": { "type": "Point", "coordinates": [ 106.044222846638164, 20.862929598423452 ] } },
{ "type": "Feature", "properties": { "ID": "HYE327040thoc", "Ten_CT": "Trường học", "Loai_CT": "", "Thuoc_huyen": "H. Yên  Mỹ", "Thuoc_tinh": "Hưng Yên", "Trong_chigioi": "", "Ngoai_baiSg": "", "layer": "HYE_KTVHXH", "path": "D:/Work/HungYen/TaiLieu/De/De Hung Yen/BD Hung Yen/HYE_KTVHXH.TAB" }, "geometry": { "type": "Point", "coordinates": [ 106.032999783492457, 20.866270342023917 ] } },
{ "type": "Feature", "properties": { "ID": "HYE327040thoc", "Ten_CT": "Trường học", "Loai_CT": "", "Thuoc_huyen": "H. Yên  Mỹ", "Thuoc_tinh": "Hưng Yên", "Trong_chigioi": "", "Ngoai_baiSg": "", "layer": "HYE_KTVHXH", "path": "D:/Work/HungYen/TaiLieu/De/De Hung Yen/BD Hung Yen/HYE_KTVHXH.TAB" }, "geometry": { "type": "Point", "coordinates": [ 106.029801992657468, 20.860077268143364 ] } },
{ "type": "Feature", "properties": { "ID": "HYE327040thoc", "Ten_CT": "Trường học", "Loai_CT": "", "Thuoc_huyen": "H. Yên  Mỹ", "Thuoc_tinh": "Hưng Yên", "Trong_chigioi": "", "Ngoai_baiSg": "", "layer": "HYE_KTVHXH", "path": "D:/Work/HungYen/TaiLieu/De/De Hung Yen/BD Hung Yen/HYE_KTVHXH.TAB" }, "geometry": { "type": "Point", "coordinates": [ 106.032093660601944, 20.858824627634363 ] } },
{ "type": "Feature", "properties": { "ID": "HYE327040thoc", "Ten_CT": "Trường học", "Loai_CT": "", "Thuoc_huyen": "H. Yên  Mỹ", "Thuoc_tinh": "Hưng Yên", "Trong_chigioi": "", "Ngoai_baiSg": "", "layer": "HYE_KTVHXH", "path": "D:/Work/HungYen/TaiLieu/De/De Hung Yen/BD Hung Yen/HYE_KTVHXH.TAB" }, "geometry": { "type": "Point", "coordinates": [ 106.035059576428125, 20.858418407829362 ] } },
{ "type": "Feature", "properties": { "ID": "HYE327040thoc", "Ten_CT": "Trường học", "Loai_CT": "", "Thuoc_huyen": "H. Yên  Mỹ", "Thuoc_tinh": "Hưng Yên", "Trong_chigioi": "", "Ngoai_baiSg": "", "layer": "HYE_KTVHXH", "path": "D:/Work/HungYen/TaiLieu/De/De Hung Yen/BD Hung Yen/HYE_KTVHXH.TAB" }, "geometry": { "type": "Point", "coordinates": [ 106.032701254956095, 20.878808396090303 ] } },
{ "type": "Feature", "properties": { "ID": "HYE327040thoc", "Ten_CT": "Trường học", "Loai_CT": "", "Thuoc_huyen": "H. Yên  Mỹ", "Thuoc_tinh": "Hưng Yên", "Trong_chigioi": "", "Ngoai_baiSg": "", "layer": "HYE_KTVHXH", "path": "D:/Work/HungYen/TaiLieu/De/De Hung Yen/BD Hung Yen/HYE_KTVHXH.TAB" }, "geometry": { "type": "Point", "coordinates": [ 106.030962927903246, 20.874751379516788 ] } },
{ "type": "Feature", "properties": { "ID": "HYE327040thoc", "Ten_CT": "Trường học", "Loai_CT": "", "Thuoc_huyen": "H. Yên  Mỹ", "Thuoc_tinh": "Hưng Yên", "Trong_chigioi": "", "Ngoai_baiSg": "", "layer": "HYE_KTVHXH", "path": "D:/Work/HungYen/TaiLieu/De/De Hung Yen/BD Hung Yen/HYE_KTVHXH.TAB" }, "geometry": { "type": "Point", "coordinates": [ 106.035462228760565, 20.887167289191186 ] } },
{ "type": "Feature", "properties": { "ID": "HYE327040thoc", "Ten_CT": "Trường học", "Loai_CT": "", "Thuoc_huyen": "H. Yên  Mỹ", "Thuoc_tinh": "Hưng Yên", "Trong_chigioi": "", "Ngoai_baiSg": "", "layer": "HYE_KTVHXH", "path": "D:/Work/HungYen/TaiLieu/De/De Hung Yen/BD Hung Yen/HYE_KTVHXH.TAB" }, "geometry": { "type": "Point", "coordinates": [ 106.037896724375415, 20.889482114190848 ] } },
{ "type": "Feature", "properties": { "ID": "HYE327040thoc", "Ten_CT": "Trường học", "Loai_CT": "", "Thuoc_huyen": "H. Yên  Mỹ", "Thuoc_tinh": "Hưng Yên", "Trong_chigioi": "", "Ngoai_baiSg": "", "layer": "HYE_KTVHXH", "path": "D:/Work/HungYen/TaiLieu/De/De Hung Yen/BD Hung Yen/HYE_KTVHXH.TAB" }, "geometry": { "type": "Point", "coordinates": [ 106.035719449007146, 20.884540258834694 ] } },
{ "type": "Feature", "properties": { "ID": "HYE327040thoc", "Ten_CT": "Trường học", "Loai_CT": "", "Thuoc_huyen": "H. Yên  Mỹ", "Thuoc_tinh": "Hưng Yên", "Trong_chigioi": "", "Ngoai_baiSg": "", "layer": "HYE_KTVHXH", "path": "D:/Work/HungYen/TaiLieu/De/De Hung Yen/BD Hung Yen/HYE_KTVHXH.TAB" }, "geometry": { "type": "Point", "coordinates": [ 106.031794279341568, 20.885636403134534 ] } },
{ "type": "Feature", "properties": { "ID": "HYE327040thoc", "Ten_CT": "Trường học", "Loai_CT": "", "Thuoc_huyen": "H. Yên  Mỹ", "Thuoc_tinh": "Hưng Yên", "Trong_chigioi": "", "Ngoai_baiSg": "", "layer": "HYE_KTVHXH", "path": "D:/Work/HungYen/TaiLieu/De/De Hung Yen/BD Hung Yen/HYE_KTVHXH.TAB" }, "geometry": { "type": "Point", "coordinates": [ 106.034721456081627, 20.888114630895178 ] } },
{ "type": "Feature", "properties": { "ID": "HYE327040thoc", "Ten_CT": "Trường học", "Loai_CT": "", "Thuoc_huyen": "H. Yên  Mỹ", "Thuoc_tinh": "Hưng Yên", "Trong_chigioi": "", "Ngoai_baiSg": "", "layer": "HYE_KTVHXH", "path": "D:/Work/HungYen/TaiLieu/De/De Hung Yen/BD Hung Yen/HYE_KTVHXH.TAB" }, "geometry": { "type": "Point", "coordinates": [ 106.041226270147334, 20.894657330694329 ] } },
{ "type": "Feature", "properties": { "ID": "HYE327040thoc", "Ten_CT": "Trường học", "Loai_CT": "", "Thuoc_huyen": "H. Yên  Mỹ", "Thuoc_tinh": "Hưng Yên", "Trong_chigioi": "", "Ngoai_baiSg": "", "layer": "HYE_KTVHXH", "path": "D:/Work/HungYen/TaiLieu/De/De Hung Yen/BD Hung Yen/HYE_KTVHXH.TAB" }, "geometry": { "type": "Point", "coordinates": [ 106.041945321730765, 20.896261476033395 ] } },
{ "type": "Feature", "properties": { "ID": "HYE327040thoc", "Ten_CT": "Trường học", "Loai_CT": "", "Thuoc_huyen": "H. Yên  Mỹ", "Thuoc_tinh": "Hưng Yên", "Trong_chigioi": "", "Ngoai_baiSg": "", "layer": "HYE_KTVHXH", "path": "D:/Work/HungYen/TaiLieu/De/De Hung Yen/BD Hung Yen/HYE_KTVHXH.TAB" }, "geometry": { "type": "Point", "coordinates": [ 106.049555253828487, 20.903277637798485 ] } },
{ "type": "Feature", "properties": { "ID": "HYE327040thoc", "Ten_CT": "Trường học", "Loai_CT": "", "Thuoc_huyen": "H. Yên  Mỹ", "Thuoc_tinh": "Hưng Yên", "Trong_chigioi": "", "Ngoai_baiSg": "", "layer": "HYE_KTVHXH", "path": "D:/Work/HungYen/TaiLieu/De/De Hung Yen/BD Hung Yen/HYE_KTVHXH.TAB" }, "geometry": { "type": "Point", "coordinates": [ 106.029008736510121, 20.909688916176616 ] } },
{ "type": "Feature", "properties": { "ID": "HYE327040thoc", "Ten_CT": "Trường học", "Loai_CT": "", "Thuoc_huyen": "H. Yên  Mỹ", "Thuoc_tinh": "Hưng Yên", "Trong_chigioi": "", "Ngoai_baiSg": "", "layer": "HYE_KTVHXH", "path": "D:/Work/HungYen/TaiLieu/De/De Hung Yen/BD Hung Yen/HYE_KTVHXH.TAB" }, "geometry": { "type": "Point", "coordinates": [ 106.034257703137314, 20.909398285822665 ] } },
{ "type": "Feature", "properties": { "ID": "HYE327040thoc", "Ten_CT": "Trường học", "Loai_CT": "", "Thuoc_huyen": "H. Yên  Mỹ", "Thuoc_tinh": "Hưng Yên", "Trong_chigioi": "", "Ngoai_baiSg": "", "layer": "HYE_KTVHXH", "path": "D:/Work/HungYen/TaiLieu/De/De Hung Yen/BD Hung Yen/HYE_KTVHXH.TAB" }, "geometry": { "type": "Point", "coordinates": [ 106.034131720695257, 20.913965877254064 ] } },
{ "type": "Feature", "properties": { "ID": "HYE327040thoc", "Ten_CT": "Trường học", "Loai_CT": "", "Thuoc_huyen": "H. Yên  Mỹ", "Thuoc_tinh": "Hưng Yên", "Trong_chigioi": "", "Ngoai_baiSg": "", "layer": "HYE_KTVHXH", "path": "D:/Work/HungYen/TaiLieu/De/De Hung Yen/BD Hung Yen/HYE_KTVHXH.TAB" }, "geometry": { "type": "Point", "coordinates": [ 106.043013285974283, 20.917055015788499 ] } },
{ "type": "Feature", "properties": { "ID": "HYE327040thoc", "Ten_CT": "Trường học", "Loai_CT": "", "Thuoc_huyen": "H. Yên  Mỹ", "Thuoc_tinh": "Hưng Yên", "Trong_chigioi": "", "Ngoai_baiSg": "", "layer": "HYE_KTVHXH", "path": "D:/Work/HungYen/TaiLieu/De/De Hung Yen/BD Hung Yen/HYE_KTVHXH.TAB" }, "geometry": { "type": "Point", "coordinates": [ 106.053522562090166, 20.91872840382046 ] } },
{ "type": "Feature", "properties": { "ID": "HYE327040thoc", "Ten_CT": "Trường học", "Loai_CT": "", "Thuoc_huyen": "H. Yên  Mỹ", "Thuoc_tinh": "Hưng Yên", "Trong_chigioi": "", "Ngoai_baiSg": "", "layer": "HYE_KTVHXH", "path": "D:/Work/HungYen/TaiLieu/De/De Hung Yen/BD Hung Yen/HYE_KTVHXH.TAB" }, "geometry": { "type": "Point", "coordinates": [ 106.053048193889651, 20.923307348231891 ] } },
{ "type": "Feature", "properties": { "ID": "HYE327040thoc", "Ten_CT": "Trường học", "Loai_CT": "", "Thuoc_huyen": "H. Yên  Mỹ", "Thuoc_tinh": "Hưng Yên", "Trong_chigioi": "", "Ngoai_baiSg": "", "layer": "HYE_KTVHXH", "path": "D:/Work/HungYen/TaiLieu/De/De Hung Yen/BD Hung Yen/HYE_KTVHXH.TAB" }, "geometry": { "type": "Point", "coordinates": [ 106.055333092659438, 20.92590016864272 ] } },
{ "type": "Feature", "properties": { "ID": "HYE327040thoc", "Ten_CT": "Trường học", "Loai_CT": "", "Thuoc_huyen": "H. Yên  Mỹ", "Thuoc_tinh": "Hưng Yên", "Trong_chigioi": "", "Ngoai_baiSg": "", "layer": "HYE_KTVHXH", "path": "D:/Work/HungYen/TaiLieu/De/De Hung Yen/BD Hung Yen/HYE_KTVHXH.TAB" }, "geometry": { "type": "Point", "coordinates": [ 106.043629963235176, 20.925879686280005 ] } },
{ "type": "Feature", "properties": { "ID": "HYE327040thoc", "Ten_CT": "Trường học", "Loai_CT": "", "Thuoc_huyen": "H. Yên  Mỹ", "Thuoc_tinh": "Hưng Yên", "Trong_chigioi": "", "Ngoai_baiSg": "", "layer": "HYE_KTVHXH", "path": "D:/Work/HungYen/TaiLieu/De/De Hung Yen/BD Hung Yen/HYE_KTVHXH.TAB" }, "geometry": { "type": "Point", "coordinates": [ 106.03939692322902, 20.932395159848149 ] } },
{ "type": "Feature", "properties": { "ID": "HYE327040thoc", "Ten_CT": "Trường học", "Loai_CT": "", "Thuoc_huyen": "H. Yên  Mỹ", "Thuoc_tinh": "Hưng Yên", "Trong_chigioi": "", "Ngoai_baiSg": "", "layer": "HYE_KTVHXH", "path": "D:/Work/HungYen/TaiLieu/De/De Hung Yen/BD Hung Yen/HYE_KTVHXH.TAB" }, "geometry": { "type": "Point", "coordinates": [ 106.05854952671649, 20.871301072014777 ] } },
{ "type": "Feature", "properties": { "ID": "HYE327040thoc", "Ten_CT": "Trường học", "Loai_CT": "", "Thuoc_huyen": "H. Yên  Mỹ", "Thuoc_tinh": "Hưng Yên", "Trong_chigioi": "", "Ngoai_baiSg": "", "layer": "HYE_KTVHXH", "path": "D:/Work/HungYen/TaiLieu/De/De Hung Yen/BD Hung Yen/HYE_KTVHXH.TAB" }, "geometry": { "type": "Point", "coordinates": [ 106.068262547145295, 20.879671609071863 ] } },
{ "type": "Feature", "properties": { "ID": "HYE330040thoc", "Ten_CT": "Trường học", "Loai_CT": "", "Thuoc_huyen": "H. Khoái Châu", "Thuoc_tinh": "Hưng Yên", "Trong_chigioi": "", "Ngoai_baiSg": "", "layer": "HYE_KTVHXH", "path": "D:/Work/HungYen/TaiLieu/De/De Hung Yen/BD Hung Yen/HYE_KTVHXH.TAB" }, "geometry": { "type": "Point", "coordinates": [ 106.004989106110386, 20.847048372840895 ] } },
{ "type": "Feature", "properties": { "ID": "TBI344040bvien", "Ten_CT": "Bệnh viện", "Loai_CT": "Bệnh viện", "Thuoc_huyen": "H. Vũ Thư", "Thuoc_tinh": "Thái Bình", "Trong_chigioi": "", "Ngoai_baiSg": "", "layer": "TBI_KTVHXH", "path": "D:/Work/HungYen/TaiLieu/De/De Thai Binh/BD Thai Binh/TBI_KTVHXH.TAB|geometrytype=Point" }, "geometry": { "type": "Point", "coordinates": [ 106.29048126677489, 20.441468109615393 ] } },
{ "type": "Feature", "properties": { "ID": "TBI336040bvien", "Ten_CT": "Bệnh viện", "Loai_CT": "Bệnh viện", "Thuoc_huyen": "TP. Thái Bình", "Thuoc_tinh": "Thái Bình", "Trong_chigioi": "", "Ngoai_baiSg": "", "layer": "TBI_KTVHXH", "path": "D:/Work/HungYen/TaiLieu/De/De Thai Binh/BD Thai Binh/TBI_KTVHXH.TAB|geometrytype=Point" }, "geometry": { "type": "Point", "coordinates": [ 106.336074759690916, 20.441026635879062 ] } },
{ "type": "Feature", "properties": { "ID": "TBI336040bvien", "Ten_CT": "Bệnh viện", "Loai_CT": "Bệnh viện", "Thuoc_huyen": "TP. Thái Bình", "Thuoc_tinh": "Thái Bình", "Trong_chigioi": "", "Ngoai_baiSg": "", "layer": "TBI_KTVHXH", "path": "D:/Work/HungYen/TaiLieu/De/De Thai Binh/BD Thai Binh/TBI_KTVHXH.TAB|geometrytype=Point" }, "geometry": { "type": "Point", "coordinates": [ 106.331877991558557, 20.426536848170688 ] } },
{ "type": "Feature", "properties": { "ID": "TBI342040bvien", "Ten_CT": "Bệnh viện", "Loai_CT": "Bệnh viện", "Thuoc_huyen": "H. Tiền Hải", "Thuoc_tinh": "Thái Bình", "Trong_chigioi": "", "Ngoai_baiSg": "", "layer": "TBI_KTVHXH", "path": "D:/Work/HungYen/TaiLieu/De/De Thai Binh/BD Thai Binh/TBI_KTVHXH.TAB|geometrytype=Point" }, "geometry": { "type": "Point", "coordinates": [ 106.50510746345725, 20.391479882782342 ] } },
{ "type": "Feature", "properties": { "ID": "TBI338040bvien", "Ten_CT": "Bệnh viện", "Loai_CT": "Bệnh viện", "Thuoc_huyen": "H. Quỳnh Phụ", "Thuoc_tinh": "Thái Bình", "Trong_chigioi": "", "Ngoai_baiSg": "", "layer": "TBI_KTVHXH", "path": "D:/Work/HungYen/TaiLieu/De/De Thai Binh/BD Thai Binh/TBI_KTVHXH.TAB|geometrytype=Point" }, "geometry": { "type": "Point", "coordinates": [ 106.28252179459713, 20.681872421494511 ] } },
{ "type": "Feature", "properties": { "ID": "TBI338040bvien", "Ten_CT": "Bệnh viện", "Loai_CT": "Bệnh viện", "Thuoc_huyen": "H. Quỳnh Phụ", "Thuoc_tinh": "Thái Bình", "Trong_chigioi": "", "Ngoai_baiSg": "", "layer": "TBI_KTVHXH", "path": "D:/Work/HungYen/TaiLieu/De/De Thai Binh/BD Thai Binh/TBI_KTVHXH.TAB|geometrytype=Point" }, "geometry": { "type": "Point", "coordinates": [ 106.352807345273192, 20.692758590927344 ] } },
{ "type": "Feature", "properties": { "ID": "TBI338040bvien", "Ten_CT": "Bệnh viện", "Loai_CT": "Bệnh viện", "Thuoc_huyen": "H. Quỳnh Phụ", "Thuoc_tinh": "Thái Bình", "Trong_chigioi": "", "Ngoai_baiSg": "", "layer": "TBI_KTVHXH", "path": "D:/Work/HungYen/TaiLieu/De/De Thai Binh/BD Thai Binh/TBI_KTVHXH.TAB|geometrytype=Point" }, "geometry": { "type": "Point", "coordinates": [ 106.373823574091162, 20.691125610070642 ] } },
{ "type": "Feature", "properties": { "ID": "TBI338040bvien", "Ten_CT": "Bệnh viện", "Loai_CT": "Bệnh viện", "Thuoc_huyen": "H. Quỳnh Phụ", "Thuoc_tinh": "Thái Bình", "Trong_chigioi": "", "Ngoai_baiSg": "", "layer": "TBI_KTVHXH", "path": "D:/Work/HungYen/TaiLieu/De/De Thai Binh/BD Thai Binh/TBI_KTVHXH.TAB|geometrytype=Point" }, "geometry": { "type": "Point", "coordinates": [ 106.394459068827473, 20.670820777228105 ] } },
{ "type": "Feature", "properties": { "ID": "TBI338040bvien", "Ten_CT": "Bệnh viện", "Loai_CT": "Bệnh viện", "Thuoc_huyen": "H. Quỳnh Phụ", "Thuoc_tinh": "Thái Bình", "Trong_chigioi": "", "Ngoai_baiSg": "", "layer": "TBI_KTVHXH", "path": "D:/Work/HungYen/TaiLieu/De/De Thai Binh/BD Thai Binh/TBI_KTVHXH.TAB|geometrytype=Point" }, "geometry": { "type": "Point", "coordinates": [ 106.373146148706979, 20.652432193920095 ] } },
{ "type": "Feature", "properties": { "ID": "TBI338040bvien", "Ten_CT": "Bệnh viện", "Loai_CT": "Bệnh viện", "Thuoc_huyen": "H. Quỳnh Phụ", "Thuoc_tinh": "Thái Bình", "Trong_chigioi": "", "Ngoai_baiSg": "", "layer": "TBI_KTVHXH", "path": "D:/Work/HungYen/TaiLieu/De/De Thai Binh/BD Thai Binh/TBI_KTVHXH.TAB|geometrytype=Point" }, "geometry": { "type": "Point", "coordinates": [ 106.352408694154605, 20.652821643658626 ] } },
{ "type": "Feature", "properties": { "ID": "TBI338040bvien", "Ten_CT": "Bệnh viện", "Loai_CT": "Bệnh viện", "Thuoc_huyen": "H. Quỳnh Phụ", "Thuoc_tinh": "Thái Bình", "Trong_chigioi": "", "Ngoai_baiSg": "", "layer": "TBI_KTVHXH", "path": "D:/Work/HungYen/TaiLieu/De/De Thai Binh/BD Thai Binh/TBI_KTVHXH.TAB|geometrytype=Point" }, "geometry": { "type": "Point", "coordinates": [ 106.369841348151368, 20.621177698444249 ] } },
{ "type": "Feature", "properties": { "ID": "TBI341040bvien", "Ten_CT": "Bệnh viện", "Loai_CT": "Bệnh viện", "Thuoc_huyen": "H. Thái Thụy", "Thuoc_tinh": "Thái Bình", "Trong_chigioi": "", "Ngoai_baiSg": "", "layer": "TBI_KTVHXH", "path": "D:/Work/HungYen/TaiLieu/De/De Thai Binh/BD Thai Binh/TBI_KTVHXH.TAB|geometrytype=Point" }, "geometry": { "type": "Point", "coordinates": [ 106.47720026873111, 20.574008278810098 ] } },
{ "type": "Feature", "properties": { "ID": "TBI341040bvien", "Ten_CT": "Bệnh viện", "Loai_CT": "Bệnh viện", "Thuoc_huyen": "H. Thái Thụy", "Thuoc_tinh": "Thái Bình", "Trong_chigioi": "", "Ngoai_baiSg": "", "layer": "TBI_KTVHXH", "path": "D:/Work/HungYen/TaiLieu/De/De Thai Binh/BD Thai Binh/TBI_KTVHXH.TAB|geometrytype=Point" }, "geometry": { "type": "Point", "coordinates": [ 106.498481153318451, 20.569171430985612 ] } },
{ "type": "Feature", "properties": { "ID": "TBI341040bvien", "Ten_CT": "Bệnh viện", "Loai_CT": "Bệnh viện", "Thuoc_huyen": "H. Thái Thụy", "Thuoc_tinh": "Thái Bình", "Trong_chigioi": "", "Ngoai_baiSg": "", "layer": "TBI_KTVHXH", "path": "D:/Work/HungYen/TaiLieu/De/De Thai Binh/BD Thai Binh/TBI_KTVHXH.TAB|geometrytype=Point" }, "geometry": { "type": "Point", "coordinates": [ 106.530162575793327, 20.556878990613917 ] } },
{ "type": "Feature", "properties": { "ID": "TBI341040bvien", "Ten_CT": "Bệnh viện", "Loai_CT": "Bệnh viện", "Thuoc_huyen": "H. Thái Thụy", "Thuoc_tinh": "Thái Bình", "Trong_chigioi": "", "Ngoai_baiSg": "", "layer": "TBI_KTVHXH", "path": "D:/Work/HungYen/TaiLieu/De/De Thai Binh/BD Thai Binh/TBI_KTVHXH.TAB|geometrytype=Point" }, "geometry": { "type": "Point", "coordinates": [ 106.567909409173097, 20.56615923752571 ] } },
{ "type": "Feature", "properties": { "ID": "TBI341040bvien", "Ten_CT": "Bệnh viện", "Loai_CT": "Bệnh viện", "Thuoc_huyen": "H. Thái Thụy", "Thuoc_tinh": "Thái Bình", "Trong_chigioi": "", "Ngoai_baiSg": "", "layer": "TBI_KTVHXH", "path": "D:/Work/HungYen/TaiLieu/De/De Thai Binh/BD Thai Binh/TBI_KTVHXH.TAB|geometrytype=Point" }, "geometry": { "type": "Point", "coordinates": [ 106.565794518442218, 20.593564977580961 ] } },
{ "type": "Feature", "properties": { "ID": "TBI341040bvien", "Ten_CT": "Bệnh viện", "Loai_CT": "Bệnh viện", "Thuoc_huyen": "H. Thái Thụy", "Thuoc_tinh": "Thái Bình", "Trong_chigioi": "", "Ngoai_baiSg": "", "layer": "TBI_KTVHXH", "path": "D:/Work/HungYen/TaiLieu/De/De Thai Binh/BD Thai Binh/TBI_KTVHXH.TAB|geometrytype=Point" }, "geometry": { "type": "Point", "coordinates": [ 106.608151817569365, 20.603216903955445 ] } },
{ "type": "Feature", "properties": { "ID": "TBI341040bvien", "Ten_CT": "Bệnh viện", "Loai_CT": "Bệnh viện", "Thuoc_huyen": "H. Thái Thụy", "Thuoc_tinh": "Thái Bình", "Trong_chigioi": "", "Ngoai_baiSg": "", "layer": "TBI_KTVHXH", "path": "D:/Work/HungYen/TaiLieu/De/De Thai Binh/BD Thai Binh/TBI_KTVHXH.TAB|geometrytype=Point" }, "geometry": { "type": "Point", "coordinates": [ 106.538980986230257, 20.512406184839183 ] } },
{ "type": "Feature", "properties": { "ID": "TBI341040bvien", "Ten_CT": "Bệnh viện", "Loai_CT": "Bệnh viện", "Thuoc_huyen": "H. Thái Thụy", "Thuoc_tinh": "Thái Bình", "Trong_chigioi": "", "Ngoai_baiSg": "", "layer": "TBI_KTVHXH", "path": "D:/Work/HungYen/TaiLieu/De/De Thai Binh/BD Thai Binh/TBI_KTVHXH.TAB|geometrytype=Point" }, "geometry": { "type": "Point", "coordinates": [ 106.549029629788549, 20.488088749174768 ] } },
{ "type": "Feature", "properties": { "ID": "TBI341040bvien", "Ten_CT": "Bệnh viện", "Loai_CT": "Bệnh viện", "Thuoc_huyen": "H. Thái Thụy", "Thuoc_tinh": "Thái Bình", "Trong_chigioi": "", "Ngoai_baiSg": "", "layer": "TBI_KTVHXH", "path": "D:/Work/HungYen/TaiLieu/De/De Thai Binh/BD Thai Binh/TBI_KTVHXH.TAB|geometrytype=Point" }, "geometry": { "type": "Point", "coordinates": [ 106.522916462400133, 20.488545259467625 ] } },
{ "type": "Feature", "properties": { "ID": "TBI341040bvien", "Ten_CT": "Bệnh viện", "Loai_CT": "Bệnh viện", "Thuoc_huyen": "H. Thái Thụy", "Thuoc_tinh": "Thái Bình", "Trong_chigioi": "", "Ngoai_baiSg": "", "layer": "TBI_KTVHXH", "path": "D:/Work/HungYen/TaiLieu/De/De Thai Binh/BD Thai Binh/TBI_KTVHXH.TAB|geometrytype=Point" }, "geometry": { "type": "Point", "coordinates": [ 106.519527659862504, 20.483159646365312 ] } },
{ "type": "Feature", "properties": { "ID": "TBI341040bvien", "Ten_CT": "Bệnh viện", "Loai_CT": "Bệnh viện", "Thuoc_huyen": "H. Thái Thụy", "Thuoc_tinh": "Thái Bình", "Trong_chigioi": "", "Ngoai_baiSg": "", "layer": "TBI_KTVHXH", "path": "D:/Work/HungYen/TaiLieu/De/De Thai Binh/BD Thai Binh/TBI_KTVHXH.TAB|geometrytype=Point" }, "geometry": { "type": "Point", "coordinates": [ 106.501298099057948, 20.491300258388954 ] } },
{ "type": "Feature", "properties": { "ID": "TBI342040bvien", "Ten_CT": "Bệnh viện", "Loai_CT": "Bệnh viện", "Thuoc_huyen": "H. Tiền Hải", "Thuoc_tinh": "Thái Bình", "Trong_chigioi": "", "Ngoai_baiSg": "", "layer": "TBI_KTVHXH", "path": "D:/Work/HungYen/TaiLieu/De/De Thai Binh/BD Thai Binh/TBI_KTVHXH.TAB|geometrytype=Point" }, "geometry": { "type": "Point", "coordinates": [ 106.572384692532211, 20.443061365131612 ] } },
{ "type": "Feature", "properties": { "ID": "TBI342040bvien", "Ten_CT": "Bệnh viện", "Loai_CT": "Bệnh viện", "Thuoc_huyen": "H. Tiền Hải", "Thuoc_tinh": "Thái Bình", "Trong_chigioi": "", "Ngoai_baiSg": "", "layer": "TBI_KTVHXH", "path": "D:/Work/HungYen/TaiLieu/De/De Thai Binh/BD Thai Binh/TBI_KTVHXH.TAB|geometrytype=Point" }, "geometry": { "type": "Point", "coordinates": [ 106.577240419382136, 20.425050869610978 ] } },
{ "type": "Feature", "properties": { "ID": "TBI342040bvien", "Ten_CT": "Bệnh viện", "Loai_CT": "Bệnh viện", "Thuoc_huyen": "H. Tiền Hải", "Thuoc_tinh": "Thái Bình", "Trong_chigioi": "", "Ngoai_baiSg": "", "layer": "TBI_KTVHXH", "path": "D:/Work/HungYen/TaiLieu/De/De Thai Binh/BD Thai Binh/TBI_KTVHXH.TAB|geometrytype=Point" }, "geometry": { "type": "Point", "coordinates": [ 106.539629442967481, 20.427446569629822 ] } },
{ "type": "Feature", "properties": { "ID": "TBI342040bvien", "Ten_CT": "Bệnh viện", "Loai_CT": "Bệnh viện", "Thuoc_huyen": "H. Tiền Hải", "Thuoc_tinh": "Thái Bình", "Trong_chigioi": "", "Ngoai_baiSg": "", "layer": "TBI_KTVHXH", "path": "D:/Work/HungYen/TaiLieu/De/De Thai Binh/BD Thai Binh/TBI_KTVHXH.TAB|geometrytype=Point" }, "geometry": { "type": "Point", "coordinates": [ 106.536429452595712, 20.413879809898383 ] } },
{ "type": "Feature", "properties": { "ID": "TBI342040bvien", "Ten_CT": "Bệnh viện", "Loai_CT": "Bệnh viện", "Thuoc_huyen": "H. Tiền Hải", "Thuoc_tinh": "Thái Bình", "Trong_chigioi": "", "Ngoai_baiSg": "", "layer": "TBI_KTVHXH", "path": "D:/Work/HungYen/TaiLieu/De/De Thai Binh/BD Thai Binh/TBI_KTVHXH.TAB|geometrytype=Point" }, "geometry": { "type": "Point", "coordinates": [ 106.539943580098367, 20.39889994524351 ] } },
{ "type": "Feature", "properties": { "ID": "TBI342040bvien", "Ten_CT": "Bệnh viện", "Loai_CT": "Bệnh viện", "Thuoc_huyen": "H. Tiền Hải", "Thuoc_tinh": "Thái Bình", "Trong_chigioi": "", "Ngoai_baiSg": "", "layer": "TBI_KTVHXH", "path": "D:/Work/HungYen/TaiLieu/De/De Thai Binh/BD Thai Binh/TBI_KTVHXH.TAB|geometrytype=Point" }, "geometry": { "type": "Point", "coordinates": [ 106.545025762056426, 20.388334411836389 ] } },
{ "type": "Feature", "properties": { "ID": "TBI342040bvien", "Ten_CT": "Bệnh viện", "Loai_CT": "Bệnh viện", "Thuoc_huyen": "H. Tiền Hải", "Thuoc_tinh": "Thái Bình", "Trong_chigioi": "", "Ngoai_baiSg": "", "layer": "TBI_KTVHXH", "path": "D:/Work/HungYen/TaiLieu/De/De Thai Binh/BD Thai Binh/TBI_KTVHXH.TAB|geometrytype=Point" }, "geometry": { "type": "Point", "coordinates": [ 106.576854634324448, 20.394508397015457 ] } },
{ "type": "Feature", "properties": { "ID": "TBI342040bvien", "Ten_CT": "Bệnh viện", "Loai_CT": "Bệnh viện", "Thuoc_huyen": "H. Tiền Hải", "Thuoc_tinh": "Thái Bình", "Trong_chigioi": "", "Ngoai_baiSg": "", "layer": "TBI_KTVHXH", "path": "D:/Work/HungYen/TaiLieu/De/De Thai Binh/BD Thai Binh/TBI_KTVHXH.TAB|geometrytype=Point" }, "geometry": { "type": "Point", "coordinates": [ 106.555934641755385, 20.370073238445979 ] } },
{ "type": "Feature", "properties": { "ID": "TBI342040bvien", "Ten_CT": "Bệnh viện", "Loai_CT": "Bệnh viện", "Thuoc_huyen": "H. Tiền Hải", "Thuoc_tinh": "Thái Bình", "Trong_chigioi": "", "Ngoai_baiSg": "", "layer": "TBI_KTVHXH", "path": "D:/Work/HungYen/TaiLieu/De/De Thai Binh/BD Thai Binh/TBI_KTVHXH.TAB|geometrytype=Point" }, "geometry": { "type": "Point", "coordinates": [ 106.552153102215954, 20.361109446605543 ] } },
{ "type": "Feature", "properties": { "ID": "TBI342040bvien", "Ten_CT": "Bệnh viện", "Loai_CT": "Bệnh viện", "Thuoc_huyen": "H. Tiền Hải", "Thuoc_tinh": "Thái Bình", "Trong_chigioi": "", "Ngoai_baiSg": "", "layer": "TBI_KTVHXH", "path": "D:/Work/HungYen/TaiLieu/De/De Thai Binh/BD Thai Binh/TBI_KTVHXH.TAB|geometrytype=Point" }, "geometry": { "type": "Point", "coordinates": [ 106.521306905802263, 20.350719183710932 ] } },
{ "type": "Feature", "properties": { "ID": "TBI342040bvien", "Ten_CT": "Bệnh viện", "Loai_CT": "Bệnh viện", "Thuoc_huyen": "H. Tiền Hải", "Thuoc_tinh": "Thái Bình", "Trong_chigioi": "", "Ngoai_baiSg": "", "layer": "TBI_KTVHXH", "path": "D:/Work/HungYen/TaiLieu/De/De Thai Binh/BD Thai Binh/TBI_KTVHXH.TAB|geometrytype=Point" }, "geometry": { "type": "Point", "coordinates": [ 106.51657573690369, 20.331467579142167 ] } },
{ "type": "Feature", "properties": { "ID": "TBI342040bvien", "Ten_CT": "Bệnh viện", "Loai_CT": "Bệnh viện", "Thuoc_huyen": "H. Tiền Hải", "Thuoc_tinh": "Thái Bình", "Trong_chigioi": "", "Ngoai_baiSg": "", "layer": "TBI_KTVHXH", "path": "D:/Work/HungYen/TaiLieu/De/De Thai Binh/BD Thai Binh/TBI_KTVHXH.TAB|geometrytype=Point" }, "geometry": { "type": "Point", "coordinates": [ 106.528697359517807, 20.340839070455957 ] } },
{ "type": "Feature", "properties": { "ID": "TBI342040bvien", "Ten_CT": "Bệnh viện", "Loai_CT": "Bệnh viện", "Thuoc_huyen": "H. Tiền Hải", "Thuoc_tinh": "Thái Bình", "Trong_chigioi": "", "Ngoai_baiSg": "", "layer": "TBI_KTVHXH", "path": "D:/Work/HungYen/TaiLieu/De/De Thai Binh/BD Thai Binh/TBI_KTVHXH.TAB|geometrytype=Point" }, "geometry": { "type": "Point", "coordinates": [ 106.54266149079794, 20.342972802977037 ] } },
{ "type": "Feature", "properties": { "ID": "TBI342040bvien", "Ten_CT": "Bệnh viện", "Loai_CT": "Bệnh viện", "Thuoc_huyen": "H. Tiền Hải", "Thuoc_tinh": "Thái Bình", "Trong_chigioi": "", "Ngoai_baiSg": "", "layer": "TBI_KTVHXH", "path": "D:/Work/HungYen/TaiLieu/De/De Thai Binh/BD Thai Binh/TBI_KTVHXH.TAB|geometrytype=Point" }, "geometry": { "type": "Point", "coordinates": [ 106.574226904478152, 20.341788656509472 ] } },
{ "type": "Feature", "properties": { "ID": "TBI342040bvien", "Ten_CT": "Bệnh viện", "Loai_CT": "Bệnh viện", "Thuoc_huyen": "H. Tiền Hải", "Thuoc_tinh": "Thái Bình", "Trong_chigioi": "", "Ngoai_baiSg": "", "layer": "TBI_KTVHXH", "path": "D:/Work/HungYen/TaiLieu/De/De Thai Binh/BD Thai Binh/TBI_KTVHXH.TAB|geometrytype=Point" }, "geometry": { "type": "Point", "coordinates": [ 106.552590463292049, 20.346551574165755 ] } },
{ "type": "Feature", "properties": { "ID": "TBI343040bvien", "Ten_CT": "Bệnh viện", "Loai_CT": "Bệnh viện", "Thuoc_huyen": "H. Kiến Xương", "Thuoc_tinh": "Thái Bình", "Trong_chigioi": "", "Ngoai_baiSg": "", "layer": "TBI_KTVHXH", "path": "D:/Work/HungYen/TaiLieu/De/De Thai Binh/BD Thai Binh/TBI_KTVHXH.TAB|geometrytype=Point" }, "geometry": { "type": "Point", "coordinates": [ 106.456173511474887, 20.317031848047829 ] } },
{ "type": "Feature", "properties": { "ID": "TBI342040bvien", "Ten_CT": "Bệnh viện", "Loai_CT": "Bệnh viện", "Thuoc_huyen": "H. Tiền Hải", "Thuoc_tinh": "Thái Bình", "Trong_chigioi": "", "Ngoai_baiSg": "", "layer": "TBI_KTVHXH", "path": "D:/Work/HungYen/TaiLieu/De/De Thai Binh/BD Thai Binh/TBI_KTVHXH.TAB|geometrytype=Point" }, "geometry": { "type": "Point", "coordinates": [ 106.474596924295426, 20.370582021280676 ] } },
{ "type": "Feature", "properties": { "ID": "TBI343040bvien", "Ten_CT": "Bệnh viện", "Loai_CT": "Bệnh viện", "Thuoc_huyen": "H. Kiến Xương", "Thuoc_tinh": "Thái Bình", "Trong_chigioi": "", "Ngoai_baiSg": "", "layer": "TBI_KTVHXH", "path": "D:/Work/HungYen/TaiLieu/De/De Thai Binh/BD Thai Binh/TBI_KTVHXH.TAB|geometrytype=Point" }, "geometry": { "type": "Point", "coordinates": [ 106.443740425893893, 20.392558933168772 ] } },
{ "type": "Feature", "properties": { "ID": "TBI342040bvien", "Ten_CT": "Bệnh viện", "Loai_CT": "Bệnh viện", "Thuoc_huyen": "H. Tiền Hải", "Thuoc_tinh": "Thái Bình", "Trong_chigioi": "", "Ngoai_baiSg": "", "layer": "TBI_KTVHXH", "path": "D:/Work/HungYen/TaiLieu/De/De Thai Binh/BD Thai Binh/TBI_KTVHXH.TAB|geometrytype=Point" }, "geometry": { "type": "Point", "coordinates": [ 106.564120044525112, 20.465699860098123 ] } },
{ "type": "Feature", "properties": { "ID": "TBI344040bvien", "Ten_CT": "Bệnh viện", "Loai_CT": "Bệnh viện", "Thuoc_huyen": "H. Vũ Thư", "Thuoc_tinh": "Thái Bình", "Trong_chigioi": "", "Ngoai_baiSg": "", "layer": "TBI_KTVHXH", "path": "D:/Work/HungYen/TaiLieu/De/De Thai Binh/BD Thai Binh/TBI_KTVHXH.TAB|geometrytype=Point" }, "geometry": { "type": "Point", "coordinates": [ 106.24520290266878, 20.446585070221101 ] } },
{ "type": "Feature", "properties": { "ID": "TBI344040bvien", "Ten_CT": "Bệnh viện", "Loai_CT": "Bệnh viện", "Thuoc_huyen": "H. Vũ Thư", "Thuoc_tinh": "Thái Bình", "Trong_chigioi": "", "Ngoai_baiSg": "", "layer": "TBI_KTVHXH", "path": "D:/Work/HungYen/TaiLieu/De/De Thai Binh/BD Thai Binh/TBI_KTVHXH.TAB|geometrytype=Point" }, "geometry": { "type": "Point", "coordinates": [ 106.236867804661955, 20.436658817202204 ] } },
{ "type": "Feature", "properties": { "ID": "TBI344040bvien", "Ten_CT": "Bệnh viện", "Loai_CT": "Bệnh viện", "Thuoc_huyen": "H. Vũ Thư", "Thuoc_tinh": "Thái Bình", "Trong_chigioi": "", "Ngoai_baiSg": "", "layer": "TBI_KTVHXH", "path": "D:/Work/HungYen/TaiLieu/De/De Thai Binh/BD Thai Binh/TBI_KTVHXH.TAB|geometrytype=Point" }, "geometry": { "type": "Point", "coordinates": [ 106.28204810702006, 20.426036151111123 ] } },
{ "type": "Feature", "properties": { "ID": "TBI344040bvien", "Ten_CT": "Bệnh viện", "Loai_CT": "Bệnh viện", "Thuoc_huyen": "H. Vũ Thư", "Thuoc_tinh": "Thái Bình", "Trong_chigioi": "", "Ngoai_baiSg": "", "layer": "TBI_KTVHXH", "path": "D:/Work/HungYen/TaiLieu/De/De Thai Binh/BD Thai Binh/TBI_KTVHXH.TAB|geometrytype=Point" }, "geometry": { "type": "Point", "coordinates": [ 106.351502334465266, 20.392903420354884 ] } },
{ "type": "Feature", "properties": { "ID": "TBI342040bvien", "Ten_CT": "Bệnh viện", "Loai_CT": "Bệnh viện", "Thuoc_huyen": "H. Tiền Hải", "Thuoc_tinh": "Thái Bình", "Trong_chigioi": "", "Ngoai_baiSg": "", "layer": "TBI_KTVHXH", "path": "D:/Work/HungYen/TaiLieu/De/De Thai Binh/BD Thai Binh/TBI_KTVHXH.TAB|geometrytype=Point" }, "geometry": { "type": "Point", "coordinates": [ 106.485880374327223, 20.318812828571236 ] } },
{ "type": "Feature", "properties": { "ID": "TBI342040bvien", "Ten_CT": "Bệnh viện", "Loai_CT": "Bệnh viện", "Thuoc_huyen": "H. Tiền Hải", "Thuoc_tinh": "Thái Bình", "Trong_chigioi": "", "Ngoai_baiSg": "", "layer": "TBI_KTVHXH", "path": "D:/Work/HungYen/TaiLieu/De/De Thai Binh/BD Thai Binh/TBI_KTVHXH.TAB|geometrytype=Point" }, "geometry": { "type": "Point", "coordinates": [ 106.476481726069053, 20.420942079963513 ] } },
{ "type": "Feature", "properties": { "ID": "TBI342040bvien", "Ten_CT": "Bệnh viện", "Loai_CT": "Bệnh viện", "Thuoc_huyen": "H. Tiền Hải", "Thuoc_tinh": "Thái Bình", "Trong_chigioi": "", "Ngoai_baiSg": "", "layer": "TBI_KTVHXH", "path": "D:/Work/HungYen/TaiLieu/De/De Thai Binh/BD Thai Binh/TBI_KTVHXH.TAB|geometrytype=Point" }, "geometry": { "type": "Point", "coordinates": [ 106.59024976207111, 20.446960498809482 ] } },
{ "type": "Feature", "properties": { "ID": "TBI341040bvien", "Ten_CT": "Bệnh viện", "Loai_CT": "Bệnh viện", "Thuoc_huyen": "H. Thái Thụy", "Thuoc_tinh": "Thái Bình", "Trong_chigioi": "", "Ngoai_baiSg": "", "layer": "TBI_KTVHXH", "path": "D:/Work/HungYen/TaiLieu/De/De Thai Binh/BD Thai Binh/TBI_KTVHXH.TAB|geometrytype=Point" }, "geometry": { "type": "Point", "coordinates": [ 106.473926774374846, 20.510460750291244 ] } },
{ "type": "Feature", "properties": { "ID": "TBI341040bvien", "Ten_CT": "Bệnh viện", "Loai_CT": "Bệnh viện", "Thuoc_huyen": "H. Thái Thụy", "Thuoc_tinh": "Thái Bình", "Trong_chigioi": "", "Ngoai_baiSg": "", "layer": "TBI_KTVHXH", "path": "D:/Work/HungYen/TaiLieu/De/De Thai Binh/BD Thai Binh/TBI_KTVHXH.TAB|geometrytype=Point" }, "geometry": { "type": "Point", "coordinates": [ 106.565876985495734, 20.537070326265731 ] } },
{ "type": "Feature", "properties": { "ID": "TBI341040bvien", "Ten_CT": "Bệnh viện", "Loai_CT": "Bệnh viện", "Thuoc_huyen": "H. Thái Thụy", "Thuoc_tinh": "Thái Bình", "Trong_chigioi": "", "Ngoai_baiSg": "", "layer": "TBI_KTVHXH", "path": "D:/Work/HungYen/TaiLieu/De/De Thai Binh/BD Thai Binh/TBI_KTVHXH.TAB|geometrytype=Point" }, "geometry": { "type": "Point", "coordinates": [ 106.555270775203965, 20.614136449599926 ] } },
{ "type": "Feature", "properties": { "ID": "TBI339040bvien", "Ten_CT": "Bệnh viện", "Loai_CT": "Bệnh viện", "Thuoc_huyen": "H. Hưng Hà", "Thuoc_tinh": "Thái Bình", "Trong_chigioi": "", "Ngoai_baiSg": "", "layer": "TBI_KTVHXH", "path": "D:/Work/HungYen/TaiLieu/De/De Thai Binh/BD Thai Binh/TBI_KTVHXH.TAB|geometrytype=Point" }, "geometry": { "type": "Point", "coordinates": [ 106.235289097451982, 20.653558994467105 ] } },
{ "type": "Feature", "properties": { "ID": "TBI339040bvien", "Ten_CT": "Bệnh viện", "Loai_CT": "Bệnh viện", "Thuoc_huyen": "H. Hưng Hà", "Thuoc_tinh": "Thái Bình", "Trong_chigioi": "", "Ngoai_baiSg": "", "layer": "TBI_KTVHXH", "path": "D:/Work/HungYen/TaiLieu/De/De Thai Binh/BD Thai Binh/TBI_KTVHXH.TAB|geometrytype=Point" }, "geometry": { "type": "Point", "coordinates": [ 106.191213509913794, 20.628453717814462 ] } },
{ "type": "Feature", "properties": { "ID": "TBI339040bvien", "Ten_CT": "Bệnh viện", "Loai_CT": "Bệnh viện", "Thuoc_huyen": "H. Hưng Hà", "Thuoc_tinh": "Thái Bình", "Trong_chigioi": "", "Ngoai_baiSg": "", "layer": "TBI_KTVHXH", "path": "D:/Work/HungYen/TaiLieu/De/De Thai Binh/BD Thai Binh/TBI_KTVHXH.TAB|geometrytype=Point" }, "geometry": { "type": "Point", "coordinates": [ 106.166613948898117, 20.613050794317509 ] } },
{ "type": "Feature", "properties": { "ID": "TBI339040bvien", "Ten_CT": "Bệnh viện", "Loai_CT": "Bệnh viện", "Thuoc_huyen": "H. Hưng Hà", "Thuoc_tinh": "Thái Bình", "Trong_chigioi": "", "Ngoai_baiSg": "", "layer": "TBI_KTVHXH", "path": "D:/Work/HungYen/TaiLieu/De/De Thai Binh/BD Thai Binh/TBI_KTVHXH.TAB|geometrytype=Point" }, "geometry": { "type": "Point", "coordinates": [ 106.146486021517063, 20.600378988504612 ] } },
{ "type": "Feature", "properties": { "ID": "TBI339040bvien", "Ten_CT": "Bệnh viện", "Loai_CT": "Bệnh viện", "Thuoc_huyen": "H. Hưng Hà", "Thuoc_tinh": "Thái Bình", "Trong_chigioi": "", "Ngoai_baiSg": "", "layer": "TBI_KTVHXH", "path": "D:/Work/HungYen/TaiLieu/De/De Thai Binh/BD Thai Binh/TBI_KTVHXH.TAB|geometrytype=Point" }, "geometry": { "type": "Point", "coordinates": [ 106.14131787109244, 20.590223100874805 ] } },
{ "type": "Feature", "properties": { "ID": "TBI339040bvien", "Ten_CT": "Bệnh viện", "Loai_CT": "Bệnh viện", "Thuoc_huyen": "H. Hưng Hà", "Thuoc_tinh": "Thái Bình", "Trong_chigioi": "", "Ngoai_baiSg": "", "layer": "TBI_KTVHXH", "path": "D:/Work/HungYen/TaiLieu/De/De Thai Binh/BD Thai Binh/TBI_KTVHXH.TAB|geometrytype=Point" }, "geometry": { "type": "Point", "coordinates": [ 106.179963134519511, 20.567488981769337 ] } },
{ "type": "Feature", "properties": { "ID": "TBI339040bvien", "Ten_CT": "Bệnh viện", "Loai_CT": "Bệnh viện", "Thuoc_huyen": "H. Hưng Hà", "Thuoc_tinh": "Thái Bình", "Trong_chigioi": "", "Ngoai_baiSg": "", "layer": "TBI_KTVHXH", "path": "D:/Work/HungYen/TaiLieu/De/De Thai Binh/BD Thai Binh/TBI_KTVHXH.TAB|geometrytype=Point" }, "geometry": { "type": "Point", "coordinates": [ 106.212767590264221, 20.537460660209639 ] } },
{ "type": "Feature", "properties": { "ID": "TBI344040bvien", "Ten_CT": "Bệnh viện", "Loai_CT": "Bệnh viện", "Thuoc_huyen": "H. Vũ Thư", "Thuoc_tinh": "Thái Bình", "Trong_chigioi": "", "Ngoai_baiSg": "", "layer": "TBI_KTVHXH", "path": "D:/Work/HungYen/TaiLieu/De/De Thai Binh/BD Thai Binh/TBI_KTVHXH.TAB|geometrytype=Point" }, "geometry": { "type": "Point", "coordinates": [ 106.225797898092836, 20.504055617006294 ] } },
{ "type": "Feature", "properties": { "ID": "TBI341040bvien", "Ten_CT": "Bệnh viện", "Loai_CT": "Bệnh viện", "Thuoc_huyen": "H. Thái Thụy", "Thuoc_tinh": "Thái Bình", "Trong_chigioi": "", "Ngoai_baiSg": "", "layer": "TBI_KTVHXH", "path": "D:/Work/HungYen/TaiLieu/De/De Thai Binh/BD Thai Binh/TBI_KTVHXH.TAB|geometrytype=Point" }, "geometry": { "type": "Point", "coordinates": [ 106.449890137401454, 20.523736743197432 ] } },
{ "type": "Feature", "properties": { "ID": "TBI338040bvien", "Ten_CT": "Bệnh viện", "Loai_CT": "Bệnh viện", "Thuoc_huyen": "H. Quỳnh Phụ", "Thuoc_tinh": "Thái Bình", "Trong_chigioi": "", "Ngoai_baiSg": "", "layer": "TBI_KTVHXH", "path": "D:/Work/HungYen/TaiLieu/De/De Thai Binh/BD Thai Binh/TBI_KTVHXH.TAB|geometrytype=Point" }, "geometry": { "type": "Point", "coordinates": [ 106.41893984102839, 20.615211187088661 ] } },
{ "type": "Feature", "properties": { "ID": "TBI338040bvien", "Ten_CT": "Bệnh viện", "Loai_CT": "Bệnh viện", "Thuoc_huyen": "H. Quỳnh Phụ", "Thuoc_tinh": "Thái Bình", "Trong_chigioi": "", "Ngoai_baiSg": "", "layer": "TBI_KTVHXH", "path": "D:/Work/HungYen/TaiLieu/De/De Thai Binh/BD Thai Binh/TBI_KTVHXH.TAB|geometrytype=Point" }, "geometry": { "type": "Point", "coordinates": [ 106.346007178698216, 20.616274189158325 ] } },
{ "type": "Feature", "properties": { "ID": "TBI339040bvien", "Ten_CT": "Bệnh viện", "Loai_CT": "Bệnh viện", "Thuoc_huyen": "H. Hưng Hà", "Thuoc_tinh": "Thái Bình", "Trong_chigioi": "", "Ngoai_baiSg": "", "layer": "TBI_KTVHXH", "path": "D:/Work/HungYen/TaiLieu/De/De Thai Binh/BD Thai Binh/TBI_KTVHXH.TAB|geometrytype=Point" }, "geometry": { "type": "Point", "coordinates": [ 106.218832525414996, 20.593636366144597 ] } },
{ "type": "Feature", "properties": { "ID": "TBI339040bvien", "Ten_CT": "Bệnh viện", "Loai_CT": "Bệnh viện", "Thuoc_huyen": "H. Hưng Hà", "Thuoc_tinh": "Thái Bình", "Trong_chigioi": "", "Ngoai_baiSg": "", "layer": "TBI_KTVHXH", "path": "D:/Work/HungYen/TaiLieu/De/De Thai Binh/BD Thai Binh/TBI_KTVHXH.TAB|geometrytype=Point" }, "geometry": { "type": "Point", "coordinates": [ 106.208838545089634, 20.581125788777666 ] } },
{ "type": "Feature", "properties": { "ID": "TBI339040bvien", "Ten_CT": "Bệnh viện", "Loai_CT": "Bệnh viện", "Thuoc_huyen": "H. Hưng Hà", "Thuoc_tinh": "Thái Bình", "Trong_chigioi": "", "Ngoai_baiSg": "", "layer": "TBI_KTVHXH", "path": "D:/Work/HungYen/TaiLieu/De/De Thai Binh/BD Thai Binh/TBI_KTVHXH.TAB|geometrytype=Point" }, "geometry": { "type": "Point", "coordinates": [ 106.249007076787947, 20.567216282774904 ] } },
{ "type": "Feature", "properties": { "ID": "TBI339040bvien", "Ten_CT": "Bệnh viện", "Loai_CT": "Bệnh viện", "Thuoc_huyen": "H. Hưng Hà", "Thuoc_tinh": "Thái Bình", "Trong_chigioi": "", "Ngoai_baiSg": "", "layer": "TBI_KTVHXH", "path": "D:/Work/HungYen/TaiLieu/De/De Thai Binh/BD Thai Binh/TBI_KTVHXH.TAB|geometrytype=Point" }, "geometry": { "type": "Point", "coordinates": [ 106.181987462620341, 20.649645895591735 ] } },
{ "type": "Feature", "properties": { "ID": "TBI344040bvien", "Ten_CT": "Bệnh viện", "Loai_CT": "Bệnh viện", "Thuoc_huyen": "H. Vũ Thư", "Thuoc_tinh": "Thái Bình", "Trong_chigioi": "", "Ngoai_baiSg": "", "layer": "TBI_KTVHXH", "path": "D:/Work/HungYen/TaiLieu/De/De Thai Binh/BD Thai Binh/TBI_KTVHXH.TAB|geometrytype=Point" }, "geometry": { "type": "Point", "coordinates": [ 106.346379111039852, 20.412434446831266 ] } },
{ "type": "Feature", "properties": { "ID": "TBI339040ntho", "Ten_CT": "Nhà thờ", "Loai_CT": "Nhà thờ", "Thuoc_huyen": "H. Hưng Hà", "Thuoc_tinh": "Thái Bình", "Trong_chigioi": "", "Ngoai_baiSg": "", "layer": "TBI_KTVHXH", "path": "D:/Work/HungYen/TaiLieu/De/De Thai Binh/BD Thai Binh/TBI_KTVHXH.TAB|geometrytype=Point" }, "geometry": { "type": "Point", "coordinates": [ 106.201251948275115, 20.517804494682132 ] } },
{ "type": "Feature", "properties": { "ID": "TBI339040ntho", "Ten_CT": "Nhà thờ", "Loai_CT": "Nhà thờ", "Thuoc_huyen": "H. Hưng Hà", "Thuoc_tinh": "Thái Bình", "Trong_chigioi": "", "Ngoai_baiSg": "", "layer": "TBI_KTVHXH", "path": "D:/Work/HungYen/TaiLieu/De/De Thai Binh/BD Thai Binh/TBI_KTVHXH.TAB|geometrytype=Point" }, "geometry": { "type": "Point", "coordinates": [ 106.13917282064358, 20.619105673878657 ] } },
{ "type": "Feature", "properties": { "ID": "TBI339040ntho", "Ten_CT": "Nhà thờ", "Loai_CT": "Nhà thờ", "Thuoc_huyen": "H. Hưng Hà", "Thuoc_tinh": "Thái Bình", "Trong_chigioi": "", "Ngoai_baiSg": "", "layer": "TBI_KTVHXH", "path": "D:/Work/HungYen/TaiLieu/De/De Thai Binh/BD Thai Binh/TBI_KTVHXH.TAB|geometrytype=Point" }, "geometry": { "type": "Point", "coordinates": [ 106.129315167855992, 20.634921680105148 ] } },
{ "type": "Feature", "properties": { "ID": "TBI339040ntho", "Ten_CT": "Nhà thờ", "Loai_CT": "Nhà thờ", "Thuoc_huyen": "H. Hưng Hà", "Thuoc_tinh": "Thái Bình", "Trong_chigioi": "", "Ngoai_baiSg": "", "layer": "TBI_KTVHXH", "path": "D:/Work/HungYen/TaiLieu/De/De Thai Binh/BD Thai Binh/TBI_KTVHXH.TAB|geometrytype=Point" }, "geometry": { "type": "Point", "coordinates": [ 106.141536039316279, 20.62886434414818 ] } },
{ "type": "Feature", "properties": { "ID": "TBI339040ntho", "Ten_CT": "Nhà thờ", "Loai_CT": "Nhà thờ", "Thuoc_huyen": "H. Hưng Hà", "Thuoc_tinh": "Thái Bình", "Trong_chigioi": "", "Ngoai_baiSg": "", "layer": "TBI_KTVHXH", "path": "D:/Work/HungYen/TaiLieu/De/De Thai Binh/BD Thai Binh/TBI_KTVHXH.TAB|geometrytype=Point" }, "geometry": { "type": "Point", "coordinates": [ 106.235336203689641, 20.660396991766692 ] } },
{ "type": "Feature", "properties": { "ID": "TBI339040ntho", "Ten_CT": "Nhà thờ", "Loai_CT": "Nhà thờ", "Thuoc_huyen": "H. Hưng Hà", "Thuoc_tinh": "Thái Bình", "Trong_chigioi": "", "Ngoai_baiSg": "", "layer": "TBI_KTVHXH", "path": "D:/Work/HungYen/TaiLieu/De/De Thai Binh/BD Thai Binh/TBI_KTVHXH.TAB|geometrytype=Point" }, "geometry": { "type": "Point", "coordinates": [ 106.118666868788637, 20.643906275039058 ] } },
{ "type": "Feature", "properties": { "ID": "TBI340040ntho", "Ten_CT": "Nhà thờ", "Loai_CT": "Nhà thờ", "Thuoc_huyen": "H. Đông Hưng", "Thuoc_tinh": "Thái Bình", "Trong_chigioi": "", "Ngoai_baiSg": "", "layer": "TBI_KTVHXH", "path": "D:/Work/HungYen/TaiLieu/De/De Thai Binh/BD Thai Binh/TBI_KTVHXH.TAB|geometrytype=Point" }, "geometry": { "type": "Point", "coordinates": [ 106.26627378771785, 20.511204882579701 ] } },
{ "type": "Feature", "properties": { "ID": "TBI341040ntho", "Ten_CT": "Nhà thờ", "Loai_CT": "Nhà thờ", "Thuoc_huyen": "H. Thái Thụy", "Thuoc_tinh": "Thái Bình", "Trong_chigioi": "", "Ngoai_baiSg": "", "layer": "TBI_KTVHXH", "path": "D:/Work/HungYen/TaiLieu/De/De Thai Binh/BD Thai Binh/TBI_KTVHXH.TAB|geometrytype=Point" }, "geometry": { "type": "Point", "coordinates": [ 106.491178575212729, 20.524804978850245 ] } },
{ "type": "Feature", "properties": { "ID": "TBI338040ntho", "Ten_CT": "Nhà thờ", "Loai_CT": "Nhà thờ", "Thuoc_huyen": "H. Quỳnh Phụ", "Thuoc_tinh": "Thái Bình", "Trong_chigioi": "", "Ngoai_baiSg": "", "layer": "TBI_KTVHXH", "path": "D:/Work/HungYen/TaiLieu/De/De Thai Binh/BD Thai Binh/TBI_KTVHXH.TAB|geometrytype=Point" }, "geometry": { "type": "Point", "coordinates": [ 106.410184664419248, 20.598562476171132 ] } },
{ "type": "Feature", "properties": { "ID": "TBI340040ntho", "Ten_CT": "Nhà thờ", "Loai_CT": "Nhà thờ", "Thuoc_huyen": "H. Đông Hưng", "Thuoc_tinh": "Thái Bình", "Trong_chigioi": "", "Ngoai_baiSg": "", "layer": "TBI_KTVHXH", "path": "D:/Work/HungYen/TaiLieu/De/De Thai Binh/BD Thai Binh/TBI_KTVHXH.TAB|geometrytype=Point" }, "geometry": { "type": "Point", "coordinates": [ 106.414068923735101, 20.591008243149989 ] } },
{ "type": "Feature", "properties": { "ID": "TBI338040ntho", "Ten_CT": "Nhà thờ", "Loai_CT": "Nhà thờ", "Thuoc_huyen": "H. Quỳnh Phụ", "Thuoc_tinh": "Thái Bình", "Trong_chigioi": "", "Ngoai_baiSg": "", "layer": "TBI_KTVHXH", "path": "D:/Work/HungYen/TaiLieu/De/De Thai Binh/BD Thai Binh/TBI_KTVHXH.TAB|geometrytype=Point" }, "geometry": { "type": "Point", "coordinates": [ 106.42320800428152, 20.586498243026444 ] } },
{ "type": "Feature", "properties": { "ID": "TBI341040ntho", "Ten_CT": "Nhà thờ", "Loai_CT": "Nhà thờ", "Thuoc_huyen": "H. Thái Thụy", "Thuoc_tinh": "Thái Bình", "Trong_chigioi": "", "Ngoai_baiSg": "", "layer": "TBI_KTVHXH", "path": "D:/Work/HungYen/TaiLieu/De/De Thai Binh/BD Thai Binh/TBI_KTVHXH.TAB|geometrytype=Point" }, "geometry": { "type": "Point", "coordinates": [ 106.488249876510054, 20.516574563451698 ] } },
{ "type": "Feature", "properties": { "ID": "TBI340040ntho", "Ten_CT": "Nhà thờ", "Loai_CT": "Nhà thờ", "Thuoc_huyen": "H. Đông Hưng", "Thuoc_tinh": "Thái Bình", "Trong_chigioi": "", "Ngoai_baiSg": "", "layer": "TBI_KTVHXH", "path": "D:/Work/HungYen/TaiLieu/De/De Thai Binh/BD Thai Binh/TBI_KTVHXH.TAB|geometrytype=Point" }, "geometry": { "type": "Point", "coordinates": [ 106.315981661648564, 20.535862333879265 ] } },
{ "type": "Feature", "properties": { "ID": "TBI338040ntho", "Ten_CT": "Nhà thờ", "Loai_CT": "Nhà thờ", "Thuoc_huyen": "H. Quỳnh Phụ", "Thuoc_tinh": "Thái Bình", "Trong_chigioi": "", "Ngoai_baiSg": "", "layer": "TBI_KTVHXH", "path": "D:/Work/HungYen/TaiLieu/De/De Thai Binh/BD Thai Binh/TBI_KTVHXH.TAB|geometrytype=Point" }, "geometry": { "type": "Point", "coordinates": [ 106.389752444128831, 20.7051323915972 ] } },
{ "type": "Feature", "properties": { "ID": "TBI340040ntho", "Ten_CT": "Nhà thờ", "Loai_CT": "Nhà thờ", "Thuoc_huyen": "H. Đông Hưng", "Thuoc_tinh": "Thái Bình", "Trong_chigioi": "", "Ngoai_baiSg": "", "layer": "TBI_KTVHXH", "path": "D:/Work/HungYen/TaiLieu/De/De Thai Binh/BD Thai Binh/TBI_KTVHXH.TAB|geometrytype=Point" }, "geometry": { "type": "Point", "coordinates": [ 106.29872599242151, 20.569084775113648 ] } },
{ "type": "Feature", "properties": { "ID": "TBI338040ntho", "Ten_CT": "Nhà thờ", "Loai_CT": "Nhà thờ", "Thuoc_huyen": "H. Quỳnh Phụ", "Thuoc_tinh": "Thái Bình", "Trong_chigioi": "", "Ngoai_baiSg": "", "layer": "TBI_KTVHXH", "path": "D:/Work/HungYen/TaiLieu/De/De Thai Binh/BD Thai Binh/TBI_KTVHXH.TAB|geometrytype=Point" }, "geometry": { "type": "Point", "coordinates": [ 106.434271291720975, 20.591846662375758 ] } },
{ "type": "Feature", "properties": { "ID": "TBI341040ntho", "Ten_CT": "Nhà thờ", "Loai_CT": "Nhà thờ", "Thuoc_huyen": "H. Thái Thụy", "Thuoc_tinh": "Thái Bình", "Trong_chigioi": "", "Ngoai_baiSg": "", "layer": "TBI_KTVHXH", "path": "D:/Work/HungYen/TaiLieu/De/De Thai Binh/BD Thai Binh/TBI_KTVHXH.TAB|geometrytype=Point" }, "geometry": { "type": "Point", "coordinates": [ 106.525529486988759, 20.529350547703736 ] } },
{ "type": "Feature", "properties": { "ID": "TBI341040ntho", "Ten_CT": "Nhà thờ", "Loai_CT": "Nhà thờ", "Thuoc_huyen": "H. Thái Thụy", "Thuoc_tinh": "Thái Bình", "Trong_chigioi": "", "Ngoai_baiSg": "", "layer": "TBI_KTVHXH", "path": "D:/Work/HungYen/TaiLieu/De/De Thai Binh/BD Thai Binh/TBI_KTVHXH.TAB|geometrytype=Point" }, "geometry": { "type": "Point", "coordinates": [ 106.507187819937613, 20.507224792515483 ] } },
{ "type": "Feature", "properties": { "ID": "TBI341040ntho", "Ten_CT": "Nhà thờ", "Loai_CT": "Nhà thờ", "Thuoc_huyen": "H. Thái Thụy", "Thuoc_tinh": "Thái Bình", "Trong_chigioi": "", "Ngoai_baiSg": "", "layer": "TBI_KTVHXH", "path": "D:/Work/HungYen/TaiLieu/De/De Thai Binh/BD Thai Binh/TBI_KTVHXH.TAB|geometrytype=Point" }, "geometry": { "type": "Point", "coordinates": [ 106.553145864376503, 20.514911648812344 ] } },
{ "type": "Feature", "properties": { "ID": "TBI341040ntho", "Ten_CT": "Nhà thờ", "Loai_CT": "Nhà thờ", "Thuoc_huyen": "H. Thái Thụy", "Thuoc_tinh": "Thái Bình", "Trong_chigioi": "", "Ngoai_baiSg": "", "layer": "TBI_KTVHXH", "path": "D:/Work/HungYen/TaiLieu/De/De Thai Binh/BD Thai Binh/TBI_KTVHXH.TAB|geometrytype=Point" }, "geometry": { "type": "Point", "coordinates": [ 106.516578733588489, 20.551371633417975 ] } },
{ "type": "Feature", "properties": { "ID": "TBI341040ntho", "Ten_CT": "Nhà thờ", "Loai_CT": "Nhà thờ", "Thuoc_huyen": "H. Thái Thụy", "Thuoc_tinh": "Thái Bình", "Trong_chigioi": "", "Ngoai_baiSg": "", "layer": "TBI_KTVHXH", "path": "D:/Work/HungYen/TaiLieu/De/De Thai Binh/BD Thai Binh/TBI_KTVHXH.TAB|geometrytype=Point" }, "geometry": { "type": "Point", "coordinates": [ 106.539636237196476, 20.568487902032604 ] } },
{ "type": "Feature", "properties": { "ID": "TBI341040ntho", "Ten_CT": "Nhà thờ", "Loai_CT": "Nhà thờ", "Thuoc_huyen": "H. Thái Thụy", "Thuoc_tinh": "Thái Bình", "Trong_chigioi": "", "Ngoai_baiSg": "", "layer": "TBI_KTVHXH", "path": "D:/Work/HungYen/TaiLieu/De/De Thai Binh/BD Thai Binh/TBI_KTVHXH.TAB|geometrytype=Point" }, "geometry": { "type": "Point", "coordinates": [ 106.510254784423353, 20.545242288461175 ] } },
{ "type": "Feature", "properties": { "ID": "TBI341040ntho", "Ten_CT": "Nhà thờ", "Loai_CT": "Nhà thờ", "Thuoc_huyen": "H. Thái Thụy", "Thuoc_tinh": "Thái Bình", "Trong_chigioi": "", "Ngoai_baiSg": "", "layer": "TBI_KTVHXH", "path": "D:/Work/HungYen/TaiLieu/De/De Thai Binh/BD Thai Binh/TBI_KTVHXH.TAB|geometrytype=Point" }, "geometry": { "type": "Point", "coordinates": [ 106.513405908725787, 20.507690302581732 ] } },
{ "type": "Feature", "properties": { "ID": "TBI341040ntho", "Ten_CT": "Nhà thờ", "Loai_CT": "Nhà thờ", "Thuoc_huyen": "H. Thái Thụy", "Thuoc_tinh": "Thái Bình", "Trong_chigioi": "", "Ngoai_baiSg": "", "layer": "TBI_KTVHXH", "path": "D:/Work/HungYen/TaiLieu/De/De Thai Binh/BD Thai Binh/TBI_KTVHXH.TAB|geometrytype=Point" }, "geometry": { "type": "Point", "coordinates": [ 106.562795285254822, 20.527218734070953 ] } },
{ "type": "Feature", "properties": { "ID": "TBI344040ntho", "Ten_CT": "Nhà thờ", "Loai_CT": "Nhà thờ", "Thuoc_huyen": "H. Vũ Thư", "Thuoc_tinh": "Thái Bình", "Trong_chigioi": "", "Ngoai_baiSg": "", "layer": "TBI_KTVHXH", "path": "D:/Work/HungYen/TaiLieu/De/De Thai Binh/BD Thai Binh/TBI_KTVHXH.TAB|geometrytype=Point" }, "geometry": { "type": "Point", "coordinates": [ 106.26099659448974, 20.467539264620608 ] } },
{ "type": "Feature", "properties": { "ID": "TBI344040ntho", "Ten_CT": "Nhà thờ", "Loai_CT": "Nhà thờ", "Thuoc_huyen": "H. Vũ Thư", "Thuoc_tinh": "Thái Bình", "Trong_chigioi": "", "Ngoai_baiSg": "", "layer": "TBI_KTVHXH", "path": "D:/Work/HungYen/TaiLieu/De/De Thai Binh/BD Thai Binh/TBI_KTVHXH.TAB|geometrytype=Point" }, "geometry": { "type": "Point", "coordinates": [ 106.300075419981027, 20.454943323790346 ] } },
{ "type": "Feature", "properties": { "ID": "TBI344040ntho", "Ten_CT": "Nhà thờ", "Loai_CT": "Nhà thờ", "Thuoc_huyen": "H. Vũ Thư", "Thuoc_tinh": "Thái Bình", "Trong_chigioi": "", "Ngoai_baiSg": "", "layer": "TBI_KTVHXH", "path": "D:/Work/HungYen/TaiLieu/De/De Thai Binh/BD Thai Binh/TBI_KTVHXH.TAB|geometrytype=Point" }, "geometry": { "type": "Point", "coordinates": [ 106.272218329724524, 20.46855727259419 ] } },
{ "type": "Feature", "properties": { "ID": "TBI336040ntho", "Ten_CT": "Nhà thờ", "Loai_CT": "Nhà thờ", "Thuoc_huyen": "TP. Thái Bình", "Thuoc_tinh": "Thái Bình", "Trong_chigioi": "", "Ngoai_baiSg": "", "layer": "TBI_KTVHXH", "path": "D:/Work/HungYen/TaiLieu/De/De Thai Binh/BD Thai Binh/TBI_KTVHXH.TAB|geometrytype=Point" }, "geometry": { "type": "Point", "coordinates": [ 106.300226850746085, 20.44575830716726 ] } },
{ "type": "Feature", "properties": { "ID": "TBI342040ntho", "Ten_CT": "Nhà thờ", "Loai_CT": "Nhà thờ", "Thuoc_huyen": "H. Tiền Hải", "Thuoc_tinh": "Thái Bình", "Trong_chigioi": "", "Ngoai_baiSg": "", "layer": "TBI_KTVHXH", "path": "D:/Work/HungYen/TaiLieu/De/De Thai Binh/BD Thai Binh/TBI_KTVHXH.TAB|geometrytype=Point" }, "geometry": { "type": "Point", "coordinates": [ 106.477975381734609, 20.379109371278105 ] } },
{ "type": "Feature", "properties": { "ID": "TBI344040ntho", "Ten_CT": "Nhà thờ", "Loai_CT": "Nhà thờ", "Thuoc_huyen": "H. Vũ Thư", "Thuoc_tinh": "Thái Bình", "Trong_chigioi": "", "Ngoai_baiSg": "", "layer": "TBI_KTVHXH", "path": "D:/Work/HungYen/TaiLieu/De/De Thai Binh/BD Thai Binh/TBI_KTVHXH.TAB|geometrytype=Point" }, "geometry": { "type": "Point", "coordinates": [ 106.279941014316904, 20.345398843208702 ] } },
{ "type": "Feature", "properties": { "ID": "TBI344040ntho", "Ten_CT": "Nhà thờ", "Loai_CT": "Nhà thờ", "Thuoc_huyen": "H. Vũ Thư", "Thuoc_tinh": "Thái Bình", "Trong_chigioi": "", "Ngoai_baiSg": "", "layer": "TBI_KTVHXH", "path": "D:/Work/HungYen/TaiLieu/De/De Thai Binh/BD Thai Binh/TBI_KTVHXH.TAB|geometrytype=Point" }, "geometry": { "type": "Point", "coordinates": [ 106.269569615507038, 20.343497924599205 ] } },
{ "type": "Feature", "properties": { "ID": "TBI344040ntho", "Ten_CT": "Nhà thờ", "Loai_CT": "Nhà thờ", "Thuoc_huyen": "H. Vũ Thư", "Thuoc_tinh": "Thái Bình", "Trong_chigioi": "", "Ngoai_baiSg": "", "layer": "TBI_KTVHXH", "path": "D:/Work/HungYen/TaiLieu/De/De Thai Binh/BD Thai Binh/TBI_KTVHXH.TAB|geometrytype=Point" }, "geometry": { "type": "Point", "coordinates": [ 106.293904795886277, 20.347576393575242 ] } },
{ "type": "Feature", "properties": { "ID": "TBI344040ntho", "Ten_CT": "Nhà thờ", "Loai_CT": "Nhà thờ", "Thuoc_huyen": "H. Vũ Thư", "Thuoc_tinh": "Thái Bình", "Trong_chigioi": "", "Ngoai_baiSg": "", "layer": "TBI_KTVHXH", "path": "D:/Work/HungYen/TaiLieu/De/De Thai Binh/BD Thai Binh/TBI_KTVHXH.TAB|geometrytype=Point" }, "geometry": { "type": "Point", "coordinates": [ 106.288738370474405, 20.358784039466904 ] } },
{ "type": "Feature", "properties": { "ID": "TBI344040ntho", "Ten_CT": "Nhà thờ", "Loai_CT": "Nhà thờ", "Thuoc_huyen": "H. Vũ Thư", "Thuoc_tinh": "Thái Bình", "Trong_chigioi": "", "Ngoai_baiSg": "", "layer": "TBI_KTVHXH", "path": "D:/Work/HungYen/TaiLieu/De/De Thai Binh/BD Thai Binh/TBI_KTVHXH.TAB|geometrytype=Point" }, "geometry": { "type": "Point", "coordinates": [ 106.305312872505226, 20.374375835844798 ] } },
{ "type": "Feature", "properties": { "ID": "TBI344040ntho", "Ten_CT": "Nhà thờ", "Loai_CT": "Nhà thờ", "Thuoc_huyen": "H. Vũ Thư", "Thuoc_tinh": "Thái Bình", "Trong_chigioi": "", "Ngoai_baiSg": "", "layer": "TBI_KTVHXH", "path": "D:/Work/HungYen/TaiLieu/De/De Thai Binh/BD Thai Binh/TBI_KTVHXH.TAB|geometrytype=Point" }, "geometry": { "type": "Point", "coordinates": [ 106.264326314307738, 20.442965054896394 ] } },
{ "type": "Feature", "properties": { "ID": "TBI344040ntho", "Ten_CT": "Nhà thờ", "Loai_CT": "Nhà thờ", "Thuoc_huyen": "H. Vũ Thư", "Thuoc_tinh": "Thái Bình", "Trong_chigioi": "", "Ngoai_baiSg": "", "layer": "TBI_KTVHXH", "path": "D:/Work/HungYen/TaiLieu/De/De Thai Binh/BD Thai Binh/TBI_KTVHXH.TAB|geometrytype=Point" }, "geometry": { "type": "Point", "coordinates": [ 106.296115302186692, 20.383884584742322 ] } },
{ "type": "Feature", "properties": { "ID": "TBI344040ntho", "Ten_CT": "Nhà thờ", "Loai_CT": "Nhà thờ", "Thuoc_huyen": "H. Vũ Thư", "Thuoc_tinh": "Thái Bình", "Trong_chigioi": "", "Ngoai_baiSg": "", "layer": "TBI_KTVHXH", "path": "D:/Work/HungYen/TaiLieu/De/De Thai Binh/BD Thai Binh/TBI_KTVHXH.TAB|geometrytype=Point" }, "geometry": { "type": "Point", "coordinates": [ 106.366531800750536, 20.355297449781119 ] } },
{ "type": "Feature", "properties": { "ID": "TBI344040ntho", "Ten_CT": "Nhà thờ", "Loai_CT": "Nhà thờ", "Thuoc_huyen": "H. Vũ Thư", "Thuoc_tinh": "Thái Bình", "Trong_chigioi": "", "Ngoai_baiSg": "", "layer": "TBI_KTVHXH", "path": "D:/Work/HungYen/TaiLieu/De/De Thai Binh/BD Thai Binh/TBI_KTVHXH.TAB|geometrytype=Point" }, "geometry": { "type": "Point", "coordinates": [ 106.298479366301009, 20.38948728748921 ] } },
{ "type": "Feature", "properties": { "ID": "TBI344040ntho", "Ten_CT": "Nhà thờ", "Loai_CT": "Nhà thờ", "Thuoc_huyen": "H. Vũ Thư", "Thuoc_tinh": "Thái Bình", "Trong_chigioi": "", "Ngoai_baiSg": "", "layer": "TBI_KTVHXH", "path": "D:/Work/HungYen/TaiLieu/De/De Thai Binh/BD Thai Binh/TBI_KTVHXH.TAB|geometrytype=Point" }, "geometry": { "type": "Point", "coordinates": [ 106.316221266933837, 20.390949493003966 ] } },
{ "type": "Feature", "properties": { "ID": "TBI342040ntho", "Ten_CT": "Nhà thờ", "Loai_CT": "Nhà thờ", "Thuoc_huyen": "H. Tiền Hải", "Thuoc_tinh": "Thái Bình", "Trong_chigioi": "", "Ngoai_baiSg": "", "layer": "TBI_KTVHXH", "path": "D:/Work/HungYen/TaiLieu/De/De Thai Binh/BD Thai Binh/TBI_KTVHXH.TAB|geometrytype=Point" }, "geometry": { "type": "Point", "coordinates": [ 106.467473940867364, 20.372902835386142 ] } },
{ "type": "Feature", "properties": { "ID": "TBI343040ntho", "Ten_CT": "Nhà thờ", "Loai_CT": "Nhà thờ", "Thuoc_huyen": "H. Kiến Xương", "Thuoc_tinh": "Thái Bình", "Trong_chigioi": "", "Ngoai_baiSg": "", "layer": "TBI_KTVHXH", "path": "D:/Work/HungYen/TaiLieu/De/De Thai Binh/BD Thai Binh/TBI_KTVHXH.TAB|geometrytype=Point" }, "geometry": { "type": "Point", "coordinates": [ 106.442047395496317, 20.357400673440058 ] } },
{ "type": "Feature", "properties": { "ID": "TBI342040ntho", "Ten_CT": "Nhà thờ", "Loai_CT": "Nhà thờ", "Thuoc_huyen": "H. Tiền Hải", "Thuoc_tinh": "Thái Bình", "Trong_chigioi": "", "Ngoai_baiSg": "", "layer": "TBI_KTVHXH", "path": "D:/Work/HungYen/TaiLieu/De/De Thai Binh/BD Thai Binh/TBI_KTVHXH.TAB|geometrytype=Point" }, "geometry": { "type": "Point", "coordinates": [ 106.467847227951552, 20.355735177354088 ] } },
{ "type": "Feature", "properties": { "ID": "TBI342040ntho", "Ten_CT": "Nhà thờ", "Loai_CT": "Nhà thờ", "Thuoc_huyen": "H. Tiền Hải", "Thuoc_tinh": "Thái Bình", "Trong_chigioi": "", "Ngoai_baiSg": "", "layer": "TBI_KTVHXH", "path": "D:/Work/HungYen/TaiLieu/De/De Thai Binh/BD Thai Binh/TBI_KTVHXH.TAB|geometrytype=Point" }, "geometry": { "type": "Point", "coordinates": [ 106.473358530932074, 20.356259802662986 ] } },
{ "type": "Feature", "properties": { "ID": "TBI343040ntho", "Ten_CT": "Nhà thờ", "Loai_CT": "Nhà thờ", "Thuoc_huyen": "H. Kiến Xương", "Thuoc_tinh": "Thái Bình", "Trong_chigioi": "", "Ngoai_baiSg": "", "layer": "TBI_KTVHXH", "path": "D:/Work/HungYen/TaiLieu/De/De Thai Binh/BD Thai Binh/TBI_KTVHXH.TAB|geometrytype=Point" }, "geometry": { "type": "Point", "coordinates": [ 106.462537657505834, 20.483561534056943 ] } },
{ "type": "Feature", "properties": { "ID": "TBI343040ntho", "Ten_CT": "Nhà thờ", "Loai_CT": "Nhà thờ", "Thuoc_huyen": "H. Kiến Xương", "Thuoc_tinh": "Thái Bình", "Trong_chigioi": "", "Ngoai_baiSg": "", "layer": "TBI_KTVHXH", "path": "D:/Work/HungYen/TaiLieu/De/De Thai Binh/BD Thai Binh/TBI_KTVHXH.TAB|geometrytype=Point" }, "geometry": { "type": "Point", "coordinates": [ 106.401714674963799, 20.393784234858323 ] } },
{ "type": "Feature", "properties": { "ID": "TBI344040ntho", "Ten_CT": "Nhà thờ", "Loai_CT": "Nhà thờ", "Thuoc_huyen": "H. Vũ Thư", "Thuoc_tinh": "Thái Bình", "Trong_chigioi": "", "Ngoai_baiSg": "", "layer": "TBI_KTVHXH", "path": "D:/Work/HungYen/TaiLieu/De/De Thai Binh/BD Thai Binh/TBI_KTVHXH.TAB|geometrytype=Point" }, "geometry": { "type": "Point", "coordinates": [ 106.325066957502742, 20.394913576358363 ] } },
{ "type": "Feature", "properties": { "ID": "TBI343040ntho", "Ten_CT": "Nhà thờ", "Loai_CT": "Nhà thờ", "Thuoc_huyen": "H. Kiến Xương", "Thuoc_tinh": "Thái Bình", "Trong_chigioi": "", "Ngoai_baiSg": "", "layer": "TBI_KTVHXH", "path": "D:/Work/HungYen/TaiLieu/De/De Thai Binh/BD Thai Binh/TBI_KTVHXH.TAB|geometrytype=Point" }, "geometry": { "type": "Point", "coordinates": [ 106.395259373087683, 20.424824856667875 ] } },
{ "type": "Feature", "properties": { "ID": "TBI343040ntho", "Ten_CT": "Nhà thờ", "Loai_CT": "Nhà thờ", "Thuoc_huyen": "H. Kiến Xương", "Thuoc_tinh": "Thái Bình", "Trong_chigioi": "", "Ngoai_baiSg": "", "layer": "TBI_KTVHXH", "path": "D:/Work/HungYen/TaiLieu/De/De Thai Binh/BD Thai Binh/TBI_KTVHXH.TAB|geometrytype=Point" }, "geometry": { "type": "Point", "coordinates": [ 106.401459786650776, 20.421136541956034 ] } },
{ "type": "Feature", "properties": { "ID": "TBI343040ntho", "Ten_CT": "Nhà thờ", "Loai_CT": "Nhà thờ", "Thuoc_huyen": "H. Kiến Xương", "Thuoc_tinh": "Thái Bình", "Trong_chigioi": "", "Ngoai_baiSg": "", "layer": "TBI_KTVHXH", "path": "D:/Work/HungYen/TaiLieu/De/De Thai Binh/BD Thai Binh/TBI_KTVHXH.TAB|geometrytype=Point" }, "geometry": { "type": "Point", "coordinates": [ 106.430578066397473, 20.359544965994466 ] } },
{ "type": "Feature", "properties": { "ID": "TBI344040ntho", "Ten_CT": "Nhà thờ", "Loai_CT": "Nhà thờ", "Thuoc_huyen": "H. Vũ Thư", "Thuoc_tinh": "Thái Bình", "Trong_chigioi": "", "Ngoai_baiSg": "", "layer": "TBI_KTVHXH", "path": "D:/Work/HungYen/TaiLieu/De/De Thai Binh/BD Thai Binh/TBI_KTVHXH.TAB|geometrytype=Point" }, "geometry": { "type": "Point", "coordinates": [ 106.345227820140991, 20.397130075173251 ] } },
{ "type": "Feature", "properties": { "ID": "TBI342040ntho", "Ten_CT": "Nhà thờ", "Loai_CT": "Nhà thờ", "Thuoc_huyen": "H. Tiền Hải", "Thuoc_tinh": "Thái Bình", "Trong_chigioi": "", "Ngoai_baiSg": "", "layer": "TBI_KTVHXH", "path": "D:/Work/HungYen/TaiLieu/De/De Thai Binh/BD Thai Binh/TBI_KTVHXH.TAB|geometrytype=Point" }, "geometry": { "type": "Point", "coordinates": [ 106.500789943489707, 20.325582869250194 ] } },
{ "type": "Feature", "properties": { "ID": "TBI341040ntho", "Ten_CT": "Nhà thờ", "Loai_CT": "Nhà thờ", "Thuoc_huyen": "H. Thái Thụy", "Thuoc_tinh": "Thái Bình", "Trong_chigioi": "", "Ngoai_baiSg": "", "layer": "TBI_KTVHXH", "path": "D:/Work/HungYen/TaiLieu/De/De Thai Binh/BD Thai Binh/TBI_KTVHXH.TAB|geometrytype=Point" }, "geometry": { "type": "Point", "coordinates": [ 106.510240784842836, 20.497172284824494 ] } },
{ "type": "Feature", "properties": { "ID": "TBI341040ntho", "Ten_CT": "Nhà thờ", "Loai_CT": "Nhà thờ", "Thuoc_huyen": "H. Thái Thụy", "Thuoc_tinh": "Thái Bình", "Trong_chigioi": "", "Ngoai_baiSg": "", "layer": "TBI_KTVHXH", "path": "D:/Work/HungYen/TaiLieu/De/De Thai Binh/BD Thai Binh/TBI_KTVHXH.TAB|geometrytype=Point" }, "geometry": { "type": "Point", "coordinates": [ 106.532545239407426, 20.465793914724927 ] } },
{ "type": "Feature", "properties": { "ID": "TBI341040ntho", "Ten_CT": "Nhà thờ", "Loai_CT": "Nhà thờ", "Thuoc_huyen": "H. Thái Thụy", "Thuoc_tinh": "Thái Bình", "Trong_chigioi": "", "Ngoai_baiSg": "", "layer": "TBI_KTVHXH", "path": "D:/Work/HungYen/TaiLieu/De/De Thai Binh/BD Thai Binh/TBI_KTVHXH.TAB|geometrytype=Point" }, "geometry": { "type": "Point", "coordinates": [ 106.502332166062772, 20.498813866644465 ] } },
{ "type": "Feature", "properties": { "ID": "TBI341040ntho", "Ten_CT": "Nhà thờ", "Loai_CT": "Nhà thờ", "Thuoc_huyen": "H. Thái Thụy", "Thuoc_tinh": "Thái Bình", "Trong_chigioi": "", "Ngoai_baiSg": "", "layer": "TBI_KTVHXH", "path": "D:/Work/HungYen/TaiLieu/De/De Thai Binh/BD Thai Binh/TBI_KTVHXH.TAB|geometrytype=Point" }, "geometry": { "type": "Point", "coordinates": [ 106.515726056029308, 20.451725142087991 ] } },
{ "type": "Feature", "properties": { "ID": "TBI342040ntho", "Ten_CT": "Nhà thờ", "Loai_CT": "Nhà thờ", "Thuoc_huyen": "H. Tiền Hải", "Thuoc_tinh": "Thái Bình", "Trong_chigioi": "", "Ngoai_baiSg": "", "layer": "TBI_KTVHXH", "path": "D:/Work/HungYen/TaiLieu/De/De Thai Binh/BD Thai Binh/TBI_KTVHXH.TAB|geometrytype=Point" }, "geometry": { "type": "Point", "coordinates": [ 106.54020118344512, 20.403415918367159 ] } },
{ "type": "Feature", "properties": { "ID": "TBI342040ntho", "Ten_CT": "Nhà thờ", "Loai_CT": "Nhà thờ", "Thuoc_huyen": "H. Tiền Hải", "Thuoc_tinh": "Thái Bình", "Trong_chigioi": "", "Ngoai_baiSg": "", "layer": "TBI_KTVHXH", "path": "D:/Work/HungYen/TaiLieu/De/De Thai Binh/BD Thai Binh/TBI_KTVHXH.TAB|geometrytype=Point" }, "geometry": { "type": "Point", "coordinates": [ 106.542156339415484, 20.397591802909044 ] } },
{ "type": "Feature", "properties": { "ID": "TBI342040ntho", "Ten_CT": "Nhà thờ", "Loai_CT": "Nhà thờ", "Thuoc_huyen": "H. Tiền Hải", "Thuoc_tinh": "Thái Bình", "Trong_chigioi": "", "Ngoai_baiSg": "", "layer": "TBI_KTVHXH", "path": "D:/Work/HungYen/TaiLieu/De/De Thai Binh/BD Thai Binh/TBI_KTVHXH.TAB|geometrytype=Point" }, "geometry": { "type": "Point", "coordinates": [ 106.576567095831123, 20.408206943402863 ] } },
{ "type": "Feature", "properties": { "ID": "TBI342040ntho", "Ten_CT": "Nhà thờ", "Loai_CT": "Nhà thờ", "Thuoc_huyen": "H. Tiền Hải", "Thuoc_tinh": "Thái Bình", "Trong_chigioi": "", "Ngoai_baiSg": "", "layer": "TBI_KTVHXH", "path": "D:/Work/HungYen/TaiLieu/De/De Thai Binh/BD Thai Binh/TBI_KTVHXH.TAB|geometrytype=Point" }, "geometry": { "type": "Point", "coordinates": [ 106.585949104029226, 20.4065943018242 ] } },
{ "type": "Feature", "properties": { "ID": "TBI342040ntho", "Ten_CT": "Nhà thờ", "Loai_CT": "Nhà thờ", "Thuoc_huyen": "H. Tiền Hải", "Thuoc_tinh": "Thái Bình", "Trong_chigioi": "", "Ngoai_baiSg": "", "layer": "TBI_KTVHXH", "path": "D:/Work/HungYen/TaiLieu/De/De Thai Binh/BD Thai Binh/TBI_KTVHXH.TAB|geometrytype=Point" }, "geometry": { "type": "Point", "coordinates": [ 106.566767867893205, 20.399154767278162 ] } },
{ "type": "Feature", "properties": { "ID": "TBI342040ntho", "Ten_CT": "Nhà thờ", "Loai_CT": "Nhà thờ", "Thuoc_huyen": "H. Tiền Hải", "Thuoc_tinh": "Thái Bình", "Trong_chigioi": "", "Ngoai_baiSg": "", "layer": "TBI_KTVHXH", "path": "D:/Work/HungYen/TaiLieu/De/De Thai Binh/BD Thai Binh/TBI_KTVHXH.TAB|geometrytype=Point" }, "geometry": { "type": "Point", "coordinates": [ 106.558015100978338, 20.358796617019753 ] } },
{ "type": "Feature", "properties": { "ID": "TBI342040ntho", "Ten_CT": "Nhà thờ", "Loai_CT": "Nhà thờ", "Thuoc_huyen": "H. Tiền Hải", "Thuoc_tinh": "Thái Bình", "Trong_chigioi": "", "Ngoai_baiSg": "", "layer": "TBI_KTVHXH", "path": "D:/Work/HungYen/TaiLieu/De/De Thai Binh/BD Thai Binh/TBI_KTVHXH.TAB|geometrytype=Point" }, "geometry": { "type": "Point", "coordinates": [ 106.53050765259627, 20.360640094889508 ] } },
{ "type": "Feature", "properties": { "ID": "TBI342040ntho", "Ten_CT": "Nhà thờ", "Loai_CT": "Nhà thờ", "Thuoc_huyen": "H. Tiền Hải", "Thuoc_tinh": "Thái Bình", "Trong_chigioi": "", "Ngoai_baiSg": "", "layer": "TBI_KTVHXH", "path": "D:/Work/HungYen/TaiLieu/De/De Thai Binh/BD Thai Binh/TBI_KTVHXH.TAB|geometrytype=Point" }, "geometry": { "type": "Point", "coordinates": [ 106.544455404004438, 20.355531945851716 ] } },
{ "type": "Feature", "properties": { "ID": "TBI342040ntho", "Ten_CT": "Nhà thờ", "Loai_CT": "Nhà thờ", "Thuoc_huyen": "H. Tiền Hải", "Thuoc_tinh": "Thái Bình", "Trong_chigioi": "", "Ngoai_baiSg": "", "layer": "TBI_KTVHXH", "path": "D:/Work/HungYen/TaiLieu/De/De Thai Binh/BD Thai Binh/TBI_KTVHXH.TAB|geometrytype=Point" }, "geometry": { "type": "Point", "coordinates": [ 106.53597088756716, 20.349817354510769 ] } },
{ "type": "Feature", "properties": { "ID": "TBI342040ntho", "Ten_CT": "Nhà thờ", "Loai_CT": "Nhà thờ", "Thuoc_huyen": "H. Tiền Hải", "Thuoc_tinh": "Thái Bình", "Trong_chigioi": "", "Ngoai_baiSg": "", "layer": "TBI_KTVHXH", "path": "D:/Work/HungYen/TaiLieu/De/De Thai Binh/BD Thai Binh/TBI_KTVHXH.TAB|geometrytype=Point" }, "geometry": { "type": "Point", "coordinates": [ 106.541547368702624, 20.345588809597306 ] } },
{ "type": "Feature", "properties": { "ID": "TBI342040ntho", "Ten_CT": "Nhà thờ", "Loai_CT": "Nhà thờ", "Thuoc_huyen": "H. Tiền Hải", "Thuoc_tinh": "Thái Bình", "Trong_chigioi": "", "Ngoai_baiSg": "", "layer": "TBI_KTVHXH", "path": "D:/Work/HungYen/TaiLieu/De/De Thai Binh/BD Thai Binh/TBI_KTVHXH.TAB|geometrytype=Point" }, "geometry": { "type": "Point", "coordinates": [ 106.557593241822815, 20.340864531950878 ] } },
{ "type": "Feature", "properties": { "ID": "TBI342040ntho", "Ten_CT": "Nhà thờ", "Loai_CT": "Nhà thờ", "Thuoc_huyen": "H. Tiền Hải", "Thuoc_tinh": "Thái Bình", "Trong_chigioi": "", "Ngoai_baiSg": "", "layer": "TBI_KTVHXH", "path": "D:/Work/HungYen/TaiLieu/De/De Thai Binh/BD Thai Binh/TBI_KTVHXH.TAB|geometrytype=Point" }, "geometry": { "type": "Point", "coordinates": [ 106.550283551616076, 20.346158044570956 ] } },
{ "type": "Feature", "properties": { "ID": "TBI342040ntho", "Ten_CT": "Nhà thờ", "Loai_CT": "Nhà thờ", "Thuoc_huyen": "H. Tiền Hải", "Thuoc_tinh": "Thái Bình", "Trong_chigioi": "", "Ngoai_baiSg": "", "layer": "TBI_KTVHXH", "path": "D:/Work/HungYen/TaiLieu/De/De Thai Binh/BD Thai Binh/TBI_KTVHXH.TAB|geometrytype=Point" }, "geometry": { "type": "Point", "coordinates": [ 106.565717659957954, 20.35599834326386 ] } },
{ "type": "Feature", "properties": { "ID": "TBI342040ntho", "Ten_CT": "Nhà thờ", "Loai_CT": "Nhà thờ", "Thuoc_huyen": "H. Tiền Hải", "Thuoc_tinh": "Thái Bình", "Trong_chigioi": "", "Ngoai_baiSg": "", "layer": "TBI_KTVHXH", "path": "D:/Work/HungYen/TaiLieu/De/De Thai Binh/BD Thai Binh/TBI_KTVHXH.TAB|geometrytype=Point" }, "geometry": { "type": "Point", "coordinates": [ 106.549858241069529, 20.35574524051702 ] } },
{ "type": "Feature", "properties": { "ID": "TBI342040ntho", "Ten_CT": "Nhà thờ", "Loai_CT": "Nhà thờ", "Thuoc_huyen": "H. Tiền Hải", "Thuoc_tinh": "Thái Bình", "Trong_chigioi": "", "Ngoai_baiSg": "", "layer": "TBI_KTVHXH", "path": "D:/Work/HungYen/TaiLieu/De/De Thai Binh/BD Thai Binh/TBI_KTVHXH.TAB|geometrytype=Point" }, "geometry": { "type": "Point", "coordinates": [ 106.513508605576192, 20.352843692042718 ] } },
{ "type": "Feature", "properties": { "ID": "TBI342040ntho", "Ten_CT": "Nhà thờ", "Loai_CT": "Nhà thờ", "Thuoc_huyen": "H. Tiền Hải", "Thuoc_tinh": "Thái Bình", "Trong_chigioi": "", "Ngoai_baiSg": "", "layer": "TBI_KTVHXH", "path": "D:/Work/HungYen/TaiLieu/De/De Thai Binh/BD Thai Binh/TBI_KTVHXH.TAB|geometrytype=Point" }, "geometry": { "type": "Point", "coordinates": [ 106.505039857801009, 20.33985071648074 ] } },
{ "type": "Feature", "properties": { "ID": "TBI342040ntho", "Ten_CT": "Nhà thờ", "Loai_CT": "Nhà thờ", "Thuoc_huyen": "H. Tiền Hải", "Thuoc_tinh": "Thái Bình", "Trong_chigioi": "", "Ngoai_baiSg": "", "layer": "TBI_KTVHXH", "path": "D:/Work/HungYen/TaiLieu/De/De Thai Binh/BD Thai Binh/TBI_KTVHXH.TAB|geometrytype=Point" }, "geometry": { "type": "Point", "coordinates": [ 106.503495194486661, 20.345451972158269 ] } },
{ "type": "Feature", "properties": { "ID": "TBI342040ntho", "Ten_CT": "Nhà thờ", "Loai_CT": "Nhà thờ", "Thuoc_huyen": "H. Tiền Hải", "Thuoc_tinh": "Thái Bình", "Trong_chigioi": "", "Ngoai_baiSg": "", "layer": "TBI_KTVHXH", "path": "D:/Work/HungYen/TaiLieu/De/De Thai Binh/BD Thai Binh/TBI_KTVHXH.TAB|geometrytype=Point" }, "geometry": { "type": "Point", "coordinates": [ 106.554599564124516, 20.460967689910408 ] } },
{ "type": "Feature", "properties": { "ID": "TBI344040den", "Ten_CT": "Đền, chùa", "Loai_CT": "Đền, chùa", "Thuoc_huyen": "H. Vũ Thư", "Thuoc_tinh": "Thái Bình", "Trong_chigioi": "", "Ngoai_baiSg": "", "layer": "TBI_KTVHXH", "path": "D:/Work/HungYen/TaiLieu/De/De Thai Binh/BD Thai Binh/TBI_KTVHXH.TAB|geometrytype=Point" }, "geometry": { "type": "Point", "coordinates": [ 106.179819330877137, 20.503220480359012 ] } },
{ "type": "Feature", "properties": { "ID": "TBI344040den", "Ten_CT": "Đền, chùa", "Loai_CT": "Đền, chùa", "Thuoc_huyen": "H. Vũ Thư", "Thuoc_tinh": "Thái Bình", "Trong_chigioi": "", "Ngoai_baiSg": "", "layer": "TBI_KTVHXH", "path": "D:/Work/HungYen/TaiLieu/De/De Thai Binh/BD Thai Binh/TBI_KTVHXH.TAB|geometrytype=Point" }, "geometry": { "type": "Point", "coordinates": [ 106.184559123399225, 20.510906455016507 ] } },
{ "type": "Feature", "properties": { "ID": "TBI344040den", "Ten_CT": "Đền, chùa", "Loai_CT": "Đền, chùa", "Thuoc_huyen": "H. Vũ Thư", "Thuoc_tinh": "Thái Bình", "Trong_chigioi": "", "Ngoai_baiSg": "", "layer": "TBI_KTVHXH", "path": "D:/Work/HungYen/TaiLieu/De/De Thai Binh/BD Thai Binh/TBI_KTVHXH.TAB|geometrytype=Point" }, "geometry": { "type": "Point", "coordinates": [ 106.188359615206849, 20.506651785801122 ] } },
{ "type": "Feature", "properties": { "ID": "TBI344040den", "Ten_CT": "Đền, chùa", "Loai_CT": "Đền, chùa", "Thuoc_huyen": "H. Vũ Thư", "Thuoc_tinh": "Thái Bình", "Trong_chigioi": "", "Ngoai_baiSg": "", "layer": "TBI_KTVHXH", "path": "D:/Work/HungYen/TaiLieu/De/De Thai Binh/BD Thai Binh/TBI_KTVHXH.TAB|geometrytype=Point" }, "geometry": { "type": "Point", "coordinates": [ 106.188399631770992, 20.514933879601902 ] } },
{ "type": "Feature", "properties": { "ID": "TBI344040den", "Ten_CT": "Đền, chùa", "Loai_CT": "Đền, chùa", "Thuoc_huyen": "H. Vũ Thư", "Thuoc_tinh": "Thái Bình", "Trong_chigioi": "", "Ngoai_baiSg": "", "layer": "TBI_KTVHXH", "path": "D:/Work/HungYen/TaiLieu/De/De Thai Binh/BD Thai Binh/TBI_KTVHXH.TAB|geometrytype=Point" }, "geometry": { "type": "Point", "coordinates": [ 106.194581810689371, 20.508795012454737 ] } },
{ "type": "Feature", "properties": { "ID": "TBI344040den", "Ten_CT": "Đền, chùa", "Loai_CT": "Đền, chùa", "Thuoc_huyen": "H. Vũ Thư", "Thuoc_tinh": "Thái Bình", "Trong_chigioi": "", "Ngoai_baiSg": "", "layer": "TBI_KTVHXH", "path": "D:/Work/HungYen/TaiLieu/De/De Thai Binh/BD Thai Binh/TBI_KTVHXH.TAB|geometrytype=Point" }, "geometry": { "type": "Point", "coordinates": [ 106.19930659267304, 20.514252608109107 ] } },
{ "type": "Feature", "properties": { "ID": "TBI344040den", "Ten_CT": "Đền, chùa", "Loai_CT": "Đền, chùa", "Thuoc_huyen": "H. Vũ Thư", "Thuoc_tinh": "Thái Bình", "Trong_chigioi": "", "Ngoai_baiSg": "", "layer": "TBI_KTVHXH", "path": "D:/Work/HungYen/TaiLieu/De/De Thai Binh/BD Thai Binh/TBI_KTVHXH.TAB|geometrytype=Point" }, "geometry": { "type": "Point", "coordinates": [ 106.213243692899113, 20.510679827316668 ] } },
{ "type": "Feature", "properties": { "ID": "TBI344040den", "Ten_CT": "Đền, chùa", "Loai_CT": "Đền, chùa", "Thuoc_huyen": "H. Vũ Thư", "Thuoc_tinh": "Thái Bình", "Trong_chigioi": "", "Ngoai_baiSg": "", "layer": "TBI_KTVHXH", "path": "D:/Work/HungYen/TaiLieu/De/De Thai Binh/BD Thai Binh/TBI_KTVHXH.TAB|geometrytype=Point" }, "geometry": { "type": "Point", "coordinates": [ 106.212345772678233, 20.508771122964387 ] } },
{ "type": "Feature", "properties": { "ID": "TBI344040den", "Ten_CT": "Đền, chùa", "Loai_CT": "Đền, chùa", "Thuoc_huyen": "H. Vũ Thư", "Thuoc_tinh": "Thái Bình", "Trong_chigioi": "", "Ngoai_baiSg": "", "layer": "TBI_KTVHXH", "path": "D:/Work/HungYen/TaiLieu/De/De Thai Binh/BD Thai Binh/TBI_KTVHXH.TAB|geometrytype=Point" }, "geometry": { "type": "Point", "coordinates": [ 106.222515314829181, 20.510172335686061 ] } },
{ "type": "Feature", "properties": { "ID": "TBI344040den", "Ten_CT": "Đền, chùa", "Loai_CT": "Đền, chùa", "Thuoc_huyen": "H. Vũ Thư", "Thuoc_tinh": "Thái Bình", "Trong_chigioi": "", "Ngoai_baiSg": "", "layer": "TBI_KTVHXH", "path": "D:/Work/HungYen/TaiLieu/De/De Thai Binh/BD Thai Binh/TBI_KTVHXH.TAB|geometrytype=Point" }, "geometry": { "type": "Point", "coordinates": [ 106.225026138204925, 20.506077045708604 ] } },
{ "type": "Feature", "properties": { "ID": "TBI344040den", "Ten_CT": "Đền, chùa", "Loai_CT": "Đền, chùa", "Thuoc_huyen": "H. Vũ Thư", "Thuoc_tinh": "Thái Bình", "Trong_chigioi": "", "Ngoai_baiSg": "", "layer": "TBI_KTVHXH", "path": "D:/Work/HungYen/TaiLieu/De/De Thai Binh/BD Thai Binh/TBI_KTVHXH.TAB|geometrytype=Point" }, "geometry": { "type": "Point", "coordinates": [ 106.23319063945091, 20.501219248405057 ] } },
{ "type": "Feature", "properties": { "ID": "TBI340040den", "Ten_CT": "Đền, chùa", "Loai_CT": "Đền, chùa", "Thuoc_huyen": "H. Đông Hưng", "Thuoc_tinh": "Thái Bình", "Trong_chigioi": "", "Ngoai_baiSg": "", "layer": "TBI_KTVHXH", "path": "D:/Work/HungYen/TaiLieu/De/De Thai Binh/BD Thai Binh/TBI_KTVHXH.TAB|geometrytype=Point" }, "geometry": { "type": "Point", "coordinates": [ 106.240386550836831, 20.522857776580867 ] } },
{ "type": "Feature", "properties": { "ID": "TBI339040den", "Ten_CT": "Đền, chùa", "Loai_CT": "Đền, chùa", "Thuoc_huyen": "H. Hưng Hà", "Thuoc_tinh": "Thái Bình", "Trong_chigioi": "", "Ngoai_baiSg": "", "layer": "TBI_KTVHXH", "path": "D:/Work/HungYen/TaiLieu/De/De Thai Binh/BD Thai Binh/TBI_KTVHXH.TAB|geometrytype=Point" }, "geometry": { "type": "Point", "coordinates": [ 106.228770518567515, 20.526967705238214 ] } },
{ "type": "Feature", "properties": { "ID": "TBI339040den", "Ten_CT": "Đền, chùa", "Loai_CT": "Đền, chùa", "Thuoc_huyen": "H. Hưng Hà", "Thuoc_tinh": "Thái Bình", "Trong_chigioi": "", "Ngoai_baiSg": "", "layer": "TBI_KTVHXH", "path": "D:/Work/HungYen/TaiLieu/De/De Thai Binh/BD Thai Binh/TBI_KTVHXH.TAB|geometrytype=Point" }, "geometry": { "type": "Point", "coordinates": [ 106.206001364456171, 20.521051477896094 ] } },
{ "type": "Feature", "properties": { "ID": "TBI339040den", "Ten_CT": "Đền, chùa", "Loai_CT": "Đền, chùa", "Thuoc_huyen": "H. Hưng Hà", "Thuoc_tinh": "Thái Bình", "Trong_chigioi": "", "Ngoai_baiSg": "", "layer": "TBI_KTVHXH", "path": "D:/Work/HungYen/TaiLieu/De/De Thai Binh/BD Thai Binh/TBI_KTVHXH.TAB|geometrytype=Point" }, "geometry": { "type": "Point", "coordinates": [ 106.185838394088478, 20.523139175917951 ] } },
{ "type": "Feature", "properties": { "ID": "TBI339040den", "Ten_CT": "Đền, chùa", "Loai_CT": "Đền, chùa", "Thuoc_huyen": "H. Hưng Hà", "Thuoc_tinh": "Thái Bình", "Trong_chigioi": "", "Ngoai_baiSg": "", "layer": "TBI_KTVHXH", "path": "D:/Work/HungYen/TaiLieu/De/De Thai Binh/BD Thai Binh/TBI_KTVHXH.TAB|geometrytype=Point" }, "geometry": { "type": "Point", "coordinates": [ 106.190189769686285, 20.528829491050832 ] } },
{ "type": "Feature", "properties": { "ID": "TBI339040den", "Ten_CT": "Đền, chùa", "Loai_CT": "Đền, chùa", "Thuoc_huyen": "H. Hưng Hà", "Thuoc_tinh": "Thái Bình", "Trong_chigioi": "", "Ngoai_baiSg": "", "layer": "TBI_KTVHXH", "path": "D:/Work/HungYen/TaiLieu/De/De Thai Binh/BD Thai Binh/TBI_KTVHXH.TAB|geometrytype=Point" }, "geometry": { "type": "Point", "coordinates": [ 106.187507682684256, 20.536798294282306 ] } },
{ "type": "Feature", "properties": { "ID": "TBI339040den", "Ten_CT": "Đền, chùa", "Loai_CT": "Đền, chùa", "Thuoc_huyen": "H. Hưng Hà", "Thuoc_tinh": "Thái Bình", "Trong_chigioi": "", "Ngoai_baiSg": "", "layer": "TBI_KTVHXH", "path": "D:/Work/HungYen/TaiLieu/De/De Thai Binh/BD Thai Binh/TBI_KTVHXH.TAB|geometrytype=Point" }, "geometry": { "type": "Point", "coordinates": [ 106.19843013330231, 20.525887977335181 ] } },
{ "type": "Feature", "properties": { "ID": "TBI339040den", "Ten_CT": "Đền, chùa", "Loai_CT": "Đền, chùa", "Thuoc_huyen": "H. Hưng Hà", "Thuoc_tinh": "Thái Bình", "Trong_chigioi": "", "Ngoai_baiSg": "", "layer": "TBI_KTVHXH", "path": "D:/Work/HungYen/TaiLieu/De/De Thai Binh/BD Thai Binh/TBI_KTVHXH.TAB|geometrytype=Point" }, "geometry": { "type": "Point", "coordinates": [ 106.243533255288114, 20.538356381067377 ] } },
{ "type": "Feature", "properties": { "ID": "TBI339040den", "Ten_CT": "Đền, chùa", "Loai_CT": "Đền, chùa", "Thuoc_huyen": "H. Hưng Hà", "Thuoc_tinh": "Thái Bình", "Trong_chigioi": "", "Ngoai_baiSg": "", "layer": "TBI_KTVHXH", "path": "D:/Work/HungYen/TaiLieu/De/De Thai Binh/BD Thai Binh/TBI_KTVHXH.TAB|geometrytype=Point" }, "geometry": { "type": "Point", "coordinates": [ 106.222845782554842, 20.549928664939447 ] } },
{ "type": "Feature", "properties": { "ID": "TBI339040den", "Ten_CT": "Đền, chùa", "Loai_CT": "Đền, chùa", "Thuoc_huyen": "H. Hưng Hà", "Thuoc_tinh": "Thái Bình", "Trong_chigioi": "", "Ngoai_baiSg": "", "layer": "TBI_KTVHXH", "path": "D:/Work/HungYen/TaiLieu/De/De Thai Binh/BD Thai Binh/TBI_KTVHXH.TAB|geometrytype=Point" }, "geometry": { "type": "Point", "coordinates": [ 106.212676919417603, 20.556280434354683 ] } },
{ "type": "Feature", "properties": { "ID": "TBI339040den", "Ten_CT": "Đền, chùa", "Loai_CT": "Đền, chùa", "Thuoc_huyen": "H. Hưng Hà", "Thuoc_tinh": "Thái Bình", "Trong_chigioi": "", "Ngoai_baiSg": "", "layer": "TBI_KTVHXH", "path": "D:/Work/HungYen/TaiLieu/De/De Thai Binh/BD Thai Binh/TBI_KTVHXH.TAB|geometrytype=Point" }, "geometry": { "type": "Point", "coordinates": [ 106.210529848992039, 20.553841025837983 ] } },
{ "type": "Feature", "properties": { "ID": "TBI339040den", "Ten_CT": "Đền, chùa", "Loai_CT": "Đền, chùa", "Thuoc_huyen": "H. Hưng Hà", "Thuoc_tinh": "Thái Bình", "Trong_chigioi": "", "Ngoai_baiSg": "", "layer": "TBI_KTVHXH", "path": "D:/Work/HungYen/TaiLieu/De/De Thai Binh/BD Thai Binh/TBI_KTVHXH.TAB|geometrytype=Point" }, "geometry": { "type": "Point", "coordinates": [ 106.190966328400691, 20.540723885467624 ] } },
{ "type": "Feature", "properties": { "ID": "TBI339040den", "Ten_CT": "Đền, chùa", "Loai_CT": "Đền, chùa", "Thuoc_huyen": "H. Hưng Hà", "Thuoc_tinh": "Thái Bình", "Trong_chigioi": "", "Ngoai_baiSg": "", "layer": "TBI_KTVHXH", "path": "D:/Work/HungYen/TaiLieu/De/De Thai Binh/BD Thai Binh/TBI_KTVHXH.TAB|geometrytype=Point" }, "geometry": { "type": "Point", "coordinates": [ 106.183738971861487, 20.543207242967565 ] } },
{ "type": "Feature", "properties": { "ID": "TBI339040den", "Ten_CT": "Đền, chùa", "Loai_CT": "Đền, chùa", "Thuoc_huyen": "H. Hưng Hà", "Thuoc_tinh": "Thái Bình", "Trong_chigioi": "", "Ngoai_baiSg": "", "layer": "TBI_KTVHXH", "path": "D:/Work/HungYen/TaiLieu/De/De Thai Binh/BD Thai Binh/TBI_KTVHXH.TAB|geometrytype=Point" }, "geometry": { "type": "Point", "coordinates": [ 106.178275261533727, 20.536235728821119 ] } },
{ "type": "Feature", "properties": { "ID": "TBI339040den", "Ten_CT": "Đền, chùa", "Loai_CT": "Đền, chùa", "Thuoc_huyen": "H. Hưng Hà", "Thuoc_tinh": "Thái Bình", "Trong_chigioi": "", "Ngoai_baiSg": "", "layer": "TBI_KTVHXH", "path": "D:/Work/HungYen/TaiLieu/De/De Thai Binh/BD Thai Binh/TBI_KTVHXH.TAB|geometrytype=Point" }, "geometry": { "type": "Point", "coordinates": [ 106.179048457092321, 20.551241586867363 ] } },
{ "type": "Feature", "properties": { "ID": "TBI339040den", "Ten_CT": "Đền, chùa", "Loai_CT": "Đền, chùa", "Thuoc_huyen": "H. Hưng Hà", "Thuoc_tinh": "Thái Bình", "Trong_chigioi": "", "Ngoai_baiSg": "", "layer": "TBI_KTVHXH", "path": "D:/Work/HungYen/TaiLieu/De/De Thai Binh/BD Thai Binh/TBI_KTVHXH.TAB|geometrytype=Point" }, "geometry": { "type": "Point", "coordinates": [ 106.195516585306521, 20.553900289366478 ] } },
{ "type": "Feature", "properties": { "ID": "TBI339040den", "Ten_CT": "Đền, chùa", "Loai_CT": "Đền, chùa", "Thuoc_huyen": "H. Hưng Hà", "Thuoc_tinh": "Thái Bình", "Trong_chigioi": "", "Ngoai_baiSg": "", "layer": "TBI_KTVHXH", "path": "D:/Work/HungYen/TaiLieu/De/De Thai Binh/BD Thai Binh/TBI_KTVHXH.TAB|geometrytype=Point" }, "geometry": { "type": "Point", "coordinates": [ 106.196881584454204, 20.553461177611009 ] } },
{ "type": "Feature", "properties": { "ID": "TBI339040den", "Ten_CT": "Đền, chùa", "Loai_CT": "Đền, chùa", "Thuoc_huyen": "H. Hưng Hà", "Thuoc_tinh": "Thái Bình", "Trong_chigioi": "", "Ngoai_baiSg": "", "layer": "TBI_KTVHXH", "path": "D:/Work/HungYen/TaiLieu/De/De Thai Binh/BD Thai Binh/TBI_KTVHXH.TAB|geometrytype=Point" }, "geometry": { "type": "Point", "coordinates": [ 106.193458574941005, 20.56308715437126 ] } },
{ "type": "Feature", "properties": { "ID": "TBI339040den", "Ten_CT": "Đền, chùa", "Loai_CT": "Đền, chùa", "Thuoc_huyen": "H. Hưng Hà", "Thuoc_tinh": "Thái Bình", "Trong_chigioi": "", "Ngoai_baiSg": "", "layer": "TBI_KTVHXH", "path": "D:/Work/HungYen/TaiLieu/De/De Thai Binh/BD Thai Binh/TBI_KTVHXH.TAB|geometrytype=Point" }, "geometry": { "type": "Point", "coordinates": [ 106.180515376971371, 20.55984605704516 ] } },
{ "type": "Feature", "properties": { "ID": "TBI339040den", "Ten_CT": "Đền, chùa", "Loai_CT": "Đền, chùa", "Thuoc_huyen": "H. Hưng Hà", "Thuoc_tinh": "Thái Bình", "Trong_chigioi": "", "Ngoai_baiSg": "", "layer": "TBI_KTVHXH", "path": "D:/Work/HungYen/TaiLieu/De/De Thai Binh/BD Thai Binh/TBI_KTVHXH.TAB|geometrytype=Point" }, "geometry": { "type": "Point", "coordinates": [ 106.167883363050692, 20.563164576844372 ] } },
{ "type": "Feature", "properties": { "ID": "TBI339040den", "Ten_CT": "Đền, chùa", "Loai_CT": "Đền, chùa", "Thuoc_huyen": "H. Hưng Hà", "Thuoc_tinh": "Thái Bình", "Trong_chigioi": "", "Ngoai_baiSg": "", "layer": "TBI_KTVHXH", "path": "D:/Work/HungYen/TaiLieu/De/De Thai Binh/BD Thai Binh/TBI_KTVHXH.TAB|geometrytype=Point" }, "geometry": { "type": "Point", "coordinates": [ 106.188428863047179, 20.56578515356631 ] } },
{ "type": "Feature", "properties": { "ID": "TBI339040den", "Ten_CT": "Đền, chùa", "Loai_CT": "Đền, chùa", "Thuoc_huyen": "H. Hưng Hà", "Thuoc_tinh": "Thái Bình", "Trong_chigioi": "", "Ngoai_baiSg": "", "layer": "TBI_KTVHXH", "path": "D:/Work/HungYen/TaiLieu/De/De Thai Binh/BD Thai Binh/TBI_KTVHXH.TAB|geometrytype=Point" }, "geometry": { "type": "Point", "coordinates": [ 106.17408292099978, 20.568649885228364 ] } },
{ "type": "Feature", "properties": { "ID": "TBI339040den", "Ten_CT": "Đền, chùa", "Loai_CT": "Đền, chùa", "Thuoc_huyen": "H. Hưng Hà", "Thuoc_tinh": "Thái Bình", "Trong_chigioi": "", "Ngoai_baiSg": "", "layer": "TBI_KTVHXH", "path": "D:/Work/HungYen/TaiLieu/De/De Thai Binh/BD Thai Binh/TBI_KTVHXH.TAB|geometrytype=Point" }, "geometry": { "type": "Point", "coordinates": [ 106.166007482101975, 20.570404242830829 ] } },
{ "type": "Feature", "properties": { "ID": "TBI339040den", "Ten_CT": "Đền, chùa", "Loai_CT": "Đền, chùa", "Thuoc_huyen": "H. Hưng Hà", "Thuoc_tinh": "Thái Bình", "Trong_chigioi": "", "Ngoai_baiSg": "", "layer": "TBI_KTVHXH", "path": "D:/Work/HungYen/TaiLieu/De/De Thai Binh/BD Thai Binh/TBI_KTVHXH.TAB|geometrytype=Point" }, "geometry": { "type": "Point", "coordinates": [ 106.163671161471328, 20.57501518362465 ] } },
{ "type": "Feature", "properties": { "ID": "TBI339040den", "Ten_CT": "Đền, chùa", "Loai_CT": "Đền, chùa", "Thuoc_huyen": "H. Hưng Hà", "Thuoc_tinh": "Thái Bình", "Trong_chigioi": "", "Ngoai_baiSg": "", "layer": "TBI_KTVHXH", "path": "D:/Work/HungYen/TaiLieu/De/De Thai Binh/BD Thai Binh/TBI_KTVHXH.TAB|geometrytype=Point" }, "geometry": { "type": "Point", "coordinates": [ 106.158926096577488, 20.572602591041473 ] } },
{ "type": "Feature", "properties": { "ID": "TBI339040den", "Ten_CT": "Đền, chùa", "Loai_CT": "Đền, chùa", "Thuoc_huyen": "H. Hưng Hà", "Thuoc_tinh": "Thái Bình", "Trong_chigioi": "", "Ngoai_baiSg": "", "layer": "TBI_KTVHXH", "path": "D:/Work/HungYen/TaiLieu/De/De Thai Binh/BD Thai Binh/TBI_KTVHXH.TAB|geometrytype=Point" }, "geometry": { "type": "Point", "coordinates": [ 106.150544945217206, 20.576618141407259 ] } },
{ "type": "Feature", "properties": { "ID": "TBI339040den", "Ten_CT": "Đền, chùa", "Loai_CT": "Đền, chùa", "Thuoc_huyen": "H. Hưng Hà", "Thuoc_tinh": "Thái Bình", "Trong_chigioi": "", "Ngoai_baiSg": "", "layer": "TBI_KTVHXH", "path": "D:/Work/HungYen/TaiLieu/De/De Thai Binh/BD Thai Binh/TBI_KTVHXH.TAB|geometrytype=Point" }, "geometry": { "type": "Point", "coordinates": [ 106.14103578477156, 20.580688446250957 ] } },
{ "type": "Feature", "properties": { "ID": "TBI339040den", "Ten_CT": "Đền, chùa", "Loai_CT": "Đền, chùa", "Thuoc_huyen": "H. Hưng Hà", "Thuoc_tinh": "Thái Bình", "Trong_chigioi": "", "Ngoai_baiSg": "", "layer": "TBI_KTVHXH", "path": "D:/Work/HungYen/TaiLieu/De/De Thai Binh/BD Thai Binh/TBI_KTVHXH.TAB|geometrytype=Point" }, "geometry": { "type": "Point", "coordinates": [ 106.142809882470303, 20.584292708025014 ] } },
{ "type": "Feature", "properties": { "ID": "TBI339040den", "Ten_CT": "Đền, chùa", "Loai_CT": "Đền, chùa", "Thuoc_huyen": "H. Hưng Hà", "Thuoc_tinh": "Thái Bình", "Trong_chigioi": "", "Ngoai_baiSg": "", "layer": "TBI_KTVHXH", "path": "D:/Work/HungYen/TaiLieu/De/De Thai Binh/BD Thai Binh/TBI_KTVHXH.TAB|geometrytype=Point" }, "geometry": { "type": "Point", "coordinates": [ 106.155131115333276, 20.583386296059764 ] } },
{ "type": "Feature", "properties": { "ID": "TBI339040den", "Ten_CT": "Đền, chùa", "Loai_CT": "Đền, chùa", "Thuoc_huyen": "H. Hưng Hà", "Thuoc_tinh": "Thái Bình", "Trong_chigioi": "", "Ngoai_baiSg": "", "layer": "TBI_KTVHXH", "path": "D:/Work/HungYen/TaiLieu/De/De Thai Binh/BD Thai Binh/TBI_KTVHXH.TAB|geometrytype=Point" }, "geometry": { "type": "Point", "coordinates": [ 106.171734327785828, 20.577109954989421 ] } },
{ "type": "Feature", "properties": { "ID": "TBI339040den", "Ten_CT": "Đền, chùa", "Loai_CT": "Đền, chùa", "Thuoc_huyen": "H. Hưng Hà", "Thuoc_tinh": "Thái Bình", "Trong_chigioi": "", "Ngoai_baiSg": "", "layer": "TBI_KTVHXH", "path": "D:/Work/HungYen/TaiLieu/De/De Thai Binh/BD Thai Binh/TBI_KTVHXH.TAB|geometrytype=Point" }, "geometry": { "type": "Point", "coordinates": [ 106.180927606717361, 20.579285714683653 ] } },
{ "type": "Feature", "properties": { "ID": "TBI339040den", "Ten_CT": "Đền, chùa", "Loai_CT": "Đền, chùa", "Thuoc_huyen": "H. Hưng Hà", "Thuoc_tinh": "Thái Bình", "Trong_chigioi": "", "Ngoai_baiSg": "", "layer": "TBI_KTVHXH", "path": "D:/Work/HungYen/TaiLieu/De/De Thai Binh/BD Thai Binh/TBI_KTVHXH.TAB|geometrytype=Point" }, "geometry": { "type": "Point", "coordinates": [ 106.189143239499032, 20.584126039497168 ] } },
{ "type": "Feature", "properties": { "ID": "TBI339040den", "Ten_CT": "Đền, chùa", "Loai_CT": "Đền, chùa", "Thuoc_huyen": "H. Hưng Hà", "Thuoc_tinh": "Thái Bình", "Trong_chigioi": "", "Ngoai_baiSg": "", "layer": "TBI_KTVHXH", "path": "D:/Work/HungYen/TaiLieu/De/De Thai Binh/BD Thai Binh/TBI_KTVHXH.TAB|geometrytype=Point" }, "geometry": { "type": "Point", "coordinates": [ 106.22630510646205, 20.560497763507978 ] } },
{ "type": "Feature", "properties": { "ID": "TBI339040den", "Ten_CT": "Đền, chùa", "Loai_CT": "Đền, chùa", "Thuoc_huyen": "H. Hưng Hà", "Thuoc_tinh": "Thái Bình", "Trong_chigioi": "", "Ngoai_baiSg": "", "layer": "TBI_KTVHXH", "path": "D:/Work/HungYen/TaiLieu/De/De Thai Binh/BD Thai Binh/TBI_KTVHXH.TAB|geometrytype=Point" }, "geometry": { "type": "Point", "coordinates": [ 106.227563884179531, 20.574857363680071 ] } },
{ "type": "Feature", "properties": { "ID": "TBI339040den", "Ten_CT": "Đền, chùa", "Loai_CT": "Đền, chùa", "Thuoc_huyen": "H. Hưng Hà", "Thuoc_tinh": "Thái Bình", "Trong_chigioi": "", "Ngoai_baiSg": "", "layer": "TBI_KTVHXH", "path": "D:/Work/HungYen/TaiLieu/De/De Thai Binh/BD Thai Binh/TBI_KTVHXH.TAB|geometrytype=Point" }, "geometry": { "type": "Point", "coordinates": [ 106.246171916189411, 20.564557354264711 ] } },
{ "type": "Feature", "properties": { "ID": "TBI339040den", "Ten_CT": "Đền, chùa", "Loai_CT": "Đền, chùa", "Thuoc_huyen": "H. Hưng Hà", "Thuoc_tinh": "Thái Bình", "Trong_chigioi": "", "Ngoai_baiSg": "", "layer": "TBI_KTVHXH", "path": "D:/Work/HungYen/TaiLieu/De/De Thai Binh/BD Thai Binh/TBI_KTVHXH.TAB|geometrytype=Point" }, "geometry": { "type": "Point", "coordinates": [ 106.241554095391564, 20.563241493392361 ] } },
{ "type": "Feature", "properties": { "ID": "TBI339040den", "Ten_CT": "Đền, chùa", "Loai_CT": "Đền, chùa", "Thuoc_huyen": "H. Hưng Hà", "Thuoc_tinh": "Thái Bình", "Trong_chigioi": "", "Ngoai_baiSg": "", "layer": "TBI_KTVHXH", "path": "D:/Work/HungYen/TaiLieu/De/De Thai Binh/BD Thai Binh/TBI_KTVHXH.TAB|geometrytype=Point" }, "geometry": { "type": "Point", "coordinates": [ 106.244017752673997, 20.560787390580884 ] } },
{ "type": "Feature", "properties": { "ID": "TBI339040den", "Ten_CT": "Đền, chùa", "Loai_CT": "Đền, chùa", "Thuoc_huyen": "H. Hưng Hà", "Thuoc_tinh": "Thái Bình", "Trong_chigioi": "", "Ngoai_baiSg": "", "layer": "TBI_KTVHXH", "path": "D:/Work/HungYen/TaiLieu/De/De Thai Binh/BD Thai Binh/TBI_KTVHXH.TAB|geometrytype=Point" }, "geometry": { "type": "Point", "coordinates": [ 106.210471023780826, 20.576696927962523 ] } },
{ "type": "Feature", "properties": { "ID": "TBI339040den", "Ten_CT": "Đền, chùa", "Loai_CT": "Đền, chùa", "Thuoc_huyen": "H. Hưng Hà", "Thuoc_tinh": "Thái Bình", "Trong_chigioi": "", "Ngoai_baiSg": "", "layer": "TBI_KTVHXH", "path": "D:/Work/HungYen/TaiLieu/De/De Thai Binh/BD Thai Binh/TBI_KTVHXH.TAB|geometrytype=Point" }, "geometry": { "type": "Point", "coordinates": [ 106.189126413748838, 20.60003591076844 ] } },
{ "type": "Feature", "properties": { "ID": "TBI339040den", "Ten_CT": "Đền, chùa", "Loai_CT": "Đền, chùa", "Thuoc_huyen": "H. Hưng Hà", "Thuoc_tinh": "Thái Bình", "Trong_chigioi": "", "Ngoai_baiSg": "", "layer": "TBI_KTVHXH", "path": "D:/Work/HungYen/TaiLieu/De/De Thai Binh/BD Thai Binh/TBI_KTVHXH.TAB|geometrytype=Point" }, "geometry": { "type": "Point", "coordinates": [ 106.18625014641421, 20.599744604574674 ] } },
{ "type": "Feature", "properties": { "ID": "TBI339040den", "Ten_CT": "Đền, chùa", "Loai_CT": "Đền, chùa", "Thuoc_huyen": "H. Hưng Hà", "Thuoc_tinh": "Thái Bình", "Trong_chigioi": "", "Ngoai_baiSg": "", "layer": "TBI_KTVHXH", "path": "D:/Work/HungYen/TaiLieu/De/De Thai Binh/BD Thai Binh/TBI_KTVHXH.TAB|geometrytype=Point" }, "geometry": { "type": "Point", "coordinates": [ 106.178984898197925, 20.589990909321848 ] } },
{ "type": "Feature", "properties": { "ID": "TBI339040den", "Ten_CT": "Đền, chùa", "Loai_CT": "Đền, chùa", "Thuoc_huyen": "H. Hưng Hà", "Thuoc_tinh": "Thái Bình", "Trong_chigioi": "", "Ngoai_baiSg": "", "layer": "TBI_KTVHXH", "path": "D:/Work/HungYen/TaiLieu/De/De Thai Binh/BD Thai Binh/TBI_KTVHXH.TAB|geometrytype=Point" }, "geometry": { "type": "Point", "coordinates": [ 106.164093905318737, 20.588832954270924 ] } },
{ "type": "Feature", "properties": { "ID": "TBI339040den", "Ten_CT": "Đền, chùa", "Loai_CT": "Đền, chùa", "Thuoc_huyen": "H. Hưng Hà", "Thuoc_tinh": "Thái Bình", "Trong_chigioi": "", "Ngoai_baiSg": "", "layer": "TBI_KTVHXH", "path": "D:/Work/HungYen/TaiLieu/De/De Thai Binh/BD Thai Binh/TBI_KTVHXH.TAB|geometrytype=Point" }, "geometry": { "type": "Point", "coordinates": [ 106.175163399981997, 20.593094109399306 ] } },
{ "type": "Feature", "properties": { "ID": "TBI339040den", "Ten_CT": "Đền, chùa", "Loai_CT": "Đền, chùa", "Thuoc_huyen": "H. Hưng Hà", "Thuoc_tinh": "Thái Bình", "Trong_chigioi": "", "Ngoai_baiSg": "", "layer": "TBI_KTVHXH", "path": "D:/Work/HungYen/TaiLieu/De/De Thai Binh/BD Thai Binh/TBI_KTVHXH.TAB|geometrytype=Point" }, "geometry": { "type": "Point", "coordinates": [ 106.167731364596449, 20.595703418279289 ] } },
{ "type": "Feature", "properties": { "ID": "TBI339040den", "Ten_CT": "Đền, chùa", "Loai_CT": "Đền, chùa", "Thuoc_huyen": "H. Hưng Hà", "Thuoc_tinh": "Thái Bình", "Trong_chigioi": "", "Ngoai_baiSg": "", "layer": "TBI_KTVHXH", "path": "D:/Work/HungYen/TaiLieu/De/De Thai Binh/BD Thai Binh/TBI_KTVHXH.TAB|geometrytype=Point" }, "geometry": { "type": "Point", "coordinates": [ 106.132735557768314, 20.592932200109672 ] } },
{ "type": "Feature", "properties": { "ID": "TBI339040den", "Ten_CT": "Đền, chùa", "Loai_CT": "Đền, chùa", "Thuoc_huyen": "H. Hưng Hà", "Thuoc_tinh": "Thái Bình", "Trong_chigioi": "", "Ngoai_baiSg": "", "layer": "TBI_KTVHXH", "path": "D:/Work/HungYen/TaiLieu/De/De Thai Binh/BD Thai Binh/TBI_KTVHXH.TAB|geometrytype=Point" }, "geometry": { "type": "Point", "coordinates": [ 106.137838492575369, 20.588490121315768 ] } },
{ "type": "Feature", "properties": { "ID": "TBI339040den", "Ten_CT": "Đền, chùa", "Loai_CT": "Đền, chùa", "Thuoc_huyen": "H. Hưng Hà", "Thuoc_tinh": "Thái Bình", "Trong_chigioi": "", "Ngoai_baiSg": "", "layer": "TBI_KTVHXH", "path": "D:/Work/HungYen/TaiLieu/De/De Thai Binh/BD Thai Binh/TBI_KTVHXH.TAB|geometrytype=Point" }, "geometry": { "type": "Point", "coordinates": [ 106.15391952556017, 20.591480340593133 ] } },
{ "type": "Feature", "properties": { "ID": "TBI339040den", "Ten_CT": "Đền, chùa", "Loai_CT": "Đền, chùa", "Thuoc_huyen": "H. Hưng Hà", "Thuoc_tinh": "Thái Bình", "Trong_chigioi": "", "Ngoai_baiSg": "", "layer": "TBI_KTVHXH", "path": "D:/Work/HungYen/TaiLieu/De/De Thai Binh/BD Thai Binh/TBI_KTVHXH.TAB|geometrytype=Point" }, "geometry": { "type": "Point", "coordinates": [ 106.152391026101782, 20.603726387897595 ] } },
{ "type": "Feature", "properties": { "ID": "TBI339040den", "Ten_CT": "Đền, chùa", "Loai_CT": "Đền, chùa", "Thuoc_huyen": "H. Hưng Hà", "Thuoc_tinh": "Thái Bình", "Trong_chigioi": "", "Ngoai_baiSg": "", "layer": "TBI_KTVHXH", "path": "D:/Work/HungYen/TaiLieu/De/De Thai Binh/BD Thai Binh/TBI_KTVHXH.TAB|geometrytype=Point" }, "geometry": { "type": "Point", "coordinates": [ 106.149926067280276, 20.598955588638074 ] } },
{ "type": "Feature", "properties": { "ID": "TBI339040den", "Ten_CT": "Đền, chùa", "Loai_CT": "Đền, chùa", "Thuoc_huyen": "H. Hưng Hà", "Thuoc_tinh": "Thái Bình", "Trong_chigioi": "", "Ngoai_baiSg": "", "layer": "TBI_KTVHXH", "path": "D:/Work/HungYen/TaiLieu/De/De Thai Binh/BD Thai Binh/TBI_KTVHXH.TAB|geometrytype=Point" }, "geometry": { "type": "Point", "coordinates": [ 106.141301682809811, 20.601764785751335 ] } },
{ "type": "Feature", "properties": { "ID": "TBI339040den", "Ten_CT": "Đền, chùa", "Loai_CT": "Đền, chùa", "Thuoc_huyen": "H. Hưng Hà", "Thuoc_tinh": "Thái Bình", "Trong_chigioi": "", "Ngoai_baiSg": "", "layer": "TBI_KTVHXH", "path": "D:/Work/HungYen/TaiLieu/De/De Thai Binh/BD Thai Binh/TBI_KTVHXH.TAB|geometrytype=Point" }, "geometry": { "type": "Point", "coordinates": [ 106.13907740589822, 20.604813670892369 ] } },
{ "type": "Feature", "properties": { "ID": "TBI339040den", "Ten_CT": "Đền, chùa", "Loai_CT": "Đền, chùa", "Thuoc_huyen": "H. Hưng Hà", "Thuoc_tinh": "Thái Bình", "Trong_chigioi": "", "Ngoai_baiSg": "", "layer": "TBI_KTVHXH", "path": "D:/Work/HungYen/TaiLieu/De/De Thai Binh/BD Thai Binh/TBI_KTVHXH.TAB|geometrytype=Point" }, "geometry": { "type": "Point", "coordinates": [ 106.145144441854924, 20.606226010279268 ] } },
{ "type": "Feature", "properties": { "ID": "TBI339040den", "Ten_CT": "Đền, chùa", "Loai_CT": "Đền, chùa", "Thuoc_huyen": "H. Hưng Hà", "Thuoc_tinh": "Thái Bình", "Trong_chigioi": "", "Ngoai_baiSg": "", "layer": "TBI_KTVHXH", "path": "D:/Work/HungYen/TaiLieu/De/De Thai Binh/BD Thai Binh/TBI_KTVHXH.TAB|geometrytype=Point" }, "geometry": { "type": "Point", "coordinates": [ 106.148432473310748, 20.609108851343358 ] } },
{ "type": "Feature", "properties": { "ID": "TBI339040den", "Ten_CT": "Đền, chùa", "Loai_CT": "Đền, chùa", "Thuoc_huyen": "H. Hưng Hà", "Thuoc_tinh": "Thái Bình", "Trong_chigioi": "", "Ngoai_baiSg": "", "layer": "TBI_KTVHXH", "path": "D:/Work/HungYen/TaiLieu/De/De Thai Binh/BD Thai Binh/TBI_KTVHXH.TAB|geometrytype=Point" }, "geometry": { "type": "Point", "coordinates": [ 106.155400275732745, 20.613072998135177 ] } },
{ "type": "Feature", "properties": { "ID": "TBI339040den", "Ten_CT": "Đền, chùa", "Loai_CT": "Đền, chùa", "Thuoc_huyen": "H. Hưng Hà", "Thuoc_tinh": "Thái Bình", "Trong_chigioi": "", "Ngoai_baiSg": "", "layer": "TBI_KTVHXH", "path": "D:/Work/HungYen/TaiLieu/De/De Thai Binh/BD Thai Binh/TBI_KTVHXH.TAB|geometrytype=Point" }, "geometry": { "type": "Point", "coordinates": [ 106.16045668502511, 20.611667300192092 ] } },
{ "type": "Feature", "properties": { "ID": "TBI339040den", "Ten_CT": "Đền, chùa", "Loai_CT": "Đền, chùa", "Thuoc_huyen": "H. Hưng Hà", "Thuoc_tinh": "Thái Bình", "Trong_chigioi": "", "Ngoai_baiSg": "", "layer": "TBI_KTVHXH", "path": "D:/Work/HungYen/TaiLieu/De/De Thai Binh/BD Thai Binh/TBI_KTVHXH.TAB|geometrytype=Point" }, "geometry": { "type": "Point", "coordinates": [ 106.165593180828253, 20.609966840171733 ] } },
{ "type": "Feature", "properties": { "ID": "TBI339040den", "Ten_CT": "Đền, chùa", "Loai_CT": "Đền, chùa", "Thuoc_huyen": "H. Hưng Hà", "Thuoc_tinh": "Thái Bình", "Trong_chigioi": "", "Ngoai_baiSg": "", "layer": "TBI_KTVHXH", "path": "D:/Work/HungYen/TaiLieu/De/De Thai Binh/BD Thai Binh/TBI_KTVHXH.TAB|geometrytype=Point" }, "geometry": { "type": "Point", "coordinates": [ 106.175675206127508, 20.599892805872845 ] } },
{ "type": "Feature", "properties": { "ID": "TBI339040den", "Ten_CT": "Đền, chùa", "Loai_CT": "Đền, chùa", "Thuoc_huyen": "H. Hưng Hà", "Thuoc_tinh": "Thái Bình", "Trong_chigioi": "", "Ngoai_baiSg": "", "layer": "TBI_KTVHXH", "path": "D:/Work/HungYen/TaiLieu/De/De Thai Binh/BD Thai Binh/TBI_KTVHXH.TAB|geometrytype=Point" }, "geometry": { "type": "Point", "coordinates": [ 106.136568342649397, 20.609700346772996 ] } },
{ "type": "Feature", "properties": { "ID": "TBI339040den", "Ten_CT": "Đền, chùa", "Loai_CT": "Đền, chùa", "Thuoc_huyen": "H. Hưng Hà", "Thuoc_tinh": "Thái Bình", "Trong_chigioi": "", "Ngoai_baiSg": "", "layer": "TBI_KTVHXH", "path": "D:/Work/HungYen/TaiLieu/De/De Thai Binh/BD Thai Binh/TBI_KTVHXH.TAB|geometrytype=Point" }, "geometry": { "type": "Point", "coordinates": [ 106.137096672241455, 20.62208273069751 ] } },
{ "type": "Feature", "properties": { "ID": "TBI339040den", "Ten_CT": "Đền, chùa", "Loai_CT": "Đền, chùa", "Thuoc_huyen": "H. Hưng Hà", "Thuoc_tinh": "Thái Bình", "Trong_chigioi": "", "Ngoai_baiSg": "", "layer": "TBI_KTVHXH", "path": "D:/Work/HungYen/TaiLieu/De/De Thai Binh/BD Thai Binh/TBI_KTVHXH.TAB|geometrytype=Point" }, "geometry": { "type": "Point", "coordinates": [ 106.13174119518969, 20.628197621209075 ] } },
{ "type": "Feature", "properties": { "ID": "TBI339040den", "Ten_CT": "Đền, chùa", "Loai_CT": "Đền, chùa", "Thuoc_huyen": "H. Hưng Hà", "Thuoc_tinh": "Thái Bình", "Trong_chigioi": "", "Ngoai_baiSg": "", "layer": "TBI_KTVHXH", "path": "D:/Work/HungYen/TaiLieu/De/De Thai Binh/BD Thai Binh/TBI_KTVHXH.TAB|geometrytype=Point" }, "geometry": { "type": "Point", "coordinates": [ 106.128650888591395, 20.639678096659548 ] } },
{ "type": "Feature", "properties": { "ID": "TBI339040den", "Ten_CT": "Đền, chùa", "Loai_CT": "Đền, chùa", "Thuoc_huyen": "H. Hưng Hà", "Thuoc_tinh": "Thái Bình", "Trong_chigioi": "", "Ngoai_baiSg": "", "layer": "TBI_KTVHXH", "path": "D:/Work/HungYen/TaiLieu/De/De Thai Binh/BD Thai Binh/TBI_KTVHXH.TAB|geometrytype=Point" }, "geometry": { "type": "Point", "coordinates": [ 106.148556787108831, 20.633618098903568 ] } },
{ "type": "Feature", "properties": { "ID": "TBI339040den", "Ten_CT": "Đền, chùa", "Loai_CT": "Đền, chùa", "Thuoc_huyen": "H. Hưng Hà", "Thuoc_tinh": "Thái Bình", "Trong_chigioi": "", "Ngoai_baiSg": "", "layer": "TBI_KTVHXH", "path": "D:/Work/HungYen/TaiLieu/De/De Thai Binh/BD Thai Binh/TBI_KTVHXH.TAB|geometrytype=Point" }, "geometry": { "type": "Point", "coordinates": [ 106.146511196639807, 20.622376840605664 ] } },
{ "type": "Feature", "properties": { "ID": "TBI339040den", "Ten_CT": "Đền, chùa", "Loai_CT": "Đền, chùa", "Thuoc_huyen": "H. Hưng Hà", "Thuoc_tinh": "Thái Bình", "Trong_chigioi": "", "Ngoai_baiSg": "", "layer": "TBI_KTVHXH", "path": "D:/Work/HungYen/TaiLieu/De/De Thai Binh/BD Thai Binh/TBI_KTVHXH.TAB|geometrytype=Point" }, "geometry": { "type": "Point", "coordinates": [ 106.15433628454133, 20.620243602132692 ] } },
{ "type": "Feature", "properties": { "ID": "TBI339040den", "Ten_CT": "Đền, chùa", "Loai_CT": "Đền, chùa", "Thuoc_huyen": "H. Hưng Hà", "Thuoc_tinh": "Thái Bình", "Trong_chigioi": "", "Ngoai_baiSg": "", "layer": "TBI_KTVHXH", "path": "D:/Work/HungYen/TaiLieu/De/De Thai Binh/BD Thai Binh/TBI_KTVHXH.TAB|geometrytype=Point" }, "geometry": { "type": "Point", "coordinates": [ 106.156928053730496, 20.623821155715341 ] } },
{ "type": "Feature", "properties": { "ID": "TBI339040den", "Ten_CT": "Đền, chùa", "Loai_CT": "Đền, chùa", "Thuoc_huyen": "H. Hưng Hà", "Thuoc_tinh": "Thái Bình", "Trong_chigioi": "", "Ngoai_baiSg": "", "layer": "TBI_KTVHXH", "path": "D:/Work/HungYen/TaiLieu/De/De Thai Binh/BD Thai Binh/TBI_KTVHXH.TAB|geometrytype=Point" }, "geometry": { "type": "Point", "coordinates": [ 106.163633131407309, 20.617355026094128 ] } },
{ "type": "Feature", "properties": { "ID": "TBI339040den", "Ten_CT": "Đền, chùa", "Loai_CT": "Đền, chùa", "Thuoc_huyen": "H. Hưng Hà", "Thuoc_tinh": "Thái Bình", "Trong_chigioi": "", "Ngoai_baiSg": "", "layer": "TBI_KTVHXH", "path": "D:/Work/HungYen/TaiLieu/De/De Thai Binh/BD Thai Binh/TBI_KTVHXH.TAB|geometrytype=Point" }, "geometry": { "type": "Point", "coordinates": [ 106.190953124939199, 20.606334541002145 ] } },
{ "type": "Feature", "properties": { "ID": "TBI339040den", "Ten_CT": "Đền, chùa", "Loai_CT": "Đền, chùa", "Thuoc_huyen": "H. Hưng Hà", "Thuoc_tinh": "Thái Bình", "Trong_chigioi": "", "Ngoai_baiSg": "", "layer": "TBI_KTVHXH", "path": "D:/Work/HungYen/TaiLieu/De/De Thai Binh/BD Thai Binh/TBI_KTVHXH.TAB|geometrytype=Point" }, "geometry": { "type": "Point", "coordinates": [ 106.187600544053623, 20.613178538525563 ] } },
{ "type": "Feature", "properties": { "ID": "TBI339040den", "Ten_CT": "Đền, chùa", "Loai_CT": "Đền, chùa", "Thuoc_huyen": "H. Hưng Hà", "Thuoc_tinh": "Thái Bình", "Trong_chigioi": "", "Ngoai_baiSg": "", "layer": "TBI_KTVHXH", "path": "D:/Work/HungYen/TaiLieu/De/De Thai Binh/BD Thai Binh/TBI_KTVHXH.TAB|geometrytype=Point" }, "geometry": { "type": "Point", "coordinates": [ 106.186147574481325, 20.618190605841814 ] } },
{ "type": "Feature", "properties": { "ID": "TBI339040den", "Ten_CT": "Đền, chùa", "Loai_CT": "Đền, chùa", "Thuoc_huyen": "H. Hưng Hà", "Thuoc_tinh": "Thái Bình", "Trong_chigioi": "", "Ngoai_baiSg": "", "layer": "TBI_KTVHXH", "path": "D:/Work/HungYen/TaiLieu/De/De Thai Binh/BD Thai Binh/TBI_KTVHXH.TAB|geometrytype=Point" }, "geometry": { "type": "Point", "coordinates": [ 106.1936067882326, 20.611365754222732 ] } },
{ "type": "Feature", "properties": { "ID": "TBI339040den", "Ten_CT": "Đền, chùa", "Loai_CT": "Đền, chùa", "Thuoc_huyen": "H. Hưng Hà", "Thuoc_tinh": "Thái Bình", "Trong_chigioi": "", "Ngoai_baiSg": "", "layer": "TBI_KTVHXH", "path": "D:/Work/HungYen/TaiLieu/De/De Thai Binh/BD Thai Binh/TBI_KTVHXH.TAB|geometrytype=Point" }, "geometry": { "type": "Point", "coordinates": [ 106.197497312381159, 20.613970611592087 ] } },
{ "type": "Feature", "properties": { "ID": "TBI339040den", "Ten_CT": "Đền, chùa", "Loai_CT": "Đền, chùa", "Thuoc_huyen": "H. Hưng Hà", "Thuoc_tinh": "Thái Bình", "Trong_chigioi": "", "Ngoai_baiSg": "", "layer": "TBI_KTVHXH", "path": "D:/Work/HungYen/TaiLieu/De/De Thai Binh/BD Thai Binh/TBI_KTVHXH.TAB|geometrytype=Point" }, "geometry": { "type": "Point", "coordinates": [ 106.20603798052548, 20.595705795025637 ] } },
{ "type": "Feature", "properties": { "ID": "TBI339040den", "Ten_CT": "Đền, chùa", "Loai_CT": "Đền, chùa", "Thuoc_huyen": "H. Hưng Hà", "Thuoc_tinh": "Thái Bình", "Trong_chigioi": "", "Ngoai_baiSg": "", "layer": "TBI_KTVHXH", "path": "D:/Work/HungYen/TaiLieu/De/De Thai Binh/BD Thai Binh/TBI_KTVHXH.TAB|geometrytype=Point" }, "geometry": { "type": "Point", "coordinates": [ 106.217960871233259, 20.585421442201802 ] } },
{ "type": "Feature", "properties": { "ID": "TBI339040den", "Ten_CT": "Đền, chùa", "Loai_CT": "Đền, chùa", "Thuoc_huyen": "H. Hưng Hà", "Thuoc_tinh": "Thái Bình", "Trong_chigioi": "", "Ngoai_baiSg": "", "layer": "TBI_KTVHXH", "path": "D:/Work/HungYen/TaiLieu/De/De Thai Binh/BD Thai Binh/TBI_KTVHXH.TAB|geometrytype=Point" }, "geometry": { "type": "Point", "coordinates": [ 106.221718261545462, 20.595294801472356 ] } },
{ "type": "Feature", "properties": { "ID": "TBI339040den", "Ten_CT": "Đền, chùa", "Loai_CT": "Đền, chùa", "Thuoc_huyen": "H. Hưng Hà", "Thuoc_tinh": "Thái Bình", "Trong_chigioi": "", "Ngoai_baiSg": "", "layer": "TBI_KTVHXH", "path": "D:/Work/HungYen/TaiLieu/De/De Thai Binh/BD Thai Binh/TBI_KTVHXH.TAB|geometrytype=Point" }, "geometry": { "type": "Point", "coordinates": [ 106.224265723737645, 20.595412124794109 ] } },
{ "type": "Feature", "properties": { "ID": "TBI339040den", "Ten_CT": "Đền, chùa", "Loai_CT": "Đền, chùa", "Thuoc_huyen": "H. Hưng Hà", "Thuoc_tinh": "Thái Bình", "Trong_chigioi": "", "Ngoai_baiSg": "", "layer": "TBI_KTVHXH", "path": "D:/Work/HungYen/TaiLieu/De/De Thai Binh/BD Thai Binh/TBI_KTVHXH.TAB|geometrytype=Point" }, "geometry": { "type": "Point", "coordinates": [ 106.246054388371107, 20.60177053947309 ] } },
{ "type": "Feature", "properties": { "ID": "TBI339040den", "Ten_CT": "Đền, chùa", "Loai_CT": "Đền, chùa", "Thuoc_huyen": "H. Hưng Hà", "Thuoc_tinh": "Thái Bình", "Trong_chigioi": "", "Ngoai_baiSg": "", "layer": "TBI_KTVHXH", "path": "D:/Work/HungYen/TaiLieu/De/De Thai Binh/BD Thai Binh/TBI_KTVHXH.TAB|geometrytype=Point" }, "geometry": { "type": "Point", "coordinates": [ 106.236667340875925, 20.60383662840967 ] } },
{ "type": "Feature", "properties": { "ID": "TBI339040den", "Ten_CT": "Đền, chùa", "Loai_CT": "Đền, chùa", "Thuoc_huyen": "H. Hưng Hà", "Thuoc_tinh": "Thái Bình", "Trong_chigioi": "", "Ngoai_baiSg": "", "layer": "TBI_KTVHXH", "path": "D:/Work/HungYen/TaiLieu/De/De Thai Binh/BD Thai Binh/TBI_KTVHXH.TAB|geometrytype=Point" }, "geometry": { "type": "Point", "coordinates": [ 106.227182455812084, 20.604851116662804 ] } },
{ "type": "Feature", "properties": { "ID": "TBI339040den", "Ten_CT": "Đền, chùa", "Loai_CT": "Đền, chùa", "Thuoc_huyen": "H. Hưng Hà", "Thuoc_tinh": "Thái Bình", "Trong_chigioi": "", "Ngoai_baiSg": "", "layer": "TBI_KTVHXH", "path": "D:/Work/HungYen/TaiLieu/De/De Thai Binh/BD Thai Binh/TBI_KTVHXH.TAB|geometrytype=Point" }, "geometry": { "type": "Point", "coordinates": [ 106.225784310677753, 20.612394177436709 ] } },
{ "type": "Feature", "properties": { "ID": "TBI339040den", "Ten_CT": "Đền, chùa", "Loai_CT": "Đền, chùa", "Thuoc_huyen": "H. Hưng Hà", "Thuoc_tinh": "Thái Bình", "Trong_chigioi": "", "Ngoai_baiSg": "", "layer": "TBI_KTVHXH", "path": "D:/Work/HungYen/TaiLieu/De/De Thai Binh/BD Thai Binh/TBI_KTVHXH.TAB|geometrytype=Point" }, "geometry": { "type": "Point", "coordinates": [ 106.21642325357719, 20.617903698052757 ] } },
{ "type": "Feature", "properties": { "ID": "TBI339040den", "Ten_CT": "Đền, chùa", "Loai_CT": "Đền, chùa", "Thuoc_huyen": "H. Hưng Hà", "Thuoc_tinh": "Thái Bình", "Trong_chigioi": "", "Ngoai_baiSg": "", "layer": "TBI_KTVHXH", "path": "D:/Work/HungYen/TaiLieu/De/De Thai Binh/BD Thai Binh/TBI_KTVHXH.TAB|geometrytype=Point" }, "geometry": { "type": "Point", "coordinates": [ 106.217317897883504, 20.623939583609886 ] } },
{ "type": "Feature", "properties": { "ID": "TBI339040den", "Ten_CT": "Đền, chùa", "Loai_CT": "Đền, chùa", "Thuoc_huyen": "H. Hưng Hà", "Thuoc_tinh": "Thái Bình", "Trong_chigioi": "", "Ngoai_baiSg": "", "layer": "TBI_KTVHXH", "path": "D:/Work/HungYen/TaiLieu/De/De Thai Binh/BD Thai Binh/TBI_KTVHXH.TAB|geometrytype=Point" }, "geometry": { "type": "Point", "coordinates": [ 106.221488041976187, 20.625802693473322 ] } },
{ "type": "Feature", "properties": { "ID": "TBI339040den", "Ten_CT": "Đền, chùa", "Loai_CT": "Đền, chùa", "Thuoc_huyen": "H. Hưng Hà", "Thuoc_tinh": "Thái Bình", "Trong_chigioi": "", "Ngoai_baiSg": "", "layer": "TBI_KTVHXH", "path": "D:/Work/HungYen/TaiLieu/De/De Thai Binh/BD Thai Binh/TBI_KTVHXH.TAB|geometrytype=Point" }, "geometry": { "type": "Point", "coordinates": [ 106.209121698202793, 20.620789977782419 ] } },
{ "type": "Feature", "properties": { "ID": "TBI339040den", "Ten_CT": "Đền, chùa", "Loai_CT": "Đền, chùa", "Thuoc_huyen": "H. Hưng Hà", "Thuoc_tinh": "Thái Bình", "Trong_chigioi": "", "Ngoai_baiSg": "", "layer": "TBI_KTVHXH", "path": "D:/Work/HungYen/TaiLieu/De/De Thai Binh/BD Thai Binh/TBI_KTVHXH.TAB|geometrytype=Point" }, "geometry": { "type": "Point", "coordinates": [ 106.204424726312538, 20.615267807035778 ] } },
{ "type": "Feature", "properties": { "ID": "TBI339040den", "Ten_CT": "Đền, chùa", "Loai_CT": "Đền, chùa", "Thuoc_huyen": "H. Hưng Hà", "Thuoc_tinh": "Thái Bình", "Trong_chigioi": "", "Ngoai_baiSg": "", "layer": "TBI_KTVHXH", "path": "D:/Work/HungYen/TaiLieu/De/De Thai Binh/BD Thai Binh/TBI_KTVHXH.TAB|geometrytype=Point" }, "geometry": { "type": "Point", "coordinates": [ 106.197754642061952, 20.624519019935544 ] } },
{ "type": "Feature", "properties": { "ID": "TBI339040den", "Ten_CT": "Đền, chùa", "Loai_CT": "Đền, chùa", "Thuoc_huyen": "H. Hưng Hà", "Thuoc_tinh": "Thái Bình", "Trong_chigioi": "", "Ngoai_baiSg": "", "layer": "TBI_KTVHXH", "path": "D:/Work/HungYen/TaiLieu/De/De Thai Binh/BD Thai Binh/TBI_KTVHXH.TAB|geometrytype=Point" }, "geometry": { "type": "Point", "coordinates": [ 106.192149727332449, 20.627892627021605 ] } },
{ "type": "Feature", "properties": { "ID": "TBI339040den", "Ten_CT": "Đền, chùa", "Loai_CT": "Đền, chùa", "Thuoc_huyen": "H. Hưng Hà", "Thuoc_tinh": "Thái Bình", "Trong_chigioi": "", "Ngoai_baiSg": "", "layer": "TBI_KTVHXH", "path": "D:/Work/HungYen/TaiLieu/De/De Thai Binh/BD Thai Binh/TBI_KTVHXH.TAB|geometrytype=Point" }, "geometry": { "type": "Point", "coordinates": [ 106.185079218574202, 20.630960184965616 ] } },
{ "type": "Feature", "properties": { "ID": "TBI339040den", "Ten_CT": "Đền, chùa", "Loai_CT": "Đền, chùa", "Thuoc_huyen": "H. Hưng Hà", "Thuoc_tinh": "Thái Bình", "Trong_chigioi": "", "Ngoai_baiSg": "", "layer": "TBI_KTVHXH", "path": "D:/Work/HungYen/TaiLieu/De/De Thai Binh/BD Thai Binh/TBI_KTVHXH.TAB|geometrytype=Point" }, "geometry": { "type": "Point", "coordinates": [ 106.172469571076263, 20.622626804982382 ] } },
{ "type": "Feature", "properties": { "ID": "TBI339040den", "Ten_CT": "Đền, chùa", "Loai_CT": "Đền, chùa", "Thuoc_huyen": "H. Hưng Hà", "Thuoc_tinh": "Thái Bình", "Trong_chigioi": "", "Ngoai_baiSg": "", "layer": "TBI_KTVHXH", "path": "D:/Work/HungYen/TaiLieu/De/De Thai Binh/BD Thai Binh/TBI_KTVHXH.TAB|geometrytype=Point" }, "geometry": { "type": "Point", "coordinates": [ 106.174117636181919, 20.612869251191853 ] } },
{ "type": "Feature", "properties": { "ID": "TBI339040den", "Ten_CT": "Đền, chùa", "Loai_CT": "Đền, chùa", "Thuoc_huyen": "H. Hưng Hà", "Thuoc_tinh": "Thái Bình", "Trong_chigioi": "", "Ngoai_baiSg": "", "layer": "TBI_KTVHXH", "path": "D:/Work/HungYen/TaiLieu/De/De Thai Binh/BD Thai Binh/TBI_KTVHXH.TAB|geometrytype=Point" }, "geometry": { "type": "Point", "coordinates": [ 106.170305668627861, 20.613951162687719 ] } },
{ "type": "Feature", "properties": { "ID": "TBI339040den", "Ten_CT": "Đền, chùa", "Loai_CT": "Đền, chùa", "Thuoc_huyen": "H. Hưng Hà", "Thuoc_tinh": "Thái Bình", "Trong_chigioi": "", "Ngoai_baiSg": "", "layer": "TBI_KTVHXH", "path": "D:/Work/HungYen/TaiLieu/De/De Thai Binh/BD Thai Binh/TBI_KTVHXH.TAB|geometrytype=Point" }, "geometry": { "type": "Point", "coordinates": [ 106.169386177997382, 20.624068487008518 ] } },
{ "type": "Feature", "properties": { "ID": "TBI339040den", "Ten_CT": "Đền, chùa", "Loai_CT": "Đền, chùa", "Thuoc_huyen": "H. Hưng Hà", "Thuoc_tinh": "Thái Bình", "Trong_chigioi": "", "Ngoai_baiSg": "", "layer": "TBI_KTVHXH", "path": "D:/Work/HungYen/TaiLieu/De/De Thai Binh/BD Thai Binh/TBI_KTVHXH.TAB|geometrytype=Point" }, "geometry": { "type": "Point", "coordinates": [ 106.179654381911575, 20.630023665646561 ] } },
{ "type": "Feature", "properties": { "ID": "TBI339040den", "Ten_CT": "Đền, chùa", "Loai_CT": "Đền, chùa", "Thuoc_huyen": "H. Hưng Hà", "Thuoc_tinh": "Thái Bình", "Trong_chigioi": "", "Ngoai_baiSg": "", "layer": "TBI_KTVHXH", "path": "D:/Work/HungYen/TaiLieu/De/De Thai Binh/BD Thai Binh/TBI_KTVHXH.TAB|geometrytype=Point" }, "geometry": { "type": "Point", "coordinates": [ 106.192590234101218, 20.636515688535734 ] } },
{ "type": "Feature", "properties": { "ID": "TBI339040den", "Ten_CT": "Đền, chùa", "Loai_CT": "Đền, chùa", "Thuoc_huyen": "H. Hưng Hà", "Thuoc_tinh": "Thái Bình", "Trong_chigioi": "", "Ngoai_baiSg": "", "layer": "TBI_KTVHXH", "path": "D:/Work/HungYen/TaiLieu/De/De Thai Binh/BD Thai Binh/TBI_KTVHXH.TAB|geometrytype=Point" }, "geometry": { "type": "Point", "coordinates": [ 106.20176021625349, 20.640854905958275 ] } },
{ "type": "Feature", "properties": { "ID": "TBI339040den", "Ten_CT": "Đền, chùa", "Loai_CT": "Đền, chùa", "Thuoc_huyen": "H. Hưng Hà", "Thuoc_tinh": "Thái Bình", "Trong_chigioi": "", "Ngoai_baiSg": "", "layer": "TBI_KTVHXH", "path": "D:/Work/HungYen/TaiLieu/De/De Thai Binh/BD Thai Binh/TBI_KTVHXH.TAB|geometrytype=Point" }, "geometry": { "type": "Point", "coordinates": [ 106.192547501863743, 20.638532043357518 ] } },
{ "type": "Feature", "properties": { "ID": "TBI339040den", "Ten_CT": "Đền, chùa", "Loai_CT": "Đền, chùa", "Thuoc_huyen": "H. Hưng Hà", "Thuoc_tinh": "Thái Bình", "Trong_chigioi": "", "Ngoai_baiSg": "", "layer": "TBI_KTVHXH", "path": "D:/Work/HungYen/TaiLieu/De/De Thai Binh/BD Thai Binh/TBI_KTVHXH.TAB|geometrytype=Point" }, "geometry": { "type": "Point", "coordinates": [ 106.247473959512263, 20.606649744083263 ] } },
{ "type": "Feature", "properties": { "ID": "TBI339040den", "Ten_CT": "Đền, chùa", "Loai_CT": "Đền, chùa", "Thuoc_huyen": "H. Hưng Hà", "Thuoc_tinh": "Thái Bình", "Trong_chigioi": "", "Ngoai_baiSg": "", "layer": "TBI_KTVHXH", "path": "D:/Work/HungYen/TaiLieu/De/De Thai Binh/BD Thai Binh/TBI_KTVHXH.TAB|geometrytype=Point" }, "geometry": { "type": "Point", "coordinates": [ 106.245978740778639, 20.624501730504285 ] } },
{ "type": "Feature", "properties": { "ID": "TBI339040den", "Ten_CT": "Đền, chùa", "Loai_CT": "Đền, chùa", "Thuoc_huyen": "H. Hưng Hà", "Thuoc_tinh": "Thái Bình", "Trong_chigioi": "", "Ngoai_baiSg": "", "layer": "TBI_KTVHXH", "path": "D:/Work/HungYen/TaiLieu/De/De Thai Binh/BD Thai Binh/TBI_KTVHXH.TAB|geometrytype=Point" }, "geometry": { "type": "Point", "coordinates": [ 106.239876504253147, 20.631392836688335 ] } },
{ "type": "Feature", "properties": { "ID": "TBI339040den", "Ten_CT": "Đền, chùa", "Loai_CT": "Đền, chùa", "Thuoc_huyen": "H. Hưng Hà", "Thuoc_tinh": "Thái Bình", "Trong_chigioi": "", "Ngoai_baiSg": "", "layer": "TBI_KTVHXH", "path": "D:/Work/HungYen/TaiLieu/De/De Thai Binh/BD Thai Binh/TBI_KTVHXH.TAB|geometrytype=Point" }, "geometry": { "type": "Point", "coordinates": [ 106.232536311126722, 20.626244601692278 ] } },
{ "type": "Feature", "properties": { "ID": "TBI339040den", "Ten_CT": "Đền, chùa", "Loai_CT": "Đền, chùa", "Thuoc_huyen": "H. Hưng Hà", "Thuoc_tinh": "Thái Bình", "Trong_chigioi": "", "Ngoai_baiSg": "", "layer": "TBI_KTVHXH", "path": "D:/Work/HungYen/TaiLieu/De/De Thai Binh/BD Thai Binh/TBI_KTVHXH.TAB|geometrytype=Point" }, "geometry": { "type": "Point", "coordinates": [ 106.246154793318112, 20.638452223925224 ] } },
{ "type": "Feature", "properties": { "ID": "TBI339040den", "Ten_CT": "Đền, chùa", "Loai_CT": "Đền, chùa", "Thuoc_huyen": "H. Hưng Hà", "Thuoc_tinh": "Thái Bình", "Trong_chigioi": "", "Ngoai_baiSg": "", "layer": "TBI_KTVHXH", "path": "D:/Work/HungYen/TaiLieu/De/De Thai Binh/BD Thai Binh/TBI_KTVHXH.TAB|geometrytype=Point" }, "geometry": { "type": "Point", "coordinates": [ 106.242689247576024, 20.64063254355149 ] } },
{ "type": "Feature", "properties": { "ID": "TBI339040den", "Ten_CT": "Đền, chùa", "Loai_CT": "Đền, chùa", "Thuoc_huyen": "H. Hưng Hà", "Thuoc_tinh": "Thái Bình", "Trong_chigioi": "", "Ngoai_baiSg": "", "layer": "TBI_KTVHXH", "path": "D:/Work/HungYen/TaiLieu/De/De Thai Binh/BD Thai Binh/TBI_KTVHXH.TAB|geometrytype=Point" }, "geometry": { "type": "Point", "coordinates": [ 106.220772613989269, 20.636968410992647 ] } },
{ "type": "Feature", "properties": { "ID": "TBI339040den", "Ten_CT": "Đền, chùa", "Loai_CT": "Đền, chùa", "Thuoc_huyen": "H. Hưng Hà", "Thuoc_tinh": "Thái Bình", "Trong_chigioi": "", "Ngoai_baiSg": "", "layer": "TBI_KTVHXH", "path": "D:/Work/HungYen/TaiLieu/De/De Thai Binh/BD Thai Binh/TBI_KTVHXH.TAB|geometrytype=Point" }, "geometry": { "type": "Point", "coordinates": [ 106.226813013141836, 20.642875333604717 ] } },
{ "type": "Feature", "properties": { "ID": "TBI339040den", "Ten_CT": "Đền, chùa", "Loai_CT": "Đền, chùa", "Thuoc_huyen": "H. Hưng Hà", "Thuoc_tinh": "Thái Bình", "Trong_chigioi": "", "Ngoai_baiSg": "", "layer": "TBI_KTVHXH", "path": "D:/Work/HungYen/TaiLieu/De/De Thai Binh/BD Thai Binh/TBI_KTVHXH.TAB|geometrytype=Point" }, "geometry": { "type": "Point", "coordinates": [ 106.161829271419464, 20.627225852981372 ] } },
{ "type": "Feature", "properties": { "ID": "TBI339040den", "Ten_CT": "Đền, chùa", "Loai_CT": "Đền, chùa", "Thuoc_huyen": "H. Hưng Hà", "Thuoc_tinh": "Thái Bình", "Trong_chigioi": "", "Ngoai_baiSg": "", "layer": "TBI_KTVHXH", "path": "D:/Work/HungYen/TaiLieu/De/De Thai Binh/BD Thai Binh/TBI_KTVHXH.TAB|geometrytype=Point" }, "geometry": { "type": "Point", "coordinates": [ 106.159097419384565, 20.630646289852947 ] } },
{ "type": "Feature", "properties": { "ID": "TBI339040den", "Ten_CT": "Đền, chùa", "Loai_CT": "Đền, chùa", "Thuoc_huyen": "H. Hưng Hà", "Thuoc_tinh": "Thái Bình", "Trong_chigioi": "", "Ngoai_baiSg": "", "layer": "TBI_KTVHXH", "path": "D:/Work/HungYen/TaiLieu/De/De Thai Binh/BD Thai Binh/TBI_KTVHXH.TAB|geometrytype=Point" }, "geometry": { "type": "Point", "coordinates": [ 106.167883971675195, 20.632352282122195 ] } },
{ "type": "Feature", "properties": { "ID": "TBI339040den", "Ten_CT": "Đền, chùa", "Loai_CT": "Đền, chùa", "Thuoc_huyen": "H. Hưng Hà", "Thuoc_tinh": "Thái Bình", "Trong_chigioi": "", "Ngoai_baiSg": "", "layer": "TBI_KTVHXH", "path": "D:/Work/HungYen/TaiLieu/De/De Thai Binh/BD Thai Binh/TBI_KTVHXH.TAB|geometrytype=Point" }, "geometry": { "type": "Point", "coordinates": [ 106.169769312873129, 20.634609829301702 ] } },
{ "type": "Feature", "properties": { "ID": "TBI339040den", "Ten_CT": "Đền, chùa", "Loai_CT": "Đền, chùa", "Thuoc_huyen": "H. Hưng Hà", "Thuoc_tinh": "Thái Bình", "Trong_chigioi": "", "Ngoai_baiSg": "", "layer": "TBI_KTVHXH", "path": "D:/Work/HungYen/TaiLieu/De/De Thai Binh/BD Thai Binh/TBI_KTVHXH.TAB|geometrytype=Point" }, "geometry": { "type": "Point", "coordinates": [ 106.171514334156214, 20.631832055283066 ] } },
{ "type": "Feature", "properties": { "ID": "TBI339040den", "Ten_CT": "Đền, chùa", "Loai_CT": "Đền, chùa", "Thuoc_huyen": "H. Hưng Hà", "Thuoc_tinh": "Thái Bình", "Trong_chigioi": "", "Ngoai_baiSg": "", "layer": "TBI_KTVHXH", "path": "D:/Work/HungYen/TaiLieu/De/De Thai Binh/BD Thai Binh/TBI_KTVHXH.TAB|geometrytype=Point" }, "geometry": { "type": "Point", "coordinates": [ 106.175205553403359, 20.634116581327952 ] } },
{ "type": "Feature", "properties": { "ID": "TBI339040den", "Ten_CT": "Đền, chùa", "Loai_CT": "Đền, chùa", "Thuoc_huyen": "H. Hưng Hà", "Thuoc_tinh": "Thái Bình", "Trong_chigioi": "", "Ngoai_baiSg": "", "layer": "TBI_KTVHXH", "path": "D:/Work/HungYen/TaiLieu/De/De Thai Binh/BD Thai Binh/TBI_KTVHXH.TAB|geometrytype=Point" }, "geometry": { "type": "Point", "coordinates": [ 106.178384081114046, 20.636611414840118 ] } },
{ "type": "Feature", "properties": { "ID": "TBI339040den", "Ten_CT": "Đền, chùa", "Loai_CT": "Đền, chùa", "Thuoc_huyen": "H. Hưng Hà", "Thuoc_tinh": "Thái Bình", "Trong_chigioi": "", "Ngoai_baiSg": "", "layer": "TBI_KTVHXH", "path": "D:/Work/HungYen/TaiLieu/De/De Thai Binh/BD Thai Binh/TBI_KTVHXH.TAB|geometrytype=Point" }, "geometry": { "type": "Point", "coordinates": [ 106.181516745725503, 20.640573442497683 ] } },
{ "type": "Feature", "properties": { "ID": "TBI339040den", "Ten_CT": "Đền, chùa", "Loai_CT": "Đền, chùa", "Thuoc_huyen": "H. Hưng Hà", "Thuoc_tinh": "Thái Bình", "Trong_chigioi": "", "Ngoai_baiSg": "", "layer": "TBI_KTVHXH", "path": "D:/Work/HungYen/TaiLieu/De/De Thai Binh/BD Thai Binh/TBI_KTVHXH.TAB|geometrytype=Point" }, "geometry": { "type": "Point", "coordinates": [ 106.193624254899831, 20.644130265682723 ] } },
{ "type": "Feature", "properties": { "ID": "TBI339040den", "Ten_CT": "Đền, chùa", "Loai_CT": "Đền, chùa", "Thuoc_huyen": "H. Hưng Hà", "Thuoc_tinh": "Thái Bình", "Trong_chigioi": "", "Ngoai_baiSg": "", "layer": "TBI_KTVHXH", "path": "D:/Work/HungYen/TaiLieu/De/De Thai Binh/BD Thai Binh/TBI_KTVHXH.TAB|geometrytype=Point" }, "geometry": { "type": "Point", "coordinates": [ 106.182308096497607, 20.645332585738917 ] } },
{ "type": "Feature", "properties": { "ID": "TBI339040den", "Ten_CT": "Đền, chùa", "Loai_CT": "Đền, chùa", "Thuoc_huyen": "H. Hưng Hà", "Thuoc_tinh": "Thái Bình", "Trong_chigioi": "", "Ngoai_baiSg": "", "layer": "TBI_KTVHXH", "path": "D:/Work/HungYen/TaiLieu/De/De Thai Binh/BD Thai Binh/TBI_KTVHXH.TAB|geometrytype=Point" }, "geometry": { "type": "Point", "coordinates": [ 106.180670624904906, 20.649886736356027 ] } },
{ "type": "Feature", "properties": { "ID": "TBI339040den", "Ten_CT": "Đền, chùa", "Loai_CT": "Đền, chùa", "Thuoc_huyen": "H. Hưng Hà", "Thuoc_tinh": "Thái Bình", "Trong_chigioi": "", "Ngoai_baiSg": "", "layer": "TBI_KTVHXH", "path": "D:/Work/HungYen/TaiLieu/De/De Thai Binh/BD Thai Binh/TBI_KTVHXH.TAB|geometrytype=Point" }, "geometry": { "type": "Point", "coordinates": [ 106.170036592965232, 20.647333615833375 ] } },
{ "type": "Feature", "properties": { "ID": "TBI339040den", "Ten_CT": "Đền, chùa", "Loai_CT": "Đền, chùa", "Thuoc_huyen": "H. Hưng Hà", "Thuoc_tinh": "Thái Bình", "Trong_chigioi": "", "Ngoai_baiSg": "", "layer": "TBI_KTVHXH", "path": "D:/Work/HungYen/TaiLieu/De/De Thai Binh/BD Thai Binh/TBI_KTVHXH.TAB|geometrytype=Point" }, "geometry": { "type": "Point", "coordinates": [ 106.139653997453891, 20.637386991102357 ] } },
{ "type": "Feature", "properties": { "ID": "TBI339040den", "Ten_CT": "Đền, chùa", "Loai_CT": "Đền, chùa", "Thuoc_huyen": "H. Hưng Hà", "Thuoc_tinh": "Thái Bình", "Trong_chigioi": "", "Ngoai_baiSg": "", "layer": "TBI_KTVHXH", "path": "D:/Work/HungYen/TaiLieu/De/De Thai Binh/BD Thai Binh/TBI_KTVHXH.TAB|geometrytype=Point" }, "geometry": { "type": "Point", "coordinates": [ 106.14109407171803, 20.641486991340241 ] } },
{ "type": "Feature", "properties": { "ID": "TBI339040den", "Ten_CT": "Đền, chùa", "Loai_CT": "Đền, chùa", "Thuoc_huyen": "H. Hưng Hà", "Thuoc_tinh": "Thái Bình", "Trong_chigioi": "", "Ngoai_baiSg": "", "layer": "TBI_KTVHXH", "path": "D:/Work/HungYen/TaiLieu/De/De Thai Binh/BD Thai Binh/TBI_KTVHXH.TAB|geometrytype=Point" }, "geometry": { "type": "Point", "coordinates": [ 106.138670313961583, 20.647001587175772 ] } },
{ "type": "Feature", "properties": { "ID": "TBI339040den", "Ten_CT": "Đền, chùa", "Loai_CT": "Đền, chùa", "Thuoc_huyen": "H. Hưng Hà", "Thuoc_tinh": "Thái Bình", "Trong_chigioi": "", "Ngoai_baiSg": "", "layer": "TBI_KTVHXH", "path": "D:/Work/HungYen/TaiLieu/De/De Thai Binh/BD Thai Binh/TBI_KTVHXH.TAB|geometrytype=Point" }, "geometry": { "type": "Point", "coordinates": [ 106.126827560394645, 20.647384229647361 ] } },
{ "type": "Feature", "properties": { "ID": "TBI339040den", "Ten_CT": "Đền, chùa", "Loai_CT": "Đền, chùa", "Thuoc_huyen": "H. Hưng Hà", "Thuoc_tinh": "Thái Bình", "Trong_chigioi": "", "Ngoai_baiSg": "", "layer": "TBI_KTVHXH", "path": "D:/Work/HungYen/TaiLieu/De/De Thai Binh/BD Thai Binh/TBI_KTVHXH.TAB|geometrytype=Point" }, "geometry": { "type": "Point", "coordinates": [ 106.121422131254292, 20.64024867218334 ] } },
{ "type": "Feature", "properties": { "ID": "TBI339040den", "Ten_CT": "Đền, chùa", "Loai_CT": "Đền, chùa", "Thuoc_huyen": "H. Hưng Hà", "Thuoc_tinh": "Thái Bình", "Trong_chigioi": "", "Ngoai_baiSg": "", "layer": "TBI_KTVHXH", "path": "D:/Work/HungYen/TaiLieu/De/De Thai Binh/BD Thai Binh/TBI_KTVHXH.TAB|geometrytype=Point" }, "geometry": { "type": "Point", "coordinates": [ 106.242750818463108, 20.663003281636577 ] } },
{ "type": "Feature", "properties": { "ID": "TBI339040den", "Ten_CT": "Đền, chùa", "Loai_CT": "Đền, chùa", "Thuoc_huyen": "H. Hưng Hà", "Thuoc_tinh": "Thái Bình", "Trong_chigioi": "", "Ngoai_baiSg": "", "layer": "TBI_KTVHXH", "path": "D:/Work/HungYen/TaiLieu/De/De Thai Binh/BD Thai Binh/TBI_KTVHXH.TAB|geometrytype=Point" }, "geometry": { "type": "Point", "coordinates": [ 106.152507817170033, 20.641699287536166 ] } },
{ "type": "Feature", "properties": { "ID": "TBI339040dngu", "Ten_CT": "Đền Ngũ", "Loai_CT": "Đền, chùa", "Thuoc_huyen": "H. Hưng Hà", "Thuoc_tinh": "Thái Bình", "Trong_chigioi": "", "Ngoai_baiSg": "", "layer": "TBI_KTVHXH", "path": "D:/Work/HungYen/TaiLieu/De/De Thai Binh/BD Thai Binh/TBI_KTVHXH.TAB|geometrytype=Point" }, "geometry": { "type": "Point", "coordinates": [ 106.244809926369982, 20.668016703577603 ] } },
{ "type": "Feature", "properties": { "ID": "TBI340040den", "Ten_CT": "Đền, chùa", "Loai_CT": "Đền, chùa", "Thuoc_huyen": "H. Đông Hưng", "Thuoc_tinh": "Thái Bình", "Trong_chigioi": "", "Ngoai_baiSg": "", "layer": "TBI_KTVHXH", "path": "D:/Work/HungYen/TaiLieu/De/De Thai Binh/BD Thai Binh/TBI_KTVHXH.TAB|geometrytype=Point" }, "geometry": { "type": "Point", "coordinates": [ 106.253160437381283, 20.511766527680809 ] } },
{ "type": "Feature", "properties": { "ID": "TBI340040den", "Ten_CT": "Đền, chùa", "Loai_CT": "Đền, chùa", "Thuoc_huyen": "H. Đông Hưng", "Thuoc_tinh": "Thái Bình", "Trong_chigioi": "", "Ngoai_baiSg": "", "layer": "TBI_KTVHXH", "path": "D:/Work/HungYen/TaiLieu/De/De Thai Binh/BD Thai Binh/TBI_KTVHXH.TAB|geometrytype=Point" }, "geometry": { "type": "Point", "coordinates": [ 106.36672838425369, 20.510209436253042 ] } },
{ "type": "Feature", "properties": { "ID": "TBI340040den", "Ten_CT": "Đền, chùa", "Loai_CT": "Đền, chùa", "Thuoc_huyen": "H. Đông Hưng", "Thuoc_tinh": "Thái Bình", "Trong_chigioi": "", "Ngoai_baiSg": "", "layer": "TBI_KTVHXH", "path": "D:/Work/HungYen/TaiLieu/De/De Thai Binh/BD Thai Binh/TBI_KTVHXH.TAB|geometrytype=Point" }, "geometry": { "type": "Point", "coordinates": [ 106.369287801034602, 20.513728950369881 ] } },
{ "type": "Feature", "properties": { "ID": "TBI340040den", "Ten_CT": "Đền, chùa", "Loai_CT": "Đền, chùa", "Thuoc_huyen": "H. Đông Hưng", "Thuoc_tinh": "Thái Bình", "Trong_chigioi": "", "Ngoai_baiSg": "", "layer": "TBI_KTVHXH", "path": "D:/Work/HungYen/TaiLieu/De/De Thai Binh/BD Thai Binh/TBI_KTVHXH.TAB|geometrytype=Point" }, "geometry": { "type": "Point", "coordinates": [ 106.367992129884286, 20.520099337788228 ] } },
{ "type": "Feature", "properties": { "ID": "TBI340040den", "Ten_CT": "Đền, chùa", "Loai_CT": "Đền, chùa", "Thuoc_huyen": "H. Đông Hưng", "Thuoc_tinh": "Thái Bình", "Trong_chigioi": "", "Ngoai_baiSg": "", "layer": "TBI_KTVHXH", "path": "D:/Work/HungYen/TaiLieu/De/De Thai Binh/BD Thai Binh/TBI_KTVHXH.TAB|geometrytype=Point" }, "geometry": { "type": "Point", "coordinates": [ 106.353008025899541, 20.507800462089254 ] } },
{ "type": "Feature", "properties": { "ID": "TBI340040den", "Ten_CT": "Đền, chùa", "Loai_CT": "Đền, chùa", "Thuoc_huyen": "H. Đông Hưng", "Thuoc_tinh": "Thái Bình", "Trong_chigioi": "", "Ngoai_baiSg": "", "layer": "TBI_KTVHXH", "path": "D:/Work/HungYen/TaiLieu/De/De Thai Binh/BD Thai Binh/TBI_KTVHXH.TAB|geometrytype=Point" }, "geometry": { "type": "Point", "coordinates": [ 106.344764257392598, 20.513091041520237 ] } },
{ "type": "Feature", "properties": { "ID": "TBI340040den", "Ten_CT": "Đền, chùa", "Loai_CT": "Đền, chùa", "Thuoc_huyen": "H. Đông Hưng", "Thuoc_tinh": "Thái Bình", "Trong_chigioi": "", "Ngoai_baiSg": "", "layer": "TBI_KTVHXH", "path": "D:/Work/HungYen/TaiLieu/De/De Thai Binh/BD Thai Binh/TBI_KTVHXH.TAB|geometrytype=Point" }, "geometry": { "type": "Point", "coordinates": [ 106.268500723576025, 20.51615432854053 ] } },
{ "type": "Feature", "properties": { "ID": "TBI340040den", "Ten_CT": "Đền, chùa", "Loai_CT": "Đền, chùa", "Thuoc_huyen": "H. Đông Hưng", "Thuoc_tinh": "Thái Bình", "Trong_chigioi": "", "Ngoai_baiSg": "", "layer": "TBI_KTVHXH", "path": "D:/Work/HungYen/TaiLieu/De/De Thai Binh/BD Thai Binh/TBI_KTVHXH.TAB|geometrytype=Point" }, "geometry": { "type": "Point", "coordinates": [ 106.254364118219769, 20.53835287974735 ] } },
{ "type": "Feature", "properties": { "ID": "TBI340040den", "Ten_CT": "Đền, chùa", "Loai_CT": "Đền, chùa", "Thuoc_huyen": "H. Đông Hưng", "Thuoc_tinh": "Thái Bình", "Trong_chigioi": "", "Ngoai_baiSg": "", "layer": "TBI_KTVHXH", "path": "D:/Work/HungYen/TaiLieu/De/De Thai Binh/BD Thai Binh/TBI_KTVHXH.TAB|geometrytype=Point" }, "geometry": { "type": "Point", "coordinates": [ 106.269894966254341, 20.535148300678593 ] } },
{ "type": "Feature", "properties": { "ID": "TBI340040den", "Ten_CT": "Đền, chùa", "Loai_CT": "Đền, chùa", "Thuoc_huyen": "H. Đông Hưng", "Thuoc_tinh": "Thái Bình", "Trong_chigioi": "", "Ngoai_baiSg": "", "layer": "TBI_KTVHXH", "path": "D:/Work/HungYen/TaiLieu/De/De Thai Binh/BD Thai Binh/TBI_KTVHXH.TAB|geometrytype=Point" }, "geometry": { "type": "Point", "coordinates": [ 106.284679882794379, 20.527184127227375 ] } },
{ "type": "Feature", "properties": { "ID": "TBI340040den", "Ten_CT": "Đền, chùa", "Loai_CT": "Đền, chùa", "Thuoc_huyen": "H. Đông Hưng", "Thuoc_tinh": "Thái Bình", "Trong_chigioi": "", "Ngoai_baiSg": "", "layer": "TBI_KTVHXH", "path": "D:/Work/HungYen/TaiLieu/De/De Thai Binh/BD Thai Binh/TBI_KTVHXH.TAB|geometrytype=Point" }, "geometry": { "type": "Point", "coordinates": [ 106.352516801928317, 20.514954718831781 ] } },
{ "type": "Feature", "properties": { "ID": "TBI340040den", "Ten_CT": "Đền, chùa", "Loai_CT": "Đền, chùa", "Thuoc_huyen": "H. Đông Hưng", "Thuoc_tinh": "Thái Bình", "Trong_chigioi": "", "Ngoai_baiSg": "", "layer": "TBI_KTVHXH", "path": "D:/Work/HungYen/TaiLieu/De/De Thai Binh/BD Thai Binh/TBI_KTVHXH.TAB|geometrytype=Point" }, "geometry": { "type": "Point", "coordinates": [ 106.344472197546565, 20.523066049984475 ] } },
{ "type": "Feature", "properties": { "ID": "TBI340040den", "Ten_CT": "Đền, chùa", "Loai_CT": "Đền, chùa", "Thuoc_huyen": "H. Đông Hưng", "Thuoc_tinh": "Thái Bình", "Trong_chigioi": "", "Ngoai_baiSg": "", "layer": "TBI_KTVHXH", "path": "D:/Work/HungYen/TaiLieu/De/De Thai Binh/BD Thai Binh/TBI_KTVHXH.TAB|geometrytype=Point" }, "geometry": { "type": "Point", "coordinates": [ 106.377922137548694, 20.521558900994197 ] } },
{ "type": "Feature", "properties": { "ID": "TBI340040den", "Ten_CT": "Đền, chùa", "Loai_CT": "Đền, chùa", "Thuoc_huyen": "H. Đông Hưng", "Thuoc_tinh": "Thái Bình", "Trong_chigioi": "", "Ngoai_baiSg": "", "layer": "TBI_KTVHXH", "path": "D:/Work/HungYen/TaiLieu/De/De Thai Binh/BD Thai Binh/TBI_KTVHXH.TAB|geometrytype=Point" }, "geometry": { "type": "Point", "coordinates": [ 106.39021873045759, 20.515624730992378 ] } },
{ "type": "Feature", "properties": { "ID": "TBI340040den", "Ten_CT": "Đền, chùa", "Loai_CT": "Đền, chùa", "Thuoc_huyen": "H. Đông Hưng", "Thuoc_tinh": "Thái Bình", "Trong_chigioi": "", "Ngoai_baiSg": "", "layer": "TBI_KTVHXH", "path": "D:/Work/HungYen/TaiLieu/De/De Thai Binh/BD Thai Binh/TBI_KTVHXH.TAB|geometrytype=Point" }, "geometry": { "type": "Point", "coordinates": [ 106.389949149558504, 20.528101039761147 ] } },
{ "type": "Feature", "properties": { "ID": "TBI340040den", "Ten_CT": "Đền, chùa", "Loai_CT": "Đền, chùa", "Thuoc_huyen": "H. Đông Hưng", "Thuoc_tinh": "Thái Bình", "Trong_chigioi": "", "Ngoai_baiSg": "", "layer": "TBI_KTVHXH", "path": "D:/Work/HungYen/TaiLieu/De/De Thai Binh/BD Thai Binh/TBI_KTVHXH.TAB|geometrytype=Point" }, "geometry": { "type": "Point", "coordinates": [ 106.358457395952897, 20.531724968589266 ] } },
{ "type": "Feature", "properties": { "ID": "TBI340040den", "Ten_CT": "Đền, chùa", "Loai_CT": "Đền, chùa", "Thuoc_huyen": "H. Đông Hưng", "Thuoc_tinh": "Thái Bình", "Trong_chigioi": "", "Ngoai_baiSg": "", "layer": "TBI_KTVHXH", "path": "D:/Work/HungYen/TaiLieu/De/De Thai Binh/BD Thai Binh/TBI_KTVHXH.TAB|geometrytype=Point" }, "geometry": { "type": "Point", "coordinates": [ 106.382540283750913, 20.538089692450711 ] } },
{ "type": "Feature", "properties": { "ID": "TBI340040den", "Ten_CT": "Đền, chùa", "Loai_CT": "Đền, chùa", "Thuoc_huyen": "H. Đông Hưng", "Thuoc_tinh": "Thái Bình", "Trong_chigioi": "", "Ngoai_baiSg": "", "layer": "TBI_KTVHXH", "path": "D:/Work/HungYen/TaiLieu/De/De Thai Binh/BD Thai Binh/TBI_KTVHXH.TAB|geometrytype=Point" }, "geometry": { "type": "Point", "coordinates": [ 106.415249906576435, 20.522702540029133 ] } },
{ "type": "Feature", "properties": { "ID": "TBI341040den", "Ten_CT": "Đền, chùa", "Loai_CT": "Đền, chùa", "Thuoc_huyen": "H. Thái Thụy", "Thuoc_tinh": "Thái Bình", "Trong_chigioi": "", "Ngoai_baiSg": "", "layer": "TBI_KTVHXH", "path": "D:/Work/HungYen/TaiLieu/De/De Thai Binh/BD Thai Binh/TBI_KTVHXH.TAB|geometrytype=Point" }, "geometry": { "type": "Point", "coordinates": [ 106.45207280773802, 20.525911472979207 ] } },
{ "type": "Feature", "properties": { "ID": "TBI341040den", "Ten_CT": "Đền, chùa", "Loai_CT": "Đền, chùa", "Thuoc_huyen": "H. Thái Thụy", "Thuoc_tinh": "Thái Bình", "Trong_chigioi": "", "Ngoai_baiSg": "", "layer": "TBI_KTVHXH", "path": "D:/Work/HungYen/TaiLieu/De/De Thai Binh/BD Thai Binh/TBI_KTVHXH.TAB|geometrytype=Point" }, "geometry": { "type": "Point", "coordinates": [ 106.448449851267384, 20.525333152824903 ] } },
{ "type": "Feature", "properties": { "ID": "TBI341040den", "Ten_CT": "Đền, chùa", "Loai_CT": "Đền, chùa", "Thuoc_huyen": "H. Thái Thụy", "Thuoc_tinh": "Thái Bình", "Trong_chigioi": "", "Ngoai_baiSg": "", "layer": "TBI_KTVHXH", "path": "D:/Work/HungYen/TaiLieu/De/De Thai Binh/BD Thai Binh/TBI_KTVHXH.TAB|geometrytype=Point" }, "geometry": { "type": "Point", "coordinates": [ 106.441112413605964, 20.52697106989222 ] } },
{ "type": "Feature", "properties": { "ID": "TBI341040den", "Ten_CT": "Đền, chùa", "Loai_CT": "Đền, chùa", "Thuoc_huyen": "H. Thái Thụy", "Thuoc_tinh": "Thái Bình", "Trong_chigioi": "", "Ngoai_baiSg": "", "layer": "TBI_KTVHXH", "path": "D:/Work/HungYen/TaiLieu/De/De Thai Binh/BD Thai Binh/TBI_KTVHXH.TAB|geometrytype=Point" }, "geometry": { "type": "Point", "coordinates": [ 106.466125913030552, 20.522252307682674 ] } },
{ "type": "Feature", "properties": { "ID": "TBI341040den", "Ten_CT": "Đền, chùa", "Loai_CT": "Đền, chùa", "Thuoc_huyen": "H. Thái Thụy", "Thuoc_tinh": "Thái Bình", "Trong_chigioi": "", "Ngoai_baiSg": "", "layer": "TBI_KTVHXH", "path": "D:/Work/HungYen/TaiLieu/De/De Thai Binh/BD Thai Binh/TBI_KTVHXH.TAB|geometrytype=Point" }, "geometry": { "type": "Point", "coordinates": [ 106.475625900013924, 20.522310053807637 ] } },
{ "type": "Feature", "properties": { "ID": "TBI341040den", "Ten_CT": "Đền, chùa", "Loai_CT": "Đền, chùa", "Thuoc_huyen": "H. Thái Thụy", "Thuoc_tinh": "Thái Bình", "Trong_chigioi": "", "Ngoai_baiSg": "", "layer": "TBI_KTVHXH", "path": "D:/Work/HungYen/TaiLieu/De/De Thai Binh/BD Thai Binh/TBI_KTVHXH.TAB|geometrytype=Point" }, "geometry": { "type": "Point", "coordinates": [ 106.491081479779538, 20.520849991323033 ] } },
{ "type": "Feature", "properties": { "ID": "TBI341040den", "Ten_CT": "Đền, chùa", "Loai_CT": "Đền, chùa", "Thuoc_huyen": "H. Thái Thụy", "Thuoc_tinh": "Thái Bình", "Trong_chigioi": "", "Ngoai_baiSg": "", "layer": "TBI_KTVHXH", "path": "D:/Work/HungYen/TaiLieu/De/De Thai Binh/BD Thai Binh/TBI_KTVHXH.TAB|geometrytype=Point" }, "geometry": { "type": "Point", "coordinates": [ 106.486731996090995, 20.530320549942793 ] } },
{ "type": "Feature", "properties": { "ID": "TBI340040den", "Ten_CT": "Đền, chùa", "Loai_CT": "Đền, chùa", "Thuoc_huyen": "H. Đông Hưng", "Thuoc_tinh": "Thái Bình", "Trong_chigioi": "", "Ngoai_baiSg": "", "layer": "TBI_KTVHXH", "path": "D:/Work/HungYen/TaiLieu/De/De Thai Binh/BD Thai Binh/TBI_KTVHXH.TAB|geometrytype=Point" }, "geometry": { "type": "Point", "coordinates": [ 106.36470374343719, 20.543883545539821 ] } },
{ "type": "Feature", "properties": { "ID": "TBI340040den", "Ten_CT": "Đền, chùa", "Loai_CT": "Đền, chùa", "Thuoc_huyen": "H. Đông Hưng", "Thuoc_tinh": "Thái Bình", "Trong_chigioi": "", "Ngoai_baiSg": "", "layer": "TBI_KTVHXH", "path": "D:/Work/HungYen/TaiLieu/De/De Thai Binh/BD Thai Binh/TBI_KTVHXH.TAB|geometrytype=Point" }, "geometry": { "type": "Point", "coordinates": [ 106.36470374343719, 20.543883545539821 ] } },
{ "type": "Feature", "properties": { "ID": "TBI340040den", "Ten_CT": "Đền, chùa", "Loai_CT": "Đền, chùa", "Thuoc_huyen": "H. Đông Hưng", "Thuoc_tinh": "Thái Bình", "Trong_chigioi": "", "Ngoai_baiSg": "", "layer": "TBI_KTVHXH", "path": "D:/Work/HungYen/TaiLieu/De/De Thai Binh/BD Thai Binh/TBI_KTVHXH.TAB|geometrytype=Point" }, "geometry": { "type": "Point", "coordinates": [ 106.34856321742663, 20.538145053616134 ] } },
{ "type": "Feature", "properties": { "ID": "TBI340040den", "Ten_CT": "Đền, chùa", "Loai_CT": "Đền, chùa", "Thuoc_huyen": "H. Đông Hưng", "Thuoc_tinh": "Thái Bình", "Trong_chigioi": "", "Ngoai_baiSg": "", "layer": "TBI_KTVHXH", "path": "D:/Work/HungYen/TaiLieu/De/De Thai Binh/BD Thai Binh/TBI_KTVHXH.TAB|geometrytype=Point" }, "geometry": { "type": "Point", "coordinates": [ 106.34856321742663, 20.538145053616134 ] } },
{ "type": "Feature", "properties": { "ID": "TBI340040den", "Ten_CT": "Đền, chùa", "Loai_CT": "Đền, chùa", "Thuoc_huyen": "H. Đông Hưng", "Thuoc_tinh": "Thái Bình", "Trong_chigioi": "", "Ngoai_baiSg": "", "layer": "TBI_KTVHXH", "path": "D:/Work/HungYen/TaiLieu/De/De Thai Binh/BD Thai Binh/TBI_KTVHXH.TAB|geometrytype=Point" }, "geometry": { "type": "Point", "coordinates": [ 106.411679300362223, 20.550257316791964 ] } },
{ "type": "Feature", "properties": { "ID": "TBI340040den", "Ten_CT": "Đền, chùa", "Loai_CT": "Đền, chùa", "Thuoc_huyen": "H. Đông Hưng", "Thuoc_tinh": "Thái Bình", "Trong_chigioi": "", "Ngoai_baiSg": "", "layer": "TBI_KTVHXH", "path": "D:/Work/HungYen/TaiLieu/De/De Thai Binh/BD Thai Binh/TBI_KTVHXH.TAB|geometrytype=Point" }, "geometry": { "type": "Point", "coordinates": [ 106.424300593360911, 20.547276869380248 ] } },
{ "type": "Feature", "properties": { "ID": "TBI341040den", "Ten_CT": "Đền, chùa", "Loai_CT": "Đền, chùa", "Thuoc_huyen": "H. Thái Thụy", "Thuoc_tinh": "Thái Bình", "Trong_chigioi": "", "Ngoai_baiSg": "", "layer": "TBI_KTVHXH", "path": "D:/Work/HungYen/TaiLieu/De/De Thai Binh/BD Thai Binh/TBI_KTVHXH.TAB|geometrytype=Point" }, "geometry": { "type": "Point", "coordinates": [ 106.435186455813138, 20.553798648819786 ] } },
{ "type": "Feature", "properties": { "ID": "TBI341040den", "Ten_CT": "Đền, chùa", "Loai_CT": "Đền, chùa", "Thuoc_huyen": "H. Thái Thụy", "Thuoc_tinh": "Thái Bình", "Trong_chigioi": "", "Ngoai_baiSg": "", "layer": "TBI_KTVHXH", "path": "D:/Work/HungYen/TaiLieu/De/De Thai Binh/BD Thai Binh/TBI_KTVHXH.TAB|geometrytype=Point" }, "geometry": { "type": "Point", "coordinates": [ 106.449877310070704, 20.551961223560625 ] } },
{ "type": "Feature", "properties": { "ID": "TBI341040den", "Ten_CT": "Đền, chùa", "Loai_CT": "Đền, chùa", "Thuoc_huyen": "H. Thái Thụy", "Thuoc_tinh": "Thái Bình", "Trong_chigioi": "", "Ngoai_baiSg": "", "layer": "TBI_KTVHXH", "path": "D:/Work/HungYen/TaiLieu/De/De Thai Binh/BD Thai Binh/TBI_KTVHXH.TAB|geometrytype=Point" }, "geometry": { "type": "Point", "coordinates": [ 106.45556487665759, 20.556146005498469 ] } },
{ "type": "Feature", "properties": { "ID": "TBI341040den", "Ten_CT": "Đền, chùa", "Loai_CT": "Đền, chùa", "Thuoc_huyen": "H. Thái Thụy", "Thuoc_tinh": "Thái Bình", "Trong_chigioi": "", "Ngoai_baiSg": "", "layer": "TBI_KTVHXH", "path": "D:/Work/HungYen/TaiLieu/De/De Thai Binh/BD Thai Binh/TBI_KTVHXH.TAB|geometrytype=Point" }, "geometry": { "type": "Point", "coordinates": [ 106.461610508504577, 20.56702220651302 ] } },
{ "type": "Feature", "properties": { "ID": "TBI341040den", "Ten_CT": "Đền, chùa", "Loai_CT": "Đền, chùa", "Thuoc_huyen": "H. Thái Thụy", "Thuoc_tinh": "Thái Bình", "Trong_chigioi": "", "Ngoai_baiSg": "", "layer": "TBI_KTVHXH", "path": "D:/Work/HungYen/TaiLieu/De/De Thai Binh/BD Thai Binh/TBI_KTVHXH.TAB|geometrytype=Point" }, "geometry": { "type": "Point", "coordinates": [ 106.484879401624312, 20.554213101070708 ] } },
{ "type": "Feature", "properties": { "ID": "TBI341040den", "Ten_CT": "Đền, chùa", "Loai_CT": "Đền, chùa", "Thuoc_huyen": "H. Thái Thụy", "Thuoc_tinh": "Thái Bình", "Trong_chigioi": "", "Ngoai_baiSg": "", "layer": "TBI_KTVHXH", "path": "D:/Work/HungYen/TaiLieu/De/De Thai Binh/BD Thai Binh/TBI_KTVHXH.TAB|geometrytype=Point" }, "geometry": { "type": "Point", "coordinates": [ 106.492798256285269, 20.570830978483173 ] } },
{ "type": "Feature", "properties": { "ID": "TBI341040den", "Ten_CT": "Đền, chùa", "Loai_CT": "Đền, chùa", "Thuoc_huyen": "H. Thái Thụy", "Thuoc_tinh": "Thái Bình", "Trong_chigioi": "", "Ngoai_baiSg": "", "layer": "TBI_KTVHXH", "path": "D:/Work/HungYen/TaiLieu/De/De Thai Binh/BD Thai Binh/TBI_KTVHXH.TAB|geometrytype=Point" }, "geometry": { "type": "Point", "coordinates": [ 106.474988191666952, 20.574604766273644 ] } },
{ "type": "Feature", "properties": { "ID": "TBI341040den", "Ten_CT": "Đền, chùa", "Loai_CT": "Đền, chùa", "Thuoc_huyen": "H. Thái Thụy", "Thuoc_tinh": "Thái Bình", "Trong_chigioi": "", "Ngoai_baiSg": "", "layer": "TBI_KTVHXH", "path": "D:/Work/HungYen/TaiLieu/De/De Thai Binh/BD Thai Binh/TBI_KTVHXH.TAB|geometrytype=Point" }, "geometry": { "type": "Point", "coordinates": [ 106.474082346972764, 20.581944516700055 ] } },
{ "type": "Feature", "properties": { "ID": "TBI341040den", "Ten_CT": "Đền, chùa", "Loai_CT": "Đền, chùa", "Thuoc_huyen": "H. Thái Thụy", "Thuoc_tinh": "Thái Bình", "Trong_chigioi": "", "Ngoai_baiSg": "", "layer": "TBI_KTVHXH", "path": "D:/Work/HungYen/TaiLieu/De/De Thai Binh/BD Thai Binh/TBI_KTVHXH.TAB|geometrytype=Point" }, "geometry": { "type": "Point", "coordinates": [ 106.45838138689578, 20.584438834458425 ] } },
{ "type": "Feature", "properties": { "ID": "TBI341040den", "Ten_CT": "Đền, chùa", "Loai_CT": "Đền, chùa", "Thuoc_huyen": "H. Thái Thụy", "Thuoc_tinh": "Thái Bình", "Trong_chigioi": "", "Ngoai_baiSg": "", "layer": "TBI_KTVHXH", "path": "D:/Work/HungYen/TaiLieu/De/De Thai Binh/BD Thai Binh/TBI_KTVHXH.TAB|geometrytype=Point" }, "geometry": { "type": "Point", "coordinates": [ 106.491247452753157, 20.590129095305471 ] } },
{ "type": "Feature", "properties": { "ID": "TBI341040den", "Ten_CT": "Đền, chùa", "Loai_CT": "Đền, chùa", "Thuoc_huyen": "H. Thái Thụy", "Thuoc_tinh": "Thái Bình", "Trong_chigioi": "", "Ngoai_baiSg": "", "layer": "TBI_KTVHXH", "path": "D:/Work/HungYen/TaiLieu/De/De Thai Binh/BD Thai Binh/TBI_KTVHXH.TAB|geometrytype=Point" }, "geometry": { "type": "Point", "coordinates": [ 106.459092670787228, 20.595193248819683 ] } },
{ "type": "Feature", "properties": { "ID": "TBI338040den", "Ten_CT": "Đền, chùa", "Loai_CT": "Đền, chùa", "Thuoc_huyen": "H. Quỳnh Phụ", "Thuoc_tinh": "Thái Bình", "Trong_chigioi": "", "Ngoai_baiSg": "", "layer": "TBI_KTVHXH", "path": "D:/Work/HungYen/TaiLieu/De/De Thai Binh/BD Thai Binh/TBI_KTVHXH.TAB|geometrytype=Point" }, "geometry": { "type": "Point", "coordinates": [ 106.437960635205897, 20.591727226955477 ] } },
{ "type": "Feature", "properties": { "ID": "TBI338040den", "Ten_CT": "Đền, chùa", "Loai_CT": "Đền, chùa", "Thuoc_huyen": "H. Quỳnh Phụ", "Thuoc_tinh": "Thái Bình", "Trong_chigioi": "", "Ngoai_baiSg": "", "layer": "TBI_KTVHXH", "path": "D:/Work/HungYen/TaiLieu/De/De Thai Binh/BD Thai Binh/TBI_KTVHXH.TAB|geometrytype=Point" }, "geometry": { "type": "Point", "coordinates": [ 106.432558900837137, 20.577166057394201 ] } },
{ "type": "Feature", "properties": { "ID": "TBI340040den", "Ten_CT": "Đền, chùa", "Loai_CT": "Đền, chùa", "Thuoc_huyen": "H. Đông Hưng", "Thuoc_tinh": "Thái Bình", "Trong_chigioi": "", "Ngoai_baiSg": "", "layer": "TBI_KTVHXH", "path": "D:/Work/HungYen/TaiLieu/De/De Thai Binh/BD Thai Binh/TBI_KTVHXH.TAB|geometrytype=Point" }, "geometry": { "type": "Point", "coordinates": [ 106.408703270265661, 20.573212729275273 ] } },
{ "type": "Feature", "properties": { "ID": "TBI340040den", "Ten_CT": "Đền, chùa", "Loai_CT": "Đền, chùa", "Thuoc_huyen": "H. Đông Hưng", "Thuoc_tinh": "Thái Bình", "Trong_chigioi": "", "Ngoai_baiSg": "", "layer": "TBI_KTVHXH", "path": "D:/Work/HungYen/TaiLieu/De/De Thai Binh/BD Thai Binh/TBI_KTVHXH.TAB|geometrytype=Point" }, "geometry": { "type": "Point", "coordinates": [ 106.427968365597593, 20.564992864651426 ] } },
{ "type": "Feature", "properties": { "ID": "TBI340040den", "Ten_CT": "Đền, chùa", "Loai_CT": "Đền, chùa", "Thuoc_huyen": "H. Đông Hưng", "Thuoc_tinh": "Thái Bình", "Trong_chigioi": "", "Ngoai_baiSg": "", "layer": "TBI_KTVHXH", "path": "D:/Work/HungYen/TaiLieu/De/De Thai Binh/BD Thai Binh/TBI_KTVHXH.TAB|geometrytype=Point" }, "geometry": { "type": "Point", "coordinates": [ 106.378265839397244, 20.555208919762727 ] } },
{ "type": "Feature", "properties": { "ID": "TBI340040den", "Ten_CT": "Đền, chùa", "Loai_CT": "Đền, chùa", "Thuoc_huyen": "H. Đông Hưng", "Thuoc_tinh": "Thái Bình", "Trong_chigioi": "", "Ngoai_baiSg": "", "layer": "TBI_KTVHXH", "path": "D:/Work/HungYen/TaiLieu/De/De Thai Binh/BD Thai Binh/TBI_KTVHXH.TAB|geometrytype=Point" }, "geometry": { "type": "Point", "coordinates": [ 106.331887811789542, 20.539882535910827 ] } },
{ "type": "Feature", "properties": { "ID": "TBI340040den", "Ten_CT": "Đền, chùa", "Loai_CT": "Đền, chùa", "Thuoc_huyen": "H. Đông Hưng", "Thuoc_tinh": "Thái Bình", "Trong_chigioi": "", "Ngoai_baiSg": "", "layer": "TBI_KTVHXH", "path": "D:/Work/HungYen/TaiLieu/De/De Thai Binh/BD Thai Binh/TBI_KTVHXH.TAB|geometrytype=Point" }, "geometry": { "type": "Point", "coordinates": [ 106.317117916428515, 20.530008404783434 ] } },
{ "type": "Feature", "properties": { "ID": "TBI340040den", "Ten_CT": "Đền, chùa", "Loai_CT": "Đền, chùa", "Thuoc_huyen": "H. Đông Hưng", "Thuoc_tinh": "Thái Bình", "Trong_chigioi": "", "Ngoai_baiSg": "", "layer": "TBI_KTVHXH", "path": "D:/Work/HungYen/TaiLieu/De/De Thai Binh/BD Thai Binh/TBI_KTVHXH.TAB|geometrytype=Point" }, "geometry": { "type": "Point", "coordinates": [ 106.307997125758291, 20.523025766674607 ] } },
{ "type": "Feature", "properties": { "ID": "TBI340040den", "Ten_CT": "Đền, chùa", "Loai_CT": "Đền, chùa", "Thuoc_huyen": "H. Đông Hưng", "Thuoc_tinh": "Thái Bình", "Trong_chigioi": "", "Ngoai_baiSg": "", "layer": "TBI_KTVHXH", "path": "D:/Work/HungYen/TaiLieu/De/De Thai Binh/BD Thai Binh/TBI_KTVHXH.TAB|geometrytype=Point" }, "geometry": { "type": "Point", "coordinates": [ 106.299905058627104, 20.540226618125534 ] } },
{ "type": "Feature", "properties": { "ID": "TBI340040den", "Ten_CT": "Đền, chùa", "Loai_CT": "Đền, chùa", "Thuoc_huyen": "H. Đông Hưng", "Thuoc_tinh": "Thái Bình", "Trong_chigioi": "", "Ngoai_baiSg": "", "layer": "TBI_KTVHXH", "path": "D:/Work/HungYen/TaiLieu/De/De Thai Binh/BD Thai Binh/TBI_KTVHXH.TAB|geometrytype=Point" }, "geometry": { "type": "Point", "coordinates": [ 106.267991804971587, 20.548076346298558 ] } },
{ "type": "Feature", "properties": { "ID": "TBI340040den", "Ten_CT": "Đền, chùa", "Loai_CT": "Đền, chùa", "Thuoc_huyen": "H. Đông Hưng", "Thuoc_tinh": "Thái Bình", "Trong_chigioi": "", "Ngoai_baiSg": "", "layer": "TBI_KTVHXH", "path": "D:/Work/HungYen/TaiLieu/De/De Thai Binh/BD Thai Binh/TBI_KTVHXH.TAB|geometrytype=Point" }, "geometry": { "type": "Point", "coordinates": [ 106.255582724624361, 20.54591423170735 ] } },
{ "type": "Feature", "properties": { "ID": "TBI340040den", "Ten_CT": "Đền, chùa", "Loai_CT": "Đền, chùa", "Thuoc_huyen": "H. Đông Hưng", "Thuoc_tinh": "Thái Bình", "Trong_chigioi": "", "Ngoai_baiSg": "", "layer": "TBI_KTVHXH", "path": "D:/Work/HungYen/TaiLieu/De/De Thai Binh/BD Thai Binh/TBI_KTVHXH.TAB|geometrytype=Point" }, "geometry": { "type": "Point", "coordinates": [ 106.252125008301022, 20.548437466343955 ] } },
{ "type": "Feature", "properties": { "ID": "TBI340040den", "Ten_CT": "Đền, chùa", "Loai_CT": "Đền, chùa", "Thuoc_huyen": "H. Đông Hưng", "Thuoc_tinh": "Thái Bình", "Trong_chigioi": "", "Ngoai_baiSg": "", "layer": "TBI_KTVHXH", "path": "D:/Work/HungYen/TaiLieu/De/De Thai Binh/BD Thai Binh/TBI_KTVHXH.TAB|geometrytype=Point" }, "geometry": { "type": "Point", "coordinates": [ 106.278587650916847, 20.556967397928702 ] } },
{ "type": "Feature", "properties": { "ID": "TBI340040den", "Ten_CT": "Đền, chùa", "Loai_CT": "Đền, chùa", "Thuoc_huyen": "H. Đông Hưng", "Thuoc_tinh": "Thái Bình", "Trong_chigioi": "", "Ngoai_baiSg": "", "layer": "TBI_KTVHXH", "path": "D:/Work/HungYen/TaiLieu/De/De Thai Binh/BD Thai Binh/TBI_KTVHXH.TAB|geometrytype=Point" }, "geometry": { "type": "Point", "coordinates": [ 106.286954216838268, 20.569519238481803 ] } },
{ "type": "Feature", "properties": { "ID": "TBI339040den", "Ten_CT": "Đền, chùa", "Loai_CT": "Đền, chùa", "Thuoc_huyen": "H. Hưng Hà", "Thuoc_tinh": "Thái Bình", "Trong_chigioi": "", "Ngoai_baiSg": "", "layer": "TBI_KTVHXH", "path": "D:/Work/HungYen/TaiLieu/De/De Thai Binh/BD Thai Binh/TBI_KTVHXH.TAB|geometrytype=Point" }, "geometry": { "type": "Point", "coordinates": [ 106.260744502190931, 20.56033351605981 ] } },
{ "type": "Feature", "properties": { "ID": "TBI339040den", "Ten_CT": "Đền, chùa", "Loai_CT": "Đền, chùa", "Thuoc_huyen": "H. Hưng Hà", "Thuoc_tinh": "Thái Bình", "Trong_chigioi": "", "Ngoai_baiSg": "", "layer": "TBI_KTVHXH", "path": "D:/Work/HungYen/TaiLieu/De/De Thai Binh/BD Thai Binh/TBI_KTVHXH.TAB|geometrytype=Point" }, "geometry": { "type": "Point", "coordinates": [ 106.260221636852222, 20.576104777527295 ] } },
{ "type": "Feature", "properties": { "ID": "TBI339040den", "Ten_CT": "Đền, chùa", "Loai_CT": "Đền, chùa", "Thuoc_huyen": "H. Hưng Hà", "Thuoc_tinh": "Thái Bình", "Trong_chigioi": "", "Ngoai_baiSg": "", "layer": "TBI_KTVHXH", "path": "D:/Work/HungYen/TaiLieu/De/De Thai Binh/BD Thai Binh/TBI_KTVHXH.TAB|geometrytype=Point" }, "geometry": { "type": "Point", "coordinates": [ 106.266662125218687, 20.581914145219951 ] } },
{ "type": "Feature", "properties": { "ID": "TBI338040den", "Ten_CT": "Đền, chùa", "Loai_CT": "Đền, chùa", "Thuoc_huyen": "H. Quỳnh Phụ", "Thuoc_tinh": "Thái Bình", "Trong_chigioi": "", "Ngoai_baiSg": "", "layer": "TBI_KTVHXH", "path": "D:/Work/HungYen/TaiLieu/De/De Thai Binh/BD Thai Binh/TBI_KTVHXH.TAB|geometrytype=Point" }, "geometry": { "type": "Point", "coordinates": [ 106.332827636116221, 20.610838468356537 ] } },
{ "type": "Feature", "properties": { "ID": "TBI338040den", "Ten_CT": "Đền, chùa", "Loai_CT": "Đền, chùa", "Thuoc_huyen": "H. Quỳnh Phụ", "Thuoc_tinh": "Thái Bình", "Trong_chigioi": "", "Ngoai_baiSg": "", "layer": "TBI_KTVHXH", "path": "D:/Work/HungYen/TaiLieu/De/De Thai Binh/BD Thai Binh/TBI_KTVHXH.TAB|geometrytype=Point" }, "geometry": { "type": "Point", "coordinates": [ 106.323133821993892, 20.62589982597995 ] } },
{ "type": "Feature", "properties": { "ID": "TBI338040den", "Ten_CT": "Đền, chùa", "Loai_CT": "Đền, chùa", "Thuoc_huyen": "H. Quỳnh Phụ", "Thuoc_tinh": "Thái Bình", "Trong_chigioi": "", "Ngoai_baiSg": "", "layer": "TBI_KTVHXH", "path": "D:/Work/HungYen/TaiLieu/De/De Thai Binh/BD Thai Binh/TBI_KTVHXH.TAB|geometrytype=Point" }, "geometry": { "type": "Point", "coordinates": [ 106.297223509983596, 20.620944544379586 ] } },
{ "type": "Feature", "properties": { "ID": "TBI339040den", "Ten_CT": "Đền, chùa", "Loai_CT": "Đền, chùa", "Thuoc_huyen": "H. Hưng Hà", "Thuoc_tinh": "Thái Bình", "Trong_chigioi": "", "Ngoai_baiSg": "", "layer": "TBI_KTVHXH", "path": "D:/Work/HungYen/TaiLieu/De/De Thai Binh/BD Thai Binh/TBI_KTVHXH.TAB|geometrytype=Point" }, "geometry": { "type": "Point", "coordinates": [ 106.295719861494874, 20.612262298691505 ] } },
{ "type": "Feature", "properties": { "ID": "TBI339040den", "Ten_CT": "Đền, chùa", "Loai_CT": "Đền, chùa", "Thuoc_huyen": "H. Hưng Hà", "Thuoc_tinh": "Thái Bình", "Trong_chigioi": "", "Ngoai_baiSg": "", "layer": "TBI_KTVHXH", "path": "D:/Work/HungYen/TaiLieu/De/De Thai Binh/BD Thai Binh/TBI_KTVHXH.TAB|geometrytype=Point" }, "geometry": { "type": "Point", "coordinates": [ 106.2878817203094, 20.604417558926961 ] } },
{ "type": "Feature", "properties": { "ID": "TBI339040den", "Ten_CT": "Đền, chùa", "Loai_CT": "Đền, chùa", "Thuoc_huyen": "H. Hưng Hà", "Thuoc_tinh": "Thái Bình", "Trong_chigioi": "", "Ngoai_baiSg": "", "layer": "TBI_KTVHXH", "path": "D:/Work/HungYen/TaiLieu/De/De Thai Binh/BD Thai Binh/TBI_KTVHXH.TAB|geometrytype=Point" }, "geometry": { "type": "Point", "coordinates": [ 106.281853511092976, 20.619625061206303 ] } },
{ "type": "Feature", "properties": { "ID": "TBI339040den", "Ten_CT": "Đền, chùa", "Loai_CT": "Đền, chùa", "Thuoc_huyen": "H. Hưng Hà", "Thuoc_tinh": "Thái Bình", "Trong_chigioi": "", "Ngoai_baiSg": "", "layer": "TBI_KTVHXH", "path": "D:/Work/HungYen/TaiLieu/De/De Thai Binh/BD Thai Binh/TBI_KTVHXH.TAB|geometrytype=Point" }, "geometry": { "type": "Point", "coordinates": [ 106.27331995815031, 20.621590705164209 ] } },
{ "type": "Feature", "properties": { "ID": "TBI339040den", "Ten_CT": "Đền, chùa", "Loai_CT": "Đền, chùa", "Thuoc_huyen": "H. Hưng Hà", "Thuoc_tinh": "Thái Bình", "Trong_chigioi": "", "Ngoai_baiSg": "", "layer": "TBI_KTVHXH", "path": "D:/Work/HungYen/TaiLieu/De/De Thai Binh/BD Thai Binh/TBI_KTVHXH.TAB|geometrytype=Point" }, "geometry": { "type": "Point", "coordinates": [ 106.267357190699741, 20.588557658774953 ] } },
{ "type": "Feature", "properties": { "ID": "TBI339040den", "Ten_CT": "Đền, chùa", "Loai_CT": "Đền, chùa", "Thuoc_huyen": "H. Hưng Hà", "Thuoc_tinh": "Thái Bình", "Trong_chigioi": "", "Ngoai_baiSg": "", "layer": "TBI_KTVHXH", "path": "D:/Work/HungYen/TaiLieu/De/De Thai Binh/BD Thai Binh/TBI_KTVHXH.TAB|geometrytype=Point" }, "geometry": { "type": "Point", "coordinates": [ 106.274719752255209, 20.584288390186948 ] } },
{ "type": "Feature", "properties": { "ID": "TBI339040den", "Ten_CT": "Đền, chùa", "Loai_CT": "Đền, chùa", "Thuoc_huyen": "H. Hưng Hà", "Thuoc_tinh": "Thái Bình", "Trong_chigioi": "", "Ngoai_baiSg": "", "layer": "TBI_KTVHXH", "path": "D:/Work/HungYen/TaiLieu/De/De Thai Binh/BD Thai Binh/TBI_KTVHXH.TAB|geometrytype=Point" }, "geometry": { "type": "Point", "coordinates": [ 106.266336464778348, 20.596702602739398 ] } },
{ "type": "Feature", "properties": { "ID": "TBI339040den", "Ten_CT": "Đền, chùa", "Loai_CT": "Đền, chùa", "Thuoc_huyen": "H. Hưng Hà", "Thuoc_tinh": "Thái Bình", "Trong_chigioi": "", "Ngoai_baiSg": "", "layer": "TBI_KTVHXH", "path": "D:/Work/HungYen/TaiLieu/De/De Thai Binh/BD Thai Binh/TBI_KTVHXH.TAB|geometrytype=Point" }, "geometry": { "type": "Point", "coordinates": [ 106.289868202044758, 20.592957600795025 ] } },
{ "type": "Feature", "properties": { "ID": "TBI340040den", "Ten_CT": "Đền, chùa", "Loai_CT": "Đền, chùa", "Thuoc_huyen": "H. Đông Hưng", "Thuoc_tinh": "Thái Bình", "Trong_chigioi": "", "Ngoai_baiSg": "", "layer": "TBI_KTVHXH", "path": "D:/Work/HungYen/TaiLieu/De/De Thai Binh/BD Thai Binh/TBI_KTVHXH.TAB|geometrytype=Point" }, "geometry": { "type": "Point", "coordinates": [ 106.283084568674724, 20.584694904609417 ] } },
{ "type": "Feature", "properties": { "ID": "TBI339040den", "Ten_CT": "Đền, chùa", "Loai_CT": "Đền, chùa", "Thuoc_huyen": "H. Hưng Hà", "Thuoc_tinh": "Thái Bình", "Trong_chigioi": "", "Ngoai_baiSg": "", "layer": "TBI_KTVHXH", "path": "D:/Work/HungYen/TaiLieu/De/De Thai Binh/BD Thai Binh/TBI_KTVHXH.TAB|geometrytype=Point" }, "geometry": { "type": "Point", "coordinates": [ 106.251043265646842, 20.585427162832023 ] } },
{ "type": "Feature", "properties": { "ID": "TBI339040den", "Ten_CT": "Đền, chùa", "Loai_CT": "Đền, chùa", "Thuoc_huyen": "H. Hưng Hà", "Thuoc_tinh": "Thái Bình", "Trong_chigioi": "", "Ngoai_baiSg": "", "layer": "TBI_KTVHXH", "path": "D:/Work/HungYen/TaiLieu/De/De Thai Binh/BD Thai Binh/TBI_KTVHXH.TAB|geometrytype=Point" }, "geometry": { "type": "Point", "coordinates": [ 106.254897384385117, 20.581593944355198 ] } },
{ "type": "Feature", "properties": { "ID": "TBI339040den", "Ten_CT": "Đền, chùa", "Loai_CT": "Đền, chùa", "Thuoc_huyen": "H. Hưng Hà", "Thuoc_tinh": "Thái Bình", "Trong_chigioi": "", "Ngoai_baiSg": "", "layer": "TBI_KTVHXH", "path": "D:/Work/HungYen/TaiLieu/De/De Thai Binh/BD Thai Binh/TBI_KTVHXH.TAB|geometrytype=Point" }, "geometry": { "type": "Point", "coordinates": [ 106.25712331607204, 20.606663683656169 ] } },
{ "type": "Feature", "properties": { "ID": "TBI339040den", "Ten_CT": "Đền, chùa", "Loai_CT": "Đền, chùa", "Thuoc_huyen": "H. Hưng Hà", "Thuoc_tinh": "Thái Bình", "Trong_chigioi": "", "Ngoai_baiSg": "", "layer": "TBI_KTVHXH", "path": "D:/Work/HungYen/TaiLieu/De/De Thai Binh/BD Thai Binh/TBI_KTVHXH.TAB|geometrytype=Point" }, "geometry": { "type": "Point", "coordinates": [ 106.253645649396134, 20.618573263783212 ] } },
{ "type": "Feature", "properties": { "ID": "TBI339040den", "Ten_CT": "Đền, chùa", "Loai_CT": "Đền, chùa", "Thuoc_huyen": "H. Hưng Hà", "Thuoc_tinh": "Thái Bình", "Trong_chigioi": "", "Ngoai_baiSg": "", "layer": "TBI_KTVHXH", "path": "D:/Work/HungYen/TaiLieu/De/De Thai Binh/BD Thai Binh/TBI_KTVHXH.TAB|geometrytype=Point" }, "geometry": { "type": "Point", "coordinates": [ 106.265707553572057, 20.610904036600651 ] } },
{ "type": "Feature", "properties": { "ID": "TBI339040den", "Ten_CT": "Đền, chùa", "Loai_CT": "Đền, chùa", "Thuoc_huyen": "H. Hưng Hà", "Thuoc_tinh": "Thái Bình", "Trong_chigioi": "", "Ngoai_baiSg": "", "layer": "TBI_KTVHXH", "path": "D:/Work/HungYen/TaiLieu/De/De Thai Binh/BD Thai Binh/TBI_KTVHXH.TAB|geometrytype=Point" }, "geometry": { "type": "Point", "coordinates": [ 106.270546515169741, 20.617074063919823 ] } },
{ "type": "Feature", "properties": { "ID": "TBI339040den", "Ten_CT": "Đền, chùa", "Loai_CT": "Đền, chùa", "Thuoc_huyen": "H. Hưng Hà", "Thuoc_tinh": "Thái Bình", "Trong_chigioi": "", "Ngoai_baiSg": "", "layer": "TBI_KTVHXH", "path": "D:/Work/HungYen/TaiLieu/De/De Thai Binh/BD Thai Binh/TBI_KTVHXH.TAB|geometrytype=Point" }, "geometry": { "type": "Point", "coordinates": [ 106.25991690687907, 20.621249984774181 ] } },
{ "type": "Feature", "properties": { "ID": "TBI339040den", "Ten_CT": "Đền, chùa", "Loai_CT": "Đền, chùa", "Thuoc_huyen": "H. Hưng Hà", "Thuoc_tinh": "Thái Bình", "Trong_chigioi": "", "Ngoai_baiSg": "", "layer": "TBI_KTVHXH", "path": "D:/Work/HungYen/TaiLieu/De/De Thai Binh/BD Thai Binh/TBI_KTVHXH.TAB|geometrytype=Point" }, "geometry": { "type": "Point", "coordinates": [ 106.260418816041977, 20.63313051704688 ] } },
{ "type": "Feature", "properties": { "ID": "TBI339040den", "Ten_CT": "Đền, chùa", "Loai_CT": "Đền, chùa", "Thuoc_huyen": "H. Hưng Hà", "Thuoc_tinh": "Thái Bình", "Trong_chigioi": "", "Ngoai_baiSg": "", "layer": "TBI_KTVHXH", "path": "D:/Work/HungYen/TaiLieu/De/De Thai Binh/BD Thai Binh/TBI_KTVHXH.TAB|geometrytype=Point" }, "geometry": { "type": "Point", "coordinates": [ 106.250565614646192, 20.637358790057316 ] } },
{ "type": "Feature", "properties": { "ID": "TBI339040den", "Ten_CT": "Đền, chùa", "Loai_CT": "Đền, chùa", "Thuoc_huyen": "H. Hưng Hà", "Thuoc_tinh": "Thái Bình", "Trong_chigioi": "", "Ngoai_baiSg": "", "layer": "TBI_KTVHXH", "path": "D:/Work/HungYen/TaiLieu/De/De Thai Binh/BD Thai Binh/TBI_KTVHXH.TAB|geometrytype=Point" }, "geometry": { "type": "Point", "coordinates": [ 106.263801873609694, 20.64367292894336 ] } },
{ "type": "Feature", "properties": { "ID": "TBI339040den", "Ten_CT": "Đền, chùa", "Loai_CT": "Đền, chùa", "Thuoc_huyen": "H. Hưng Hà", "Thuoc_tinh": "Thái Bình", "Trong_chigioi": "", "Ngoai_baiSg": "", "layer": "TBI_KTVHXH", "path": "D:/Work/HungYen/TaiLieu/De/De Thai Binh/BD Thai Binh/TBI_KTVHXH.TAB|geometrytype=Point" }, "geometry": { "type": "Point", "coordinates": [ 106.27308215777353, 20.645331739181735 ] } },
{ "type": "Feature", "properties": { "ID": "TBI339040den", "Ten_CT": "Đền, chùa", "Loai_CT": "Đền, chùa", "Thuoc_huyen": "H. Hưng Hà", "Thuoc_tinh": "Thái Bình", "Trong_chigioi": "", "Ngoai_baiSg": "", "layer": "TBI_KTVHXH", "path": "D:/Work/HungYen/TaiLieu/De/De Thai Binh/BD Thai Binh/TBI_KTVHXH.TAB|geometrytype=Point" }, "geometry": { "type": "Point", "coordinates": [ 106.261417069785011, 20.648607957823707 ] } },
{ "type": "Feature", "properties": { "ID": "TBI339040den", "Ten_CT": "Đền, chùa", "Loai_CT": "Đền, chùa", "Thuoc_huyen": "H. Hưng Hà", "Thuoc_tinh": "Thái Bình", "Trong_chigioi": "", "Ngoai_baiSg": "", "layer": "TBI_KTVHXH", "path": "D:/Work/HungYen/TaiLieu/De/De Thai Binh/BD Thai Binh/TBI_KTVHXH.TAB|geometrytype=Point" }, "geometry": { "type": "Point", "coordinates": [ 106.256456021666025, 20.654147163495999 ] } },
{ "type": "Feature", "properties": { "ID": "TBI338040den", "Ten_CT": "Đền, chùa", "Loai_CT": "Đền, chùa", "Thuoc_huyen": "H. Quỳnh Phụ", "Thuoc_tinh": "Thái Bình", "Trong_chigioi": "", "Ngoai_baiSg": "", "layer": "TBI_KTVHXH", "path": "D:/Work/HungYen/TaiLieu/De/De Thai Binh/BD Thai Binh/TBI_KTVHXH.TAB|geometrytype=Point" }, "geometry": { "type": "Point", "coordinates": [ 106.285120014481706, 20.653175009034147 ] } },
{ "type": "Feature", "properties": { "ID": "TBI338040den", "Ten_CT": "Đền, chùa", "Loai_CT": "Đền, chùa", "Thuoc_huyen": "H. Quỳnh Phụ", "Thuoc_tinh": "Thái Bình", "Trong_chigioi": "", "Ngoai_baiSg": "", "layer": "TBI_KTVHXH", "path": "D:/Work/HungYen/TaiLieu/De/De Thai Binh/BD Thai Binh/TBI_KTVHXH.TAB|geometrytype=Point" }, "geometry": { "type": "Point", "coordinates": [ 106.282548297865119, 20.646871575160972 ] } },
{ "type": "Feature", "properties": { "ID": "TBI338040den", "Ten_CT": "Đền, chùa", "Loai_CT": "Đền, chùa", "Thuoc_huyen": "H. Quỳnh Phụ", "Thuoc_tinh": "Thái Bình", "Trong_chigioi": "", "Ngoai_baiSg": "", "layer": "TBI_KTVHXH", "path": "D:/Work/HungYen/TaiLieu/De/De Thai Binh/BD Thai Binh/TBI_KTVHXH.TAB|geometrytype=Point" }, "geometry": { "type": "Point", "coordinates": [ 106.275252074283145, 20.659424531583468 ] } },
{ "type": "Feature", "properties": { "ID": "TBI338040den", "Ten_CT": "Đền, chùa", "Loai_CT": "Đền, chùa", "Thuoc_huyen": "H. Quỳnh Phụ", "Thuoc_tinh": "Thái Bình", "Trong_chigioi": "", "Ngoai_baiSg": "", "layer": "TBI_KTVHXH", "path": "D:/Work/HungYen/TaiLieu/De/De Thai Binh/BD Thai Binh/TBI_KTVHXH.TAB|geometrytype=Point" }, "geometry": { "type": "Point", "coordinates": [ 106.281719974574784, 20.66306484912182 ] } },
{ "type": "Feature", "properties": { "ID": "TBI338040den", "Ten_CT": "Đền, chùa", "Loai_CT": "Đền, chùa", "Thuoc_huyen": "H. Quỳnh Phụ", "Thuoc_tinh": "Thái Bình", "Trong_chigioi": "", "Ngoai_baiSg": "", "layer": "TBI_KTVHXH", "path": "D:/Work/HungYen/TaiLieu/De/De Thai Binh/BD Thai Binh/TBI_KTVHXH.TAB|geometrytype=Point" }, "geometry": { "type": "Point", "coordinates": [ 106.252929919980218, 20.664066617840934 ] } },
{ "type": "Feature", "properties": { "ID": "TBI338040den", "Ten_CT": "Đền, chùa", "Loai_CT": "Đền, chùa", "Thuoc_huyen": "H. Quỳnh Phụ", "Thuoc_tinh": "Thái Bình", "Trong_chigioi": "", "Ngoai_baiSg": "", "layer": "TBI_KTVHXH", "path": "D:/Work/HungYen/TaiLieu/De/De Thai Binh/BD Thai Binh/TBI_KTVHXH.TAB|geometrytype=Point" }, "geometry": { "type": "Point", "coordinates": [ 106.254766421810018, 20.664258166753285 ] } },
{ "type": "Feature", "properties": { "ID": "TBI338040den", "Ten_CT": "Đền, chùa", "Loai_CT": "Đền, chùa", "Thuoc_huyen": "H. Quỳnh Phụ", "Thuoc_tinh": "Thái Bình", "Trong_chigioi": "", "Ngoai_baiSg": "", "layer": "TBI_KTVHXH", "path": "D:/Work/HungYen/TaiLieu/De/De Thai Binh/BD Thai Binh/TBI_KTVHXH.TAB|geometrytype=Point" }, "geometry": { "type": "Point", "coordinates": [ 106.287307298290131, 20.658105609374267 ] } },
{ "type": "Feature", "properties": { "ID": "TBI338040den", "Ten_CT": "Đền, chùa", "Loai_CT": "Đền, chùa", "Thuoc_huyen": "H. Quỳnh Phụ", "Thuoc_tinh": "Thái Bình", "Trong_chigioi": "", "Ngoai_baiSg": "", "layer": "TBI_KTVHXH", "path": "D:/Work/HungYen/TaiLieu/De/De Thai Binh/BD Thai Binh/TBI_KTVHXH.TAB|geometrytype=Point" }, "geometry": { "type": "Point", "coordinates": [ 106.287688243926326, 20.64425744583097 ] } },
{ "type": "Feature", "properties": { "ID": "TBI338040den", "Ten_CT": "Đền, chùa", "Loai_CT": "Đền, chùa", "Thuoc_huyen": "H. Quỳnh Phụ", "Thuoc_tinh": "Thái Bình", "Trong_chigioi": "", "Ngoai_baiSg": "", "layer": "TBI_KTVHXH", "path": "D:/Work/HungYen/TaiLieu/De/De Thai Binh/BD Thai Binh/TBI_KTVHXH.TAB|geometrytype=Point" }, "geometry": { "type": "Point", "coordinates": [ 106.304559674982571, 20.660903105511572 ] } },
{ "type": "Feature", "properties": { "ID": "TBI338040den", "Ten_CT": "Đền, chùa", "Loai_CT": "Đền, chùa", "Thuoc_huyen": "H. Quỳnh Phụ", "Thuoc_tinh": "Thái Bình", "Trong_chigioi": "", "Ngoai_baiSg": "", "layer": "TBI_KTVHXH", "path": "D:/Work/HungYen/TaiLieu/De/De Thai Binh/BD Thai Binh/TBI_KTVHXH.TAB|geometrytype=Point" }, "geometry": { "type": "Point", "coordinates": [ 106.290480901910129, 20.632498691731119 ] } },
{ "type": "Feature", "properties": { "ID": "TBI338040den", "Ten_CT": "Đền, chùa", "Loai_CT": "Đền, chùa", "Thuoc_huyen": "H. Quỳnh Phụ", "Thuoc_tinh": "Thái Bình", "Trong_chigioi": "", "Ngoai_baiSg": "", "layer": "TBI_KTVHXH", "path": "D:/Work/HungYen/TaiLieu/De/De Thai Binh/BD Thai Binh/TBI_KTVHXH.TAB|geometrytype=Point" }, "geometry": { "type": "Point", "coordinates": [ 106.311809104787187, 20.628679128041256 ] } },
{ "type": "Feature", "properties": { "ID": "TBI338040mgo", "Ten_CT": "Miếu Go", "Loai_CT": "Đền, chùa", "Thuoc_huyen": "H. Quỳnh Phụ", "Thuoc_tinh": "Thái Bình", "Trong_chigioi": "", "Ngoai_baiSg": "", "layer": "TBI_KTVHXH", "path": "D:/Work/HungYen/TaiLieu/De/De Thai Binh/BD Thai Binh/TBI_KTVHXH.TAB|geometrytype=Point" }, "geometry": { "type": "Point", "coordinates": [ 106.399582686704576, 20.6179216969438 ] } },
{ "type": "Feature", "properties": { "ID": "TBI338040den", "Ten_CT": "Đền, chùa", "Loai_CT": "Đền, chùa", "Thuoc_huyen": "H. Quỳnh Phụ", "Thuoc_tinh": "Thái Bình", "Trong_chigioi": "", "Ngoai_baiSg": "", "layer": "TBI_KTVHXH", "path": "D:/Work/HungYen/TaiLieu/De/De Thai Binh/BD Thai Binh/TBI_KTVHXH.TAB|geometrytype=Point" }, "geometry": { "type": "Point", "coordinates": [ 106.38529341605286, 20.609224669065689 ] } },
{ "type": "Feature", "properties": { "ID": "TBI338040den", "Ten_CT": "Đền, chùa", "Loai_CT": "Đền, chùa", "Thuoc_huyen": "H. Quỳnh Phụ", "Thuoc_tinh": "Thái Bình", "Trong_chigioi": "", "Ngoai_baiSg": "", "layer": "TBI_KTVHXH", "path": "D:/Work/HungYen/TaiLieu/De/De Thai Binh/BD Thai Binh/TBI_KTVHXH.TAB|geometrytype=Point" }, "geometry": { "type": "Point", "coordinates": [ 106.394414284345103, 20.606955607844192 ] } },
{ "type": "Feature", "properties": { "ID": "TBI338040den", "Ten_CT": "Đền, chùa", "Loai_CT": "Đền, chùa", "Thuoc_huyen": "H. Quỳnh Phụ", "Thuoc_tinh": "Thái Bình", "Trong_chigioi": "", "Ngoai_baiSg": "", "layer": "TBI_KTVHXH", "path": "D:/Work/HungYen/TaiLieu/De/De Thai Binh/BD Thai Binh/TBI_KTVHXH.TAB|geometrytype=Point" }, "geometry": { "type": "Point", "coordinates": [ 106.394414284345103, 20.606955607844192 ] } },
{ "type": "Feature", "properties": { "ID": "TBI338040den", "Ten_CT": "Đền, chùa", "Loai_CT": "Đền, chùa", "Thuoc_huyen": "H. Quỳnh Phụ", "Thuoc_tinh": "Thái Bình", "Trong_chigioi": "", "Ngoai_baiSg": "", "layer": "TBI_KTVHXH", "path": "D:/Work/HungYen/TaiLieu/De/De Thai Binh/BD Thai Binh/TBI_KTVHXH.TAB|geometrytype=Point" }, "geometry": { "type": "Point", "coordinates": [ 106.436524120789514, 20.604707807134073 ] } },
{ "type": "Feature", "properties": { "ID": "TBI338040den", "Ten_CT": "Đền, chùa", "Loai_CT": "Đền, chùa", "Thuoc_huyen": "H. Quỳnh Phụ", "Thuoc_tinh": "Thái Bình", "Trong_chigioi": "", "Ngoai_baiSg": "", "layer": "TBI_KTVHXH", "path": "D:/Work/HungYen/TaiLieu/De/De Thai Binh/BD Thai Binh/TBI_KTVHXH.TAB|geometrytype=Point" }, "geometry": { "type": "Point", "coordinates": [ 106.299367324511195, 20.664808772491742 ] } },
{ "type": "Feature", "properties": { "ID": "TBI338040den", "Ten_CT": "Đền, chùa", "Loai_CT": "Đền, chùa", "Thuoc_huyen": "H. Quỳnh Phụ", "Thuoc_tinh": "Thái Bình", "Trong_chigioi": "", "Ngoai_baiSg": "", "layer": "TBI_KTVHXH", "path": "D:/Work/HungYen/TaiLieu/De/De Thai Binh/BD Thai Binh/TBI_KTVHXH.TAB|geometrytype=Point" }, "geometry": { "type": "Point", "coordinates": [ 106.34883723340306, 20.635651869017231 ] } },
{ "type": "Feature", "properties": { "ID": "TBI338040den", "Ten_CT": "Đền, chùa", "Loai_CT": "Đền, chùa", "Thuoc_huyen": "H. Quỳnh Phụ", "Thuoc_tinh": "Thái Bình", "Trong_chigioi": "", "Ngoai_baiSg": "", "layer": "TBI_KTVHXH", "path": "D:/Work/HungYen/TaiLieu/De/De Thai Binh/BD Thai Binh/TBI_KTVHXH.TAB|geometrytype=Point" }, "geometry": { "type": "Point", "coordinates": [ 106.382527731319243, 20.63706935003988 ] } },
{ "type": "Feature", "properties": { "ID": "TBI338040den", "Ten_CT": "Đền, chùa", "Loai_CT": "Đền, chùa", "Thuoc_huyen": "H. Quỳnh Phụ", "Thuoc_tinh": "Thái Bình", "Trong_chigioi": "", "Ngoai_baiSg": "", "layer": "TBI_KTVHXH", "path": "D:/Work/HungYen/TaiLieu/De/De Thai Binh/BD Thai Binh/TBI_KTVHXH.TAB|geometrytype=Point" }, "geometry": { "type": "Point", "coordinates": [ 106.381492011273451, 20.64037145184486 ] } },
{ "type": "Feature", "properties": { "ID": "TBI338040den", "Ten_CT": "Đền, chùa", "Loai_CT": "Đền, chùa", "Thuoc_huyen": "H. Quỳnh Phụ", "Thuoc_tinh": "Thái Bình", "Trong_chigioi": "", "Ngoai_baiSg": "", "layer": "TBI_KTVHXH", "path": "D:/Work/HungYen/TaiLieu/De/De Thai Binh/BD Thai Binh/TBI_KTVHXH.TAB|geometrytype=Point" }, "geometry": { "type": "Point", "coordinates": [ 106.372056037049205, 20.637274480766852 ] } },
{ "type": "Feature", "properties": { "ID": "TBI338040den", "Ten_CT": "Đền, chùa", "Loai_CT": "Đền, chùa", "Thuoc_huyen": "H. Quỳnh Phụ", "Thuoc_tinh": "Thái Bình", "Trong_chigioi": "", "Ngoai_baiSg": "", "layer": "TBI_KTVHXH", "path": "D:/Work/HungYen/TaiLieu/De/De Thai Binh/BD Thai Binh/TBI_KTVHXH.TAB|geometrytype=Point" }, "geometry": { "type": "Point", "coordinates": [ 106.356797824417626, 20.64662439444562 ] } },
{ "type": "Feature", "properties": { "ID": "TBI338040den", "Ten_CT": "Đền, chùa", "Loai_CT": "Đền, chùa", "Thuoc_huyen": "H. Quỳnh Phụ", "Thuoc_tinh": "Thái Bình", "Trong_chigioi": "", "Ngoai_baiSg": "", "layer": "TBI_KTVHXH", "path": "D:/Work/HungYen/TaiLieu/De/De Thai Binh/BD Thai Binh/TBI_KTVHXH.TAB|geometrytype=Point" }, "geometry": { "type": "Point", "coordinates": [ 106.432353658999972, 20.648843402938716 ] } },
{ "type": "Feature", "properties": { "ID": "TBI338040den", "Ten_CT": "Đền, chùa", "Loai_CT": "Đền, chùa", "Thuoc_huyen": "H. Quỳnh Phụ", "Thuoc_tinh": "Thái Bình", "Trong_chigioi": "", "Ngoai_baiSg": "", "layer": "TBI_KTVHXH", "path": "D:/Work/HungYen/TaiLieu/De/De Thai Binh/BD Thai Binh/TBI_KTVHXH.TAB|geometrytype=Point" }, "geometry": { "type": "Point", "coordinates": [ 106.432955012272998, 20.639366110608474 ] } },
{ "type": "Feature", "properties": { "ID": "TBI338040den", "Ten_CT": "Đền, chùa", "Loai_CT": "Đền, chùa", "Thuoc_huyen": "H. Quỳnh Phụ", "Thuoc_tinh": "Thái Bình", "Trong_chigioi": "", "Ngoai_baiSg": "", "layer": "TBI_KTVHXH", "path": "D:/Work/HungYen/TaiLieu/De/De Thai Binh/BD Thai Binh/TBI_KTVHXH.TAB|geometrytype=Point" }, "geometry": { "type": "Point", "coordinates": [ 106.433635668745694, 20.629302484325866 ] } },
{ "type": "Feature", "properties": { "ID": "TBI338040den", "Ten_CT": "Đền, chùa", "Loai_CT": "Đền, chùa", "Thuoc_huyen": "H. Quỳnh Phụ", "Thuoc_tinh": "Thái Bình", "Trong_chigioi": "", "Ngoai_baiSg": "", "layer": "TBI_KTVHXH", "path": "D:/Work/HungYen/TaiLieu/De/De Thai Binh/BD Thai Binh/TBI_KTVHXH.TAB|geometrytype=Point" }, "geometry": { "type": "Point", "coordinates": [ 106.424346542504651, 20.659136683944684 ] } },
{ "type": "Feature", "properties": { "ID": "TBI341040den", "Ten_CT": "Đền, chùa", "Loai_CT": "Đền, chùa", "Thuoc_huyen": "H. Thái Thụy", "Thuoc_tinh": "Thái Bình", "Trong_chigioi": "", "Ngoai_baiSg": "", "layer": "TBI_KTVHXH", "path": "D:/Work/HungYen/TaiLieu/De/De Thai Binh/BD Thai Binh/TBI_KTVHXH.TAB|geometrytype=Point" }, "geometry": { "type": "Point", "coordinates": [ 106.48999108530117, 20.607217335059506 ] } },
{ "type": "Feature", "properties": { "ID": "TBI338040den", "Ten_CT": "Đền, chùa", "Loai_CT": "Đền, chùa", "Thuoc_huyen": "H. Quỳnh Phụ", "Thuoc_tinh": "Thái Bình", "Trong_chigioi": "", "Ngoai_baiSg": "", "layer": "TBI_KTVHXH", "path": "D:/Work/HungYen/TaiLieu/De/De Thai Binh/BD Thai Binh/TBI_KTVHXH.TAB|geometrytype=Point" }, "geometry": { "type": "Point", "coordinates": [ 106.442895125342588, 20.615331904005764 ] } },
{ "type": "Feature", "properties": { "ID": "TBI338040den", "Ten_CT": "Đền, chùa", "Loai_CT": "Đền, chùa", "Thuoc_huyen": "H. Quỳnh Phụ", "Thuoc_tinh": "Thái Bình", "Trong_chigioi": "", "Ngoai_baiSg": "", "layer": "TBI_KTVHXH", "path": "D:/Work/HungYen/TaiLieu/De/De Thai Binh/BD Thai Binh/TBI_KTVHXH.TAB|geometrytype=Point" }, "geometry": { "type": "Point", "coordinates": [ 106.439398463222005, 20.587985704335043 ] } },
{ "type": "Feature", "properties": { "ID": "TBI338040den", "Ten_CT": "Đền, chùa", "Loai_CT": "Đền, chùa", "Thuoc_huyen": "H. Quỳnh Phụ", "Thuoc_tinh": "Thái Bình", "Trong_chigioi": "", "Ngoai_baiSg": "", "layer": "TBI_KTVHXH", "path": "D:/Work/HungYen/TaiLieu/De/De Thai Binh/BD Thai Binh/TBI_KTVHXH.TAB|geometrytype=Point" }, "geometry": { "type": "Point", "coordinates": [ 106.418811452590518, 20.594710378036904 ] } },
{ "type": "Feature", "properties": { "ID": "TBI340040den", "Ten_CT": "Đền, chùa", "Loai_CT": "Đền, chùa", "Thuoc_huyen": "H. Đông Hưng", "Thuoc_tinh": "Thái Bình", "Trong_chigioi": "", "Ngoai_baiSg": "", "layer": "TBI_KTVHXH", "path": "D:/Work/HungYen/TaiLieu/De/De Thai Binh/BD Thai Binh/TBI_KTVHXH.TAB|geometrytype=Point" }, "geometry": { "type": "Point", "coordinates": [ 106.423527364612468, 20.570135081099583 ] } },
{ "type": "Feature", "properties": { "ID": "TBI341040den", "Ten_CT": "Đền, chùa", "Loai_CT": "Đền, chùa", "Thuoc_huyen": "H. Thái Thụy", "Thuoc_tinh": "Thái Bình", "Trong_chigioi": "", "Ngoai_baiSg": "", "layer": "TBI_KTVHXH", "path": "D:/Work/HungYen/TaiLieu/De/De Thai Binh/BD Thai Binh/TBI_KTVHXH.TAB|geometrytype=Point" }, "geometry": { "type": "Point", "coordinates": [ 106.494488097722879, 20.536100460565759 ] } },
{ "type": "Feature", "properties": { "ID": "TBI341040den", "Ten_CT": "Đền, chùa", "Loai_CT": "Đền, chùa", "Thuoc_huyen": "H. Thái Thụy", "Thuoc_tinh": "Thái Bình", "Trong_chigioi": "", "Ngoai_baiSg": "", "layer": "TBI_KTVHXH", "path": "D:/Work/HungYen/TaiLieu/De/De Thai Binh/BD Thai Binh/TBI_KTVHXH.TAB|geometrytype=Point" }, "geometry": { "type": "Point", "coordinates": [ 106.471659338750072, 20.505411072811018 ] } },
{ "type": "Feature", "properties": { "ID": "TBI341040den", "Ten_CT": "Đền, chùa", "Loai_CT": "Đền, chùa", "Thuoc_huyen": "H. Thái Thụy", "Thuoc_tinh": "Thái Bình", "Trong_chigioi": "", "Ngoai_baiSg": "", "layer": "TBI_KTVHXH", "path": "D:/Work/HungYen/TaiLieu/De/De Thai Binh/BD Thai Binh/TBI_KTVHXH.TAB|geometrytype=Point" }, "geometry": { "type": "Point", "coordinates": [ 106.483412613416291, 20.538042649636505 ] } },
{ "type": "Feature", "properties": { "ID": "TBI341040den", "Ten_CT": "Đền, chùa", "Loai_CT": "Đền, chùa", "Thuoc_huyen": "H. Thái Thụy", "Thuoc_tinh": "Thái Bình", "Trong_chigioi": "", "Ngoai_baiSg": "", "layer": "TBI_KTVHXH", "path": "D:/Work/HungYen/TaiLieu/De/De Thai Binh/BD Thai Binh/TBI_KTVHXH.TAB|geometrytype=Point" }, "geometry": { "type": "Point", "coordinates": [ 106.47388423537123, 20.537192991818255 ] } },
{ "type": "Feature", "properties": { "ID": "TBI341040den", "Ten_CT": "Đền, chùa", "Loai_CT": "Đền, chùa", "Thuoc_huyen": "H. Thái Thụy", "Thuoc_tinh": "Thái Bình", "Trong_chigioi": "", "Ngoai_baiSg": "", "layer": "TBI_KTVHXH", "path": "D:/Work/HungYen/TaiLieu/De/De Thai Binh/BD Thai Binh/TBI_KTVHXH.TAB|geometrytype=Point" }, "geometry": { "type": "Point", "coordinates": [ 106.451616344319191, 20.51704431750689 ] } },
{ "type": "Feature", "properties": { "ID": "TBI340040den", "Ten_CT": "Đền, chùa", "Loai_CT": "Đền, chùa", "Thuoc_huyen": "H. Đông Hưng", "Thuoc_tinh": "Thái Bình", "Trong_chigioi": "", "Ngoai_baiSg": "", "layer": "TBI_KTVHXH", "path": "D:/Work/HungYen/TaiLieu/De/De Thai Binh/BD Thai Binh/TBI_KTVHXH.TAB|geometrytype=Point" }, "geometry": { "type": "Point", "coordinates": [ 106.431153404882636, 20.503723467516838 ] } },
{ "type": "Feature", "properties": { "ID": "TBI341040den", "Ten_CT": "Đền, chùa", "Loai_CT": "Đền, chùa", "Thuoc_huyen": "H. Thái Thụy", "Thuoc_tinh": "Thái Bình", "Trong_chigioi": "", "Ngoai_baiSg": "", "layer": "TBI_KTVHXH", "path": "D:/Work/HungYen/TaiLieu/De/De Thai Binh/BD Thai Binh/TBI_KTVHXH.TAB|geometrytype=Point" }, "geometry": { "type": "Point", "coordinates": [ 106.455566869072129, 20.512164776741816 ] } },
{ "type": "Feature", "properties": { "ID": "TBI340040den", "Ten_CT": "Đền, chùa", "Loai_CT": "Đền, chùa", "Thuoc_huyen": "H. Đông Hưng", "Thuoc_tinh": "Thái Bình", "Trong_chigioi": "", "Ngoai_baiSg": "", "layer": "TBI_KTVHXH", "path": "D:/Work/HungYen/TaiLieu/De/De Thai Binh/BD Thai Binh/TBI_KTVHXH.TAB|geometrytype=Point" }, "geometry": { "type": "Point", "coordinates": [ 106.421650566073325, 20.504243414501374 ] } },
{ "type": "Feature", "properties": { "ID": "TBI340040den", "Ten_CT": "Đền, chùa", "Loai_CT": "Đền, chùa", "Thuoc_huyen": "H. Đông Hưng", "Thuoc_tinh": "Thái Bình", "Trong_chigioi": "", "Ngoai_baiSg": "", "layer": "TBI_KTVHXH", "path": "D:/Work/HungYen/TaiLieu/De/De Thai Binh/BD Thai Binh/TBI_KTVHXH.TAB|geometrytype=Point" }, "geometry": { "type": "Point", "coordinates": [ 106.409681148611469, 20.506110995801507 ] } },
{ "type": "Feature", "properties": { "ID": "TBI340040den", "Ten_CT": "Đền, chùa", "Loai_CT": "Đền, chùa", "Thuoc_huyen": "H. Đông Hưng", "Thuoc_tinh": "Thái Bình", "Trong_chigioi": "", "Ngoai_baiSg": "", "layer": "TBI_KTVHXH", "path": "D:/Work/HungYen/TaiLieu/De/De Thai Binh/BD Thai Binh/TBI_KTVHXH.TAB|geometrytype=Point" }, "geometry": { "type": "Point", "coordinates": [ 106.428491616330078, 20.533142462211391 ] } },
{ "type": "Feature", "properties": { "ID": "TBI340040den", "Ten_CT": "Đền, chùa", "Loai_CT": "Đền, chùa", "Thuoc_huyen": "H. Đông Hưng", "Thuoc_tinh": "Thái Bình", "Trong_chigioi": "", "Ngoai_baiSg": "", "layer": "TBI_KTVHXH", "path": "D:/Work/HungYen/TaiLieu/De/De Thai Binh/BD Thai Binh/TBI_KTVHXH.TAB|geometrytype=Point" }, "geometry": { "type": "Point", "coordinates": [ 106.390617509764624, 20.537558379290267 ] } },
{ "type": "Feature", "properties": { "ID": "TBI340040den", "Ten_CT": "Đền, chùa", "Loai_CT": "Đền, chùa", "Thuoc_huyen": "H. Đông Hưng", "Thuoc_tinh": "Thái Bình", "Trong_chigioi": "", "Ngoai_baiSg": "", "layer": "TBI_KTVHXH", "path": "D:/Work/HungYen/TaiLieu/De/De Thai Binh/BD Thai Binh/TBI_KTVHXH.TAB|geometrytype=Point" }, "geometry": { "type": "Point", "coordinates": [ 106.393657354198027, 20.558443741942 ] } },
{ "type": "Feature", "properties": { "ID": "TBI340040den", "Ten_CT": "Đền, chùa", "Loai_CT": "Đền, chùa", "Thuoc_huyen": "H. Đông Hưng", "Thuoc_tinh": "Thái Bình", "Trong_chigioi": "", "Ngoai_baiSg": "", "layer": "TBI_KTVHXH", "path": "D:/Work/HungYen/TaiLieu/De/De Thai Binh/BD Thai Binh/TBI_KTVHXH.TAB|geometrytype=Point" }, "geometry": { "type": "Point", "coordinates": [ 106.353185148327043, 20.530529771243739 ] } },
{ "type": "Feature", "properties": { "ID": "TBI340040den", "Ten_CT": "Đền, chùa", "Loai_CT": "Đền, chùa", "Thuoc_huyen": "H. Đông Hưng", "Thuoc_tinh": "Thái Bình", "Trong_chigioi": "", "Ngoai_baiSg": "", "layer": "TBI_KTVHXH", "path": "D:/Work/HungYen/TaiLieu/De/De Thai Binh/BD Thai Binh/TBI_KTVHXH.TAB|geometrytype=Point" }, "geometry": { "type": "Point", "coordinates": [ 106.343182539836377, 20.530514129512657 ] } },
{ "type": "Feature", "properties": { "ID": "TBI340040den", "Ten_CT": "Đền, chùa", "Loai_CT": "Đền, chùa", "Thuoc_huyen": "H. Đông Hưng", "Thuoc_tinh": "Thái Bình", "Trong_chigioi": "", "Ngoai_baiSg": "", "layer": "TBI_KTVHXH", "path": "D:/Work/HungYen/TaiLieu/De/De Thai Binh/BD Thai Binh/TBI_KTVHXH.TAB|geometrytype=Point" }, "geometry": { "type": "Point", "coordinates": [ 106.345989832844069, 20.531547289738398 ] } },
{ "type": "Feature", "properties": { "ID": "TBI340040den", "Ten_CT": "Đền, chùa", "Loai_CT": "Đền, chùa", "Thuoc_huyen": "H. Đông Hưng", "Thuoc_tinh": "Thái Bình", "Trong_chigioi": "", "Ngoai_baiSg": "", "layer": "TBI_KTVHXH", "path": "D:/Work/HungYen/TaiLieu/De/De Thai Binh/BD Thai Binh/TBI_KTVHXH.TAB|geometrytype=Point" }, "geometry": { "type": "Point", "coordinates": [ 106.372792751793227, 20.566893596605659 ] } },
{ "type": "Feature", "properties": { "ID": "TBI340040den", "Ten_CT": "Đền, chùa", "Loai_CT": "Đền, chùa", "Thuoc_huyen": "H. Đông Hưng", "Thuoc_tinh": "Thái Bình", "Trong_chigioi": "", "Ngoai_baiSg": "", "layer": "TBI_KTVHXH", "path": "D:/Work/HungYen/TaiLieu/De/De Thai Binh/BD Thai Binh/TBI_KTVHXH.TAB|geometrytype=Point" }, "geometry": { "type": "Point", "coordinates": [ 106.322994685195837, 20.572610045703204 ] } },
{ "type": "Feature", "properties": { "ID": "TBI340040den", "Ten_CT": "Đền, chùa", "Loai_CT": "Đền, chùa", "Thuoc_huyen": "H. Đông Hưng", "Thuoc_tinh": "Thái Bình", "Trong_chigioi": "", "Ngoai_baiSg": "", "layer": "TBI_KTVHXH", "path": "D:/Work/HungYen/TaiLieu/De/De Thai Binh/BD Thai Binh/TBI_KTVHXH.TAB|geometrytype=Point" }, "geometry": { "type": "Point", "coordinates": [ 106.370079658721792, 20.573177011847118 ] } },
{ "type": "Feature", "properties": { "ID": "TBI340040den", "Ten_CT": "Đền, chùa", "Loai_CT": "Đền, chùa", "Thuoc_huyen": "H. Đông Hưng", "Thuoc_tinh": "Thái Bình", "Trong_chigioi": "", "Ngoai_baiSg": "", "layer": "TBI_KTVHXH", "path": "D:/Work/HungYen/TaiLieu/De/De Thai Binh/BD Thai Binh/TBI_KTVHXH.TAB|geometrytype=Point" }, "geometry": { "type": "Point", "coordinates": [ 106.371667905236961, 20.576897156493033 ] } },
{ "type": "Feature", "properties": { "ID": "TBI340040den", "Ten_CT": "Đền, chùa", "Loai_CT": "Đền, chùa", "Thuoc_huyen": "H. Đông Hưng", "Thuoc_tinh": "Thái Bình", "Trong_chigioi": "", "Ngoai_baiSg": "", "layer": "TBI_KTVHXH", "path": "D:/Work/HungYen/TaiLieu/De/De Thai Binh/BD Thai Binh/TBI_KTVHXH.TAB|geometrytype=Point" }, "geometry": { "type": "Point", "coordinates": [ 106.392455027807046, 20.589295559549722 ] } },
{ "type": "Feature", "properties": { "ID": "TBI340040den", "Ten_CT": "Đền, chùa", "Loai_CT": "Đền, chùa", "Thuoc_huyen": "H. Đông Hưng", "Thuoc_tinh": "Thái Bình", "Trong_chigioi": "", "Ngoai_baiSg": "", "layer": "TBI_KTVHXH", "path": "D:/Work/HungYen/TaiLieu/De/De Thai Binh/BD Thai Binh/TBI_KTVHXH.TAB|geometrytype=Point" }, "geometry": { "type": "Point", "coordinates": [ 106.384705982583199, 20.598825022163663 ] } },
{ "type": "Feature", "properties": { "ID": "TBI340040den", "Ten_CT": "Đền, chùa", "Loai_CT": "Đền, chùa", "Thuoc_huyen": "H. Đông Hưng", "Thuoc_tinh": "Thái Bình", "Trong_chigioi": "", "Ngoai_baiSg": "", "layer": "TBI_KTVHXH", "path": "D:/Work/HungYen/TaiLieu/De/De Thai Binh/BD Thai Binh/TBI_KTVHXH.TAB|geometrytype=Point" }, "geometry": { "type": "Point", "coordinates": [ 106.362780250012889, 20.574475293851044 ] } },
{ "type": "Feature", "properties": { "ID": "TBI340040den", "Ten_CT": "Đền, chùa", "Loai_CT": "Đền, chùa", "Thuoc_huyen": "H. Đông Hưng", "Thuoc_tinh": "Thái Bình", "Trong_chigioi": "", "Ngoai_baiSg": "", "layer": "TBI_KTVHXH", "path": "D:/Work/HungYen/TaiLieu/De/De Thai Binh/BD Thai Binh/TBI_KTVHXH.TAB|geometrytype=Point" }, "geometry": { "type": "Point", "coordinates": [ 106.340126897292507, 20.587666677023673 ] } },
{ "type": "Feature", "properties": { "ID": "TBI340040den", "Ten_CT": "Đền, chùa", "Loai_CT": "Đền, chùa", "Thuoc_huyen": "H. Đông Hưng", "Thuoc_tinh": "Thái Bình", "Trong_chigioi": "", "Ngoai_baiSg": "", "layer": "TBI_KTVHXH", "path": "D:/Work/HungYen/TaiLieu/De/De Thai Binh/BD Thai Binh/TBI_KTVHXH.TAB|geometrytype=Point" }, "geometry": { "type": "Point", "coordinates": [ 106.301031035722588, 20.577459459023174 ] } },
{ "type": "Feature", "properties": { "ID": "TBI340040den", "Ten_CT": "Đền, chùa", "Loai_CT": "Đền, chùa", "Thuoc_huyen": "H. Đông Hưng", "Thuoc_tinh": "Thái Bình", "Trong_chigioi": "", "Ngoai_baiSg": "", "layer": "TBI_KTVHXH", "path": "D:/Work/HungYen/TaiLieu/De/De Thai Binh/BD Thai Binh/TBI_KTVHXH.TAB|geometrytype=Point" }, "geometry": { "type": "Point", "coordinates": [ 106.31741834837888, 20.590944638499003 ] } },
{ "type": "Feature", "properties": { "ID": "TBI340040den", "Ten_CT": "Đền, chùa", "Loai_CT": "Đền, chùa", "Thuoc_huyen": "H. Đông Hưng", "Thuoc_tinh": "Thái Bình", "Trong_chigioi": "", "Ngoai_baiSg": "", "layer": "TBI_KTVHXH", "path": "D:/Work/HungYen/TaiLieu/De/De Thai Binh/BD Thai Binh/TBI_KTVHXH.TAB|geometrytype=Point" }, "geometry": { "type": "Point", "coordinates": [ 106.332193065702441, 20.601209727124044 ] } },
{ "type": "Feature", "properties": { "ID": "TBI338040den", "Ten_CT": "Đền, chùa", "Loai_CT": "Đền, chùa", "Thuoc_huyen": "H. Quỳnh Phụ", "Thuoc_tinh": "Thái Bình", "Trong_chigioi": "", "Ngoai_baiSg": "", "layer": "TBI_KTVHXH", "path": "D:/Work/HungYen/TaiLieu/De/De Thai Binh/BD Thai Binh/TBI_KTVHXH.TAB|geometrytype=Point" }, "geometry": { "type": "Point", "coordinates": [ 106.335958163924715, 20.604284107875085 ] } },
{ "type": "Feature", "properties": { "ID": "TBI338040den", "Ten_CT": "Đền, chùa", "Loai_CT": "Đền, chùa", "Thuoc_huyen": "H. Quỳnh Phụ", "Thuoc_tinh": "Thái Bình", "Trong_chigioi": "", "Ngoai_baiSg": "", "layer": "TBI_KTVHXH", "path": "D:/Work/HungYen/TaiLieu/De/De Thai Binh/BD Thai Binh/TBI_KTVHXH.TAB|geometrytype=Point" }, "geometry": { "type": "Point", "coordinates": [ 106.342736841345499, 20.604137547734428 ] } },
{ "type": "Feature", "properties": { "ID": "TBI338040den", "Ten_CT": "Đền, chùa", "Loai_CT": "Đền, chùa", "Thuoc_huyen": "H. Quỳnh Phụ", "Thuoc_tinh": "Thái Bình", "Trong_chigioi": "", "Ngoai_baiSg": "", "layer": "TBI_KTVHXH", "path": "D:/Work/HungYen/TaiLieu/De/De Thai Binh/BD Thai Binh/TBI_KTVHXH.TAB|geometrytype=Point" }, "geometry": { "type": "Point", "coordinates": [ 106.368323777344386, 20.625893686852077 ] } },
{ "type": "Feature", "properties": { "ID": "TBI338040den", "Ten_CT": "Đền, chùa", "Loai_CT": "Đền, chùa", "Thuoc_huyen": "H. Quỳnh Phụ", "Thuoc_tinh": "Thái Bình", "Trong_chigioi": "", "Ngoai_baiSg": "", "layer": "TBI_KTVHXH", "path": "D:/Work/HungYen/TaiLieu/De/De Thai Binh/BD Thai Binh/TBI_KTVHXH.TAB|geometrytype=Point" }, "geometry": { "type": "Point", "coordinates": [ 106.388184007722728, 20.636201689152593 ] } },
{ "type": "Feature", "properties": { "ID": "TBI338040den", "Ten_CT": "Đền, chùa", "Loai_CT": "Đền, chùa", "Thuoc_huyen": "H. Quỳnh Phụ", "Thuoc_tinh": "Thái Bình", "Trong_chigioi": "", "Ngoai_baiSg": "", "layer": "TBI_KTVHXH", "path": "D:/Work/HungYen/TaiLieu/De/De Thai Binh/BD Thai Binh/TBI_KTVHXH.TAB|geometrytype=Point" }, "geometry": { "type": "Point", "coordinates": [ 106.417511729962769, 20.65775035594466 ] } },
{ "type": "Feature", "properties": { "ID": "TBI338040den", "Ten_CT": "Đền, chùa", "Loai_CT": "Đền, chùa", "Thuoc_huyen": "H. Quỳnh Phụ", "Thuoc_tinh": "Thái Bình", "Trong_chigioi": "", "Ngoai_baiSg": "", "layer": "TBI_KTVHXH", "path": "D:/Work/HungYen/TaiLieu/De/De Thai Binh/BD Thai Binh/TBI_KTVHXH.TAB|geometrytype=Point" }, "geometry": { "type": "Point", "coordinates": [ 106.400067607174137, 20.66626376961527 ] } },
{ "type": "Feature", "properties": { "ID": "TBI338040den", "Ten_CT": "Đền, chùa", "Loai_CT": "Đền, chùa", "Thuoc_huyen": "H. Quỳnh Phụ", "Thuoc_tinh": "Thái Bình", "Trong_chigioi": "", "Ngoai_baiSg": "", "layer": "TBI_KTVHXH", "path": "D:/Work/HungYen/TaiLieu/De/De Thai Binh/BD Thai Binh/TBI_KTVHXH.TAB|geometrytype=Point" }, "geometry": { "type": "Point", "coordinates": [ 106.380741847742385, 20.66351080581228 ] } },
{ "type": "Feature", "properties": { "ID": "TBI338040den", "Ten_CT": "Đền, chùa", "Loai_CT": "Đền, chùa", "Thuoc_huyen": "H. Quỳnh Phụ", "Thuoc_tinh": "Thái Bình", "Trong_chigioi": "", "Ngoai_baiSg": "", "layer": "TBI_KTVHXH", "path": "D:/Work/HungYen/TaiLieu/De/De Thai Binh/BD Thai Binh/TBI_KTVHXH.TAB|geometrytype=Point" }, "geometry": { "type": "Point", "coordinates": [ 106.379020730420464, 20.654021770434184 ] } },
{ "type": "Feature", "properties": { "ID": "TBI338040den", "Ten_CT": "Đền, chùa", "Loai_CT": "Đền, chùa", "Thuoc_huyen": "H. Quỳnh Phụ", "Thuoc_tinh": "Thái Bình", "Trong_chigioi": "", "Ngoai_baiSg": "", "layer": "TBI_KTVHXH", "path": "D:/Work/HungYen/TaiLieu/De/De Thai Binh/BD Thai Binh/TBI_KTVHXH.TAB|geometrytype=Point" }, "geometry": { "type": "Point", "coordinates": [ 106.362632227718692, 20.652814478660424 ] } },
{ "type": "Feature", "properties": { "ID": "TBI338040den", "Ten_CT": "Đền, chùa", "Loai_CT": "Đền, chùa", "Thuoc_huyen": "H. Quỳnh Phụ", "Thuoc_tinh": "Thái Bình", "Trong_chigioi": "", "Ngoai_baiSg": "", "layer": "TBI_KTVHXH", "path": "D:/Work/HungYen/TaiLieu/De/De Thai Binh/BD Thai Binh/TBI_KTVHXH.TAB|geometrytype=Point" }, "geometry": { "type": "Point", "coordinates": [ 106.354413784996211, 20.656330120471118 ] } },
{ "type": "Feature", "properties": { "ID": "TBI338040den", "Ten_CT": "Đền, chùa", "Loai_CT": "Đền, chùa", "Thuoc_huyen": "H. Quỳnh Phụ", "Thuoc_tinh": "Thái Bình", "Trong_chigioi": "", "Ngoai_baiSg": "", "layer": "TBI_KTVHXH", "path": "D:/Work/HungYen/TaiLieu/De/De Thai Binh/BD Thai Binh/TBI_KTVHXH.TAB|geometrytype=Point" }, "geometry": { "type": "Point", "coordinates": [ 106.359516294086518, 20.654738203141779 ] } },
{ "type": "Feature", "properties": { "ID": "TBI338040den", "Ten_CT": "Đền, chùa", "Loai_CT": "Đền, chùa", "Thuoc_huyen": "H. Quỳnh Phụ", "Thuoc_tinh": "Thái Bình", "Trong_chigioi": "", "Ngoai_baiSg": "", "layer": "TBI_KTVHXH", "path": "D:/Work/HungYen/TaiLieu/De/De Thai Binh/BD Thai Binh/TBI_KTVHXH.TAB|geometrytype=Point" }, "geometry": { "type": "Point", "coordinates": [ 106.35370921574463, 20.622462216455535 ] } },
{ "type": "Feature", "properties": { "ID": "TBI338040den", "Ten_CT": "Đền, chùa", "Loai_CT": "Đền, chùa", "Thuoc_huyen": "H. Quỳnh Phụ", "Thuoc_tinh": "Thái Bình", "Trong_chigioi": "", "Ngoai_baiSg": "", "layer": "TBI_KTVHXH", "path": "D:/Work/HungYen/TaiLieu/De/De Thai Binh/BD Thai Binh/TBI_KTVHXH.TAB|geometrytype=Point" }, "geometry": { "type": "Point", "coordinates": [ 106.346593393688394, 20.656361704303183 ] } },
{ "type": "Feature", "properties": { "ID": "TBI338040den", "Ten_CT": "Đền, chùa", "Loai_CT": "Đền, chùa", "Thuoc_huyen": "H. Quỳnh Phụ", "Thuoc_tinh": "Thái Bình", "Trong_chigioi": "", "Ngoai_baiSg": "", "layer": "TBI_KTVHXH", "path": "D:/Work/HungYen/TaiLieu/De/De Thai Binh/BD Thai Binh/TBI_KTVHXH.TAB|geometrytype=Point" }, "geometry": { "type": "Point", "coordinates": [ 106.336047360980274, 20.653931205597758 ] } },
{ "type": "Feature", "properties": { "ID": "TBI338040den", "Ten_CT": "Đền, chùa", "Loai_CT": "Đền, chùa", "Thuoc_huyen": "H. Quỳnh Phụ", "Thuoc_tinh": "Thái Bình", "Trong_chigioi": "", "Ngoai_baiSg": "", "layer": "TBI_KTVHXH", "path": "D:/Work/HungYen/TaiLieu/De/De Thai Binh/BD Thai Binh/TBI_KTVHXH.TAB|geometrytype=Point" }, "geometry": { "type": "Point", "coordinates": [ 106.328197601005201, 20.658041287465096 ] } },
{ "type": "Feature", "properties": { "ID": "TBI338040den", "Ten_CT": "Đền, chùa", "Loai_CT": "Đền, chùa", "Thuoc_huyen": "H. Quỳnh Phụ", "Thuoc_tinh": "Thái Bình", "Trong_chigioi": "", "Ngoai_baiSg": "", "layer": "TBI_KTVHXH", "path": "D:/Work/HungYen/TaiLieu/De/De Thai Binh/BD Thai Binh/TBI_KTVHXH.TAB|geometrytype=Point" }, "geometry": { "type": "Point", "coordinates": [ 106.337695488105808, 20.659091118259941 ] } },
{ "type": "Feature", "properties": { "ID": "TBI338040den", "Ten_CT": "Đền, chùa", "Loai_CT": "Đền, chùa", "Thuoc_huyen": "H. Quỳnh Phụ", "Thuoc_tinh": "Thái Bình", "Trong_chigioi": "", "Ngoai_baiSg": "", "layer": "TBI_KTVHXH", "path": "D:/Work/HungYen/TaiLieu/De/De Thai Binh/BD Thai Binh/TBI_KTVHXH.TAB|geometrytype=Point" }, "geometry": { "type": "Point", "coordinates": [ 106.344648103897498, 20.663470742671358 ] } },
{ "type": "Feature", "properties": { "ID": "TBI338040den", "Ten_CT": "Đền, chùa", "Loai_CT": "Đền, chùa", "Thuoc_huyen": "H. Quỳnh Phụ", "Thuoc_tinh": "Thái Bình", "Trong_chigioi": "", "Ngoai_baiSg": "", "layer": "TBI_KTVHXH", "path": "D:/Work/HungYen/TaiLieu/De/De Thai Binh/BD Thai Binh/TBI_KTVHXH.TAB|geometrytype=Point" }, "geometry": { "type": "Point", "coordinates": [ 106.344647974311414, 20.663456018062945 ] } },
{ "type": "Feature", "properties": { "ID": "TBI338040den", "Ten_CT": "Đền, chùa", "Loai_CT": "Đền, chùa", "Thuoc_huyen": "H. Quỳnh Phụ", "Thuoc_tinh": "Thái Bình", "Trong_chigioi": "", "Ngoai_baiSg": "", "layer": "TBI_KTVHXH", "path": "D:/Work/HungYen/TaiLieu/De/De Thai Binh/BD Thai Binh/TBI_KTVHXH.TAB|geometrytype=Point" }, "geometry": { "type": "Point", "coordinates": [ 106.336380451690857, 20.663320708851234 ] } },
{ "type": "Feature", "properties": { "ID": "TBI338040den", "Ten_CT": "Đền, chùa", "Loai_CT": "Đền, chùa", "Thuoc_huyen": "H. Quỳnh Phụ", "Thuoc_tinh": "Thái Bình", "Trong_chigioi": "", "Ngoai_baiSg": "", "layer": "TBI_KTVHXH", "path": "D:/Work/HungYen/TaiLieu/De/De Thai Binh/BD Thai Binh/TBI_KTVHXH.TAB|geometrytype=Point" }, "geometry": { "type": "Point", "coordinates": [ 106.320805122761527, 20.662635194380439 ] } },
{ "type": "Feature", "properties": { "ID": "TBI338040den", "Ten_CT": "Đền, chùa", "Loai_CT": "Đền, chùa", "Thuoc_huyen": "H. Quỳnh Phụ", "Thuoc_tinh": "Thái Bình", "Trong_chigioi": "", "Ngoai_baiSg": "", "layer": "TBI_KTVHXH", "path": "D:/Work/HungYen/TaiLieu/De/De Thai Binh/BD Thai Binh/TBI_KTVHXH.TAB|geometrytype=Point" }, "geometry": { "type": "Point", "coordinates": [ 106.315798866389997, 20.663271882269935 ] } },
{ "type": "Feature", "properties": { "ID": "TBI338040den", "Ten_CT": "Đền, chùa", "Loai_CT": "Đền, chùa", "Thuoc_huyen": "H. Quỳnh Phụ", "Thuoc_tinh": "Thái Bình", "Trong_chigioi": "", "Ngoai_baiSg": "", "layer": "TBI_KTVHXH", "path": "D:/Work/HungYen/TaiLieu/De/De Thai Binh/BD Thai Binh/TBI_KTVHXH.TAB|geometrytype=Point" }, "geometry": { "type": "Point", "coordinates": [ 106.334951756471327, 20.622046521382259 ] } },
{ "type": "Feature", "properties": { "ID": "TBI340040den", "Ten_CT": "Đền, chùa", "Loai_CT": "Đền, chùa", "Thuoc_huyen": "H. Đông Hưng", "Thuoc_tinh": "Thái Bình", "Trong_chigioi": "", "Ngoai_baiSg": "", "layer": "TBI_KTVHXH", "path": "D:/Work/HungYen/TaiLieu/De/De Thai Binh/BD Thai Binh/TBI_KTVHXH.TAB|geometrytype=Point" }, "geometry": { "type": "Point", "coordinates": [ 106.323404496343898, 20.608603803543893 ] } },
{ "type": "Feature", "properties": { "ID": "TBI340040den", "Ten_CT": "Đền, chùa", "Loai_CT": "Đền, chùa", "Thuoc_huyen": "H. Đông Hưng", "Thuoc_tinh": "Thái Bình", "Trong_chigioi": "", "Ngoai_baiSg": "", "layer": "TBI_KTVHXH", "path": "D:/Work/HungYen/TaiLieu/De/De Thai Binh/BD Thai Binh/TBI_KTVHXH.TAB|geometrytype=Point" }, "geometry": { "type": "Point", "coordinates": [ 106.318242732942267, 20.605658780459258 ] } },
{ "type": "Feature", "properties": { "ID": "TBI340040den", "Ten_CT": "Đền, chùa", "Loai_CT": "Đền, chùa", "Thuoc_huyen": "H. Đông Hưng", "Thuoc_tinh": "Thái Bình", "Trong_chigioi": "", "Ngoai_baiSg": "", "layer": "TBI_KTVHXH", "path": "D:/Work/HungYen/TaiLieu/De/De Thai Binh/BD Thai Binh/TBI_KTVHXH.TAB|geometrytype=Point" }, "geometry": { "type": "Point", "coordinates": [ 106.278633735855365, 20.539063283375171 ] } },
{ "type": "Feature", "properties": { "ID": "TBI340040den", "Ten_CT": "Đền, chùa", "Loai_CT": "Đền, chùa", "Thuoc_huyen": "H. Đông Hưng", "Thuoc_tinh": "Thái Bình", "Trong_chigioi": "", "Ngoai_baiSg": "", "layer": "TBI_KTVHXH", "path": "D:/Work/HungYen/TaiLieu/De/De Thai Binh/BD Thai Binh/TBI_KTVHXH.TAB|geometrytype=Point" }, "geometry": { "type": "Point", "coordinates": [ 106.29921964284199, 20.547259680284608 ] } },
{ "type": "Feature", "properties": { "ID": "TBI340040den", "Ten_CT": "Đền, chùa", "Loai_CT": "Đền, chùa", "Thuoc_huyen": "H. Đông Hưng", "Thuoc_tinh": "Thái Bình", "Trong_chigioi": "", "Ngoai_baiSg": "", "layer": "TBI_KTVHXH", "path": "D:/Work/HungYen/TaiLieu/De/De Thai Binh/BD Thai Binh/TBI_KTVHXH.TAB|geometrytype=Point" }, "geometry": { "type": "Point", "coordinates": [ 106.3048186042287, 20.560042037193856 ] } },
{ "type": "Feature", "properties": { "ID": "TBI340040den", "Ten_CT": "Đền, chùa", "Loai_CT": "Đền, chùa", "Thuoc_huyen": "H. Đông Hưng", "Thuoc_tinh": "Thái Bình", "Trong_chigioi": "", "Ngoai_baiSg": "", "layer": "TBI_KTVHXH", "path": "D:/Work/HungYen/TaiLieu/De/De Thai Binh/BD Thai Binh/TBI_KTVHXH.TAB|geometrytype=Point" }, "geometry": { "type": "Point", "coordinates": [ 106.341100310169594, 20.547366664319767 ] } },
{ "type": "Feature", "properties": { "ID": "TBI340040den", "Ten_CT": "Đền, chùa", "Loai_CT": "Đền, chùa", "Thuoc_huyen": "H. Đông Hưng", "Thuoc_tinh": "Thái Bình", "Trong_chigioi": "", "Ngoai_baiSg": "", "layer": "TBI_KTVHXH", "path": "D:/Work/HungYen/TaiLieu/De/De Thai Binh/BD Thai Binh/TBI_KTVHXH.TAB|geometrytype=Point" }, "geometry": { "type": "Point", "coordinates": [ 106.308852068605702, 20.557893866581885 ] } },
{ "type": "Feature", "properties": { "ID": "TBI340040den", "Ten_CT": "Đền, chùa", "Loai_CT": "Đền, chùa", "Thuoc_huyen": "H. Đông Hưng", "Thuoc_tinh": "Thái Bình", "Trong_chigioi": "", "Ngoai_baiSg": "", "layer": "TBI_KTVHXH", "path": "D:/Work/HungYen/TaiLieu/De/De Thai Binh/BD Thai Binh/TBI_KTVHXH.TAB|geometrytype=Point" }, "geometry": { "type": "Point", "coordinates": [ 106.329453873229511, 20.543027354878994 ] } },
{ "type": "Feature", "properties": { "ID": "TBI340040den", "Ten_CT": "Đền, chùa", "Loai_CT": "Đền, chùa", "Thuoc_huyen": "H. Đông Hưng", "Thuoc_tinh": "Thái Bình", "Trong_chigioi": "", "Ngoai_baiSg": "", "layer": "TBI_KTVHXH", "path": "D:/Work/HungYen/TaiLieu/De/De Thai Binh/BD Thai Binh/TBI_KTVHXH.TAB|geometrytype=Point" }, "geometry": { "type": "Point", "coordinates": [ 106.384050615273622, 20.500881960243735 ] } },
{ "type": "Feature", "properties": { "ID": "TBI340040den", "Ten_CT": "Đền, chùa", "Loai_CT": "Đền, chùa", "Thuoc_huyen": "H. Đông Hưng", "Thuoc_tinh": "Thái Bình", "Trong_chigioi": "", "Ngoai_baiSg": "", "layer": "TBI_KTVHXH", "path": "D:/Work/HungYen/TaiLieu/De/De Thai Binh/BD Thai Binh/TBI_KTVHXH.TAB|geometrytype=Point" }, "geometry": { "type": "Point", "coordinates": [ 106.375677899000564, 20.505211746312387 ] } },
{ "type": "Feature", "properties": { "ID": "TBI340040den", "Ten_CT": "Đền, chùa", "Loai_CT": "Đền, chùa", "Thuoc_huyen": "H. Đông Hưng", "Thuoc_tinh": "Thái Bình", "Trong_chigioi": "", "Ngoai_baiSg": "", "layer": "TBI_KTVHXH", "path": "D:/Work/HungYen/TaiLieu/De/De Thai Binh/BD Thai Binh/TBI_KTVHXH.TAB|geometrytype=Point" }, "geometry": { "type": "Point", "coordinates": [ 106.344138730003124, 20.501251498940501 ] } },
{ "type": "Feature", "properties": { "ID": "TBI340040den", "Ten_CT": "Đền, chùa", "Loai_CT": "Đền, chùa", "Thuoc_huyen": "H. Đông Hưng", "Thuoc_tinh": "Thái Bình", "Trong_chigioi": "", "Ngoai_baiSg": "", "layer": "TBI_KTVHXH", "path": "D:/Work/HungYen/TaiLieu/De/De Thai Binh/BD Thai Binh/TBI_KTVHXH.TAB|geometrytype=Point" }, "geometry": { "type": "Point", "coordinates": [ 106.332227057268824, 20.520543842153465 ] } },
{ "type": "Feature", "properties": { "ID": "TBI340040den", "Ten_CT": "Đền, chùa", "Loai_CT": "Đền, chùa", "Thuoc_huyen": "H. Đông Hưng", "Thuoc_tinh": "Thái Bình", "Trong_chigioi": "", "Ngoai_baiSg": "", "layer": "TBI_KTVHXH", "path": "D:/Work/HungYen/TaiLieu/De/De Thai Binh/BD Thai Binh/TBI_KTVHXH.TAB|geometrytype=Point" }, "geometry": { "type": "Point", "coordinates": [ 106.332227057268824, 20.520543842153465 ] } },
{ "type": "Feature", "properties": { "ID": "TBI340040den", "Ten_CT": "Đền, chùa", "Loai_CT": "Đền, chùa", "Thuoc_huyen": "H. Đông Hưng", "Thuoc_tinh": "Thái Bình", "Trong_chigioi": "", "Ngoai_baiSg": "", "layer": "TBI_KTVHXH", "path": "D:/Work/HungYen/TaiLieu/De/De Thai Binh/BD Thai Binh/TBI_KTVHXH.TAB|geometrytype=Point" }, "geometry": { "type": "Point", "coordinates": [ 106.30378321155618, 20.512651786169933 ] } },
{ "type": "Feature", "properties": { "ID": "TBI340040den", "Ten_CT": "Đền, chùa", "Loai_CT": "Đền, chùa", "Thuoc_huyen": "H. Đông Hưng", "Thuoc_tinh": "Thái Bình", "Trong_chigioi": "", "Ngoai_baiSg": "", "layer": "TBI_KTVHXH", "path": "D:/Work/HungYen/TaiLieu/De/De Thai Binh/BD Thai Binh/TBI_KTVHXH.TAB|geometrytype=Point" }, "geometry": { "type": "Point", "coordinates": [ 106.316869943917425, 20.524161821962831 ] } },
{ "type": "Feature", "properties": { "ID": "TBI340040den", "Ten_CT": "Đền, chùa", "Loai_CT": "Đền, chùa", "Thuoc_huyen": "H. Đông Hưng", "Thuoc_tinh": "Thái Bình", "Trong_chigioi": "", "Ngoai_baiSg": "", "layer": "TBI_KTVHXH", "path": "D:/Work/HungYen/TaiLieu/De/De Thai Binh/BD Thai Binh/TBI_KTVHXH.TAB|geometrytype=Point" }, "geometry": { "type": "Point", "coordinates": [ 106.330555616675738, 20.563746315559513 ] } },
{ "type": "Feature", "properties": { "ID": "TBI341040den", "Ten_CT": "Đền, chùa", "Loai_CT": "Đền, chùa", "Thuoc_huyen": "H. Thái Thụy", "Thuoc_tinh": "Thái Bình", "Trong_chigioi": "", "Ngoai_baiSg": "", "layer": "TBI_KTVHXH", "path": "D:/Work/HungYen/TaiLieu/De/De Thai Binh/BD Thai Binh/TBI_KTVHXH.TAB|geometrytype=Point" }, "geometry": { "type": "Point", "coordinates": [ 106.498781933090427, 20.592534160355971 ] } },
{ "type": "Feature", "properties": { "ID": "TBI338040den", "Ten_CT": "Đền, chùa", "Loai_CT": "Đền, chùa", "Thuoc_huyen": "H. Quỳnh Phụ", "Thuoc_tinh": "Thái Bình", "Trong_chigioi": "", "Ngoai_baiSg": "", "layer": "TBI_KTVHXH", "path": "D:/Work/HungYen/TaiLieu/De/De Thai Binh/BD Thai Binh/TBI_KTVHXH.TAB|geometrytype=Point" }, "geometry": { "type": "Point", "coordinates": [ 106.268593448525834, 20.671239029338697 ] } },
{ "type": "Feature", "properties": { "ID": "TBI338040den", "Ten_CT": "Đền, chùa", "Loai_CT": "Đền, chùa", "Thuoc_huyen": "H. Quỳnh Phụ", "Thuoc_tinh": "Thái Bình", "Trong_chigioi": "", "Ngoai_baiSg": "", "layer": "TBI_KTVHXH", "path": "D:/Work/HungYen/TaiLieu/De/De Thai Binh/BD Thai Binh/TBI_KTVHXH.TAB|geometrytype=Point" }, "geometry": { "type": "Point", "coordinates": [ 106.293595966155564, 20.674901048708826 ] } },
{ "type": "Feature", "properties": { "ID": "TBI338040den", "Ten_CT": "Đền, chùa", "Loai_CT": "Đền, chùa", "Thuoc_huyen": "H. Quỳnh Phụ", "Thuoc_tinh": "Thái Bình", "Trong_chigioi": "", "Ngoai_baiSg": "", "layer": "TBI_KTVHXH", "path": "D:/Work/HungYen/TaiLieu/De/De Thai Binh/BD Thai Binh/TBI_KTVHXH.TAB|geometrytype=Point" }, "geometry": { "type": "Point", "coordinates": [ 106.404225246495542, 20.674563509525214 ] } },
{ "type": "Feature", "properties": { "ID": "TBI338040den", "Ten_CT": "Đền, chùa", "Loai_CT": "Đền, chùa", "Thuoc_huyen": "H. Quỳnh Phụ", "Thuoc_tinh": "Thái Bình", "Trong_chigioi": "", "Ngoai_baiSg": "", "layer": "TBI_KTVHXH", "path": "D:/Work/HungYen/TaiLieu/De/De Thai Binh/BD Thai Binh/TBI_KTVHXH.TAB|geometrytype=Point" }, "geometry": { "type": "Point", "coordinates": [ 106.390736401570365, 20.700599792605338 ] } },
{ "type": "Feature", "properties": { "ID": "TBI338040den", "Ten_CT": "Đền, chùa", "Loai_CT": "Đền, chùa", "Thuoc_huyen": "H. Quỳnh Phụ", "Thuoc_tinh": "Thái Bình", "Trong_chigioi": "", "Ngoai_baiSg": "", "layer": "TBI_KTVHXH", "path": "D:/Work/HungYen/TaiLieu/De/De Thai Binh/BD Thai Binh/TBI_KTVHXH.TAB|geometrytype=Point" }, "geometry": { "type": "Point", "coordinates": [ 106.391027477693513, 20.695724074488496 ] } },
{ "type": "Feature", "properties": { "ID": "TBI338040den", "Ten_CT": "Đền, chùa", "Loai_CT": "Đền, chùa", "Thuoc_huyen": "H. Quỳnh Phụ", "Thuoc_tinh": "Thái Bình", "Trong_chigioi": "", "Ngoai_baiSg": "", "layer": "TBI_KTVHXH", "path": "D:/Work/HungYen/TaiLieu/De/De Thai Binh/BD Thai Binh/TBI_KTVHXH.TAB|geometrytype=Point" }, "geometry": { "type": "Point", "coordinates": [ 106.392243463506944, 20.676782133988844 ] } },
{ "type": "Feature", "properties": { "ID": "TBI338040den", "Ten_CT": "Đền, chùa", "Loai_CT": "Đền, chùa", "Thuoc_huyen": "H. Quỳnh Phụ", "Thuoc_tinh": "Thái Bình", "Trong_chigioi": "", "Ngoai_baiSg": "", "layer": "TBI_KTVHXH", "path": "D:/Work/HungYen/TaiLieu/De/De Thai Binh/BD Thai Binh/TBI_KTVHXH.TAB|geometrytype=Point" }, "geometry": { "type": "Point", "coordinates": [ 106.385818101652887, 20.679398566738204 ] } },
{ "type": "Feature", "properties": { "ID": "TBI338040den", "Ten_CT": "Đền, chùa", "Loai_CT": "Đền, chùa", "Thuoc_huyen": "H. Quỳnh Phụ", "Thuoc_tinh": "Thái Bình", "Trong_chigioi": "", "Ngoai_baiSg": "", "layer": "TBI_KTVHXH", "path": "D:/Work/HungYen/TaiLieu/De/De Thai Binh/BD Thai Binh/TBI_KTVHXH.TAB|geometrytype=Point" }, "geometry": { "type": "Point", "coordinates": [ 106.376740847597489, 20.695097971986439 ] } },
{ "type": "Feature", "properties": { "ID": "TBI338040den", "Ten_CT": "Đền, chùa", "Loai_CT": "Đền, chùa", "Thuoc_huyen": "H. Quỳnh Phụ", "Thuoc_tinh": "Thái Bình", "Trong_chigioi": "", "Ngoai_baiSg": "", "layer": "TBI_KTVHXH", "path": "D:/Work/HungYen/TaiLieu/De/De Thai Binh/BD Thai Binh/TBI_KTVHXH.TAB|geometrytype=Point" }, "geometry": { "type": "Point", "coordinates": [ 106.344773153646173, 20.68861322914745 ] } },
{ "type": "Feature", "properties": { "ID": "TBI338040den", "Ten_CT": "Đền, chùa", "Loai_CT": "Đền, chùa", "Thuoc_huyen": "H. Quỳnh Phụ", "Thuoc_tinh": "Thái Bình", "Trong_chigioi": "", "Ngoai_baiSg": "", "layer": "TBI_KTVHXH", "path": "D:/Work/HungYen/TaiLieu/De/De Thai Binh/BD Thai Binh/TBI_KTVHXH.TAB|geometrytype=Point" }, "geometry": { "type": "Point", "coordinates": [ 106.401598770177586, 20.719990568181792 ] } },
{ "type": "Feature", "properties": { "ID": "TBI338040den", "Ten_CT": "Đền, chùa", "Loai_CT": "Đền, chùa", "Thuoc_huyen": "H. Quỳnh Phụ", "Thuoc_tinh": "Thái Bình", "Trong_chigioi": "", "Ngoai_baiSg": "", "layer": "TBI_KTVHXH", "path": "D:/Work/HungYen/TaiLieu/De/De Thai Binh/BD Thai Binh/TBI_KTVHXH.TAB|geometrytype=Point" }, "geometry": { "type": "Point", "coordinates": [ 106.396027973374686, 20.716878855012258 ] } },
{ "type": "Feature", "properties": { "ID": "TBI338040den", "Ten_CT": "Đền, chùa", "Loai_CT": "Đền, chùa", "Thuoc_huyen": "H. Quỳnh Phụ", "Thuoc_tinh": "Thái Bình", "Trong_chigioi": "", "Ngoai_baiSg": "", "layer": "TBI_KTVHXH", "path": "D:/Work/HungYen/TaiLieu/De/De Thai Binh/BD Thai Binh/TBI_KTVHXH.TAB|geometrytype=Point" }, "geometry": { "type": "Point", "coordinates": [ 106.31469349792043, 20.685740491367152 ] } },
{ "type": "Feature", "properties": { "ID": "TBI338040den", "Ten_CT": "Đền, chùa", "Loai_CT": "Đền, chùa", "Thuoc_huyen": "H. Quỳnh Phụ", "Thuoc_tinh": "Thái Bình", "Trong_chigioi": "", "Ngoai_baiSg": "", "layer": "TBI_KTVHXH", "path": "D:/Work/HungYen/TaiLieu/De/De Thai Binh/BD Thai Binh/TBI_KTVHXH.TAB|geometrytype=Point" }, "geometry": { "type": "Point", "coordinates": [ 106.281113342414926, 20.688031713391879 ] } },
{ "type": "Feature", "properties": { "ID": "TBI338040den", "Ten_CT": "Đền, chùa", "Loai_CT": "Đền, chùa", "Thuoc_huyen": "H. Quỳnh Phụ", "Thuoc_tinh": "Thái Bình", "Trong_chigioi": "", "Ngoai_baiSg": "", "layer": "TBI_KTVHXH", "path": "D:/Work/HungYen/TaiLieu/De/De Thai Binh/BD Thai Binh/TBI_KTVHXH.TAB|geometrytype=Point" }, "geometry": { "type": "Point", "coordinates": [ 106.278550255670112, 20.687494961301645 ] } },
{ "type": "Feature", "properties": { "ID": "TBI338040den", "Ten_CT": "Đền, chùa", "Loai_CT": "Đền, chùa", "Thuoc_huyen": "H. Quỳnh Phụ", "Thuoc_tinh": "Thái Bình", "Trong_chigioi": "", "Ngoai_baiSg": "", "layer": "TBI_KTVHXH", "path": "D:/Work/HungYen/TaiLieu/De/De Thai Binh/BD Thai Binh/TBI_KTVHXH.TAB|geometrytype=Point" }, "geometry": { "type": "Point", "coordinates": [ 106.360346561713428, 20.672929362428725 ] } },
{ "type": "Feature", "properties": { "ID": "TBI338040den", "Ten_CT": "Đền, chùa", "Loai_CT": "Đền, chùa", "Thuoc_huyen": "H. Quỳnh Phụ", "Thuoc_tinh": "Thái Bình", "Trong_chigioi": "", "Ngoai_baiSg": "", "layer": "TBI_KTVHXH", "path": "D:/Work/HungYen/TaiLieu/De/De Thai Binh/BD Thai Binh/TBI_KTVHXH.TAB|geometrytype=Point" }, "geometry": { "type": "Point", "coordinates": [ 106.350691160497774, 20.627529781486906 ] } },
{ "type": "Feature", "properties": { "ID": "TBI338040den", "Ten_CT": "Đền, chùa", "Loai_CT": "Đền, chùa", "Thuoc_huyen": "H. Quỳnh Phụ", "Thuoc_tinh": "Thái Bình", "Trong_chigioi": "", "Ngoai_baiSg": "", "layer": "TBI_KTVHXH", "path": "D:/Work/HungYen/TaiLieu/De/De Thai Binh/BD Thai Binh/TBI_KTVHXH.TAB|geometrytype=Point" }, "geometry": { "type": "Point", "coordinates": [ 106.362804885300591, 20.628952268635274 ] } },
{ "type": "Feature", "properties": { "ID": "TBI341040den", "Ten_CT": "Đền, chùa", "Loai_CT": "Đền, chùa", "Thuoc_huyen": "H. Thái Thụy", "Thuoc_tinh": "Thái Bình", "Trong_chigioi": "", "Ngoai_baiSg": "", "layer": "TBI_KTVHXH", "path": "D:/Work/HungYen/TaiLieu/De/De Thai Binh/BD Thai Binh/TBI_KTVHXH.TAB|geometrytype=Point" }, "geometry": { "type": "Point", "coordinates": [ 106.450751410022107, 20.501650812622103 ] } },
{ "type": "Feature", "properties": { "ID": "TBI340040den", "Ten_CT": "Đền, chùa", "Loai_CT": "Đền, chùa", "Thuoc_huyen": "H. Đông Hưng", "Thuoc_tinh": "Thái Bình", "Trong_chigioi": "", "Ngoai_baiSg": "", "layer": "TBI_KTVHXH", "path": "D:/Work/HungYen/TaiLieu/De/De Thai Binh/BD Thai Binh/TBI_KTVHXH.TAB|geometrytype=Point" }, "geometry": { "type": "Point", "coordinates": [ 106.317002153288286, 20.543942288768555 ] } },
{ "type": "Feature", "properties": { "ID": "TBI340040den", "Ten_CT": "Đền, chùa", "Loai_CT": "Đền, chùa", "Thuoc_huyen": "H. Đông Hưng", "Thuoc_tinh": "Thái Bình", "Trong_chigioi": "", "Ngoai_baiSg": "", "layer": "TBI_KTVHXH", "path": "D:/Work/HungYen/TaiLieu/De/De Thai Binh/BD Thai Binh/TBI_KTVHXH.TAB|geometrytype=Point" }, "geometry": { "type": "Point", "coordinates": [ 106.369928496451905, 20.559124148201995 ] } },
{ "type": "Feature", "properties": { "ID": "TBI340040den", "Ten_CT": "Đền, chùa", "Loai_CT": "Đền, chùa", "Thuoc_huyen": "H. Đông Hưng", "Thuoc_tinh": "Thái Bình", "Trong_chigioi": "", "Ngoai_baiSg": "", "layer": "TBI_KTVHXH", "path": "D:/Work/HungYen/TaiLieu/De/De Thai Binh/BD Thai Binh/TBI_KTVHXH.TAB|geometrytype=Point" }, "geometry": { "type": "Point", "coordinates": [ 106.307431187355476, 20.585887847089293 ] } },
{ "type": "Feature", "properties": { "ID": "TBI338040den", "Ten_CT": "Đền, chùa", "Loai_CT": "Đền, chùa", "Thuoc_huyen": "H. Quỳnh Phụ", "Thuoc_tinh": "Thái Bình", "Trong_chigioi": "", "Ngoai_baiSg": "", "layer": "TBI_KTVHXH", "path": "D:/Work/HungYen/TaiLieu/De/De Thai Binh/BD Thai Binh/TBI_KTVHXH.TAB|geometrytype=Point" }, "geometry": { "type": "Point", "coordinates": [ 106.425765481394464, 20.618188962564417 ] } },
{ "type": "Feature", "properties": { "ID": "TBI338040den", "Ten_CT": "Đền, chùa", "Loai_CT": "Đền, chùa", "Thuoc_huyen": "H. Quỳnh Phụ", "Thuoc_tinh": "Thái Bình", "Trong_chigioi": "", "Ngoai_baiSg": "", "layer": "TBI_KTVHXH", "path": "D:/Work/HungYen/TaiLieu/De/De Thai Binh/BD Thai Binh/TBI_KTVHXH.TAB|geometrytype=Point" }, "geometry": { "type": "Point", "coordinates": [ 106.420901762908755, 20.617865049873696 ] } },
{ "type": "Feature", "properties": { "ID": "TBI338040den", "Ten_CT": "Đền, chùa", "Loai_CT": "Đền, chùa", "Thuoc_huyen": "H. Quỳnh Phụ", "Thuoc_tinh": "Thái Bình", "Trong_chigioi": "", "Ngoai_baiSg": "", "layer": "TBI_KTVHXH", "path": "D:/Work/HungYen/TaiLieu/De/De Thai Binh/BD Thai Binh/TBI_KTVHXH.TAB|geometrytype=Point" }, "geometry": { "type": "Point", "coordinates": [ 106.310565999532969, 20.615867237988375 ] } },
{ "type": "Feature", "properties": { "ID": "TBI338040den", "Ten_CT": "Đền, chùa", "Loai_CT": "Đền, chùa", "Thuoc_huyen": "H. Quỳnh Phụ", "Thuoc_tinh": "Thái Bình", "Trong_chigioi": "", "Ngoai_baiSg": "", "layer": "TBI_KTVHXH", "path": "D:/Work/HungYen/TaiLieu/De/De Thai Binh/BD Thai Binh/TBI_KTVHXH.TAB|geometrytype=Point" }, "geometry": { "type": "Point", "coordinates": [ 106.37649790642449, 20.63154016930574 ] } },
{ "type": "Feature", "properties": { "ID": "TBI338040den", "Ten_CT": "Đền, chùa", "Loai_CT": "Đền, chùa", "Thuoc_huyen": "H. Quỳnh Phụ", "Thuoc_tinh": "Thái Bình", "Trong_chigioi": "", "Ngoai_baiSg": "", "layer": "TBI_KTVHXH", "path": "D:/Work/HungYen/TaiLieu/De/De Thai Binh/BD Thai Binh/TBI_KTVHXH.TAB|geometrytype=Point" }, "geometry": { "type": "Point", "coordinates": [ 106.420043355236643, 20.653974499678352 ] } },
{ "type": "Feature", "properties": { "ID": "TBI338040den", "Ten_CT": "Đền, chùa", "Loai_CT": "Đền, chùa", "Thuoc_huyen": "H. Quỳnh Phụ", "Thuoc_tinh": "Thái Bình", "Trong_chigioi": "", "Ngoai_baiSg": "", "layer": "TBI_KTVHXH", "path": "D:/Work/HungYen/TaiLieu/De/De Thai Binh/BD Thai Binh/TBI_KTVHXH.TAB|geometrytype=Point" }, "geometry": { "type": "Point", "coordinates": [ 106.407747795061752, 20.658049289925426 ] } },
{ "type": "Feature", "properties": { "ID": "TBI341040den", "Ten_CT": "Đền, chùa", "Loai_CT": "Đền, chùa", "Thuoc_huyen": "H. Thái Thụy", "Thuoc_tinh": "Thái Bình", "Trong_chigioi": "", "Ngoai_baiSg": "", "layer": "TBI_KTVHXH", "path": "D:/Work/HungYen/TaiLieu/De/De Thai Binh/BD Thai Binh/TBI_KTVHXH.TAB|geometrytype=Point" }, "geometry": { "type": "Point", "coordinates": [ 106.450236687164505, 20.565424082214943 ] } },
{ "type": "Feature", "properties": { "ID": "TBI338040den", "Ten_CT": "Đền, chùa", "Loai_CT": "Đền, chùa", "Thuoc_huyen": "H. Quỳnh Phụ", "Thuoc_tinh": "Thái Bình", "Trong_chigioi": "", "Ngoai_baiSg": "", "layer": "TBI_KTVHXH", "path": "D:/Work/HungYen/TaiLieu/De/De Thai Binh/BD Thai Binh/TBI_KTVHXH.TAB|geometrytype=Point" }, "geometry": { "type": "Point", "coordinates": [ 106.407269202276098, 20.615934935932284 ] } },
{ "type": "Feature", "properties": { "ID": "TBI344040den", "Ten_CT": "Đền, chùa", "Loai_CT": "Đền, chùa", "Thuoc_huyen": "H. Vũ Thư", "Thuoc_tinh": "Thái Bình", "Trong_chigioi": "", "Ngoai_baiSg": "", "layer": "TBI_KTVHXH", "path": "D:/Work/HungYen/TaiLieu/De/De Thai Binh/BD Thai Binh/TBI_KTVHXH.TAB|geometrytype=Point" }, "geometry": { "type": "Point", "coordinates": [ 106.287221282556899, 20.511134784399985 ] } },
{ "type": "Feature", "properties": { "ID": "TBI339040den", "Ten_CT": "Đền, chùa", "Loai_CT": "Đền, chùa", "Thuoc_huyen": "H. Hưng Hà", "Thuoc_tinh": "Thái Bình", "Trong_chigioi": "", "Ngoai_baiSg": "", "layer": "TBI_KTVHXH", "path": "D:/Work/HungYen/TaiLieu/De/De Thai Binh/BD Thai Binh/TBI_KTVHXH.TAB|geometrytype=Point" }, "geometry": { "type": "Point", "coordinates": [ 106.280377743891449, 20.607077086343878 ] } },
{ "type": "Feature", "properties": { "ID": "TBI340040den", "Ten_CT": "Đền, chùa", "Loai_CT": "Đền, chùa", "Thuoc_huyen": "H. Đông Hưng", "Thuoc_tinh": "Thái Bình", "Trong_chigioi": "", "Ngoai_baiSg": "", "layer": "TBI_KTVHXH", "path": "D:/Work/HungYen/TaiLieu/De/De Thai Binh/BD Thai Binh/TBI_KTVHXH.TAB|geometrytype=Point" }, "geometry": { "type": "Point", "coordinates": [ 106.360690454527315, 20.591810392198912 ] } },
{ "type": "Feature", "properties": { "ID": "TBI340040den", "Ten_CT": "Đền, chùa", "Loai_CT": "Đền, chùa", "Thuoc_huyen": "H. Đông Hưng", "Thuoc_tinh": "Thái Bình", "Trong_chigioi": "", "Ngoai_baiSg": "", "layer": "TBI_KTVHXH", "path": "D:/Work/HungYen/TaiLieu/De/De Thai Binh/BD Thai Binh/TBI_KTVHXH.TAB|geometrytype=Point" }, "geometry": { "type": "Point", "coordinates": [ 106.36186178601929, 20.566879369559121 ] } },
{ "type": "Feature", "properties": { "ID": "TBI340040den", "Ten_CT": "Đền, chùa", "Loai_CT": "Đền, chùa", "Thuoc_huyen": "H. Đông Hưng", "Thuoc_tinh": "Thái Bình", "Trong_chigioi": "", "Ngoai_baiSg": "", "layer": "TBI_KTVHXH", "path": "D:/Work/HungYen/TaiLieu/De/De Thai Binh/BD Thai Binh/TBI_KTVHXH.TAB|geometrytype=Point" }, "geometry": { "type": "Point", "coordinates": [ 106.400739500655348, 20.584276397033513 ] } },
{ "type": "Feature", "properties": { "ID": "TBI341040den", "Ten_CT": "Đền, chùa", "Loai_CT": "Đền, chùa", "Thuoc_huyen": "H. Thái Thụy", "Thuoc_tinh": "Thái Bình", "Trong_chigioi": "", "Ngoai_baiSg": "", "layer": "TBI_KTVHXH", "path": "D:/Work/HungYen/TaiLieu/De/De Thai Binh/BD Thai Binh/TBI_KTVHXH.TAB|geometrytype=Point" }, "geometry": { "type": "Point", "coordinates": [ 106.43912457008949, 20.566152877145814 ] } },
{ "type": "Feature", "properties": { "ID": "TBI340040den", "Ten_CT": "Đền, chùa", "Loai_CT": "Đền, chùa", "Thuoc_huyen": "H. Đông Hưng", "Thuoc_tinh": "Thái Bình", "Trong_chigioi": "", "Ngoai_baiSg": "", "layer": "TBI_KTVHXH", "path": "D:/Work/HungYen/TaiLieu/De/De Thai Binh/BD Thai Binh/TBI_KTVHXH.TAB|geometrytype=Point" }, "geometry": { "type": "Point", "coordinates": [ 106.416475618556788, 20.592585037564465 ] } },
{ "type": "Feature", "properties": { "ID": "TBI341040den", "Ten_CT": "Đền, chùa", "Loai_CT": "Đền, chùa", "Thuoc_huyen": "H. Thái Thụy", "Thuoc_tinh": "Thái Bình", "Trong_chigioi": "", "Ngoai_baiSg": "", "layer": "TBI_KTVHXH", "path": "D:/Work/HungYen/TaiLieu/De/De Thai Binh/BD Thai Binh/TBI_KTVHXH.TAB|geometrytype=Point" }, "geometry": { "type": "Point", "coordinates": [ 106.463156518897264, 20.607057742540217 ] } },
{ "type": "Feature", "properties": { "ID": "TBI341040den", "Ten_CT": "Đền, chùa", "Loai_CT": "Đền, chùa", "Thuoc_huyen": "H. Thái Thụy", "Thuoc_tinh": "Thái Bình", "Trong_chigioi": "", "Ngoai_baiSg": "", "layer": "TBI_KTVHXH", "path": "D:/Work/HungYen/TaiLieu/De/De Thai Binh/BD Thai Binh/TBI_KTVHXH.TAB|geometrytype=Point" }, "geometry": { "type": "Point", "coordinates": [ 106.465330038945709, 20.583568703775882 ] } },
{ "type": "Feature", "properties": { "ID": "TBI341040den", "Ten_CT": "Đền, chùa", "Loai_CT": "Đền, chùa", "Thuoc_huyen": "H. Thái Thụy", "Thuoc_tinh": "Thái Bình", "Trong_chigioi": "", "Ngoai_baiSg": "", "layer": "TBI_KTVHXH", "path": "D:/Work/HungYen/TaiLieu/De/De Thai Binh/BD Thai Binh/TBI_KTVHXH.TAB|geometrytype=Point" }, "geometry": { "type": "Point", "coordinates": [ 106.491795376870826, 20.593328373493858 ] } },
{ "type": "Feature", "properties": { "ID": "TBI339040den", "Ten_CT": "Đền, chùa", "Loai_CT": "Đền, chùa", "Thuoc_huyen": "H. Hưng Hà", "Thuoc_tinh": "Thái Bình", "Trong_chigioi": "", "Ngoai_baiSg": "", "layer": "TBI_KTVHXH", "path": "D:/Work/HungYen/TaiLieu/De/De Thai Binh/BD Thai Binh/TBI_KTVHXH.TAB|geometrytype=Point" }, "geometry": { "type": "Point", "coordinates": [ 106.271126046823213, 20.650446039053861 ] } },
{ "type": "Feature", "properties": { "ID": "TBI339040den", "Ten_CT": "Đền, chùa", "Loai_CT": "Đền, chùa", "Thuoc_huyen": "H. Hưng Hà", "Thuoc_tinh": "Thái Bình", "Trong_chigioi": "", "Ngoai_baiSg": "", "layer": "TBI_KTVHXH", "path": "D:/Work/HungYen/TaiLieu/De/De Thai Binh/BD Thai Binh/TBI_KTVHXH.TAB|geometrytype=Point" }, "geometry": { "type": "Point", "coordinates": [ 106.260749934895671, 20.654022427495942 ] } },
{ "type": "Feature", "properties": { "ID": "TBI338040den", "Ten_CT": "Đền, chùa", "Loai_CT": "Đền, chùa", "Thuoc_huyen": "H. Quỳnh Phụ", "Thuoc_tinh": "Thái Bình", "Trong_chigioi": "", "Ngoai_baiSg": "", "layer": "TBI_KTVHXH", "path": "D:/Work/HungYen/TaiLieu/De/De Thai Binh/BD Thai Binh/TBI_KTVHXH.TAB|geometrytype=Point" }, "geometry": { "type": "Point", "coordinates": [ 106.389301242713458, 20.666047386230598 ] } },
{ "type": "Feature", "properties": { "ID": "TBI338040den", "Ten_CT": "Đền, chùa", "Loai_CT": "Đền, chùa", "Thuoc_huyen": "H. Quỳnh Phụ", "Thuoc_tinh": "Thái Bình", "Trong_chigioi": "", "Ngoai_baiSg": "", "layer": "TBI_KTVHXH", "path": "D:/Work/HungYen/TaiLieu/De/De Thai Binh/BD Thai Binh/TBI_KTVHXH.TAB|geometrytype=Point" }, "geometry": { "type": "Point", "coordinates": [ 106.330872744581981, 20.670073956561623 ] } },
{ "type": "Feature", "properties": { "ID": "TBI339040den", "Ten_CT": "Đền, chùa", "Loai_CT": "Đền, chùa", "Thuoc_huyen": "H. Hưng Hà", "Thuoc_tinh": "Thái Bình", "Trong_chigioi": "", "Ngoai_baiSg": "", "layer": "TBI_KTVHXH", "path": "D:/Work/HungYen/TaiLieu/De/De Thai Binh/BD Thai Binh/TBI_KTVHXH.TAB|geometrytype=Point" }, "geometry": { "type": "Point", "coordinates": [ 106.255462403351132, 20.657524035540284 ] } },
{ "type": "Feature", "properties": { "ID": "TBI338040den", "Ten_CT": "Đền, chùa", "Loai_CT": "Đền, chùa", "Thuoc_huyen": "H. Quỳnh Phụ", "Thuoc_tinh": "Thái Bình", "Trong_chigioi": "", "Ngoai_baiSg": "", "layer": "TBI_KTVHXH", "path": "D:/Work/HungYen/TaiLieu/De/De Thai Binh/BD Thai Binh/TBI_KTVHXH.TAB|geometrytype=Point" }, "geometry": { "type": "Point", "coordinates": [ 106.305849892976923, 20.644461326193753 ] } },
{ "type": "Feature", "properties": { "ID": "TBI34104csan", "Ten_CT": "Chùa San", "Loai_CT": "Đền, chùa", "Thuoc_huyen": "H. Thái Thụy", "Thuoc_tinh": "Thái Bình", "Trong_chigioi": "", "Ngoai_baiSg": "", "layer": "TBI_KTVHXH", "path": "D:/Work/HungYen/TaiLieu/De/De Thai Binh/BD Thai Binh/TBI_KTVHXH.TAB|geometrytype=Point" }, "geometry": { "type": "Point", "coordinates": [ 106.514714881720835, 20.600516638364834 ] } },
{ "type": "Feature", "properties": { "ID": "TBI341040den", "Ten_CT": "Đền, chùa", "Loai_CT": "Đền, chùa", "Thuoc_huyen": "H. Thái Thụy", "Thuoc_tinh": "Thái Bình", "Trong_chigioi": "", "Ngoai_baiSg": "", "layer": "TBI_KTVHXH", "path": "D:/Work/HungYen/TaiLieu/De/De Thai Binh/BD Thai Binh/TBI_KTVHXH.TAB|geometrytype=Point" }, "geometry": { "type": "Point", "coordinates": [ 106.506021317135833, 20.604029542142658 ] } },
{ "type": "Feature", "properties": { "ID": "TBI341040dcgoc", "Ten_CT": "Đền chợ Gốc", "Loai_CT": "Đền, chùa", "Thuoc_huyen": "H. Thái Thụy", "Thuoc_tinh": "Thái Bình", "Trong_chigioi": "", "Ngoai_baiSg": "", "layer": "TBI_KTVHXH", "path": "D:/Work/HungYen/TaiLieu/De/De Thai Binh/BD Thai Binh/TBI_KTVHXH.TAB|geometrytype=Point" }, "geometry": { "type": "Point", "coordinates": [ 106.509913776574109, 20.596424542186313 ] } },
{ "type": "Feature", "properties": { "ID": "TBI341040den", "Ten_CT": "Đền, chùa", "Loai_CT": "Đền, chùa", "Thuoc_huyen": "H. Thái Thụy", "Thuoc_tinh": "Thái Bình", "Trong_chigioi": "", "Ngoai_baiSg": "", "layer": "TBI_KTVHXH", "path": "D:/Work/HungYen/TaiLieu/De/De Thai Binh/BD Thai Binh/TBI_KTVHXH.TAB|geometrytype=Point" }, "geometry": { "type": "Point", "coordinates": [ 106.529920961451779, 20.59236360132784 ] } },
{ "type": "Feature", "properties": { "ID": "TBI341040den", "Ten_CT": "Đền, chùa", "Loai_CT": "Đền, chùa", "Thuoc_huyen": "H. Thái Thụy", "Thuoc_tinh": "Thái Bình", "Trong_chigioi": "", "Ngoai_baiSg": "", "layer": "TBI_KTVHXH", "path": "D:/Work/HungYen/TaiLieu/De/De Thai Binh/BD Thai Binh/TBI_KTVHXH.TAB|geometrytype=Point" }, "geometry": { "type": "Point", "coordinates": [ 106.518550208525994, 20.587184077055401 ] } },
{ "type": "Feature", "properties": { "ID": "TBI341040den", "Ten_CT": "Đền, chùa", "Loai_CT": "Đền, chùa", "Thuoc_huyen": "H. Thái Thụy", "Thuoc_tinh": "Thái Bình", "Trong_chigioi": "", "Ngoai_baiSg": "", "layer": "TBI_KTVHXH", "path": "D:/Work/HungYen/TaiLieu/De/De Thai Binh/BD Thai Binh/TBI_KTVHXH.TAB|geometrytype=Point" }, "geometry": { "type": "Point", "coordinates": [ 106.506866334089466, 20.57697578835144 ] } },
{ "type": "Feature", "properties": { "ID": "TBI341040den", "Ten_CT": "Đền, chùa", "Loai_CT": "Đền, chùa", "Thuoc_huyen": "H. Thái Thụy", "Thuoc_tinh": "Thái Bình", "Trong_chigioi": "", "Ngoai_baiSg": "", "layer": "TBI_KTVHXH", "path": "D:/Work/HungYen/TaiLieu/De/De Thai Binh/BD Thai Binh/TBI_KTVHXH.TAB|geometrytype=Point" }, "geometry": { "type": "Point", "coordinates": [ 106.502337467820198, 20.573578274866623 ] } },
{ "type": "Feature", "properties": { "ID": "TBI341040den", "Ten_CT": "Đền, chùa", "Loai_CT": "Đền, chùa", "Thuoc_huyen": "H. Thái Thụy", "Thuoc_tinh": "Thái Bình", "Trong_chigioi": "", "Ngoai_baiSg": "", "layer": "TBI_KTVHXH", "path": "D:/Work/HungYen/TaiLieu/De/De Thai Binh/BD Thai Binh/TBI_KTVHXH.TAB|geometrytype=Point" }, "geometry": { "type": "Point", "coordinates": [ 106.521725561625061, 20.576696355718358 ] } },
{ "type": "Feature", "properties": { "ID": "TBI341040den", "Ten_CT": "Đền, chùa", "Loai_CT": "Đền, chùa", "Thuoc_huyen": "H. Thái Thụy", "Thuoc_tinh": "Thái Bình", "Trong_chigioi": "", "Ngoai_baiSg": "", "layer": "TBI_KTVHXH", "path": "D:/Work/HungYen/TaiLieu/De/De Thai Binh/BD Thai Binh/TBI_KTVHXH.TAB|geometrytype=Point" }, "geometry": { "type": "Point", "coordinates": [ 106.535220002801708, 20.582753381073445 ] } },
{ "type": "Feature", "properties": { "ID": "TBI341040den", "Ten_CT": "Đền, chùa", "Loai_CT": "Đền, chùa", "Thuoc_huyen": "H. Thái Thụy", "Thuoc_tinh": "Thái Bình", "Trong_chigioi": "", "Ngoai_baiSg": "", "layer": "TBI_KTVHXH", "path": "D:/Work/HungYen/TaiLieu/De/De Thai Binh/BD Thai Binh/TBI_KTVHXH.TAB|geometrytype=Point" }, "geometry": { "type": "Point", "coordinates": [ 106.505710567855488, 20.56159471059258 ] } },
{ "type": "Feature", "properties": { "ID": "TBI341040den", "Ten_CT": "Đền, chùa", "Loai_CT": "Đền, chùa", "Thuoc_huyen": "H. Thái Thụy", "Thuoc_tinh": "Thái Bình", "Trong_chigioi": "", "Ngoai_baiSg": "", "layer": "TBI_KTVHXH", "path": "D:/Work/HungYen/TaiLieu/De/De Thai Binh/BD Thai Binh/TBI_KTVHXH.TAB|geometrytype=Point" }, "geometry": { "type": "Point", "coordinates": [ 106.511346252203637, 20.564633795878528 ] } },
{ "type": "Feature", "properties": { "ID": "TBI341040den", "Ten_CT": "Đền, chùa", "Loai_CT": "Đền, chùa", "Thuoc_huyen": "H. Thái Thụy", "Thuoc_tinh": "Thái Bình", "Trong_chigioi": "", "Ngoai_baiSg": "", "layer": "TBI_KTVHXH", "path": "D:/Work/HungYen/TaiLieu/De/De Thai Binh/BD Thai Binh/TBI_KTVHXH.TAB|geometrytype=Point" }, "geometry": { "type": "Point", "coordinates": [ 106.505588564275456, 20.549143470108309 ] } },
{ "type": "Feature", "properties": { "ID": "TBI341040den", "Ten_CT": "Đền, chùa", "Loai_CT": "Đền, chùa", "Thuoc_huyen": "H. Thái Thụy", "Thuoc_tinh": "Thái Bình", "Trong_chigioi": "", "Ngoai_baiSg": "", "layer": "TBI_KTVHXH", "path": "D:/Work/HungYen/TaiLieu/De/De Thai Binh/BD Thai Binh/TBI_KTVHXH.TAB|geometrytype=Point" }, "geometry": { "type": "Point", "coordinates": [ 106.528354300470468, 20.525284895749 ] } },
{ "type": "Feature", "properties": { "ID": "TBI341040den", "Ten_CT": "Đền, chùa", "Loai_CT": "Đền, chùa", "Thuoc_huyen": "H. Thái Thụy", "Thuoc_tinh": "Thái Bình", "Trong_chigioi": "", "Ngoai_baiSg": "", "layer": "TBI_KTVHXH", "path": "D:/Work/HungYen/TaiLieu/De/De Thai Binh/BD Thai Binh/TBI_KTVHXH.TAB|geometrytype=Point" }, "geometry": { "type": "Point", "coordinates": [ 106.500989928704371, 20.527665718302465 ] } },
{ "type": "Feature", "properties": { "ID": "TBI341040den", "Ten_CT": "Đền, chùa", "Loai_CT": "Đền, chùa", "Thuoc_huyen": "H. Thái Thụy", "Thuoc_tinh": "Thái Bình", "Trong_chigioi": "", "Ngoai_baiSg": "", "layer": "TBI_KTVHXH", "path": "D:/Work/HungYen/TaiLieu/De/De Thai Binh/BD Thai Binh/TBI_KTVHXH.TAB|geometrytype=Point" }, "geometry": { "type": "Point", "coordinates": [ 106.514220101561349, 20.512757286279633 ] } },
{ "type": "Feature", "properties": { "ID": "TBI341040den", "Ten_CT": "Đền, chùa", "Loai_CT": "Đền, chùa", "Thuoc_huyen": "H. Thái Thụy", "Thuoc_tinh": "Thái Bình", "Trong_chigioi": "", "Ngoai_baiSg": "", "layer": "TBI_KTVHXH", "path": "D:/Work/HungYen/TaiLieu/De/De Thai Binh/BD Thai Binh/TBI_KTVHXH.TAB|geometrytype=Point" }, "geometry": { "type": "Point", "coordinates": [ 106.532040633074175, 20.507868994638585 ] } },
{ "type": "Feature", "properties": { "ID": "TBI341040den", "Ten_CT": "Đền, chùa", "Loai_CT": "Đền, chùa", "Thuoc_huyen": "H. Thái Thụy", "Thuoc_tinh": "Thái Bình", "Trong_chigioi": "", "Ngoai_baiSg": "", "layer": "TBI_KTVHXH", "path": "D:/Work/HungYen/TaiLieu/De/De Thai Binh/BD Thai Binh/TBI_KTVHXH.TAB|geometrytype=Point" }, "geometry": { "type": "Point", "coordinates": [ 106.531035228266731, 20.502448693543776 ] } },
{ "type": "Feature", "properties": { "ID": "TBI341040den", "Ten_CT": "Đền, chùa", "Loai_CT": "Đền, chùa", "Thuoc_huyen": "H. Thái Thụy", "Thuoc_tinh": "Thái Bình", "Trong_chigioi": "", "Ngoai_baiSg": "", "layer": "TBI_KTVHXH", "path": "D:/Work/HungYen/TaiLieu/De/De Thai Binh/BD Thai Binh/TBI_KTVHXH.TAB|geometrytype=Point" }, "geometry": { "type": "Point", "coordinates": [ 106.547484184170287, 20.513808643167621 ] } },
{ "type": "Feature", "properties": { "ID": "TBI341040den", "Ten_CT": "Đền, chùa", "Loai_CT": "Đền, chùa", "Thuoc_huyen": "H. Thái Thụy", "Thuoc_tinh": "Thái Bình", "Trong_chigioi": "", "Ngoai_baiSg": "", "layer": "TBI_KTVHXH", "path": "D:/Work/HungYen/TaiLieu/De/De Thai Binh/BD Thai Binh/TBI_KTVHXH.TAB|geometrytype=Point" }, "geometry": { "type": "Point", "coordinates": [ 106.553332280130434, 20.5118137908742 ] } },
{ "type": "Feature", "properties": { "ID": "TBI341040den", "Ten_CT": "Đền, chùa", "Loai_CT": "Đền, chùa", "Thuoc_huyen": "H. Thái Thụy", "Thuoc_tinh": "Thái Bình", "Trong_chigioi": "", "Ngoai_baiSg": "", "layer": "TBI_KTVHXH", "path": "D:/Work/HungYen/TaiLieu/De/De Thai Binh/BD Thai Binh/TBI_KTVHXH.TAB|geometrytype=Point" }, "geometry": { "type": "Point", "coordinates": [ 106.556883541708871, 20.517958252259863 ] } },
{ "type": "Feature", "properties": { "ID": "TBI341040den", "Ten_CT": "Đền, chùa", "Loai_CT": "Đền, chùa", "Thuoc_huyen": "H. Thái Thụy", "Thuoc_tinh": "Thái Bình", "Trong_chigioi": "", "Ngoai_baiSg": "", "layer": "TBI_KTVHXH", "path": "D:/Work/HungYen/TaiLieu/De/De Thai Binh/BD Thai Binh/TBI_KTVHXH.TAB|geometrytype=Point" }, "geometry": { "type": "Point", "coordinates": [ 106.563778948676017, 20.525367555609467 ] } },
{ "type": "Feature", "properties": { "ID": "TBI341040den", "Ten_CT": "Đền, chùa", "Loai_CT": "Đền, chùa", "Thuoc_huyen": "H. Thái Thụy", "Thuoc_tinh": "Thái Bình", "Trong_chigioi": "", "Ngoai_baiSg": "", "layer": "TBI_KTVHXH", "path": "D:/Work/HungYen/TaiLieu/De/De Thai Binh/BD Thai Binh/TBI_KTVHXH.TAB|geometrytype=Point" }, "geometry": { "type": "Point", "coordinates": [ 106.559275817003225, 20.529691567622994 ] } },
{ "type": "Feature", "properties": { "ID": "TBI341040den", "Ten_CT": "Đền, chùa", "Loai_CT": "Đền, chùa", "Thuoc_huyen": "H. Thái Thụy", "Thuoc_tinh": "Thái Bình", "Trong_chigioi": "", "Ngoai_baiSg": "", "layer": "TBI_KTVHXH", "path": "D:/Work/HungYen/TaiLieu/De/De Thai Binh/BD Thai Binh/TBI_KTVHXH.TAB|geometrytype=Point" }, "geometry": { "type": "Point", "coordinates": [ 106.567934396624167, 20.528467938226314 ] } },
{ "type": "Feature", "properties": { "ID": "TBI341040den", "Ten_CT": "Đền, chùa", "Loai_CT": "Đền, chùa", "Thuoc_huyen": "H. Thái Thụy", "Thuoc_tinh": "Thái Bình", "Trong_chigioi": "", "Ngoai_baiSg": "", "layer": "TBI_KTVHXH", "path": "D:/Work/HungYen/TaiLieu/De/De Thai Binh/BD Thai Binh/TBI_KTVHXH.TAB|geometrytype=Point" }, "geometry": { "type": "Point", "coordinates": [ 106.545754363850989, 20.520548266893687 ] } },
{ "type": "Feature", "properties": { "ID": "TBI341040den", "Ten_CT": "Đền, chùa", "Loai_CT": "Đền, chùa", "Thuoc_huyen": "H. Thái Thụy", "Thuoc_tinh": "Thái Bình", "Trong_chigioi": "", "Ngoai_baiSg": "", "layer": "TBI_KTVHXH", "path": "D:/Work/HungYen/TaiLieu/De/De Thai Binh/BD Thai Binh/TBI_KTVHXH.TAB|geometrytype=Point" }, "geometry": { "type": "Point", "coordinates": [ 106.550622374114766, 20.520953066025317 ] } },
{ "type": "Feature", "properties": { "ID": "TBI341040den", "Ten_CT": "Đền, chùa", "Loai_CT": "Đền, chùa", "Thuoc_huyen": "H. Thái Thụy", "Thuoc_tinh": "Thái Bình", "Trong_chigioi": "", "Ngoai_baiSg": "", "layer": "TBI_KTVHXH", "path": "D:/Work/HungYen/TaiLieu/De/De Thai Binh/BD Thai Binh/TBI_KTVHXH.TAB|geometrytype=Point" }, "geometry": { "type": "Point", "coordinates": [ 106.541755086370173, 20.522426819220954 ] } },
{ "type": "Feature", "properties": { "ID": "TBI341040den", "Ten_CT": "Đền, chùa", "Loai_CT": "Đền, chùa", "Thuoc_huyen": "H. Thái Thụy", "Thuoc_tinh": "Thái Bình", "Trong_chigioi": "", "Ngoai_baiSg": "", "layer": "TBI_KTVHXH", "path": "D:/Work/HungYen/TaiLieu/De/De Thai Binh/BD Thai Binh/TBI_KTVHXH.TAB|geometrytype=Point" }, "geometry": { "type": "Point", "coordinates": [ 106.554939632514191, 20.550550532612238 ] } },
{ "type": "Feature", "properties": { "ID": "TBI341040den", "Ten_CT": "Đền, chùa", "Loai_CT": "Đền, chùa", "Thuoc_huyen": "H. Thái Thụy", "Thuoc_tinh": "Thái Bình", "Trong_chigioi": "", "Ngoai_baiSg": "", "layer": "TBI_KTVHXH", "path": "D:/Work/HungYen/TaiLieu/De/De Thai Binh/BD Thai Binh/TBI_KTVHXH.TAB|geometrytype=Point" }, "geometry": { "type": "Point", "coordinates": [ 106.572941513102734, 20.552778840292831 ] } },
{ "type": "Feature", "properties": { "ID": "TBI341040den", "Ten_CT": "Đền, chùa", "Loai_CT": "Đền, chùa", "Thuoc_huyen": "H. Thái Thụy", "Thuoc_tinh": "Thái Bình", "Trong_chigioi": "", "Ngoai_baiSg": "", "layer": "TBI_KTVHXH", "path": "D:/Work/HungYen/TaiLieu/De/De Thai Binh/BD Thai Binh/TBI_KTVHXH.TAB|geometrytype=Point" }, "geometry": { "type": "Point", "coordinates": [ 106.540604004870673, 20.550031075092541 ] } },
{ "type": "Feature", "properties": { "ID": "TBI341040den", "Ten_CT": "Đền, chùa", "Loai_CT": "Đền, chùa", "Thuoc_huyen": "H. Thái Thụy", "Thuoc_tinh": "Thái Bình", "Trong_chigioi": "", "Ngoai_baiSg": "", "layer": "TBI_KTVHXH", "path": "D:/Work/HungYen/TaiLieu/De/De Thai Binh/BD Thai Binh/TBI_KTVHXH.TAB|geometrytype=Point" }, "geometry": { "type": "Point", "coordinates": [ 106.536454033789752, 20.568646618905284 ] } },
{ "type": "Feature", "properties": { "ID": "TBI341040den", "Ten_CT": "Đền, chùa", "Loai_CT": "Đền, chùa", "Thuoc_huyen": "H. Thái Thụy", "Thuoc_tinh": "Thái Bình", "Trong_chigioi": "", "Ngoai_baiSg": "", "layer": "TBI_KTVHXH", "path": "D:/Work/HungYen/TaiLieu/De/De Thai Binh/BD Thai Binh/TBI_KTVHXH.TAB|geometrytype=Point" }, "geometry": { "type": "Point", "coordinates": [ 106.554422481049613, 20.556930633317663 ] } },
{ "type": "Feature", "properties": { "ID": "TBI341040den", "Ten_CT": "Đền, chùa", "Loai_CT": "Đền, chùa", "Thuoc_huyen": "H. Thái Thụy", "Thuoc_tinh": "Thái Bình", "Trong_chigioi": "", "Ngoai_baiSg": "", "layer": "TBI_KTVHXH", "path": "D:/Work/HungYen/TaiLieu/De/De Thai Binh/BD Thai Binh/TBI_KTVHXH.TAB|geometrytype=Point" }, "geometry": { "type": "Point", "coordinates": [ 106.561637668382957, 20.569616603029022 ] } },
{ "type": "Feature", "properties": { "ID": "TBI341040den", "Ten_CT": "Đền, chùa", "Loai_CT": "Đền, chùa", "Thuoc_huyen": "H. Thái Thụy", "Thuoc_tinh": "Thái Bình", "Trong_chigioi": "", "Ngoai_baiSg": "", "layer": "TBI_KTVHXH", "path": "D:/Work/HungYen/TaiLieu/De/De Thai Binh/BD Thai Binh/TBI_KTVHXH.TAB|geometrytype=Point" }, "geometry": { "type": "Point", "coordinates": [ 106.569766542146212, 20.568098621022987 ] } },
{ "type": "Feature", "properties": { "ID": "TBI341040den", "Ten_CT": "Đền, chùa", "Loai_CT": "Đền, chùa", "Thuoc_huyen": "H. Thái Thụy", "Thuoc_tinh": "Thái Bình", "Trong_chigioi": "", "Ngoai_baiSg": "", "layer": "TBI_KTVHXH", "path": "D:/Work/HungYen/TaiLieu/De/De Thai Binh/BD Thai Binh/TBI_KTVHXH.TAB|geometrytype=Point" }, "geometry": { "type": "Point", "coordinates": [ 106.568331207118888, 20.557004438822844 ] } },
{ "type": "Feature", "properties": { "ID": "TBI341040den", "Ten_CT": "Đền, chùa", "Loai_CT": "Đền, chùa", "Thuoc_huyen": "H. Thái Thụy", "Thuoc_tinh": "Thái Bình", "Trong_chigioi": "", "Ngoai_baiSg": "", "layer": "TBI_KTVHXH", "path": "D:/Work/HungYen/TaiLieu/De/De Thai Binh/BD Thai Binh/TBI_KTVHXH.TAB|geometrytype=Point" }, "geometry": { "type": "Point", "coordinates": [ 106.552650278400563, 20.580406301869651 ] } },
{ "type": "Feature", "properties": { "ID": "TBI341040den", "Ten_CT": "Đền, chùa", "Loai_CT": "Đền, chùa", "Thuoc_huyen": "H. Thái Thụy", "Thuoc_tinh": "Thái Bình", "Trong_chigioi": "", "Ngoai_baiSg": "", "layer": "TBI_KTVHXH", "path": "D:/Work/HungYen/TaiLieu/De/De Thai Binh/BD Thai Binh/TBI_KTVHXH.TAB|geometrytype=Point" }, "geometry": { "type": "Point", "coordinates": [ 106.572740179347036, 20.58475743562537 ] } },
{ "type": "Feature", "properties": { "ID": "TBI341040den", "Ten_CT": "Đền, chùa", "Loai_CT": "Đền, chùa", "Thuoc_huyen": "H. Thái Thụy", "Thuoc_tinh": "Thái Bình", "Trong_chigioi": "", "Ngoai_baiSg": "", "layer": "TBI_KTVHXH", "path": "D:/Work/HungYen/TaiLieu/De/De Thai Binh/BD Thai Binh/TBI_KTVHXH.TAB|geometrytype=Point" }, "geometry": { "type": "Point", "coordinates": [ 106.548345033118537, 20.578303104510596 ] } },
{ "type": "Feature", "properties": { "ID": "TBI341040den", "Ten_CT": "Đền, chùa", "Loai_CT": "Đền, chùa", "Thuoc_huyen": "H. Thái Thụy", "Thuoc_tinh": "Thái Bình", "Trong_chigioi": "", "Ngoai_baiSg": "", "layer": "TBI_KTVHXH", "path": "D:/Work/HungYen/TaiLieu/De/De Thai Binh/BD Thai Binh/TBI_KTVHXH.TAB|geometrytype=Point" }, "geometry": { "type": "Point", "coordinates": [ 106.515138005544287, 20.579095145162078 ] } },
{ "type": "Feature", "properties": { "ID": "TBI341040den", "Ten_CT": "Đền, chùa", "Loai_CT": "Đền, chùa", "Thuoc_huyen": "H. Thái Thụy", "Thuoc_tinh": "Thái Bình", "Trong_chigioi": "", "Ngoai_baiSg": "", "layer": "TBI_KTVHXH", "path": "D:/Work/HungYen/TaiLieu/De/De Thai Binh/BD Thai Binh/TBI_KTVHXH.TAB|geometrytype=Point" }, "geometry": { "type": "Point", "coordinates": [ 106.540008333622538, 20.590829695247155 ] } },
{ "type": "Feature", "properties": { "ID": "TBI341040cbac", "Ten_CT": "Chùa Bắc", "Loai_CT": "Đền, chùa", "Thuoc_huyen": "H. Thái Thụy", "Thuoc_tinh": "Thái Bình", "Trong_chigioi": "", "Ngoai_baiSg": "", "layer": "TBI_KTVHXH", "path": "D:/Work/HungYen/TaiLieu/De/De Thai Binh/BD Thai Binh/TBI_KTVHXH.TAB|geometrytype=Point" }, "geometry": { "type": "Point", "coordinates": [ 106.566162001365697, 20.593184862099211 ] } },
{ "type": "Feature", "properties": { "ID": "TBI341040den", "Ten_CT": "Đền, chùa", "Loai_CT": "Đền, chùa", "Thuoc_huyen": "H. Thái Thụy", "Thuoc_tinh": "Thái Bình", "Trong_chigioi": "", "Ngoai_baiSg": "", "layer": "TBI_KTVHXH", "path": "D:/Work/HungYen/TaiLieu/De/De Thai Binh/BD Thai Binh/TBI_KTVHXH.TAB|geometrytype=Point" }, "geometry": { "type": "Point", "coordinates": [ 106.555348336075753, 20.596121422143362 ] } },
{ "type": "Feature", "properties": { "ID": "TBI341040den", "Ten_CT": "Đền, chùa", "Loai_CT": "Đền, chùa", "Thuoc_huyen": "H. Thái Thụy", "Thuoc_tinh": "Thái Bình", "Trong_chigioi": "", "Ngoai_baiSg": "", "layer": "TBI_KTVHXH", "path": "D:/Work/HungYen/TaiLieu/De/De Thai Binh/BD Thai Binh/TBI_KTVHXH.TAB|geometrytype=Point" }, "geometry": { "type": "Point", "coordinates": [ 106.561161612379422, 20.60080089314997 ] } },
{ "type": "Feature", "properties": { "ID": "TBI341040den", "Ten_CT": "Đền, chùa", "Loai_CT": "Đền, chùa", "Thuoc_huyen": "H. Thái Thụy", "Thuoc_tinh": "Thái Bình", "Trong_chigioi": "", "Ngoai_baiSg": "", "layer": "TBI_KTVHXH", "path": "D:/Work/HungYen/TaiLieu/De/De Thai Binh/BD Thai Binh/TBI_KTVHXH.TAB|geometrytype=Point" }, "geometry": { "type": "Point", "coordinates": [ 106.595969026823767, 20.590770641283488 ] } },
{ "type": "Feature", "properties": { "ID": "TBI341040den", "Ten_CT": "Đền, chùa", "Loai_CT": "Đền, chùa", "Thuoc_huyen": "H. Thái Thụy", "Thuoc_tinh": "Thái Bình", "Trong_chigioi": "", "Ngoai_baiSg": "", "layer": "TBI_KTVHXH", "path": "D:/Work/HungYen/TaiLieu/De/De Thai Binh/BD Thai Binh/TBI_KTVHXH.TAB|geometrytype=Point" }, "geometry": { "type": "Point", "coordinates": [ 106.61407244295539, 20.60718834314395 ] } },
{ "type": "Feature", "properties": { "ID": "TBI341040den", "Ten_CT": "Đền, chùa", "Loai_CT": "Đền, chùa", "Thuoc_huyen": "H. Thái Thụy", "Thuoc_tinh": "Thái Bình", "Trong_chigioi": "", "Ngoai_baiSg": "", "layer": "TBI_KTVHXH", "path": "D:/Work/HungYen/TaiLieu/De/De Thai Binh/BD Thai Binh/TBI_KTVHXH.TAB|geometrytype=Point" }, "geometry": { "type": "Point", "coordinates": [ 106.603312045120632, 20.600016702192519 ] } },
{ "type": "Feature", "properties": { "ID": "TBI341040den", "Ten_CT": "Đền, chùa", "Loai_CT": "Đền, chùa", "Thuoc_huyen": "H. Thái Thụy", "Thuoc_tinh": "Thái Bình", "Trong_chigioi": "", "Ngoai_baiSg": "", "layer": "TBI_KTVHXH", "path": "D:/Work/HungYen/TaiLieu/De/De Thai Binh/BD Thai Binh/TBI_KTVHXH.TAB|geometrytype=Point" }, "geometry": { "type": "Point", "coordinates": [ 106.585133624791283, 20.606858495918875 ] } },
{ "type": "Feature", "properties": { "ID": "TBI341040den", "Ten_CT": "Đền, chùa", "Loai_CT": "Đền, chùa", "Thuoc_huyen": "H. Thái Thụy", "Thuoc_tinh": "Thái Bình", "Trong_chigioi": "", "Ngoai_baiSg": "", "layer": "TBI_KTVHXH", "path": "D:/Work/HungYen/TaiLieu/De/De Thai Binh/BD Thai Binh/TBI_KTVHXH.TAB|geometrytype=Point" }, "geometry": { "type": "Point", "coordinates": [ 106.60395713502534, 20.611117714135951 ] } },
{ "type": "Feature", "properties": { "ID": "TBI341040den", "Ten_CT": "Đền, chùa", "Loai_CT": "Đền, chùa", "Thuoc_huyen": "H. Thái Thụy", "Thuoc_tinh": "Thái Bình", "Trong_chigioi": "", "Ngoai_baiSg": "", "layer": "TBI_KTVHXH", "path": "D:/Work/HungYen/TaiLieu/De/De Thai Binh/BD Thai Binh/TBI_KTVHXH.TAB|geometrytype=Point" }, "geometry": { "type": "Point", "coordinates": [ 106.611787124744382, 20.611194279858982 ] } },
{ "type": "Feature", "properties": { "ID": "TBI341040cpmai", "Ten_CT": "Chùa Phương Mai", "Loai_CT": "Đền, chùa", "Thuoc_huyen": "H. Thái Thụy", "Thuoc_tinh": "Thái Bình", "Trong_chigioi": "", "Ngoai_baiSg": "", "layer": "TBI_KTVHXH", "path": "D:/Work/HungYen/TaiLieu/De/De Thai Binh/BD Thai Binh/TBI_KTVHXH.TAB|geometrytype=Point" }, "geometry": { "type": "Point", "coordinates": [ 106.582474158874916, 20.615698876373763 ] } },
{ "type": "Feature", "properties": { "ID": "TBI341040den", "Ten_CT": "Đền, chùa", "Loai_CT": "Đền, chùa", "Thuoc_huyen": "H. Thái Thụy", "Thuoc_tinh": "Thái Bình", "Trong_chigioi": "", "Ngoai_baiSg": "", "layer": "TBI_KTVHXH", "path": "D:/Work/HungYen/TaiLieu/De/De Thai Binh/BD Thai Binh/TBI_KTVHXH.TAB|geometrytype=Point" }, "geometry": { "type": "Point", "coordinates": [ 106.571806668314906, 20.61235936306317 ] } },
{ "type": "Feature", "properties": { "ID": "TBI341040den", "Ten_CT": "Đền, chùa", "Loai_CT": "Đền, chùa", "Thuoc_huyen": "H. Thái Thụy", "Thuoc_tinh": "Thái Bình", "Trong_chigioi": "", "Ngoai_baiSg": "", "layer": "TBI_KTVHXH", "path": "D:/Work/HungYen/TaiLieu/De/De Thai Binh/BD Thai Binh/TBI_KTVHXH.TAB|geometrytype=Point" }, "geometry": { "type": "Point", "coordinates": [ 106.538036173632804, 20.605142200733031 ] } },
{ "type": "Feature", "properties": { "ID": "TBI341040den", "Ten_CT": "Đền, chùa", "Loai_CT": "Đền, chùa", "Thuoc_huyen": "H. Thái Thụy", "Thuoc_tinh": "Thái Bình", "Trong_chigioi": "", "Ngoai_baiSg": "", "layer": "TBI_KTVHXH", "path": "D:/Work/HungYen/TaiLieu/De/De Thai Binh/BD Thai Binh/TBI_KTVHXH.TAB|geometrytype=Point" }, "geometry": { "type": "Point", "coordinates": [ 106.561320897682123, 20.621619182969948 ] } },
{ "type": "Feature", "properties": { "ID": "TBI341040den", "Ten_CT": "Đền, chùa", "Loai_CT": "Đền, chùa", "Thuoc_huyen": "H. Thái Thụy", "Thuoc_tinh": "Thái Bình", "Trong_chigioi": "", "Ngoai_baiSg": "", "layer": "TBI_KTVHXH", "path": "D:/Work/HungYen/TaiLieu/De/De Thai Binh/BD Thai Binh/TBI_KTVHXH.TAB|geometrytype=Point" }, "geometry": { "type": "Point", "coordinates": [ 106.527466388142741, 20.539132802973771 ] } },
{ "type": "Feature", "properties": { "ID": "TBI341040den", "Ten_CT": "Đền, chùa", "Loai_CT": "Đền, chùa", "Thuoc_huyen": "H. Thái Thụy", "Thuoc_tinh": "Thái Bình", "Trong_chigioi": "", "Ngoai_baiSg": "", "layer": "TBI_KTVHXH", "path": "D:/Work/HungYen/TaiLieu/De/De Thai Binh/BD Thai Binh/TBI_KTVHXH.TAB|geometrytype=Point" }, "geometry": { "type": "Point", "coordinates": [ 106.563152145258869, 20.507369416699827 ] } },
{ "type": "Feature", "properties": { "ID": "TBI341040den", "Ten_CT": "Đền, chùa", "Loai_CT": "Đền, chùa", "Thuoc_huyen": "H. Thái Thụy", "Thuoc_tinh": "Thái Bình", "Trong_chigioi": "", "Ngoai_baiSg": "", "layer": "TBI_KTVHXH", "path": "D:/Work/HungYen/TaiLieu/De/De Thai Binh/BD Thai Binh/TBI_KTVHXH.TAB|geometrytype=Point" }, "geometry": { "type": "Point", "coordinates": [ 106.567134375195053, 20.570678236482433 ] } },
{ "type": "Feature", "properties": { "ID": "TBI341040den", "Ten_CT": "Đền, chùa", "Loai_CT": "Đền, chùa", "Thuoc_huyen": "H. Thái Thụy", "Thuoc_tinh": "Thái Bình", "Trong_chigioi": "", "Ngoai_baiSg": "", "layer": "TBI_KTVHXH", "path": "D:/Work/HungYen/TaiLieu/De/De Thai Binh/BD Thai Binh/TBI_KTVHXH.TAB|geometrytype=Point" }, "geometry": { "type": "Point", "coordinates": [ 106.5743218430122, 20.574254698703342 ] } },
{ "type": "Feature", "properties": { "ID": "TBI341040den", "Ten_CT": "Đền, chùa", "Loai_CT": "Đền, chùa", "Thuoc_huyen": "H. Thái Thụy", "Thuoc_tinh": "Thái Bình", "Trong_chigioi": "", "Ngoai_baiSg": "", "layer": "TBI_KTVHXH", "path": "D:/Work/HungYen/TaiLieu/De/De Thai Binh/BD Thai Binh/TBI_KTVHXH.TAB|geometrytype=Point" }, "geometry": { "type": "Point", "coordinates": [ 106.568487564675465, 20.581927086002448 ] } },
{ "type": "Feature", "properties": { "ID": "TBI341040den", "Ten_CT": "Đền, chùa", "Loai_CT": "Đền, chùa", "Thuoc_huyen": "H. Thái Thụy", "Thuoc_tinh": "Thái Bình", "Trong_chigioi": "", "Ngoai_baiSg": "", "layer": "TBI_KTVHXH", "path": "D:/Work/HungYen/TaiLieu/De/De Thai Binh/BD Thai Binh/TBI_KTVHXH.TAB|geometrytype=Point" }, "geometry": { "type": "Point", "coordinates": [ 106.581933818323122, 20.573931994842926 ] } },
{ "type": "Feature", "properties": { "ID": "TBI341040den", "Ten_CT": "Đền, chùa", "Loai_CT": "Đền, chùa", "Thuoc_huyen": "H. Thái Thụy", "Thuoc_tinh": "Thái Bình", "Trong_chigioi": "", "Ngoai_baiSg": "", "layer": "TBI_KTVHXH", "path": "D:/Work/HungYen/TaiLieu/De/De Thai Binh/BD Thai Binh/TBI_KTVHXH.TAB|geometrytype=Point" }, "geometry": { "type": "Point", "coordinates": [ 106.592224852242182, 20.580795193375913 ] } },
{ "type": "Feature", "properties": { "ID": "TBI341040den", "Ten_CT": "Đền, chùa", "Loai_CT": "Đền, chùa", "Thuoc_huyen": "H. Thái Thụy", "Thuoc_tinh": "Thái Bình", "Trong_chigioi": "", "Ngoai_baiSg": "", "layer": "TBI_KTVHXH", "path": "D:/Work/HungYen/TaiLieu/De/De Thai Binh/BD Thai Binh/TBI_KTVHXH.TAB|geometrytype=Point" }, "geometry": { "type": "Point", "coordinates": [ 106.522228711529777, 20.580779397627289 ] } },
{ "type": "Feature", "properties": { "ID": "TBI341040den", "Ten_CT": "Đền, chùa", "Loai_CT": "Đền, chùa", "Thuoc_huyen": "H. Thái Thụy", "Thuoc_tinh": "Thái Bình", "Trong_chigioi": "", "Ngoai_baiSg": "", "layer": "TBI_KTVHXH", "path": "D:/Work/HungYen/TaiLieu/De/De Thai Binh/BD Thai Binh/TBI_KTVHXH.TAB|geometrytype=Point" }, "geometry": { "type": "Point", "coordinates": [ 106.531606884639331, 20.545295627591607 ] } },
{ "type": "Feature", "properties": { "ID": "TBI341040den", "Ten_CT": "Đền, chùa", "Loai_CT": "Đền, chùa", "Thuoc_huyen": "H. Thái Thụy", "Thuoc_tinh": "Thái Bình", "Trong_chigioi": "", "Ngoai_baiSg": "", "layer": "TBI_KTVHXH", "path": "D:/Work/HungYen/TaiLieu/De/De Thai Binh/BD Thai Binh/TBI_KTVHXH.TAB|geometrytype=Point" }, "geometry": { "type": "Point", "coordinates": [ 106.554869893237893, 20.564537866172746 ] } },
{ "type": "Feature", "properties": { "ID": "TBI341040den", "Ten_CT": "Đền, chùa", "Loai_CT": "Đền, chùa", "Thuoc_huyen": "H. Thái Thụy", "Thuoc_tinh": "Thái Bình", "Trong_chigioi": "", "Ngoai_baiSg": "", "layer": "TBI_KTVHXH", "path": "D:/Work/HungYen/TaiLieu/De/De Thai Binh/BD Thai Binh/TBI_KTVHXH.TAB|geometrytype=Point" }, "geometry": { "type": "Point", "coordinates": [ 106.547410276537832, 20.568743890499658 ] } },
{ "type": "Feature", "properties": { "ID": "TBI344040den", "Ten_CT": "Đền, chùa", "Loai_CT": "Đền, chùa", "Thuoc_huyen": "H. Vũ Thư", "Thuoc_tinh": "Thái Bình", "Trong_chigioi": "", "Ngoai_baiSg": "", "layer": "TBI_KTVHXH", "path": "D:/Work/HungYen/TaiLieu/De/De Thai Binh/BD Thai Binh/TBI_KTVHXH.TAB|geometrytype=Point" }, "geometry": { "type": "Point", "coordinates": [ 106.25023695340775, 20.495082577952317 ] } },
{ "type": "Feature", "properties": { "ID": "TBI344040den", "Ten_CT": "Đền, chùa", "Loai_CT": "Đền, chùa", "Thuoc_huyen": "H. Vũ Thư", "Thuoc_tinh": "Thái Bình", "Trong_chigioi": "", "Ngoai_baiSg": "", "layer": "TBI_KTVHXH", "path": "D:/Work/HungYen/TaiLieu/De/De Thai Binh/BD Thai Binh/TBI_KTVHXH.TAB|geometrytype=Point" }, "geometry": { "type": "Point", "coordinates": [ 106.265568400907995, 20.489041807890661 ] } },
{ "type": "Feature", "properties": { "ID": "TBI344040den", "Ten_CT": "Đền, chùa", "Loai_CT": "Đền, chùa", "Thuoc_huyen": "H. Vũ Thư", "Thuoc_tinh": "Thái Bình", "Trong_chigioi": "", "Ngoai_baiSg": "", "layer": "TBI_KTVHXH", "path": "D:/Work/HungYen/TaiLieu/De/De Thai Binh/BD Thai Binh/TBI_KTVHXH.TAB|geometrytype=Point" }, "geometry": { "type": "Point", "coordinates": [ 106.270513507557965, 20.493456458426575 ] } },
{ "type": "Feature", "properties": { "ID": "TBI344040den", "Ten_CT": "Đền, chùa", "Loai_CT": "Đền, chùa", "Thuoc_huyen": "H. Vũ Thư", "Thuoc_tinh": "Thái Bình", "Trong_chigioi": "", "Ngoai_baiSg": "", "layer": "TBI_KTVHXH", "path": "D:/Work/HungYen/TaiLieu/De/De Thai Binh/BD Thai Binh/TBI_KTVHXH.TAB|geometrytype=Point" }, "geometry": { "type": "Point", "coordinates": [ 106.269784059389679, 20.481907029839963 ] } },
{ "type": "Feature", "properties": { "ID": "TBI344040den", "Ten_CT": "Đền, chùa", "Loai_CT": "Đền, chùa", "Thuoc_huyen": "H. Vũ Thư", "Thuoc_tinh": "Thái Bình", "Trong_chigioi": "", "Ngoai_baiSg": "", "layer": "TBI_KTVHXH", "path": "D:/Work/HungYen/TaiLieu/De/De Thai Binh/BD Thai Binh/TBI_KTVHXH.TAB|geometrytype=Point" }, "geometry": { "type": "Point", "coordinates": [ 106.26755010603209, 20.478876091810655 ] } },
{ "type": "Feature", "properties": { "ID": "TBI344040den", "Ten_CT": "Đền, chùa", "Loai_CT": "Đền, chùa", "Thuoc_huyen": "H. Vũ Thư", "Thuoc_tinh": "Thái Bình", "Trong_chigioi": "", "Ngoai_baiSg": "", "layer": "TBI_KTVHXH", "path": "D:/Work/HungYen/TaiLieu/De/De Thai Binh/BD Thai Binh/TBI_KTVHXH.TAB|geometrytype=Point" }, "geometry": { "type": "Point", "coordinates": [ 106.300102939698959, 20.49479823908819 ] } },
{ "type": "Feature", "properties": { "ID": "TBI344040den", "Ten_CT": "Đền, chùa", "Loai_CT": "Đền, chùa", "Thuoc_huyen": "H. Vũ Thư", "Thuoc_tinh": "Thái Bình", "Trong_chigioi": "", "Ngoai_baiSg": "", "layer": "TBI_KTVHXH", "path": "D:/Work/HungYen/TaiLieu/De/De Thai Binh/BD Thai Binh/TBI_KTVHXH.TAB|geometrytype=Point" }, "geometry": { "type": "Point", "coordinates": [ 106.316284959305136, 20.496860206045938 ] } },
{ "type": "Feature", "properties": { "ID": "TBI344040den", "Ten_CT": "Đền, chùa", "Loai_CT": "Đền, chùa", "Thuoc_huyen": "H. Vũ Thư", "Thuoc_tinh": "Thái Bình", "Trong_chigioi": "", "Ngoai_baiSg": "", "layer": "TBI_KTVHXH", "path": "D:/Work/HungYen/TaiLieu/De/De Thai Binh/BD Thai Binh/TBI_KTVHXH.TAB|geometrytype=Point" }, "geometry": { "type": "Point", "coordinates": [ 106.313212663297904, 20.478459382559201 ] } },
{ "type": "Feature", "properties": { "ID": "TBI344040den", "Ten_CT": "Đền, chùa", "Loai_CT": "Đền, chùa", "Thuoc_huyen": "H. Vũ Thư", "Thuoc_tinh": "Thái Bình", "Trong_chigioi": "", "Ngoai_baiSg": "", "layer": "TBI_KTVHXH", "path": "D:/Work/HungYen/TaiLieu/De/De Thai Binh/BD Thai Binh/TBI_KTVHXH.TAB|geometrytype=Point" }, "geometry": { "type": "Point", "coordinates": [ 106.319110524008465, 20.46979455511709 ] } },
{ "type": "Feature", "properties": { "ID": "TBI336040den", "Ten_CT": "Đền, chùa", "Loai_CT": "Đền, chùa", "Thuoc_huyen": "TP. Thái Bình", "Thuoc_tinh": "Thái Bình", "Trong_chigioi": "", "Ngoai_baiSg": "", "layer": "TBI_KTVHXH", "path": "D:/Work/HungYen/TaiLieu/De/De Thai Binh/BD Thai Binh/TBI_KTVHXH.TAB|geometrytype=Point" }, "geometry": { "type": "Point", "coordinates": [ 106.319460342777816, 20.462110774133816 ] } },
{ "type": "Feature", "properties": { "ID": "TBI344040den", "Ten_CT": "Đền, chùa", "Loai_CT": "Đền, chùa", "Thuoc_huyen": "H. Vũ Thư", "Thuoc_tinh": "Thái Bình", "Trong_chigioi": "", "Ngoai_baiSg": "", "layer": "TBI_KTVHXH", "path": "D:/Work/HungYen/TaiLieu/De/De Thai Binh/BD Thai Binh/TBI_KTVHXH.TAB|geometrytype=Point" }, "geometry": { "type": "Point", "coordinates": [ 106.299714660177301, 20.477372573281112 ] } },
{ "type": "Feature", "properties": { "ID": "TBI344040den", "Ten_CT": "Đền, chùa", "Loai_CT": "Đền, chùa", "Thuoc_huyen": "H. Vũ Thư", "Thuoc_tinh": "Thái Bình", "Trong_chigioi": "", "Ngoai_baiSg": "", "layer": "TBI_KTVHXH", "path": "D:/Work/HungYen/TaiLieu/De/De Thai Binh/BD Thai Binh/TBI_KTVHXH.TAB|geometrytype=Point" }, "geometry": { "type": "Point", "coordinates": [ 106.278313773171362, 20.465960399570552 ] } },
{ "type": "Feature", "properties": { "ID": "TBI344040den", "Ten_CT": "Đền, chùa", "Loai_CT": "Đền, chùa", "Thuoc_huyen": "H. Vũ Thư", "Thuoc_tinh": "Thái Bình", "Trong_chigioi": "", "Ngoai_baiSg": "", "layer": "TBI_KTVHXH", "path": "D:/Work/HungYen/TaiLieu/De/De Thai Binh/BD Thai Binh/TBI_KTVHXH.TAB|geometrytype=Point" }, "geometry": { "type": "Point", "coordinates": [ 106.268838045042017, 20.450080616268483 ] } },
{ "type": "Feature", "properties": { "ID": "TBI344040den", "Ten_CT": "Đền, chùa", "Loai_CT": "Đền, chùa", "Thuoc_huyen": "H. Vũ Thư", "Thuoc_tinh": "Thái Bình", "Trong_chigioi": "", "Ngoai_baiSg": "", "layer": "TBI_KTVHXH", "path": "D:/Work/HungYen/TaiLieu/De/De Thai Binh/BD Thai Binh/TBI_KTVHXH.TAB|geometrytype=Point" }, "geometry": { "type": "Point", "coordinates": [ 106.297191093870737, 20.491025468766431 ] } },
{ "type": "Feature", "properties": { "ID": "TBI336040den", "Ten_CT": "Đền, chùa", "Loai_CT": "Đền, chùa", "Thuoc_huyen": "TP. Thái Bình", "Thuoc_tinh": "Thái Bình", "Trong_chigioi": "", "Ngoai_baiSg": "", "layer": "TBI_KTVHXH", "path": "D:/Work/HungYen/TaiLieu/De/De Thai Binh/BD Thai Binh/TBI_KTVHXH.TAB|geometrytype=Point" }, "geometry": { "type": "Point", "coordinates": [ 106.330159657626879, 20.472168418792936 ] } },
{ "type": "Feature", "properties": { "ID": "TBI336040den", "Ten_CT": "Đền, chùa", "Loai_CT": "Đền, chùa", "Thuoc_huyen": "TP. Thái Bình", "Thuoc_tinh": "Thái Bình", "Trong_chigioi": "", "Ngoai_baiSg": "", "layer": "TBI_KTVHXH", "path": "D:/Work/HungYen/TaiLieu/De/De Thai Binh/BD Thai Binh/TBI_KTVHXH.TAB|geometrytype=Point" }, "geometry": { "type": "Point", "coordinates": [ 106.353074857162241, 20.447186960407482 ] } },
{ "type": "Feature", "properties": { "ID": "TBI344040den", "Ten_CT": "Đền, chùa", "Loai_CT": "Đền, chùa", "Thuoc_huyen": "H. Vũ Thư", "Thuoc_tinh": "Thái Bình", "Trong_chigioi": "", "Ngoai_baiSg": "", "layer": "TBI_KTVHXH", "path": "D:/Work/HungYen/TaiLieu/De/De Thai Binh/BD Thai Binh/TBI_KTVHXH.TAB|geometrytype=Point" }, "geometry": { "type": "Point", "coordinates": [ 106.254428820199124, 20.439441554270619 ] } },
{ "type": "Feature", "properties": { "ID": "TBI340040den", "Ten_CT": "Đền, chùa", "Loai_CT": "Đền, chùa", "Thuoc_huyen": "H. Đông Hưng", "Thuoc_tinh": "Thái Bình", "Trong_chigioi": "", "Ngoai_baiSg": "", "layer": "TBI_KTVHXH", "path": "D:/Work/HungYen/TaiLieu/De/De Thai Binh/BD Thai Binh/TBI_KTVHXH.TAB|geometrytype=Point" }, "geometry": { "type": "Point", "coordinates": [ 106.339111939882073, 20.494327883051994 ] } },
{ "type": "Feature", "properties": { "ID": "TBI340040den", "Ten_CT": "Đền, chùa", "Loai_CT": "Đền, chùa", "Thuoc_huyen": "H. Đông Hưng", "Thuoc_tinh": "Thái Bình", "Trong_chigioi": "", "Ngoai_baiSg": "", "layer": "TBI_KTVHXH", "path": "D:/Work/HungYen/TaiLieu/De/De Thai Binh/BD Thai Binh/TBI_KTVHXH.TAB|geometrytype=Point" }, "geometry": { "type": "Point", "coordinates": [ 106.343081800308099, 20.495288285258866 ] } },
{ "type": "Feature", "properties": { "ID": "TBI336040den", "Ten_CT": "Đền, chùa", "Loai_CT": "Đền, chùa", "Thuoc_huyen": "TP. Thái Bình", "Thuoc_tinh": "Thái Bình", "Trong_chigioi": "", "Ngoai_baiSg": "", "layer": "TBI_KTVHXH", "path": "D:/Work/HungYen/TaiLieu/De/De Thai Binh/BD Thai Binh/TBI_KTVHXH.TAB|geometrytype=Point" }, "geometry": { "type": "Point", "coordinates": [ 106.337605040885492, 20.483800157488997 ] } },
{ "type": "Feature", "properties": { "ID": "TBI336040den", "Ten_CT": "Đền, chùa", "Loai_CT": "Đền, chùa", "Thuoc_huyen": "TP. Thái Bình", "Thuoc_tinh": "Thái Bình", "Trong_chigioi": "", "Ngoai_baiSg": "", "layer": "TBI_KTVHXH", "path": "D:/Work/HungYen/TaiLieu/De/De Thai Binh/BD Thai Binh/TBI_KTVHXH.TAB|geometrytype=Point" }, "geometry": { "type": "Point", "coordinates": [ 106.33473284578946, 20.477638701970367 ] } },
{ "type": "Feature", "properties": { "ID": "TBI336040den", "Ten_CT": "Đền, chùa", "Loai_CT": "Đền, chùa", "Thuoc_huyen": "TP. Thái Bình", "Thuoc_tinh": "Thái Bình", "Trong_chigioi": "", "Ngoai_baiSg": "", "layer": "TBI_KTVHXH", "path": "D:/Work/HungYen/TaiLieu/De/De Thai Binh/BD Thai Binh/TBI_KTVHXH.TAB|geometrytype=Point" }, "geometry": { "type": "Point", "coordinates": [ 106.346312213822856, 20.470460604968988 ] } },
{ "type": "Feature", "properties": { "ID": "TBI336040den", "Ten_CT": "Đền, chùa", "Loai_CT": "Đền, chùa", "Thuoc_huyen": "TP. Thái Bình", "Thuoc_tinh": "Thái Bình", "Trong_chigioi": "", "Ngoai_baiSg": "", "layer": "TBI_KTVHXH", "path": "D:/Work/HungYen/TaiLieu/De/De Thai Binh/BD Thai Binh/TBI_KTVHXH.TAB|geometrytype=Point" }, "geometry": { "type": "Point", "coordinates": [ 106.356384288777235, 20.472957156936765 ] } },
{ "type": "Feature", "properties": { "ID": "TBI340040den", "Ten_CT": "Đền, chùa", "Loai_CT": "Đền, chùa", "Thuoc_huyen": "H. Đông Hưng", "Thuoc_tinh": "Thái Bình", "Trong_chigioi": "", "Ngoai_baiSg": "", "layer": "TBI_KTVHXH", "path": "D:/Work/HungYen/TaiLieu/De/De Thai Binh/BD Thai Binh/TBI_KTVHXH.TAB|geometrytype=Point" }, "geometry": { "type": "Point", "coordinates": [ 106.361285979197092, 20.498813973718626 ] } },
{ "type": "Feature", "properties": { "ID": "TBI340040den", "Ten_CT": "Đền, chùa", "Loai_CT": "Đền, chùa", "Thuoc_huyen": "H. Đông Hưng", "Thuoc_tinh": "Thái Bình", "Trong_chigioi": "", "Ngoai_baiSg": "", "layer": "TBI_KTVHXH", "path": "D:/Work/HungYen/TaiLieu/De/De Thai Binh/BD Thai Binh/TBI_KTVHXH.TAB|geometrytype=Point" }, "geometry": { "type": "Point", "coordinates": [ 106.394078779170883, 20.497101786329612 ] } },
{ "type": "Feature", "properties": { "ID": "TBI340040den", "Ten_CT": "Đền, chùa", "Loai_CT": "Đền, chùa", "Thuoc_huyen": "H. Đông Hưng", "Thuoc_tinh": "Thái Bình", "Trong_chigioi": "", "Ngoai_baiSg": "", "layer": "TBI_KTVHXH", "path": "D:/Work/HungYen/TaiLieu/De/De Thai Binh/BD Thai Binh/TBI_KTVHXH.TAB|geometrytype=Point" }, "geometry": { "type": "Point", "coordinates": [ 106.399888493429401, 20.494475797815586 ] } },
{ "type": "Feature", "properties": { "ID": "TBI341040den", "Ten_CT": "Đền, chùa", "Loai_CT": "Đền, chùa", "Thuoc_huyen": "H. Thái Thụy", "Thuoc_tinh": "Thái Bình", "Trong_chigioi": "", "Ngoai_baiSg": "", "layer": "TBI_KTVHXH", "path": "D:/Work/HungYen/TaiLieu/De/De Thai Binh/BD Thai Binh/TBI_KTVHXH.TAB|geometrytype=Point" }, "geometry": { "type": "Point", "coordinates": [ 106.441482580465063, 20.496203554866344 ] } },
{ "type": "Feature", "properties": { "ID": "TBI341040den", "Ten_CT": "Đền, chùa", "Loai_CT": "Đền, chùa", "Thuoc_huyen": "H. Thái Thụy", "Thuoc_tinh": "Thái Bình", "Trong_chigioi": "", "Ngoai_baiSg": "", "layer": "TBI_KTVHXH", "path": "D:/Work/HungYen/TaiLieu/De/De Thai Binh/BD Thai Binh/TBI_KTVHXH.TAB|geometrytype=Point" }, "geometry": { "type": "Point", "coordinates": [ 106.4489831702613, 20.492166259776145 ] } },
{ "type": "Feature", "properties": { "ID": "TBI341040den", "Ten_CT": "Đền, chùa", "Loai_CT": "Đền, chùa", "Thuoc_huyen": "H. Thái Thụy", "Thuoc_tinh": "Thái Bình", "Trong_chigioi": "", "Ngoai_baiSg": "", "layer": "TBI_KTVHXH", "path": "D:/Work/HungYen/TaiLieu/De/De Thai Binh/BD Thai Binh/TBI_KTVHXH.TAB|geometrytype=Point" }, "geometry": { "type": "Point", "coordinates": [ 106.495911210700555, 20.488025271409935 ] } },
{ "type": "Feature", "properties": { "ID": "TBI341040den", "Ten_CT": "Đền, chùa", "Loai_CT": "Đền, chùa", "Thuoc_huyen": "H. Thái Thụy", "Thuoc_tinh": "Thái Bình", "Trong_chigioi": "", "Ngoai_baiSg": "", "layer": "TBI_KTVHXH", "path": "D:/Work/HungYen/TaiLieu/De/De Thai Binh/BD Thai Binh/TBI_KTVHXH.TAB|geometrytype=Point" }, "geometry": { "type": "Point", "coordinates": [ 106.491085216174, 20.477908911291333 ] } },
{ "type": "Feature", "properties": { "ID": "TBI341040den", "Ten_CT": "Đền, chùa", "Loai_CT": "Đền, chùa", "Thuoc_huyen": "H. Thái Thụy", "Thuoc_tinh": "Thái Bình", "Trong_chigioi": "", "Ngoai_baiSg": "", "layer": "TBI_KTVHXH", "path": "D:/Work/HungYen/TaiLieu/De/De Thai Binh/BD Thai Binh/TBI_KTVHXH.TAB|geometrytype=Point" }, "geometry": { "type": "Point", "coordinates": [ 106.483414318402239, 20.474526784220853 ] } },
{ "type": "Feature", "properties": { "ID": "TBI341040den", "Ten_CT": "Đền, chùa", "Loai_CT": "Đền, chùa", "Thuoc_huyen": "H. Thái Thụy", "Thuoc_tinh": "Thái Bình", "Trong_chigioi": "", "Ngoai_baiSg": "", "layer": "TBI_KTVHXH", "path": "D:/Work/HungYen/TaiLieu/De/De Thai Binh/BD Thai Binh/TBI_KTVHXH.TAB|geometrytype=Point" }, "geometry": { "type": "Point", "coordinates": [ 106.474523252097114, 20.464663594976603 ] } },
{ "type": "Feature", "properties": { "ID": "TBI342040den", "Ten_CT": "Đền, chùa", "Loai_CT": "Đền, chùa", "Thuoc_huyen": "H. Tiền Hải", "Thuoc_tinh": "Thái Bình", "Trong_chigioi": "", "Ngoai_baiSg": "", "layer": "TBI_KTVHXH", "path": "D:/Work/HungYen/TaiLieu/De/De Thai Binh/BD Thai Binh/TBI_KTVHXH.TAB|geometrytype=Point" }, "geometry": { "type": "Point", "coordinates": [ 106.487897812139934, 20.433756481996724 ] } },
{ "type": "Feature", "properties": { "ID": "TBI342040den", "Ten_CT": "Đền, chùa", "Loai_CT": "Đền, chùa", "Thuoc_huyen": "H. Tiền Hải", "Thuoc_tinh": "Thái Bình", "Trong_chigioi": "", "Ngoai_baiSg": "", "layer": "TBI_KTVHXH", "path": "D:/Work/HungYen/TaiLieu/De/De Thai Binh/BD Thai Binh/TBI_KTVHXH.TAB|geometrytype=Point" }, "geometry": { "type": "Point", "coordinates": [ 106.488458824815552, 20.431563037208697 ] } },
{ "type": "Feature", "properties": { "ID": "TBI342040den", "Ten_CT": "Đền, chùa", "Loai_CT": "Đền, chùa", "Thuoc_huyen": "H. Tiền Hải", "Thuoc_tinh": "Thái Bình", "Trong_chigioi": "", "Ngoai_baiSg": "", "layer": "TBI_KTVHXH", "path": "D:/Work/HungYen/TaiLieu/De/De Thai Binh/BD Thai Binh/TBI_KTVHXH.TAB|geometrytype=Point" }, "geometry": { "type": "Point", "coordinates": [ 106.481747985327132, 20.426665259769312 ] } },
{ "type": "Feature", "properties": { "ID": "TBI342040den", "Ten_CT": "Đền, chùa", "Loai_CT": "Đền, chùa", "Thuoc_huyen": "H. Tiền Hải", "Thuoc_tinh": "Thái Bình", "Trong_chigioi": "", "Ngoai_baiSg": "", "layer": "TBI_KTVHXH", "path": "D:/Work/HungYen/TaiLieu/De/De Thai Binh/BD Thai Binh/TBI_KTVHXH.TAB|geometrytype=Point" }, "geometry": { "type": "Point", "coordinates": [ 106.473954947344652, 20.421031509672904 ] } },
{ "type": "Feature", "properties": { "ID": "TBI343040den", "Ten_CT": "Đền, chùa", "Loai_CT": "Đền, chùa", "Thuoc_huyen": "H. Kiến Xương", "Thuoc_tinh": "Thái Bình", "Trong_chigioi": "", "Ngoai_baiSg": "", "layer": "TBI_KTVHXH", "path": "D:/Work/HungYen/TaiLieu/De/De Thai Binh/BD Thai Binh/TBI_KTVHXH.TAB|geometrytype=Point" }, "geometry": { "type": "Point", "coordinates": [ 106.470978359398629, 20.429692261541174 ] } },
{ "type": "Feature", "properties": { "ID": "TBI343040den", "Ten_CT": "Đền, chùa", "Loai_CT": "Đền, chùa", "Thuoc_huyen": "H. Kiến Xương", "Thuoc_tinh": "Thái Bình", "Trong_chigioi": "", "Ngoai_baiSg": "", "layer": "TBI_KTVHXH", "path": "D:/Work/HungYen/TaiLieu/De/De Thai Binh/BD Thai Binh/TBI_KTVHXH.TAB|geometrytype=Point" }, "geometry": { "type": "Point", "coordinates": [ 106.470478265654805, 20.47199276557518 ] } },
{ "type": "Feature", "properties": { "ID": "TBI343040den", "Ten_CT": "Đền, chùa", "Loai_CT": "Đền, chùa", "Thuoc_huyen": "H. Kiến Xương", "Thuoc_tinh": "Thái Bình", "Trong_chigioi": "", "Ngoai_baiSg": "", "layer": "TBI_KTVHXH", "path": "D:/Work/HungYen/TaiLieu/De/De Thai Binh/BD Thai Binh/TBI_KTVHXH.TAB|geometrytype=Point" }, "geometry": { "type": "Point", "coordinates": [ 106.462924253466454, 20.460030947923144 ] } },
{ "type": "Feature", "properties": { "ID": "TBI343040den", "Ten_CT": "Đền, chùa", "Loai_CT": "Đền, chùa", "Thuoc_huyen": "H. Kiến Xương", "Thuoc_tinh": "Thái Bình", "Trong_chigioi": "", "Ngoai_baiSg": "", "layer": "TBI_KTVHXH", "path": "D:/Work/HungYen/TaiLieu/De/De Thai Binh/BD Thai Binh/TBI_KTVHXH.TAB|geometrytype=Point" }, "geometry": { "type": "Point", "coordinates": [ 106.462391232401174, 20.451690834421104 ] } },
{ "type": "Feature", "properties": { "ID": "TBI343040den", "Ten_CT": "Đền, chùa", "Loai_CT": "Đền, chùa", "Thuoc_huyen": "H. Kiến Xương", "Thuoc_tinh": "Thái Bình", "Trong_chigioi": "", "Ngoai_baiSg": "", "layer": "TBI_KTVHXH", "path": "D:/Work/HungYen/TaiLieu/De/De Thai Binh/BD Thai Binh/TBI_KTVHXH.TAB|geometrytype=Point" }, "geometry": { "type": "Point", "coordinates": [ 106.466529814459449, 20.424554668093563 ] } },
{ "type": "Feature", "properties": { "ID": "TBI343040den", "Ten_CT": "Đền, chùa", "Loai_CT": "Đền, chùa", "Thuoc_huyen": "H. Kiến Xương", "Thuoc_tinh": "Thái Bình", "Trong_chigioi": "", "Ngoai_baiSg": "", "layer": "TBI_KTVHXH", "path": "D:/Work/HungYen/TaiLieu/De/De Thai Binh/BD Thai Binh/TBI_KTVHXH.TAB|geometrytype=Point" }, "geometry": { "type": "Point", "coordinates": [ 106.424321859038216, 20.397558695262067 ] } },
{ "type": "Feature", "properties": { "ID": "TBI343040den", "Ten_CT": "Đền, chùa", "Loai_CT": "Đền, chùa", "Thuoc_huyen": "H. Kiến Xương", "Thuoc_tinh": "Thái Bình", "Trong_chigioi": "", "Ngoai_baiSg": "", "layer": "TBI_KTVHXH", "path": "D:/Work/HungYen/TaiLieu/De/De Thai Binh/BD Thai Binh/TBI_KTVHXH.TAB|geometrytype=Point" }, "geometry": { "type": "Point", "coordinates": [ 106.423293291614556, 20.387597539543126 ] } },
{ "type": "Feature", "properties": { "ID": "TBI343040den", "Ten_CT": "Đền, chùa", "Loai_CT": "Đền, chùa", "Thuoc_huyen": "H. Kiến Xương", "Thuoc_tinh": "Thái Bình", "Trong_chigioi": "", "Ngoai_baiSg": "", "layer": "TBI_KTVHXH", "path": "D:/Work/HungYen/TaiLieu/De/De Thai Binh/BD Thai Binh/TBI_KTVHXH.TAB|geometrytype=Point" }, "geometry": { "type": "Point", "coordinates": [ 106.44826175854169, 20.386442217419198 ] } },
{ "type": "Feature", "properties": { "ID": "TBI343040den", "Ten_CT": "Đền, chùa", "Loai_CT": "Đền, chùa", "Thuoc_huyen": "H. Kiến Xương", "Thuoc_tinh": "Thái Bình", "Trong_chigioi": "", "Ngoai_baiSg": "", "layer": "TBI_KTVHXH", "path": "D:/Work/HungYen/TaiLieu/De/De Thai Binh/BD Thai Binh/TBI_KTVHXH.TAB|geometrytype=Point" }, "geometry": { "type": "Point", "coordinates": [ 106.473845738025844, 20.390381358504559 ] } },
{ "type": "Feature", "properties": { "ID": "TBI342040den", "Ten_CT": "Đền, chùa", "Loai_CT": "Đền, chùa", "Thuoc_huyen": "H. Tiền Hải", "Thuoc_tinh": "Thái Bình", "Trong_chigioi": "", "Ngoai_baiSg": "", "layer": "TBI_KTVHXH", "path": "D:/Work/HungYen/TaiLieu/De/De Thai Binh/BD Thai Binh/TBI_KTVHXH.TAB|geometrytype=Point" }, "geometry": { "type": "Point", "coordinates": [ 106.481037784994726, 20.396241201808614 ] } },
{ "type": "Feature", "properties": { "ID": "TBI342040den", "Ten_CT": "Đền, chùa", "Loai_CT": "Đền, chùa", "Thuoc_huyen": "H. Tiền Hải", "Thuoc_tinh": "Thái Bình", "Trong_chigioi": "", "Ngoai_baiSg": "", "layer": "TBI_KTVHXH", "path": "D:/Work/HungYen/TaiLieu/De/De Thai Binh/BD Thai Binh/TBI_KTVHXH.TAB|geometrytype=Point" }, "geometry": { "type": "Point", "coordinates": [ 106.4809299224749, 20.384068098421395 ] } },
{ "type": "Feature", "properties": { "ID": "TBI342040den", "Ten_CT": "Đền, chùa", "Loai_CT": "Đền, chùa", "Thuoc_huyen": "H. Tiền Hải", "Thuoc_tinh": "Thái Bình", "Trong_chigioi": "", "Ngoai_baiSg": "", "layer": "TBI_KTVHXH", "path": "D:/Work/HungYen/TaiLieu/De/De Thai Binh/BD Thai Binh/TBI_KTVHXH.TAB|geometrytype=Point" }, "geometry": { "type": "Point", "coordinates": [ 106.484465778091717, 20.390860590466254 ] } },
{ "type": "Feature", "properties": { "ID": "TBI342040den", "Ten_CT": "Đền, chùa", "Loai_CT": "Đền, chùa", "Thuoc_huyen": "H. Tiền Hải", "Thuoc_tinh": "Thái Bình", "Trong_chigioi": "", "Ngoai_baiSg": "", "layer": "TBI_KTVHXH", "path": "D:/Work/HungYen/TaiLieu/De/De Thai Binh/BD Thai Binh/TBI_KTVHXH.TAB|geometrytype=Point" }, "geometry": { "type": "Point", "coordinates": [ 106.489066517702426, 20.385678958142304 ] } },
{ "type": "Feature", "properties": { "ID": "TBI342040den", "Ten_CT": "Đền, chùa", "Loai_CT": "Đền, chùa", "Thuoc_huyen": "H. Tiền Hải", "Thuoc_tinh": "Thái Bình", "Trong_chigioi": "", "Ngoai_baiSg": "", "layer": "TBI_KTVHXH", "path": "D:/Work/HungYen/TaiLieu/De/De Thai Binh/BD Thai Binh/TBI_KTVHXH.TAB|geometrytype=Point" }, "geometry": { "type": "Point", "coordinates": [ 106.486585547769494, 20.381620199576915 ] } },
{ "type": "Feature", "properties": { "ID": "TBI342040den", "Ten_CT": "Đền, chùa", "Loai_CT": "Đền, chùa", "Thuoc_huyen": "H. Tiền Hải", "Thuoc_tinh": "Thái Bình", "Trong_chigioi": "", "Ngoai_baiSg": "", "layer": "TBI_KTVHXH", "path": "D:/Work/HungYen/TaiLieu/De/De Thai Binh/BD Thai Binh/TBI_KTVHXH.TAB|geometrytype=Point" }, "geometry": { "type": "Point", "coordinates": [ 106.486856484161393, 20.334187948516412 ] } },
{ "type": "Feature", "properties": { "ID": "TBI342040den", "Ten_CT": "Đền, chùa", "Loai_CT": "Đền, chùa", "Thuoc_huyen": "H. Tiền Hải", "Thuoc_tinh": "Thái Bình", "Trong_chigioi": "", "Ngoai_baiSg": "", "layer": "TBI_KTVHXH", "path": "D:/Work/HungYen/TaiLieu/De/De Thai Binh/BD Thai Binh/TBI_KTVHXH.TAB|geometrytype=Point" }, "geometry": { "type": "Point", "coordinates": [ 106.490179063960667, 20.340302323499294 ] } },
{ "type": "Feature", "properties": { "ID": "TBI342040den", "Ten_CT": "Đền, chùa", "Loai_CT": "Đền, chùa", "Thuoc_huyen": "H. Tiền Hải", "Thuoc_tinh": "Thái Bình", "Trong_chigioi": "", "Ngoai_baiSg": "", "layer": "TBI_KTVHXH", "path": "D:/Work/HungYen/TaiLieu/De/De Thai Binh/BD Thai Binh/TBI_KTVHXH.TAB|geometrytype=Point" }, "geometry": { "type": "Point", "coordinates": [ 106.471563014728574, 20.340936924150711 ] } },
{ "type": "Feature", "properties": { "ID": "TBI343040den", "Ten_CT": "Đền, chùa", "Loai_CT": "Đền, chùa", "Thuoc_huyen": "H. Kiến Xương", "Thuoc_tinh": "Thái Bình", "Trong_chigioi": "", "Ngoai_baiSg": "", "layer": "TBI_KTVHXH", "path": "D:/Work/HungYen/TaiLieu/De/De Thai Binh/BD Thai Binh/TBI_KTVHXH.TAB|geometrytype=Point" }, "geometry": { "type": "Point", "coordinates": [ 106.46194983955985, 20.389550905669129 ] } },
{ "type": "Feature", "properties": { "ID": "TBI344040den", "Ten_CT": "Đền, chùa", "Loai_CT": "Đền, chùa", "Thuoc_huyen": "H. Vũ Thư", "Thuoc_tinh": "Thái Bình", "Trong_chigioi": "", "Ngoai_baiSg": "", "layer": "TBI_KTVHXH", "path": "D:/Work/HungYen/TaiLieu/De/De Thai Binh/BD Thai Binh/TBI_KTVHXH.TAB|geometrytype=Point" }, "geometry": { "type": "Point", "coordinates": [ 106.257312143021693, 20.344517409118726 ] } },
{ "type": "Feature", "properties": { "ID": "TBI344040den", "Ten_CT": "Đền, chùa", "Loai_CT": "Đền, chùa", "Thuoc_huyen": "H. Vũ Thư", "Thuoc_tinh": "Thái Bình", "Trong_chigioi": "", "Ngoai_baiSg": "", "layer": "TBI_KTVHXH", "path": "D:/Work/HungYen/TaiLieu/De/De Thai Binh/BD Thai Binh/TBI_KTVHXH.TAB|geometrytype=Point" }, "geometry": { "type": "Point", "coordinates": [ 106.267959175367494, 20.350337912945193 ] } },
{ "type": "Feature", "properties": { "ID": "TBI344040den", "Ten_CT": "Đền, chùa", "Loai_CT": "Đền, chùa", "Thuoc_huyen": "H. Vũ Thư", "Thuoc_tinh": "Thái Bình", "Trong_chigioi": "", "Ngoai_baiSg": "", "layer": "TBI_KTVHXH", "path": "D:/Work/HungYen/TaiLieu/De/De Thai Binh/BD Thai Binh/TBI_KTVHXH.TAB|geometrytype=Point" }, "geometry": { "type": "Point", "coordinates": [ 106.272291429570913, 20.359986466282241 ] } },
{ "type": "Feature", "properties": { "ID": "TBI344040den", "Ten_CT": "Đền, chùa", "Loai_CT": "Đền, chùa", "Thuoc_huyen": "H. Vũ Thư", "Thuoc_tinh": "Thái Bình", "Trong_chigioi": "", "Ngoai_baiSg": "", "layer": "TBI_KTVHXH", "path": "D:/Work/HungYen/TaiLieu/De/De Thai Binh/BD Thai Binh/TBI_KTVHXH.TAB|geometrytype=Point" }, "geometry": { "type": "Point", "coordinates": [ 106.283709743023152, 20.361588829787902 ] } },
{ "type": "Feature", "properties": { "ID": "TBI344040den", "Ten_CT": "Đền, chùa", "Loai_CT": "Đền, chùa", "Thuoc_huyen": "H. Vũ Thư", "Thuoc_tinh": "Thái Bình", "Trong_chigioi": "", "Ngoai_baiSg": "", "layer": "TBI_KTVHXH", "path": "D:/Work/HungYen/TaiLieu/De/De Thai Binh/BD Thai Binh/TBI_KTVHXH.TAB|geometrytype=Point" }, "geometry": { "type": "Point", "coordinates": [ 106.250177582503767, 20.411914407760165 ] } },
{ "type": "Feature", "properties": { "ID": "TBI344040den", "Ten_CT": "Đền, chùa", "Loai_CT": "Đền, chùa", "Thuoc_huyen": "H. Vũ Thư", "Thuoc_tinh": "Thái Bình", "Trong_chigioi": "", "Ngoai_baiSg": "", "layer": "TBI_KTVHXH", "path": "D:/Work/HungYen/TaiLieu/De/De Thai Binh/BD Thai Binh/TBI_KTVHXH.TAB|geometrytype=Point" }, "geometry": { "type": "Point", "coordinates": [ 106.25302426004734, 20.417893304442465 ] } },
{ "type": "Feature", "properties": { "ID": "TBI344040den", "Ten_CT": "Đền, chùa", "Loai_CT": "Đền, chùa", "Thuoc_huyen": "H. Vũ Thư", "Thuoc_tinh": "Thái Bình", "Trong_chigioi": "", "Ngoai_baiSg": "", "layer": "TBI_KTVHXH", "path": "D:/Work/HungYen/TaiLieu/De/De Thai Binh/BD Thai Binh/TBI_KTVHXH.TAB|geometrytype=Point" }, "geometry": { "type": "Point", "coordinates": [ 106.281154782733225, 20.370727021882171 ] } },
{ "type": "Feature", "properties": { "ID": "TBI344040den", "Ten_CT": "Đền, chùa", "Loai_CT": "Đền, chùa", "Thuoc_huyen": "H. Vũ Thư", "Thuoc_tinh": "Thái Bình", "Trong_chigioi": "", "Ngoai_baiSg": "", "layer": "TBI_KTVHXH", "path": "D:/Work/HungYen/TaiLieu/De/De Thai Binh/BD Thai Binh/TBI_KTVHXH.TAB|geometrytype=Point" }, "geometry": { "type": "Point", "coordinates": [ 106.287994168348533, 20.379870610170599 ] } },
{ "type": "Feature", "properties": { "ID": "TBI344040den", "Ten_CT": "Đền, chùa", "Loai_CT": "Đền, chùa", "Thuoc_huyen": "H. Vũ Thư", "Thuoc_tinh": "Thái Bình", "Trong_chigioi": "", "Ngoai_baiSg": "", "layer": "TBI_KTVHXH", "path": "D:/Work/HungYen/TaiLieu/De/De Thai Binh/BD Thai Binh/TBI_KTVHXH.TAB|geometrytype=Point" }, "geometry": { "type": "Point", "coordinates": [ 106.286753293012225, 20.3999662838315 ] } },
{ "type": "Feature", "properties": { "ID": "TBI344040den", "Ten_CT": "Đền, chùa", "Loai_CT": "Đền, chùa", "Thuoc_huyen": "H. Vũ Thư", "Thuoc_tinh": "Thái Bình", "Trong_chigioi": "", "Ngoai_baiSg": "", "layer": "TBI_KTVHXH", "path": "D:/Work/HungYen/TaiLieu/De/De Thai Binh/BD Thai Binh/TBI_KTVHXH.TAB|geometrytype=Point" }, "geometry": { "type": "Point", "coordinates": [ 106.266544716998652, 20.425986262959345 ] } },
{ "type": "Feature", "properties": { "ID": "TBI344040den", "Ten_CT": "Đền, chùa", "Loai_CT": "Đền, chùa", "Thuoc_huyen": "H. Vũ Thư", "Thuoc_tinh": "Thái Bình", "Trong_chigioi": "", "Ngoai_baiSg": "", "layer": "TBI_KTVHXH", "path": "D:/Work/HungYen/TaiLieu/De/De Thai Binh/BD Thai Binh/TBI_KTVHXH.TAB|geometrytype=Point" }, "geometry": { "type": "Point", "coordinates": [ 106.282975365629326, 20.425540192287723 ] } },
{ "type": "Feature", "properties": { "ID": "TBI344040den", "Ten_CT": "Đền, chùa", "Loai_CT": "Đền, chùa", "Thuoc_huyen": "H. Vũ Thư", "Thuoc_tinh": "Thái Bình", "Trong_chigioi": "", "Ngoai_baiSg": "", "layer": "TBI_KTVHXH", "path": "D:/Work/HungYen/TaiLieu/De/De Thai Binh/BD Thai Binh/TBI_KTVHXH.TAB|geometrytype=Point" }, "geometry": { "type": "Point", "coordinates": [ 106.293066593320063, 20.408596498100067 ] } },
{ "type": "Feature", "properties": { "ID": "TBI336040den", "Ten_CT": "Đền, chùa", "Loai_CT": "Đền, chùa", "Thuoc_huyen": "TP. Thái Bình", "Thuoc_tinh": "Thái Bình", "Trong_chigioi": "", "Ngoai_baiSg": "", "layer": "TBI_KTVHXH", "path": "D:/Work/HungYen/TaiLieu/De/De Thai Binh/BD Thai Binh/TBI_KTVHXH.TAB|geometrytype=Point" }, "geometry": { "type": "Point", "coordinates": [ 106.354992093126285, 20.428967804747014 ] } },
{ "type": "Feature", "properties": { "ID": "TBI344040den", "Ten_CT": "Đền, chùa", "Loai_CT": "Đền, chùa", "Thuoc_huyen": "H. Vũ Thư", "Thuoc_tinh": "Thái Bình", "Trong_chigioi": "", "Ngoai_baiSg": "", "layer": "TBI_KTVHXH", "path": "D:/Work/HungYen/TaiLieu/De/De Thai Binh/BD Thai Binh/TBI_KTVHXH.TAB|geometrytype=Point" }, "geometry": { "type": "Point", "coordinates": [ 106.306409076786451, 20.3681140306551 ] } },
{ "type": "Feature", "properties": { "ID": "TBI344040den", "Ten_CT": "Đền, chùa", "Loai_CT": "Đền, chùa", "Thuoc_huyen": "H. Vũ Thư", "Thuoc_tinh": "Thái Bình", "Trong_chigioi": "", "Ngoai_baiSg": "", "layer": "TBI_KTVHXH", "path": "D:/Work/HungYen/TaiLieu/De/De Thai Binh/BD Thai Binh/TBI_KTVHXH.TAB|geometrytype=Point" }, "geometry": { "type": "Point", "coordinates": [ 106.304012344391012, 20.382725320665358 ] } },
{ "type": "Feature", "properties": { "ID": "TBI343040den", "Ten_CT": "Đền, chùa", "Loai_CT": "Đền, chùa", "Thuoc_huyen": "H. Kiến Xương", "Thuoc_tinh": "Thái Bình", "Trong_chigioi": "", "Ngoai_baiSg": "", "layer": "TBI_KTVHXH", "path": "D:/Work/HungYen/TaiLieu/De/De Thai Binh/BD Thai Binh/TBI_KTVHXH.TAB|geometrytype=Point" }, "geometry": { "type": "Point", "coordinates": [ 106.372207742953478, 20.358570441035639 ] } },
{ "type": "Feature", "properties": { "ID": "TBI336040den", "Ten_CT": "Đền, chùa", "Loai_CT": "Đền, chùa", "Thuoc_huyen": "TP. Thái Bình", "Thuoc_tinh": "Thái Bình", "Trong_chigioi": "", "Ngoai_baiSg": "", "layer": "TBI_KTVHXH", "path": "D:/Work/HungYen/TaiLieu/De/De Thai Binh/BD Thai Binh/TBI_KTVHXH.TAB|geometrytype=Point" }, "geometry": { "type": "Point", "coordinates": [ 106.365409205911433, 20.439851606745336 ] } },
{ "type": "Feature", "properties": { "ID": "TBI344040den", "Ten_CT": "Đền, chùa", "Loai_CT": "Đền, chùa", "Thuoc_huyen": "H. Vũ Thư", "Thuoc_tinh": "Thái Bình", "Trong_chigioi": "", "Ngoai_baiSg": "", "layer": "TBI_KTVHXH", "path": "D:/Work/HungYen/TaiLieu/De/De Thai Binh/BD Thai Binh/TBI_KTVHXH.TAB|geometrytype=Point" }, "geometry": { "type": "Point", "coordinates": [ 106.359452980149484, 20.423660514272008 ] } },
{ "type": "Feature", "properties": { "ID": "TBI344040den", "Ten_CT": "Đền, chùa", "Loai_CT": "Đền, chùa", "Thuoc_huyen": "H. Vũ Thư", "Thuoc_tinh": "Thái Bình", "Trong_chigioi": "", "Ngoai_baiSg": "", "layer": "TBI_KTVHXH", "path": "D:/Work/HungYen/TaiLieu/De/De Thai Binh/BD Thai Binh/TBI_KTVHXH.TAB|geometrytype=Point" }, "geometry": { "type": "Point", "coordinates": [ 106.351217892534038, 20.414550593430913 ] } },
{ "type": "Feature", "properties": { "ID": "TBI344040den", "Ten_CT": "Đền, chùa", "Loai_CT": "Đền, chùa", "Thuoc_huyen": "H. Vũ Thư", "Thuoc_tinh": "Thái Bình", "Trong_chigioi": "", "Ngoai_baiSg": "", "layer": "TBI_KTVHXH", "path": "D:/Work/HungYen/TaiLieu/De/De Thai Binh/BD Thai Binh/TBI_KTVHXH.TAB|geometrytype=Point" }, "geometry": { "type": "Point", "coordinates": [ 106.347562820368495, 20.368952662527139 ] } },
{ "type": "Feature", "properties": { "ID": "TBI344040den", "Ten_CT": "Đền, chùa", "Loai_CT": "Đền, chùa", "Thuoc_huyen": "H. Vũ Thư", "Thuoc_tinh": "Thái Bình", "Trong_chigioi": "", "Ngoai_baiSg": "", "layer": "TBI_KTVHXH", "path": "D:/Work/HungYen/TaiLieu/De/De Thai Binh/BD Thai Binh/TBI_KTVHXH.TAB|geometrytype=Point" }, "geometry": { "type": "Point", "coordinates": [ 106.319753375313923, 20.388676557728342 ] } },
{ "type": "Feature", "properties": { "ID": "TBI344040den", "Ten_CT": "Đền, chùa", "Loai_CT": "Đền, chùa", "Thuoc_huyen": "H. Vũ Thư", "Thuoc_tinh": "Thái Bình", "Trong_chigioi": "", "Ngoai_baiSg": "", "layer": "TBI_KTVHXH", "path": "D:/Work/HungYen/TaiLieu/De/De Thai Binh/BD Thai Binh/TBI_KTVHXH.TAB|geometrytype=Point" }, "geometry": { "type": "Point", "coordinates": [ 106.336708028664077, 20.38340168929637 ] } },
{ "type": "Feature", "properties": { "ID": "TBI343040den", "Ten_CT": "Đền, chùa", "Loai_CT": "Đền, chùa", "Thuoc_huyen": "H. Kiến Xương", "Thuoc_tinh": "Thái Bình", "Trong_chigioi": "", "Ngoai_baiSg": "", "layer": "TBI_KTVHXH", "path": "D:/Work/HungYen/TaiLieu/De/De Thai Binh/BD Thai Binh/TBI_KTVHXH.TAB|geometrytype=Point" }, "geometry": { "type": "Point", "coordinates": [ 106.420786457371335, 20.334141942356734 ] } },
{ "type": "Feature", "properties": { "ID": "TBI343040den", "Ten_CT": "Đền, chùa", "Loai_CT": "Đền, chùa", "Thuoc_huyen": "H. Kiến Xương", "Thuoc_tinh": "Thái Bình", "Trong_chigioi": "", "Ngoai_baiSg": "", "layer": "TBI_KTVHXH", "path": "D:/Work/HungYen/TaiLieu/De/De Thai Binh/BD Thai Binh/TBI_KTVHXH.TAB|geometrytype=Point" }, "geometry": { "type": "Point", "coordinates": [ 106.437449021296743, 20.341410818042508 ] } },
{ "type": "Feature", "properties": { "ID": "TBI343040den", "Ten_CT": "Đền, chùa", "Loai_CT": "Đền, chùa", "Thuoc_huyen": "H. Kiến Xương", "Thuoc_tinh": "Thái Bình", "Trong_chigioi": "", "Ngoai_baiSg": "", "layer": "TBI_KTVHXH", "path": "D:/Work/HungYen/TaiLieu/De/De Thai Binh/BD Thai Binh/TBI_KTVHXH.TAB|geometrytype=Point" }, "geometry": { "type": "Point", "coordinates": [ 106.446020544998376, 20.339643565395054 ] } },
{ "type": "Feature", "properties": { "ID": "TBI343040den", "Ten_CT": "Đền, chùa", "Loai_CT": "Đền, chùa", "Thuoc_huyen": "H. Kiến Xương", "Thuoc_tinh": "Thái Bình", "Trong_chigioi": "", "Ngoai_baiSg": "", "layer": "TBI_KTVHXH", "path": "D:/Work/HungYen/TaiLieu/De/De Thai Binh/BD Thai Binh/TBI_KTVHXH.TAB|geometrytype=Point" }, "geometry": { "type": "Point", "coordinates": [ 106.456801128578689, 20.34925095208164 ] } },
{ "type": "Feature", "properties": { "ID": "TBI343040den", "Ten_CT": "Đền, chùa", "Loai_CT": "Đền, chùa", "Thuoc_huyen": "H. Kiến Xương", "Thuoc_tinh": "Thái Bình", "Trong_chigioi": "", "Ngoai_baiSg": "", "layer": "TBI_KTVHXH", "path": "D:/Work/HungYen/TaiLieu/De/De Thai Binh/BD Thai Binh/TBI_KTVHXH.TAB|geometrytype=Point" }, "geometry": { "type": "Point", "coordinates": [ 106.451681695214674, 20.356231143518958 ] } },
{ "type": "Feature", "properties": { "ID": "TBI343040den", "Ten_CT": "Đền, chùa", "Loai_CT": "Đền, chùa", "Thuoc_huyen": "H. Kiến Xương", "Thuoc_tinh": "Thái Bình", "Trong_chigioi": "", "Ngoai_baiSg": "", "layer": "TBI_KTVHXH", "path": "D:/Work/HungYen/TaiLieu/De/De Thai Binh/BD Thai Binh/TBI_KTVHXH.TAB|geometrytype=Point" }, "geometry": { "type": "Point", "coordinates": [ 106.461227644781019, 20.371402028091534 ] } },
{ "type": "Feature", "properties": { "ID": "TBI343040den", "Ten_CT": "Đền, chùa", "Loai_CT": "Đền, chùa", "Thuoc_huyen": "H. Kiến Xương", "Thuoc_tinh": "Thái Bình", "Trong_chigioi": "", "Ngoai_baiSg": "", "layer": "TBI_KTVHXH", "path": "D:/Work/HungYen/TaiLieu/De/De Thai Binh/BD Thai Binh/TBI_KTVHXH.TAB|geometrytype=Point" }, "geometry": { "type": "Point", "coordinates": [ 106.439270659291722, 20.357452493759769 ] } },
{ "type": "Feature", "properties": { "ID": "TBI343040den", "Ten_CT": "Đền, chùa", "Loai_CT": "Đền, chùa", "Thuoc_huyen": "H. Kiến Xương", "Thuoc_tinh": "Thái Bình", "Trong_chigioi": "", "Ngoai_baiSg": "", "layer": "TBI_KTVHXH", "path": "D:/Work/HungYen/TaiLieu/De/De Thai Binh/BD Thai Binh/TBI_KTVHXH.TAB|geometrytype=Point" }, "geometry": { "type": "Point", "coordinates": [ 106.436678989281631, 20.348193408584617 ] } },
{ "type": "Feature", "properties": { "ID": "TBI343040den", "Ten_CT": "Đền, chùa", "Loai_CT": "Đền, chùa", "Thuoc_huyen": "H. Kiến Xương", "Thuoc_tinh": "Thái Bình", "Trong_chigioi": "", "Ngoai_baiSg": "", "layer": "TBI_KTVHXH", "path": "D:/Work/HungYen/TaiLieu/De/De Thai Binh/BD Thai Binh/TBI_KTVHXH.TAB|geometrytype=Point" }, "geometry": { "type": "Point", "coordinates": [ 106.426458729654939, 20.348364082181607 ] } },
{ "type": "Feature", "properties": { "ID": "TBI342040den", "Ten_CT": "Đền, chùa", "Loai_CT": "Đền, chùa", "Thuoc_huyen": "H. Tiền Hải", "Thuoc_tinh": "Thái Bình", "Trong_chigioi": "", "Ngoai_baiSg": "", "layer": "TBI_KTVHXH", "path": "D:/Work/HungYen/TaiLieu/De/De Thai Binh/BD Thai Binh/TBI_KTVHXH.TAB|geometrytype=Point" }, "geometry": { "type": "Point", "coordinates": [ 106.481460291096695, 20.345450069452017 ] } },
{ "type": "Feature", "properties": { "ID": "TBI342040den", "Ten_CT": "Đền, chùa", "Loai_CT": "Đền, chùa", "Thuoc_huyen": "H. Tiền Hải", "Thuoc_tinh": "Thái Bình", "Trong_chigioi": "", "Ngoai_baiSg": "", "layer": "TBI_KTVHXH", "path": "D:/Work/HungYen/TaiLieu/De/De Thai Binh/BD Thai Binh/TBI_KTVHXH.TAB|geometrytype=Point" }, "geometry": { "type": "Point", "coordinates": [ 106.491866610852966, 20.366291715067931 ] } },
{ "type": "Feature", "properties": { "ID": "TBI342040den", "Ten_CT": "Đền, chùa", "Loai_CT": "Đền, chùa", "Thuoc_huyen": "H. Tiền Hải", "Thuoc_tinh": "Thái Bình", "Trong_chigioi": "", "Ngoai_baiSg": "", "layer": "TBI_KTVHXH", "path": "D:/Work/HungYen/TaiLieu/De/De Thai Binh/BD Thai Binh/TBI_KTVHXH.TAB|geometrytype=Point" }, "geometry": { "type": "Point", "coordinates": [ 106.492261699761514, 20.446098733883819 ] } },
{ "type": "Feature", "properties": { "ID": "TBI343040den", "Ten_CT": "Đền, chùa", "Loai_CT": "Đền, chùa", "Thuoc_huyen": "H. Kiến Xương", "Thuoc_tinh": "Thái Bình", "Trong_chigioi": "", "Ngoai_baiSg": "", "layer": "TBI_KTVHXH", "path": "D:/Work/HungYen/TaiLieu/De/De Thai Binh/BD Thai Binh/TBI_KTVHXH.TAB|geometrytype=Point" }, "geometry": { "type": "Point", "coordinates": [ 106.472444580005302, 20.488514525390414 ] } },
{ "type": "Feature", "properties": { "ID": "TBI343040den", "Ten_CT": "Đền, chùa", "Loai_CT": "Đền, chùa", "Thuoc_huyen": "H. Kiến Xương", "Thuoc_tinh": "Thái Bình", "Trong_chigioi": "", "Ngoai_baiSg": "", "layer": "TBI_KTVHXH", "path": "D:/Work/HungYen/TaiLieu/De/De Thai Binh/BD Thai Binh/TBI_KTVHXH.TAB|geometrytype=Point" }, "geometry": { "type": "Point", "coordinates": [ 106.459550323392946, 20.47480320473402 ] } },
{ "type": "Feature", "properties": { "ID": "TBI343040den", "Ten_CT": "Đền, chùa", "Loai_CT": "Đền, chùa", "Thuoc_huyen": "H. Kiến Xương", "Thuoc_tinh": "Thái Bình", "Trong_chigioi": "", "Ngoai_baiSg": "", "layer": "TBI_KTVHXH", "path": "D:/Work/HungYen/TaiLieu/De/De Thai Binh/BD Thai Binh/TBI_KTVHXH.TAB|geometrytype=Point" }, "geometry": { "type": "Point", "coordinates": [ 106.452917057870508, 20.475108670942237 ] } },
{ "type": "Feature", "properties": { "ID": "TBI343040den", "Ten_CT": "Đền, chùa", "Loai_CT": "Đền, chùa", "Thuoc_huyen": "H. Kiến Xương", "Thuoc_tinh": "Thái Bình", "Trong_chigioi": "", "Ngoai_baiSg": "", "layer": "TBI_KTVHXH", "path": "D:/Work/HungYen/TaiLieu/De/De Thai Binh/BD Thai Binh/TBI_KTVHXH.TAB|geometrytype=Point" }, "geometry": { "type": "Point", "coordinates": [ 106.452991900787296, 20.48223179544485 ] } },
{ "type": "Feature", "properties": { "ID": "TBI343040den", "Ten_CT": "Đền, chùa", "Loai_CT": "Đền, chùa", "Thuoc_huyen": "H. Kiến Xương", "Thuoc_tinh": "Thái Bình", "Trong_chigioi": "", "Ngoai_baiSg": "", "layer": "TBI_KTVHXH", "path": "D:/Work/HungYen/TaiLieu/De/De Thai Binh/BD Thai Binh/TBI_KTVHXH.TAB|geometrytype=Point" }, "geometry": { "type": "Point", "coordinates": [ 106.456822602933187, 20.460430256268126 ] } },
{ "type": "Feature", "properties": { "ID": "TBI343040den", "Ten_CT": "Đền, chùa", "Loai_CT": "Đền, chùa", "Thuoc_huyen": "H. Kiến Xương", "Thuoc_tinh": "Thái Bình", "Trong_chigioi": "", "Ngoai_baiSg": "", "layer": "TBI_KTVHXH", "path": "D:/Work/HungYen/TaiLieu/De/De Thai Binh/BD Thai Binh/TBI_KTVHXH.TAB|geometrytype=Point" }, "geometry": { "type": "Point", "coordinates": [ 106.454318581438002, 20.456187168827434 ] } },
{ "type": "Feature", "properties": { "ID": "TBI343040den", "Ten_CT": "Đền, chùa", "Loai_CT": "Đền, chùa", "Thuoc_huyen": "H. Kiến Xương", "Thuoc_tinh": "Thái Bình", "Trong_chigioi": "", "Ngoai_baiSg": "", "layer": "TBI_KTVHXH", "path": "D:/Work/HungYen/TaiLieu/De/De Thai Binh/BD Thai Binh/TBI_KTVHXH.TAB|geometrytype=Point" }, "geometry": { "type": "Point", "coordinates": [ 106.459438155870345, 20.450642760289181 ] } },
{ "type": "Feature", "properties": { "ID": "TBI343040den", "Ten_CT": "Đền, chùa", "Loai_CT": "Đền, chùa", "Thuoc_huyen": "H. Kiến Xương", "Thuoc_tinh": "Thái Bình", "Trong_chigioi": "", "Ngoai_baiSg": "", "layer": "TBI_KTVHXH", "path": "D:/Work/HungYen/TaiLieu/De/De Thai Binh/BD Thai Binh/TBI_KTVHXH.TAB|geometrytype=Point" }, "geometry": { "type": "Point", "coordinates": [ 106.457569907147871, 20.445384103465521 ] } },
{ "type": "Feature", "properties": { "ID": "TBI343040den", "Ten_CT": "Đền, chùa", "Loai_CT": "Đền, chùa", "Thuoc_huyen": "H. Kiến Xương", "Thuoc_tinh": "Thái Bình", "Trong_chigioi": "", "Ngoai_baiSg": "", "layer": "TBI_KTVHXH", "path": "D:/Work/HungYen/TaiLieu/De/De Thai Binh/BD Thai Binh/TBI_KTVHXH.TAB|geometrytype=Point" }, "geometry": { "type": "Point", "coordinates": [ 106.45471301971395, 20.449020354116048 ] } },
{ "type": "Feature", "properties": { "ID": "TBI343040den", "Ten_CT": "Đền, chùa", "Loai_CT": "Đền, chùa", "Thuoc_huyen": "H. Kiến Xương", "Thuoc_tinh": "Thái Bình", "Trong_chigioi": "", "Ngoai_baiSg": "", "layer": "TBI_KTVHXH", "path": "D:/Work/HungYen/TaiLieu/De/De Thai Binh/BD Thai Binh/TBI_KTVHXH.TAB|geometrytype=Point" }, "geometry": { "type": "Point", "coordinates": [ 106.446815872870218, 20.444058321287404 ] } },
{ "type": "Feature", "properties": { "ID": "TBI343040den", "Ten_CT": "Đền, chùa", "Loai_CT": "Đền, chùa", "Thuoc_huyen": "H. Kiến Xương", "Thuoc_tinh": "Thái Bình", "Trong_chigioi": "", "Ngoai_baiSg": "", "layer": "TBI_KTVHXH", "path": "D:/Work/HungYen/TaiLieu/De/De Thai Binh/BD Thai Binh/TBI_KTVHXH.TAB|geometrytype=Point" }, "geometry": { "type": "Point", "coordinates": [ 106.439798004063618, 20.445311561426195 ] } },
{ "type": "Feature", "properties": { "ID": "TBI343040den", "Ten_CT": "Đền, chùa", "Loai_CT": "Đền, chùa", "Thuoc_huyen": "H. Kiến Xương", "Thuoc_tinh": "Thái Bình", "Trong_chigioi": "", "Ngoai_baiSg": "", "layer": "TBI_KTVHXH", "path": "D:/Work/HungYen/TaiLieu/De/De Thai Binh/BD Thai Binh/TBI_KTVHXH.TAB|geometrytype=Point" }, "geometry": { "type": "Point", "coordinates": [ 106.408828688352457, 20.438974945468072 ] } },
{ "type": "Feature", "properties": { "ID": "TBI343040den", "Ten_CT": "Đền, chùa", "Loai_CT": "Đền, chùa", "Thuoc_huyen": "H. Kiến Xương", "Thuoc_tinh": "Thái Bình", "Trong_chigioi": "", "Ngoai_baiSg": "", "layer": "TBI_KTVHXH", "path": "D:/Work/HungYen/TaiLieu/De/De Thai Binh/BD Thai Binh/TBI_KTVHXH.TAB|geometrytype=Point" }, "geometry": { "type": "Point", "coordinates": [ 106.405466066353085, 20.43737950745215 ] } },
{ "type": "Feature", "properties": { "ID": "TBI343040den", "Ten_CT": "Đền, chùa", "Loai_CT": "Đền, chùa", "Thuoc_huyen": "H. Kiến Xương", "Thuoc_tinh": "Thái Bình", "Trong_chigioi": "", "Ngoai_baiSg": "", "layer": "TBI_KTVHXH", "path": "D:/Work/HungYen/TaiLieu/De/De Thai Binh/BD Thai Binh/TBI_KTVHXH.TAB|geometrytype=Point" }, "geometry": { "type": "Point", "coordinates": [ 106.397336910966786, 20.427712784407031 ] } },
{ "type": "Feature", "properties": { "ID": "TBI343040den", "Ten_CT": "Đền, chùa", "Loai_CT": "Đền, chùa", "Thuoc_huyen": "H. Kiến Xương", "Thuoc_tinh": "Thái Bình", "Trong_chigioi": "", "Ngoai_baiSg": "", "layer": "TBI_KTVHXH", "path": "D:/Work/HungYen/TaiLieu/De/De Thai Binh/BD Thai Binh/TBI_KTVHXH.TAB|geometrytype=Point" }, "geometry": { "type": "Point", "coordinates": [ 106.373099993467903, 20.412434679646157 ] } },
{ "type": "Feature", "properties": { "ID": "TBI343040den", "Ten_CT": "Đền, chùa", "Loai_CT": "Đền, chùa", "Thuoc_huyen": "H. Kiến Xương", "Thuoc_tinh": "Thái Bình", "Trong_chigioi": "", "Ngoai_baiSg": "", "layer": "TBI_KTVHXH", "path": "D:/Work/HungYen/TaiLieu/De/De Thai Binh/BD Thai Binh/TBI_KTVHXH.TAB|geometrytype=Point" }, "geometry": { "type": "Point", "coordinates": [ 106.403030696456995, 20.398344330609547 ] } },
{ "type": "Feature", "properties": { "ID": "TBI343040den", "Ten_CT": "Đền, chùa", "Loai_CT": "Đền, chùa", "Thuoc_huyen": "H. Kiến Xương", "Thuoc_tinh": "Thái Bình", "Trong_chigioi": "", "Ngoai_baiSg": "", "layer": "TBI_KTVHXH", "path": "D:/Work/HungYen/TaiLieu/De/De Thai Binh/BD Thai Binh/TBI_KTVHXH.TAB|geometrytype=Point" }, "geometry": { "type": "Point", "coordinates": [ 106.399877786414081, 20.401336969459251 ] } },
{ "type": "Feature", "properties": { "ID": "TBI343040den", "Ten_CT": "Đền, chùa", "Loai_CT": "Đền, chùa", "Thuoc_huyen": "H. Kiến Xương", "Thuoc_tinh": "Thái Bình", "Trong_chigioi": "", "Ngoai_baiSg": "", "layer": "TBI_KTVHXH", "path": "D:/Work/HungYen/TaiLieu/De/De Thai Binh/BD Thai Binh/TBI_KTVHXH.TAB|geometrytype=Point" }, "geometry": { "type": "Point", "coordinates": [ 106.410660289897763, 20.388396994599645 ] } },
{ "type": "Feature", "properties": { "ID": "TBI343040den", "Ten_CT": "Đền, chùa", "Loai_CT": "Đền, chùa", "Thuoc_huyen": "H. Kiến Xương", "Thuoc_tinh": "Thái Bình", "Trong_chigioi": "", "Ngoai_baiSg": "", "layer": "TBI_KTVHXH", "path": "D:/Work/HungYen/TaiLieu/De/De Thai Binh/BD Thai Binh/TBI_KTVHXH.TAB|geometrytype=Point" }, "geometry": { "type": "Point", "coordinates": [ 106.41698960429953, 20.403983837168852 ] } },
{ "type": "Feature", "properties": { "ID": "TBI343040den", "Ten_CT": "Đền, chùa", "Loai_CT": "Đền, chùa", "Thuoc_huyen": "H. Kiến Xương", "Thuoc_tinh": "Thái Bình", "Trong_chigioi": "", "Ngoai_baiSg": "", "layer": "TBI_KTVHXH", "path": "D:/Work/HungYen/TaiLieu/De/De Thai Binh/BD Thai Binh/TBI_KTVHXH.TAB|geometrytype=Point" }, "geometry": { "type": "Point", "coordinates": [ 106.414715146707593, 20.412635729715191 ] } },
{ "type": "Feature", "properties": { "ID": "TBI343040den", "Ten_CT": "Đền, chùa", "Loai_CT": "Đền, chùa", "Thuoc_huyen": "H. Kiến Xương", "Thuoc_tinh": "Thái Bình", "Trong_chigioi": "", "Ngoai_baiSg": "", "layer": "TBI_KTVHXH", "path": "D:/Work/HungYen/TaiLieu/De/De Thai Binh/BD Thai Binh/TBI_KTVHXH.TAB|geometrytype=Point" }, "geometry": { "type": "Point", "coordinates": [ 106.398549291354001, 20.393837661138079 ] } },
{ "type": "Feature", "properties": { "ID": "TBI343040den", "Ten_CT": "Đền, chùa", "Loai_CT": "Đền, chùa", "Thuoc_huyen": "H. Kiến Xương", "Thuoc_tinh": "Thái Bình", "Trong_chigioi": "", "Ngoai_baiSg": "", "layer": "TBI_KTVHXH", "path": "D:/Work/HungYen/TaiLieu/De/De Thai Binh/BD Thai Binh/TBI_KTVHXH.TAB|geometrytype=Point" }, "geometry": { "type": "Point", "coordinates": [ 106.369084603266217, 20.3969657590021 ] } },
{ "type": "Feature", "properties": { "ID": "TBI344040den", "Ten_CT": "Đền, chùa", "Loai_CT": "Đền, chùa", "Thuoc_huyen": "H. Vũ Thư", "Thuoc_tinh": "Thái Bình", "Trong_chigioi": "", "Ngoai_baiSg": "", "layer": "TBI_KTVHXH", "path": "D:/Work/HungYen/TaiLieu/De/De Thai Binh/BD Thai Binh/TBI_KTVHXH.TAB|geometrytype=Point" }, "geometry": { "type": "Point", "coordinates": [ 106.363259172822012, 20.393665004696203 ] } },
{ "type": "Feature", "properties": { "ID": "TBI344040den", "Ten_CT": "Đền, chùa", "Loai_CT": "Đền, chùa", "Thuoc_huyen": "H. Vũ Thư", "Thuoc_tinh": "Thái Bình", "Trong_chigioi": "", "Ngoai_baiSg": "", "layer": "TBI_KTVHXH", "path": "D:/Work/HungYen/TaiLieu/De/De Thai Binh/BD Thai Binh/TBI_KTVHXH.TAB|geometrytype=Point" }, "geometry": { "type": "Point", "coordinates": [ 106.34608035694734, 20.387798383507857 ] } },
{ "type": "Feature", "properties": { "ID": "TBI343040den", "Ten_CT": "Đền, chùa", "Loai_CT": "Đền, chùa", "Thuoc_huyen": "H. Kiến Xương", "Thuoc_tinh": "Thái Bình", "Trong_chigioi": "", "Ngoai_baiSg": "", "layer": "TBI_KTVHXH", "path": "D:/Work/HungYen/TaiLieu/De/De Thai Binh/BD Thai Binh/TBI_KTVHXH.TAB|geometrytype=Point" }, "geometry": { "type": "Point", "coordinates": [ 106.369650152500881, 20.382370709174396 ] } },
{ "type": "Feature", "properties": { "ID": "TBI344040den", "Ten_CT": "Đền, chùa", "Loai_CT": "Đền, chùa", "Thuoc_huyen": "H. Vũ Thư", "Thuoc_tinh": "Thái Bình", "Trong_chigioi": "", "Ngoai_baiSg": "", "layer": "TBI_KTVHXH", "path": "D:/Work/HungYen/TaiLieu/De/De Thai Binh/BD Thai Binh/TBI_KTVHXH.TAB|geometrytype=Point" }, "geometry": { "type": "Point", "coordinates": [ 106.353641231503289, 20.394798047059073 ] } },
{ "type": "Feature", "properties": { "ID": "TBI343040den", "Ten_CT": "Đền, chùa", "Loai_CT": "Đền, chùa", "Thuoc_huyen": "H. Kiến Xương", "Thuoc_tinh": "Thái Bình", "Trong_chigioi": "", "Ngoai_baiSg": "", "layer": "TBI_KTVHXH", "path": "D:/Work/HungYen/TaiLieu/De/De Thai Binh/BD Thai Binh/TBI_KTVHXH.TAB|geometrytype=Point" }, "geometry": { "type": "Point", "coordinates": [ 106.364412761891217, 20.427343133146678 ] } },
{ "type": "Feature", "properties": { "ID": "TBI343040den", "Ten_CT": "Đền, chùa", "Loai_CT": "Đền, chùa", "Thuoc_huyen": "H. Kiến Xương", "Thuoc_tinh": "Thái Bình", "Trong_chigioi": "", "Ngoai_baiSg": "", "layer": "TBI_KTVHXH", "path": "D:/Work/HungYen/TaiLieu/De/De Thai Binh/BD Thai Binh/TBI_KTVHXH.TAB|geometrytype=Point" }, "geometry": { "type": "Point", "coordinates": [ 106.399567835248689, 20.433890876483034 ] } },
{ "type": "Feature", "properties": { "ID": "TBI343040den", "Ten_CT": "Đền, chùa", "Loai_CT": "Đền, chùa", "Thuoc_huyen": "H. Kiến Xương", "Thuoc_tinh": "Thái Bình", "Trong_chigioi": "", "Ngoai_baiSg": "", "layer": "TBI_KTVHXH", "path": "D:/Work/HungYen/TaiLieu/De/De Thai Binh/BD Thai Binh/TBI_KTVHXH.TAB|geometrytype=Point" }, "geometry": { "type": "Point", "coordinates": [ 106.407819465217457, 20.436102569929059 ] } },
{ "type": "Feature", "properties": { "ID": "TBI343040den", "Ten_CT": "Đền, chùa", "Loai_CT": "Đền, chùa", "Thuoc_huyen": "H. Kiến Xương", "Thuoc_tinh": "Thái Bình", "Trong_chigioi": "", "Ngoai_baiSg": "", "layer": "TBI_KTVHXH", "path": "D:/Work/HungYen/TaiLieu/De/De Thai Binh/BD Thai Binh/TBI_KTVHXH.TAB|geometrytype=Point" }, "geometry": { "type": "Point", "coordinates": [ 106.393155978855162, 20.42486825850737 ] } },
{ "type": "Feature", "properties": { "ID": "TBI343040den", "Ten_CT": "Đền, chùa", "Loai_CT": "Đền, chùa", "Thuoc_huyen": "H. Kiến Xương", "Thuoc_tinh": "Thái Bình", "Trong_chigioi": "", "Ngoai_baiSg": "", "layer": "TBI_KTVHXH", "path": "D:/Work/HungYen/TaiLieu/De/De Thai Binh/BD Thai Binh/TBI_KTVHXH.TAB|geometrytype=Point" }, "geometry": { "type": "Point", "coordinates": [ 106.397421630113442, 20.422735703168872 ] } },
{ "type": "Feature", "properties": { "ID": "TBI343040den", "Ten_CT": "Đền, chùa", "Loai_CT": "Đền, chùa", "Thuoc_huyen": "H. Kiến Xương", "Thuoc_tinh": "Thái Bình", "Trong_chigioi": "", "Ngoai_baiSg": "", "layer": "TBI_KTVHXH", "path": "D:/Work/HungYen/TaiLieu/De/De Thai Binh/BD Thai Binh/TBI_KTVHXH.TAB|geometrytype=Point" }, "geometry": { "type": "Point", "coordinates": [ 106.451552964999067, 20.427844424368459 ] } },
{ "type": "Feature", "properties": { "ID": "TBI343040den", "Ten_CT": "Đền, chùa", "Loai_CT": "Đền, chùa", "Thuoc_huyen": "H. Kiến Xương", "Thuoc_tinh": "Thái Bình", "Trong_chigioi": "", "Ngoai_baiSg": "", "layer": "TBI_KTVHXH", "path": "D:/Work/HungYen/TaiLieu/De/De Thai Binh/BD Thai Binh/TBI_KTVHXH.TAB|geometrytype=Point" }, "geometry": { "type": "Point", "coordinates": [ 106.442716638934044, 20.432245819704058 ] } },
{ "type": "Feature", "properties": { "ID": "TBI343040den", "Ten_CT": "Đền, chùa", "Loai_CT": "Đền, chùa", "Thuoc_huyen": "H. Kiến Xương", "Thuoc_tinh": "Thái Bình", "Trong_chigioi": "", "Ngoai_baiSg": "", "layer": "TBI_KTVHXH", "path": "D:/Work/HungYen/TaiLieu/De/De Thai Binh/BD Thai Binh/TBI_KTVHXH.TAB|geometrytype=Point" }, "geometry": { "type": "Point", "coordinates": [ 106.434378413670856, 20.437644836567333 ] } },
{ "type": "Feature", "properties": { "ID": "TBI343040den", "Ten_CT": "Đền, chùa", "Loai_CT": "Đền, chùa", "Thuoc_huyen": "H. Kiến Xương", "Thuoc_tinh": "Thái Bình", "Trong_chigioi": "", "Ngoai_baiSg": "", "layer": "TBI_KTVHXH", "path": "D:/Work/HungYen/TaiLieu/De/De Thai Binh/BD Thai Binh/TBI_KTVHXH.TAB|geometrytype=Point" }, "geometry": { "type": "Point", "coordinates": [ 106.432931527472505, 20.432508950389742 ] } },
{ "type": "Feature", "properties": { "ID": "TBI343040den", "Ten_CT": "Đền, chùa", "Loai_CT": "Đền, chùa", "Thuoc_huyen": "H. Kiến Xương", "Thuoc_tinh": "Thái Bình", "Trong_chigioi": "", "Ngoai_baiSg": "", "layer": "TBI_KTVHXH", "path": "D:/Work/HungYen/TaiLieu/De/De Thai Binh/BD Thai Binh/TBI_KTVHXH.TAB|geometrytype=Point" }, "geometry": { "type": "Point", "coordinates": [ 106.421836954400135, 20.434238353090389 ] } },
{ "type": "Feature", "properties": { "ID": "TBI343040den", "Ten_CT": "Đền, chùa", "Loai_CT": "Đền, chùa", "Thuoc_huyen": "H. Kiến Xương", "Thuoc_tinh": "Thái Bình", "Trong_chigioi": "", "Ngoai_baiSg": "", "layer": "TBI_KTVHXH", "path": "D:/Work/HungYen/TaiLieu/De/De Thai Binh/BD Thai Binh/TBI_KTVHXH.TAB|geometrytype=Point" }, "geometry": { "type": "Point", "coordinates": [ 106.425110938915907, 20.45405074287903 ] } },
{ "type": "Feature", "properties": { "ID": "TBI343040den", "Ten_CT": "Đền, chùa", "Loai_CT": "Đền, chùa", "Thuoc_huyen": "H. Kiến Xương", "Thuoc_tinh": "Thái Bình", "Trong_chigioi": "", "Ngoai_baiSg": "", "layer": "TBI_KTVHXH", "path": "D:/Work/HungYen/TaiLieu/De/De Thai Binh/BD Thai Binh/TBI_KTVHXH.TAB|geometrytype=Point" }, "geometry": { "type": "Point", "coordinates": [ 106.42418122837033, 20.44524839262419 ] } },
{ "type": "Feature", "properties": { "ID": "TBI343040den", "Ten_CT": "Đền, chùa", "Loai_CT": "Đền, chùa", "Thuoc_huyen": "H. Kiến Xương", "Thuoc_tinh": "Thái Bình", "Trong_chigioi": "", "Ngoai_baiSg": "", "layer": "TBI_KTVHXH", "path": "D:/Work/HungYen/TaiLieu/De/De Thai Binh/BD Thai Binh/TBI_KTVHXH.TAB|geometrytype=Point" }, "geometry": { "type": "Point", "coordinates": [ 106.42314161339462, 20.440213877642243 ] } },
{ "type": "Feature", "properties": { "ID": "TBI343040den", "Ten_CT": "Đền, chùa", "Loai_CT": "Đền, chùa", "Thuoc_huyen": "H. Kiến Xương", "Thuoc_tinh": "Thái Bình", "Trong_chigioi": "", "Ngoai_baiSg": "", "layer": "TBI_KTVHXH", "path": "D:/Work/HungYen/TaiLieu/De/De Thai Binh/BD Thai Binh/TBI_KTVHXH.TAB|geometrytype=Point" }, "geometry": { "type": "Point", "coordinates": [ 106.444558710853769, 20.357310261224409 ] } },
{ "type": "Feature", "properties": { "ID": "TBI343040den", "Ten_CT": "Đền, chùa", "Loai_CT": "Đền, chùa", "Thuoc_huyen": "H. Kiến Xương", "Thuoc_tinh": "Thái Bình", "Trong_chigioi": "", "Ngoai_baiSg": "", "layer": "TBI_KTVHXH", "path": "D:/Work/HungYen/TaiLieu/De/De Thai Binh/BD Thai Binh/TBI_KTVHXH.TAB|geometrytype=Point" }, "geometry": { "type": "Point", "coordinates": [ 106.431374230007265, 20.469272847910766 ] } },
{ "type": "Feature", "properties": { "ID": "TBI343040den", "Ten_CT": "Đền, chùa", "Loai_CT": "Đền, chùa", "Thuoc_huyen": "H. Kiến Xương", "Thuoc_tinh": "Thái Bình", "Trong_chigioi": "", "Ngoai_baiSg": "", "layer": "TBI_KTVHXH", "path": "D:/Work/HungYen/TaiLieu/De/De Thai Binh/BD Thai Binh/TBI_KTVHXH.TAB|geometrytype=Point" }, "geometry": { "type": "Point", "coordinates": [ 106.409387190948465, 20.469616488606505 ] } },
{ "type": "Feature", "properties": { "ID": "TBI343040den", "Ten_CT": "Đền, chùa", "Loai_CT": "Đền, chùa", "Thuoc_huyen": "H. Kiến Xương", "Thuoc_tinh": "Thái Bình", "Trong_chigioi": "", "Ngoai_baiSg": "", "layer": "TBI_KTVHXH", "path": "D:/Work/HungYen/TaiLieu/De/De Thai Binh/BD Thai Binh/TBI_KTVHXH.TAB|geometrytype=Point" }, "geometry": { "type": "Point", "coordinates": [ 106.418021460979048, 20.471129218173367 ] } },
{ "type": "Feature", "properties": { "ID": "TBI343040den", "Ten_CT": "Đền, chùa", "Loai_CT": "Đền, chùa", "Thuoc_huyen": "H. Kiến Xương", "Thuoc_tinh": "Thái Bình", "Trong_chigioi": "", "Ngoai_baiSg": "", "layer": "TBI_KTVHXH", "path": "D:/Work/HungYen/TaiLieu/De/De Thai Binh/BD Thai Binh/TBI_KTVHXH.TAB|geometrytype=Point" }, "geometry": { "type": "Point", "coordinates": [ 106.434054353457014, 20.482272341337573 ] } },
{ "type": "Feature", "properties": { "ID": "TBI343040den", "Ten_CT": "Đền, chùa", "Loai_CT": "Đền, chùa", "Thuoc_huyen": "H. Kiến Xương", "Thuoc_tinh": "Thái Bình", "Trong_chigioi": "", "Ngoai_baiSg": "", "layer": "TBI_KTVHXH", "path": "D:/Work/HungYen/TaiLieu/De/De Thai Binh/BD Thai Binh/TBI_KTVHXH.TAB|geometrytype=Point" }, "geometry": { "type": "Point", "coordinates": [ 106.435955869893775, 20.466738589010106 ] } },
{ "type": "Feature", "properties": { "ID": "TBI343040den", "Ten_CT": "Đền, chùa", "Loai_CT": "Đền, chùa", "Thuoc_huyen": "H. Kiến Xương", "Thuoc_tinh": "Thái Bình", "Trong_chigioi": "", "Ngoai_baiSg": "", "layer": "TBI_KTVHXH", "path": "D:/Work/HungYen/TaiLieu/De/De Thai Binh/BD Thai Binh/TBI_KTVHXH.TAB|geometrytype=Point" }, "geometry": { "type": "Point", "coordinates": [ 106.438982927063748, 20.473636521318415 ] } },
{ "type": "Feature", "properties": { "ID": "TBI343040den", "Ten_CT": "Đền, chùa", "Loai_CT": "Đền, chùa", "Thuoc_huyen": "H. Kiến Xương", "Thuoc_tinh": "Thái Bình", "Trong_chigioi": "", "Ngoai_baiSg": "", "layer": "TBI_KTVHXH", "path": "D:/Work/HungYen/TaiLieu/De/De Thai Binh/BD Thai Binh/TBI_KTVHXH.TAB|geometrytype=Point" }, "geometry": { "type": "Point", "coordinates": [ 106.383220019683904, 20.447351379311307 ] } },
{ "type": "Feature", "properties": { "ID": "TBI343040den", "Ten_CT": "Đền, chùa", "Loai_CT": "Đền, chùa", "Thuoc_huyen": "H. Kiến Xương", "Thuoc_tinh": "Thái Bình", "Trong_chigioi": "", "Ngoai_baiSg": "", "layer": "TBI_KTVHXH", "path": "D:/Work/HungYen/TaiLieu/De/De Thai Binh/BD Thai Binh/TBI_KTVHXH.TAB|geometrytype=Point" }, "geometry": { "type": "Point", "coordinates": [ 106.375899380808335, 20.443637541434438 ] } },
{ "type": "Feature", "properties": { "ID": "TBI343040den", "Ten_CT": "Đền, chùa", "Loai_CT": "Đền, chùa", "Thuoc_huyen": "H. Kiến Xương", "Thuoc_tinh": "Thái Bình", "Trong_chigioi": "", "Ngoai_baiSg": "", "layer": "TBI_KTVHXH", "path": "D:/Work/HungYen/TaiLieu/De/De Thai Binh/BD Thai Binh/TBI_KTVHXH.TAB|geometrytype=Point" }, "geometry": { "type": "Point", "coordinates": [ 106.370852633010131, 20.437695787467746 ] } },
{ "type": "Feature", "properties": { "ID": "TBI343040den", "Ten_CT": "Đền, chùa", "Loai_CT": "Đền, chùa", "Thuoc_huyen": "H. Kiến Xương", "Thuoc_tinh": "Thái Bình", "Trong_chigioi": "", "Ngoai_baiSg": "", "layer": "TBI_KTVHXH", "path": "D:/Work/HungYen/TaiLieu/De/De Thai Binh/BD Thai Binh/TBI_KTVHXH.TAB|geometrytype=Point" }, "geometry": { "type": "Point", "coordinates": [ 106.384429544090949, 20.421889883804496 ] } },
{ "type": "Feature", "properties": { "ID": "TBI343040den", "Ten_CT": "Đền, chùa", "Loai_CT": "Đền, chùa", "Thuoc_huyen": "H. Kiến Xương", "Thuoc_tinh": "Thái Bình", "Trong_chigioi": "", "Ngoai_baiSg": "", "layer": "TBI_KTVHXH", "path": "D:/Work/HungYen/TaiLieu/De/De Thai Binh/BD Thai Binh/TBI_KTVHXH.TAB|geometrytype=Point" }, "geometry": { "type": "Point", "coordinates": [ 106.398239592260893, 20.409909953567901 ] } },
{ "type": "Feature", "properties": { "ID": "TBI343040den", "Ten_CT": "Đền, chùa", "Loai_CT": "Đền, chùa", "Thuoc_huyen": "H. Kiến Xương", "Thuoc_tinh": "Thái Bình", "Trong_chigioi": "", "Ngoai_baiSg": "", "layer": "TBI_KTVHXH", "path": "D:/Work/HungYen/TaiLieu/De/De Thai Binh/BD Thai Binh/TBI_KTVHXH.TAB|geometrytype=Point" }, "geometry": { "type": "Point", "coordinates": [ 106.428035366062034, 20.426703393637016 ] } },
{ "type": "Feature", "properties": { "ID": "TBI343040den", "Ten_CT": "Đền, chùa", "Loai_CT": "Đền, chùa", "Thuoc_huyen": "H. Kiến Xương", "Thuoc_tinh": "Thái Bình", "Trong_chigioi": "", "Ngoai_baiSg": "", "layer": "TBI_KTVHXH", "path": "D:/Work/HungYen/TaiLieu/De/De Thai Binh/BD Thai Binh/TBI_KTVHXH.TAB|geometrytype=Point" }, "geometry": { "type": "Point", "coordinates": [ 106.452935040056587, 20.420539535242362 ] } },
{ "type": "Feature", "properties": { "ID": "TBI343040den", "Ten_CT": "Đền, chùa", "Loai_CT": "Đền, chùa", "Thuoc_huyen": "H. Kiến Xương", "Thuoc_tinh": "Thái Bình", "Trong_chigioi": "", "Ngoai_baiSg": "", "layer": "TBI_KTVHXH", "path": "D:/Work/HungYen/TaiLieu/De/De Thai Binh/BD Thai Binh/TBI_KTVHXH.TAB|geometrytype=Point" }, "geometry": { "type": "Point", "coordinates": [ 106.427823914268828, 20.40329942747249 ] } },
{ "type": "Feature", "properties": { "ID": "TBI343040den", "Ten_CT": "Đền, chùa", "Loai_CT": "Đền, chùa", "Thuoc_huyen": "H. Kiến Xương", "Thuoc_tinh": "Thái Bình", "Trong_chigioi": "", "Ngoai_baiSg": "", "layer": "TBI_KTVHXH", "path": "D:/Work/HungYen/TaiLieu/De/De Thai Binh/BD Thai Binh/TBI_KTVHXH.TAB|geometrytype=Point" }, "geometry": { "type": "Point", "coordinates": [ 106.43593706260998, 20.409332509788921 ] } },
{ "type": "Feature", "properties": { "ID": "TBI343040den", "Ten_CT": "Đền, chùa", "Loai_CT": "Đền, chùa", "Thuoc_huyen": "H. Kiến Xương", "Thuoc_tinh": "Thái Bình", "Trong_chigioi": "", "Ngoai_baiSg": "", "layer": "TBI_KTVHXH", "path": "D:/Work/HungYen/TaiLieu/De/De Thai Binh/BD Thai Binh/TBI_KTVHXH.TAB|geometrytype=Point" }, "geometry": { "type": "Point", "coordinates": [ 106.432349820411901, 20.396974808965993 ] } },
{ "type": "Feature", "properties": { "ID": "TBI343040den", "Ten_CT": "Đền, chùa", "Loai_CT": "Đền, chùa", "Thuoc_huyen": "H. Kiến Xương", "Thuoc_tinh": "Thái Bình", "Trong_chigioi": "", "Ngoai_baiSg": "", "layer": "TBI_KTVHXH", "path": "D:/Work/HungYen/TaiLieu/De/De Thai Binh/BD Thai Binh/TBI_KTVHXH.TAB|geometrytype=Point" }, "geometry": { "type": "Point", "coordinates": [ 106.453855519480015, 20.3716086012031 ] } },
{ "type": "Feature", "properties": { "ID": "TBI343040den", "Ten_CT": "Đền, chùa", "Loai_CT": "Đền, chùa", "Thuoc_huyen": "H. Kiến Xương", "Thuoc_tinh": "Thái Bình", "Trong_chigioi": "", "Ngoai_baiSg": "", "layer": "TBI_KTVHXH", "path": "D:/Work/HungYen/TaiLieu/De/De Thai Binh/BD Thai Binh/TBI_KTVHXH.TAB|geometrytype=Point" }, "geometry": { "type": "Point", "coordinates": [ 106.457722859383637, 20.364953815497703 ] } },
{ "type": "Feature", "properties": { "ID": "TBI344040den", "Ten_CT": "Đền, chùa", "Loai_CT": "Đền, chùa", "Thuoc_huyen": "H. Vũ Thư", "Thuoc_tinh": "Thái Bình", "Trong_chigioi": "", "Ngoai_baiSg": "", "layer": "TBI_KTVHXH", "path": "D:/Work/HungYen/TaiLieu/De/De Thai Binh/BD Thai Binh/TBI_KTVHXH.TAB|geometrytype=Point" }, "geometry": { "type": "Point", "coordinates": [ 106.253974466531787, 20.480728471600088 ] } },
{ "type": "Feature", "properties": { "ID": "TBI343040den", "Ten_CT": "Đền, chùa", "Loai_CT": "Đền, chùa", "Thuoc_huyen": "H. Kiến Xương", "Thuoc_tinh": "Thái Bình", "Trong_chigioi": "", "Ngoai_baiSg": "", "layer": "TBI_KTVHXH", "path": "D:/Work/HungYen/TaiLieu/De/De Thai Binh/BD Thai Binh/TBI_KTVHXH.TAB|geometrytype=Point" }, "geometry": { "type": "Point", "coordinates": [ 106.404024273063257, 20.335957149773151 ] } },
{ "type": "Feature", "properties": { "ID": "TBI343040den", "Ten_CT": "Đền, chùa", "Loai_CT": "Đền, chùa", "Thuoc_huyen": "H. Kiến Xương", "Thuoc_tinh": "Thái Bình", "Trong_chigioi": "", "Ngoai_baiSg": "", "layer": "TBI_KTVHXH", "path": "D:/Work/HungYen/TaiLieu/De/De Thai Binh/BD Thai Binh/TBI_KTVHXH.TAB|geometrytype=Point" }, "geometry": { "type": "Point", "coordinates": [ 106.361160085204119, 20.371447686025316 ] } },
{ "type": "Feature", "properties": { "ID": "TBI343040den", "Ten_CT": "Đền, chùa", "Loai_CT": "Đền, chùa", "Thuoc_huyen": "H. Kiến Xương", "Thuoc_tinh": "Thái Bình", "Trong_chigioi": "", "Ngoai_baiSg": "", "layer": "TBI_KTVHXH", "path": "D:/Work/HungYen/TaiLieu/De/De Thai Binh/BD Thai Binh/TBI_KTVHXH.TAB|geometrytype=Point" }, "geometry": { "type": "Point", "coordinates": [ 106.379946948246143, 20.472705354032406 ] } },
{ "type": "Feature", "properties": { "ID": "TBI343040den", "Ten_CT": "Đền, chùa", "Loai_CT": "Đền, chùa", "Thuoc_huyen": "H. Kiến Xương", "Thuoc_tinh": "Thái Bình", "Trong_chigioi": "", "Ngoai_baiSg": "", "layer": "TBI_KTVHXH", "path": "D:/Work/HungYen/TaiLieu/De/De Thai Binh/BD Thai Binh/TBI_KTVHXH.TAB|geometrytype=Point" }, "geometry": { "type": "Point", "coordinates": [ 106.393265693466262, 20.481861642085931 ] } },
{ "type": "Feature", "properties": { "ID": "TBI343040den", "Ten_CT": "Đền, chùa", "Loai_CT": "Đền, chùa", "Thuoc_huyen": "H. Kiến Xương", "Thuoc_tinh": "Thái Bình", "Trong_chigioi": "", "Ngoai_baiSg": "", "layer": "TBI_KTVHXH", "path": "D:/Work/HungYen/TaiLieu/De/De Thai Binh/BD Thai Binh/TBI_KTVHXH.TAB|geometrytype=Point" }, "geometry": { "type": "Point", "coordinates": [ 106.396473521872096, 20.482685729453909 ] } },
{ "type": "Feature", "properties": { "ID": "TBI343040den", "Ten_CT": "Đền, chùa", "Loai_CT": "Đền, chùa", "Thuoc_huyen": "H. Kiến Xương", "Thuoc_tinh": "Thái Bình", "Trong_chigioi": "", "Ngoai_baiSg": "", "layer": "TBI_KTVHXH", "path": "D:/Work/HungYen/TaiLieu/De/De Thai Binh/BD Thai Binh/TBI_KTVHXH.TAB|geometrytype=Point" }, "geometry": { "type": "Point", "coordinates": [ 106.410558588293284, 20.444533286806571 ] } },
{ "type": "Feature", "properties": { "ID": "TBI340040den", "Ten_CT": "Đền, chùa", "Loai_CT": "Đền, chùa", "Thuoc_huyen": "H. Đông Hưng", "Thuoc_tinh": "Thái Bình", "Trong_chigioi": "", "Ngoai_baiSg": "", "layer": "TBI_KTVHXH", "path": "D:/Work/HungYen/TaiLieu/De/De Thai Binh/BD Thai Binh/TBI_KTVHXH.TAB|geometrytype=Point" }, "geometry": { "type": "Point", "coordinates": [ 106.408876382930771, 20.495759486232956 ] } },
{ "type": "Feature", "properties": { "ID": "TBI341040den", "Ten_CT": "Đền, chùa", "Loai_CT": "Đền, chùa", "Thuoc_huyen": "H. Thái Thụy", "Thuoc_tinh": "Thái Bình", "Trong_chigioi": "", "Ngoai_baiSg": "", "layer": "TBI_KTVHXH", "path": "D:/Work/HungYen/TaiLieu/De/De Thai Binh/BD Thai Binh/TBI_KTVHXH.TAB|geometrytype=Point" }, "geometry": { "type": "Point", "coordinates": [ 106.499417676249763, 20.496174174951296 ] } },
{ "type": "Feature", "properties": { "ID": "TBI342040den", "Ten_CT": "Đền, chùa", "Loai_CT": "Đền, chùa", "Thuoc_huyen": "H. Tiền Hải", "Thuoc_tinh": "Thái Bình", "Trong_chigioi": "", "Ngoai_baiSg": "", "layer": "TBI_KTVHXH", "path": "D:/Work/HungYen/TaiLieu/De/De Thai Binh/BD Thai Binh/TBI_KTVHXH.TAB|geometrytype=Point" }, "geometry": { "type": "Point", "coordinates": [ 106.498820948887371, 20.395806541752943 ] } },
{ "type": "Feature", "properties": { "ID": "TBI343040den", "Ten_CT": "Đền, chùa", "Loai_CT": "Đền, chùa", "Thuoc_huyen": "H. Kiến Xương", "Thuoc_tinh": "Thái Bình", "Trong_chigioi": "", "Ngoai_baiSg": "", "layer": "TBI_KTVHXH", "path": "D:/Work/HungYen/TaiLieu/De/De Thai Binh/BD Thai Binh/TBI_KTVHXH.TAB|geometrytype=Point" }, "geometry": { "type": "Point", "coordinates": [ 106.399367848795322, 20.461248785879963 ] } },
{ "type": "Feature", "properties": { "ID": "TBI336040den", "Ten_CT": "Đền, chùa", "Loai_CT": "Đền, chùa", "Thuoc_huyen": "TP. Thái Bình", "Thuoc_tinh": "Thái Bình", "Trong_chigioi": "", "Ngoai_baiSg": "", "layer": "TBI_KTVHXH", "path": "D:/Work/HungYen/TaiLieu/De/De Thai Binh/BD Thai Binh/TBI_KTVHXH.TAB|geometrytype=Point" }, "geometry": { "type": "Point", "coordinates": [ 106.335137812025181, 20.461878257526639 ] } },
{ "type": "Feature", "properties": { "ID": "TBI336040den", "Ten_CT": "Đền, chùa", "Loai_CT": "Đền, chùa", "Thuoc_huyen": "TP. Thái Bình", "Thuoc_tinh": "Thái Bình", "Trong_chigioi": "", "Ngoai_baiSg": "", "layer": "TBI_KTVHXH", "path": "D:/Work/HungYen/TaiLieu/De/De Thai Binh/BD Thai Binh/TBI_KTVHXH.TAB|geometrytype=Point" }, "geometry": { "type": "Point", "coordinates": [ 106.313716116446315, 20.458917422560006 ] } },
{ "type": "Feature", "properties": { "ID": "TBI343040den", "Ten_CT": "Đền, chùa", "Loai_CT": "Đền, chùa", "Thuoc_huyen": "H. Kiến Xương", "Thuoc_tinh": "Thái Bình", "Trong_chigioi": "", "Ngoai_baiSg": "", "layer": "TBI_KTVHXH", "path": "D:/Work/HungYen/TaiLieu/De/De Thai Binh/BD Thai Binh/TBI_KTVHXH.TAB|geometrytype=Point" }, "geometry": { "type": "Point", "coordinates": [ 106.445408089439809, 20.452820663187378 ] } },
{ "type": "Feature", "properties": { "ID": "TBI343040den", "Ten_CT": "Đền, chùa", "Loai_CT": "Đền, chùa", "Thuoc_huyen": "H. Kiến Xương", "Thuoc_tinh": "Thái Bình", "Trong_chigioi": "", "Ngoai_baiSg": "", "layer": "TBI_KTVHXH", "path": "D:/Work/HungYen/TaiLieu/De/De Thai Binh/BD Thai Binh/TBI_KTVHXH.TAB|geometrytype=Point" }, "geometry": { "type": "Point", "coordinates": [ 106.3919898782096, 20.436714845209242 ] } },
{ "type": "Feature", "properties": { "ID": "TBI343040den", "Ten_CT": "Đền, chùa", "Loai_CT": "Đền, chùa", "Thuoc_huyen": "H. Kiến Xương", "Thuoc_tinh": "Thái Bình", "Trong_chigioi": "", "Ngoai_baiSg": "", "layer": "TBI_KTVHXH", "path": "D:/Work/HungYen/TaiLieu/De/De Thai Binh/BD Thai Binh/TBI_KTVHXH.TAB|geometrytype=Point" }, "geometry": { "type": "Point", "coordinates": [ 106.407060633462393, 20.420132673705819 ] } },
{ "type": "Feature", "properties": { "ID": "TBI343040den", "Ten_CT": "Đền, chùa", "Loai_CT": "Đền, chùa", "Thuoc_huyen": "H. Kiến Xương", "Thuoc_tinh": "Thái Bình", "Trong_chigioi": "", "Ngoai_baiSg": "", "layer": "TBI_KTVHXH", "path": "D:/Work/HungYen/TaiLieu/De/De Thai Binh/BD Thai Binh/TBI_KTVHXH.TAB|geometrytype=Point" }, "geometry": { "type": "Point", "coordinates": [ 106.418944762953217, 20.374327248895412 ] } },
{ "type": "Feature", "properties": { "ID": "TBI344040ckeo", "Ten_CT": "Chùa Keo", "Loai_CT": "Đền, chùa", "Thuoc_huyen": "H. Vũ Thư", "Thuoc_tinh": "Thái Bình", "Trong_chigioi": "", "Ngoai_baiSg": "", "layer": "TBI_KTVHXH", "path": "D:/Work/HungYen/TaiLieu/De/De Thai Binh/BD Thai Binh/TBI_KTVHXH.TAB|geometrytype=Point" }, "geometry": { "type": "Point", "coordinates": [ 106.29513942015079, 20.361681579766898 ] } },
{ "type": "Feature", "properties": { "ID": "TBI343040den", "Ten_CT": "Đền, chùa", "Loai_CT": "Đền, chùa", "Thuoc_huyen": "H. Kiến Xương", "Thuoc_tinh": "Thái Bình", "Trong_chigioi": "", "Ngoai_baiSg": "", "layer": "TBI_KTVHXH", "path": "D:/Work/HungYen/TaiLieu/De/De Thai Binh/BD Thai Binh/TBI_KTVHXH.TAB|geometrytype=Point" }, "geometry": { "type": "Point", "coordinates": [ 106.44200720438819, 20.302637256992785 ] } },
{ "type": "Feature", "properties": { "ID": "TBI342040den", "Ten_CT": "Đền, chùa", "Loai_CT": "Đền, chùa", "Thuoc_huyen": "H. Tiền Hải", "Thuoc_tinh": "Thái Bình", "Trong_chigioi": "", "Ngoai_baiSg": "", "layer": "TBI_KTVHXH", "path": "D:/Work/HungYen/TaiLieu/De/De Thai Binh/BD Thai Binh/TBI_KTVHXH.TAB|geometrytype=Point" }, "geometry": { "type": "Point", "coordinates": [ 106.477265189277603, 20.312421038134332 ] } },
{ "type": "Feature", "properties": { "ID": "TBI343040den", "Ten_CT": "Đền, chùa", "Loai_CT": "Đền, chùa", "Thuoc_huyen": "H. Kiến Xương", "Thuoc_tinh": "Thái Bình", "Trong_chigioi": "", "Ngoai_baiSg": "", "layer": "TBI_KTVHXH", "path": "D:/Work/HungYen/TaiLieu/De/De Thai Binh/BD Thai Binh/TBI_KTVHXH.TAB|geometrytype=Point" }, "geometry": { "type": "Point", "coordinates": [ 106.471239767089287, 20.495971755232567 ] } },
{ "type": "Feature", "properties": { "ID": "TBI343040den", "Ten_CT": "Đền, chùa", "Loai_CT": "Đền, chùa", "Thuoc_huyen": "H. Kiến Xương", "Thuoc_tinh": "Thái Bình", "Trong_chigioi": "", "Ngoai_baiSg": "", "layer": "TBI_KTVHXH", "path": "D:/Work/HungYen/TaiLieu/De/De Thai Binh/BD Thai Binh/TBI_KTVHXH.TAB|geometrytype=Point" }, "geometry": { "type": "Point", "coordinates": [ 106.392250853326289, 20.455942050763568 ] } },
{ "type": "Feature", "properties": { "ID": "TBI343040den", "Ten_CT": "Đền, chùa", "Loai_CT": "Đền, chùa", "Thuoc_huyen": "H. Kiến Xương", "Thuoc_tinh": "Thái Bình", "Trong_chigioi": "", "Ngoai_baiSg": "", "layer": "TBI_KTVHXH", "path": "D:/Work/HungYen/TaiLieu/De/De Thai Binh/BD Thai Binh/TBI_KTVHXH.TAB|geometrytype=Point" }, "geometry": { "type": "Point", "coordinates": [ 106.433657441648094, 20.391764919715989 ] } },
{ "type": "Feature", "properties": { "ID": "TBI343040den", "Ten_CT": "Đền, chùa", "Loai_CT": "Đền, chùa", "Thuoc_huyen": "H. Kiến Xương", "Thuoc_tinh": "Thái Bình", "Trong_chigioi": "", "Ngoai_baiSg": "", "layer": "TBI_KTVHXH", "path": "D:/Work/HungYen/TaiLieu/De/De Thai Binh/BD Thai Binh/TBI_KTVHXH.TAB|geometrytype=Point" }, "geometry": { "type": "Point", "coordinates": [ 106.465816216196714, 20.398192199967873 ] } },
{ "type": "Feature", "properties": { "ID": "TBI342040den", "Ten_CT": "Đền, chùa", "Loai_CT": "Đền, chùa", "Thuoc_huyen": "H. Tiền Hải", "Thuoc_tinh": "Thái Bình", "Trong_chigioi": "", "Ngoai_baiSg": "", "layer": "TBI_KTVHXH", "path": "D:/Work/HungYen/TaiLieu/De/De Thai Binh/BD Thai Binh/TBI_KTVHXH.TAB|geometrytype=Point" }, "geometry": { "type": "Point", "coordinates": [ 106.472671131761018, 20.404783717707534 ] } },
{ "type": "Feature", "properties": { "ID": "TBI343040den", "Ten_CT": "Đền, chùa", "Loai_CT": "Đền, chùa", "Thuoc_huyen": "H. Kiến Xương", "Thuoc_tinh": "Thái Bình", "Trong_chigioi": "", "Ngoai_baiSg": "", "layer": "TBI_KTVHXH", "path": "D:/Work/HungYen/TaiLieu/De/De Thai Binh/BD Thai Binh/TBI_KTVHXH.TAB|geometrytype=Point" }, "geometry": { "type": "Point", "coordinates": [ 106.375482072532691, 20.488220603314772 ] } },
{ "type": "Feature", "properties": { "ID": "TBI344040den", "Ten_CT": "Đền, chùa", "Loai_CT": "Đền, chùa", "Thuoc_huyen": "H. Vũ Thư", "Thuoc_tinh": "Thái Bình", "Trong_chigioi": "", "Ngoai_baiSg": "", "layer": "TBI_KTVHXH", "path": "D:/Work/HungYen/TaiLieu/De/De Thai Binh/BD Thai Binh/TBI_KTVHXH.TAB|geometrytype=Point" }, "geometry": { "type": "Point", "coordinates": [ 106.270900177161877, 20.369013961187054 ] } },
{ "type": "Feature", "properties": { "ID": "TBI342040den", "Ten_CT": "Đền, chùa", "Loai_CT": "Đền, chùa", "Thuoc_huyen": "H. Tiền Hải", "Thuoc_tinh": "Thái Bình", "Trong_chigioi": "", "Ngoai_baiSg": "", "layer": "TBI_KTVHXH", "path": "D:/Work/HungYen/TaiLieu/De/De Thai Binh/BD Thai Binh/TBI_KTVHXH.TAB|geometrytype=Point" }, "geometry": { "type": "Point", "coordinates": [ 106.475354761572902, 20.374377131928647 ] } },
{ "type": "Feature", "properties": { "ID": "TBI343040den", "Ten_CT": "Đền, chùa", "Loai_CT": "Đền, chùa", "Thuoc_huyen": "H. Kiến Xương", "Thuoc_tinh": "Thái Bình", "Trong_chigioi": "", "Ngoai_baiSg": "", "layer": "TBI_KTVHXH", "path": "D:/Work/HungYen/TaiLieu/De/De Thai Binh/BD Thai Binh/TBI_KTVHXH.TAB|geometrytype=Point" }, "geometry": { "type": "Point", "coordinates": [ 106.452873072706169, 20.364484817840616 ] } },
{ "type": "Feature", "properties": { "ID": "TBI343040den", "Ten_CT": "Đền, chùa", "Loai_CT": "Đền, chùa", "Thuoc_huyen": "H. Kiến Xương", "Thuoc_tinh": "Thái Bình", "Trong_chigioi": "", "Ngoai_baiSg": "", "layer": "TBI_KTVHXH", "path": "D:/Work/HungYen/TaiLieu/De/De Thai Binh/BD Thai Binh/TBI_KTVHXH.TAB|geometrytype=Point" }, "geometry": { "type": "Point", "coordinates": [ 106.391640258214551, 20.361927177219947 ] } },
{ "type": "Feature", "properties": { "ID": "TBI343040den", "Ten_CT": "Đền, chùa", "Loai_CT": "Đền, chùa", "Thuoc_huyen": "H. Kiến Xương", "Thuoc_tinh": "Thái Bình", "Trong_chigioi": "", "Ngoai_baiSg": "", "layer": "TBI_KTVHXH", "path": "D:/Work/HungYen/TaiLieu/De/De Thai Binh/BD Thai Binh/TBI_KTVHXH.TAB|geometrytype=Point" }, "geometry": { "type": "Point", "coordinates": [ 106.409456882485571, 20.34774973216064 ] } },
{ "type": "Feature", "properties": { "ID": "TBI343040den", "Ten_CT": "Đền, chùa", "Loai_CT": "Đền, chùa", "Thuoc_huyen": "H. Kiến Xương", "Thuoc_tinh": "Thái Bình", "Trong_chigioi": "", "Ngoai_baiSg": "", "layer": "TBI_KTVHXH", "path": "D:/Work/HungYen/TaiLieu/De/De Thai Binh/BD Thai Binh/TBI_KTVHXH.TAB|geometrytype=Point" }, "geometry": { "type": "Point", "coordinates": [ 106.438623150505819, 20.461096637097995 ] } },
{ "type": "Feature", "properties": { "ID": "TBI336040den", "Ten_CT": "Đền, chùa", "Loai_CT": "Đền, chùa", "Thuoc_huyen": "TP. Thái Bình", "Thuoc_tinh": "Thái Bình", "Trong_chigioi": "", "Ngoai_baiSg": "", "layer": "TBI_KTVHXH", "path": "D:/Work/HungYen/TaiLieu/De/De Thai Binh/BD Thai Binh/TBI_KTVHXH.TAB|geometrytype=Point" }, "geometry": { "type": "Point", "coordinates": [ 106.325802868650385, 20.413278410475417 ] } },
{ "type": "Feature", "properties": { "ID": "TBI343040den", "Ten_CT": "Đền, chùa", "Loai_CT": "Đền, chùa", "Thuoc_huyen": "H. Kiến Xương", "Thuoc_tinh": "Thái Bình", "Trong_chigioi": "", "Ngoai_baiSg": "", "layer": "TBI_KTVHXH", "path": "D:/Work/HungYen/TaiLieu/De/De Thai Binh/BD Thai Binh/TBI_KTVHXH.TAB|geometrytype=Point" }, "geometry": { "type": "Point", "coordinates": [ 106.443936011099979, 20.484715676859821 ] } },
{ "type": "Feature", "properties": { "ID": "TBI343040den", "Ten_CT": "Đền, chùa", "Loai_CT": "Đền, chùa", "Thuoc_huyen": "H. Kiến Xương", "Thuoc_tinh": "Thái Bình", "Trong_chigioi": "", "Ngoai_baiSg": "", "layer": "TBI_KTVHXH", "path": "D:/Work/HungYen/TaiLieu/De/De Thai Binh/BD Thai Binh/TBI_KTVHXH.TAB|geometrytype=Point" }, "geometry": { "type": "Point", "coordinates": [ 106.412112163394809, 20.359756732184568 ] } },
{ "type": "Feature", "properties": { "ID": "TBI343040den", "Ten_CT": "Đền, chùa", "Loai_CT": "Đền, chùa", "Thuoc_huyen": "H. Kiến Xương", "Thuoc_tinh": "Thái Bình", "Trong_chigioi": "", "Ngoai_baiSg": "", "layer": "TBI_KTVHXH", "path": "D:/Work/HungYen/TaiLieu/De/De Thai Binh/BD Thai Binh/TBI_KTVHXH.TAB|geometrytype=Point" }, "geometry": { "type": "Point", "coordinates": [ 106.407965693967682, 20.356778837932939 ] } },
{ "type": "Feature", "properties": { "ID": "TBI343040den", "Ten_CT": "Đền, chùa", "Loai_CT": "Đền, chùa", "Thuoc_huyen": "H. Kiến Xương", "Thuoc_tinh": "Thái Bình", "Trong_chigioi": "", "Ngoai_baiSg": "", "layer": "TBI_KTVHXH", "path": "D:/Work/HungYen/TaiLieu/De/De Thai Binh/BD Thai Binh/TBI_KTVHXH.TAB|geometrytype=Point" }, "geometry": { "type": "Point", "coordinates": [ 106.443032552246763, 20.367998602261697 ] } },
{ "type": "Feature", "properties": { "ID": "TBI343040den", "Ten_CT": "Đền, chùa", "Loai_CT": "Đền, chùa", "Thuoc_huyen": "H. Kiến Xương", "Thuoc_tinh": "Thái Bình", "Trong_chigioi": "", "Ngoai_baiSg": "", "layer": "TBI_KTVHXH", "path": "D:/Work/HungYen/TaiLieu/De/De Thai Binh/BD Thai Binh/TBI_KTVHXH.TAB|geometrytype=Point" }, "geometry": { "type": "Point", "coordinates": [ 106.41811391409523, 20.424785950249873 ] } },
{ "type": "Feature", "properties": { "ID": "TBI342040den", "Ten_CT": "Đền, chùa", "Loai_CT": "Đền, chùa", "Thuoc_huyen": "H. Tiền Hải", "Thuoc_tinh": "Thái Bình", "Trong_chigioi": "", "Ngoai_baiSg": "", "layer": "TBI_KTVHXH", "path": "D:/Work/HungYen/TaiLieu/De/De Thai Binh/BD Thai Binh/TBI_KTVHXH.TAB|geometrytype=Point" }, "geometry": { "type": "Point", "coordinates": [ 106.557544101594104, 20.309050800236093 ] } },
{ "type": "Feature", "properties": { "ID": "TBI342040den", "Ten_CT": "Đền, chùa", "Loai_CT": "Đền, chùa", "Thuoc_huyen": "H. Tiền Hải", "Thuoc_tinh": "Thái Bình", "Trong_chigioi": "", "Ngoai_baiSg": "", "layer": "TBI_KTVHXH", "path": "D:/Work/HungYen/TaiLieu/De/De Thai Binh/BD Thai Binh/TBI_KTVHXH.TAB|geometrytype=Point" }, "geometry": { "type": "Point", "coordinates": [ 106.567430014007513, 20.330335246179825 ] } },
{ "type": "Feature", "properties": { "ID": "TBI342040den", "Ten_CT": "Đền, chùa", "Loai_CT": "Đền, chùa", "Thuoc_huyen": "H. Tiền Hải", "Thuoc_tinh": "Thái Bình", "Trong_chigioi": "", "Ngoai_baiSg": "", "layer": "TBI_KTVHXH", "path": "D:/Work/HungYen/TaiLieu/De/De Thai Binh/BD Thai Binh/TBI_KTVHXH.TAB|geometrytype=Point" }, "geometry": { "type": "Point", "coordinates": [ 106.554403154460218, 20.331697794875236 ] } },
{ "type": "Feature", "properties": { "ID": "TBI341040den", "Ten_CT": "Đền, chùa", "Loai_CT": "Đền, chùa", "Thuoc_huyen": "H. Thái Thụy", "Thuoc_tinh": "Thái Bình", "Trong_chigioi": "", "Ngoai_baiSg": "", "layer": "TBI_KTVHXH", "path": "D:/Work/HungYen/TaiLieu/De/De Thai Binh/BD Thai Binh/TBI_KTVHXH.TAB|geometrytype=Point" }, "geometry": { "type": "Point", "coordinates": [ 106.512319769683657, 20.494347119715847 ] } },
{ "type": "Feature", "properties": { "ID": "TBI341040den", "Ten_CT": "Đền, chùa", "Loai_CT": "Đền, chùa", "Thuoc_huyen": "H. Thái Thụy", "Thuoc_tinh": "Thái Bình", "Trong_chigioi": "", "Ngoai_baiSg": "", "layer": "TBI_KTVHXH", "path": "D:/Work/HungYen/TaiLieu/De/De Thai Binh/BD Thai Binh/TBI_KTVHXH.TAB|geometrytype=Point" }, "geometry": { "type": "Point", "coordinates": [ 106.519356873491233, 20.492895480501787 ] } },
{ "type": "Feature", "properties": { "ID": "TBI341040den", "Ten_CT": "Đền, chùa", "Loai_CT": "Đền, chùa", "Thuoc_huyen": "H. Thái Thụy", "Thuoc_tinh": "Thái Bình", "Trong_chigioi": "", "Ngoai_baiSg": "", "layer": "TBI_KTVHXH", "path": "D:/Work/HungYen/TaiLieu/De/De Thai Binh/BD Thai Binh/TBI_KTVHXH.TAB|geometrytype=Point" }, "geometry": { "type": "Point", "coordinates": [ 106.512768342855395, 20.48340871110161 ] } },
{ "type": "Feature", "properties": { "ID": "TBI341040den", "Ten_CT": "Đền, chùa", "Loai_CT": "Đền, chùa", "Thuoc_huyen": "H. Thái Thụy", "Thuoc_tinh": "Thái Bình", "Trong_chigioi": "", "Ngoai_baiSg": "", "layer": "TBI_KTVHXH", "path": "D:/Work/HungYen/TaiLieu/De/De Thai Binh/BD Thai Binh/TBI_KTVHXH.TAB|geometrytype=Point" }, "geometry": { "type": "Point", "coordinates": [ 106.522050190636733, 20.484156391195263 ] } },
{ "type": "Feature", "properties": { "ID": "TBI341040den", "Ten_CT": "Đền, chùa", "Loai_CT": "Đền, chùa", "Thuoc_huyen": "H. Thái Thụy", "Thuoc_tinh": "Thái Bình", "Trong_chigioi": "", "Ngoai_baiSg": "", "layer": "TBI_KTVHXH", "path": "D:/Work/HungYen/TaiLieu/De/De Thai Binh/BD Thai Binh/TBI_KTVHXH.TAB|geometrytype=Point" }, "geometry": { "type": "Point", "coordinates": [ 106.529205531323797, 20.485831278909835 ] } },
{ "type": "Feature", "properties": { "ID": "TBI341040den", "Ten_CT": "Đền, chùa", "Loai_CT": "Đền, chùa", "Thuoc_huyen": "H. Thái Thụy", "Thuoc_tinh": "Thái Bình", "Trong_chigioi": "", "Ngoai_baiSg": "", "layer": "TBI_KTVHXH", "path": "D:/Work/HungYen/TaiLieu/De/De Thai Binh/BD Thai Binh/TBI_KTVHXH.TAB|geometrytype=Point" }, "geometry": { "type": "Point", "coordinates": [ 106.534778283837895, 20.49604813657545 ] } },
{ "type": "Feature", "properties": { "ID": "TBI341040den", "Ten_CT": "Đền, chùa", "Loai_CT": "Đền, chùa", "Thuoc_huyen": "H. Thái Thụy", "Thuoc_tinh": "Thái Bình", "Trong_chigioi": "", "Ngoai_baiSg": "", "layer": "TBI_KTVHXH", "path": "D:/Work/HungYen/TaiLieu/De/De Thai Binh/BD Thai Binh/TBI_KTVHXH.TAB|geometrytype=Point" }, "geometry": { "type": "Point", "coordinates": [ 106.529811334476904, 20.496760377098635 ] } },
{ "type": "Feature", "properties": { "ID": "TBI341040den", "Ten_CT": "Đền, chùa", "Loai_CT": "Đền, chùa", "Thuoc_huyen": "H. Thái Thụy", "Thuoc_tinh": "Thái Bình", "Trong_chigioi": "", "Ngoai_baiSg": "", "layer": "TBI_KTVHXH", "path": "D:/Work/HungYen/TaiLieu/De/De Thai Binh/BD Thai Binh/TBI_KTVHXH.TAB|geometrytype=Point" }, "geometry": { "type": "Point", "coordinates": [ 106.544381799774868, 20.496218903923562 ] } },
{ "type": "Feature", "properties": { "ID": "TBI341040den", "Ten_CT": "Đền, chùa", "Loai_CT": "Đền, chùa", "Thuoc_huyen": "H. Thái Thụy", "Thuoc_tinh": "Thái Bình", "Trong_chigioi": "", "Ngoai_baiSg": "", "layer": "TBI_KTVHXH", "path": "D:/Work/HungYen/TaiLieu/De/De Thai Binh/BD Thai Binh/TBI_KTVHXH.TAB|geometrytype=Point" }, "geometry": { "type": "Point", "coordinates": [ 106.549879622382733, 20.492067092937983 ] } },
{ "type": "Feature", "properties": { "ID": "TBI341040den", "Ten_CT": "Đền, chùa", "Loai_CT": "Đền, chùa", "Thuoc_huyen": "H. Thái Thụy", "Thuoc_tinh": "Thái Bình", "Trong_chigioi": "", "Ngoai_baiSg": "", "layer": "TBI_KTVHXH", "path": "D:/Work/HungYen/TaiLieu/De/De Thai Binh/BD Thai Binh/TBI_KTVHXH.TAB|geometrytype=Point" }, "geometry": { "type": "Point", "coordinates": [ 106.554325051205453, 20.496053568551126 ] } },
{ "type": "Feature", "properties": { "ID": "TBI341040den", "Ten_CT": "Đền, chùa", "Loai_CT": "Đền, chùa", "Thuoc_huyen": "H. Thái Thụy", "Thuoc_tinh": "Thái Bình", "Trong_chigioi": "", "Ngoai_baiSg": "", "layer": "TBI_KTVHXH", "path": "D:/Work/HungYen/TaiLieu/De/De Thai Binh/BD Thai Binh/TBI_KTVHXH.TAB|geometrytype=Point" }, "geometry": { "type": "Point", "coordinates": [ 106.551958633515227, 20.488516181424394 ] } },
{ "type": "Feature", "properties": { "ID": "TBI341040den", "Ten_CT": "Đền, chùa", "Loai_CT": "Đền, chùa", "Thuoc_huyen": "H. Thái Thụy", "Thuoc_tinh": "Thái Bình", "Trong_chigioi": "", "Ngoai_baiSg": "", "layer": "TBI_KTVHXH", "path": "D:/Work/HungYen/TaiLieu/De/De Thai Binh/BD Thai Binh/TBI_KTVHXH.TAB|geometrytype=Point" }, "geometry": { "type": "Point", "coordinates": [ 106.543106144070904, 20.481365482527465 ] } },
{ "type": "Feature", "properties": { "ID": "TBI341040den", "Ten_CT": "Đền, chùa", "Loai_CT": "Đền, chùa", "Thuoc_huyen": "H. Thái Thụy", "Thuoc_tinh": "Thái Bình", "Trong_chigioi": "", "Ngoai_baiSg": "", "layer": "TBI_KTVHXH", "path": "D:/Work/HungYen/TaiLieu/De/De Thai Binh/BD Thai Binh/TBI_KTVHXH.TAB|geometrytype=Point" }, "geometry": { "type": "Point", "coordinates": [ 106.5376778730908, 20.476887899898092 ] } },
{ "type": "Feature", "properties": { "ID": "TBI341040den", "Ten_CT": "Đền, chùa", "Loai_CT": "Đền, chùa", "Thuoc_huyen": "H. Thái Thụy", "Thuoc_tinh": "Thái Bình", "Trong_chigioi": "", "Ngoai_baiSg": "", "layer": "TBI_KTVHXH", "path": "D:/Work/HungYen/TaiLieu/De/De Thai Binh/BD Thai Binh/TBI_KTVHXH.TAB|geometrytype=Point" }, "geometry": { "type": "Point", "coordinates": [ 106.548981407951288, 20.477921590491828 ] } },
{ "type": "Feature", "properties": { "ID": "TBI341040den", "Ten_CT": "Đền, chùa", "Loai_CT": "Đền, chùa", "Thuoc_huyen": "H. Thái Thụy", "Thuoc_tinh": "Thái Bình", "Trong_chigioi": "", "Ngoai_baiSg": "", "layer": "TBI_KTVHXH", "path": "D:/Work/HungYen/TaiLieu/De/De Thai Binh/BD Thai Binh/TBI_KTVHXH.TAB|geometrytype=Point" }, "geometry": { "type": "Point", "coordinates": [ 106.534340167045642, 20.465100731101973 ] } },
{ "type": "Feature", "properties": { "ID": "TBI341040den", "Ten_CT": "Đền, chùa", "Loai_CT": "Đền, chùa", "Thuoc_huyen": "H. Thái Thụy", "Thuoc_tinh": "Thái Bình", "Trong_chigioi": "", "Ngoai_baiSg": "", "layer": "TBI_KTVHXH", "path": "D:/Work/HungYen/TaiLieu/De/De Thai Binh/BD Thai Binh/TBI_KTVHXH.TAB|geometrytype=Point" }, "geometry": { "type": "Point", "coordinates": [ 106.515438044524501, 20.462864265894719 ] } },
{ "type": "Feature", "properties": { "ID": "TBI341040den", "Ten_CT": "Đền, chùa", "Loai_CT": "Đền, chùa", "Thuoc_huyen": "H. Thái Thụy", "Thuoc_tinh": "Thái Bình", "Trong_chigioi": "", "Ngoai_baiSg": "", "layer": "TBI_KTVHXH", "path": "D:/Work/HungYen/TaiLieu/De/De Thai Binh/BD Thai Binh/TBI_KTVHXH.TAB|geometrytype=Point" }, "geometry": { "type": "Point", "coordinates": [ 106.511428007227309, 20.45023474177173 ] } },
{ "type": "Feature", "properties": { "ID": "TBI342040den", "Ten_CT": "Đền, chùa", "Loai_CT": "Đền, chùa", "Thuoc_huyen": "H. Tiền Hải", "Thuoc_tinh": "Thái Bình", "Trong_chigioi": "", "Ngoai_baiSg": "", "layer": "TBI_KTVHXH", "path": "D:/Work/HungYen/TaiLieu/De/De Thai Binh/BD Thai Binh/TBI_KTVHXH.TAB|geometrytype=Point" }, "geometry": { "type": "Point", "coordinates": [ 106.521430830321577, 20.443242731166233 ] } },
{ "type": "Feature", "properties": { "ID": "TBI342040den", "Ten_CT": "Đền, chùa", "Loai_CT": "Đền, chùa", "Thuoc_huyen": "H. Tiền Hải", "Thuoc_tinh": "Thái Bình", "Trong_chigioi": "", "Ngoai_baiSg": "", "layer": "TBI_KTVHXH", "path": "D:/Work/HungYen/TaiLieu/De/De Thai Binh/BD Thai Binh/TBI_KTVHXH.TAB|geometrytype=Point" }, "geometry": { "type": "Point", "coordinates": [ 106.542317131282289, 20.443644863848959 ] } },
{ "type": "Feature", "properties": { "ID": "TBI342040den", "Ten_CT": "Đền, chùa", "Loai_CT": "Đền, chùa", "Thuoc_huyen": "H. Tiền Hải", "Thuoc_tinh": "Thái Bình", "Trong_chigioi": "", "Ngoai_baiSg": "", "layer": "TBI_KTVHXH", "path": "D:/Work/HungYen/TaiLieu/De/De Thai Binh/BD Thai Binh/TBI_KTVHXH.TAB|geometrytype=Point" }, "geometry": { "type": "Point", "coordinates": [ 106.541791976448877, 20.451269657391013 ] } },
{ "type": "Feature", "properties": { "ID": "TBI342040den", "Ten_CT": "Đền, chùa", "Loai_CT": "Đền, chùa", "Thuoc_huyen": "H. Tiền Hải", "Thuoc_tinh": "Thái Bình", "Trong_chigioi": "", "Ngoai_baiSg": "", "layer": "TBI_KTVHXH", "path": "D:/Work/HungYen/TaiLieu/De/De Thai Binh/BD Thai Binh/TBI_KTVHXH.TAB|geometrytype=Point" }, "geometry": { "type": "Point", "coordinates": [ 106.5491973029566, 20.436082046378115 ] } },
{ "type": "Feature", "properties": { "ID": "TBI342040den", "Ten_CT": "Đền, chùa", "Loai_CT": "Đền, chùa", "Thuoc_huyen": "H. Tiền Hải", "Thuoc_tinh": "Thái Bình", "Trong_chigioi": "", "Ngoai_baiSg": "", "layer": "TBI_KTVHXH", "path": "D:/Work/HungYen/TaiLieu/De/De Thai Binh/BD Thai Binh/TBI_KTVHXH.TAB|geometrytype=Point" }, "geometry": { "type": "Point", "coordinates": [ 106.542145553215292, 20.429102863294272 ] } },
{ "type": "Feature", "properties": { "ID": "TBI342040den", "Ten_CT": "Đền, chùa", "Loai_CT": "Đền, chùa", "Thuoc_huyen": "H. Tiền Hải", "Thuoc_tinh": "Thái Bình", "Trong_chigioi": "", "Ngoai_baiSg": "", "layer": "TBI_KTVHXH", "path": "D:/Work/HungYen/TaiLieu/De/De Thai Binh/BD Thai Binh/TBI_KTVHXH.TAB|geometrytype=Point" }, "geometry": { "type": "Point", "coordinates": [ 106.545658903833086, 20.42751067483476 ] } },
{ "type": "Feature", "properties": { "ID": "TBI342040den", "Ten_CT": "Đền, chùa", "Loai_CT": "Đền, chùa", "Thuoc_huyen": "H. Tiền Hải", "Thuoc_tinh": "Thái Bình", "Trong_chigioi": "", "Ngoai_baiSg": "", "layer": "TBI_KTVHXH", "path": "D:/Work/HungYen/TaiLieu/De/De Thai Binh/BD Thai Binh/TBI_KTVHXH.TAB|geometrytype=Point" }, "geometry": { "type": "Point", "coordinates": [ 106.540874584552711, 20.423442360069412 ] } },
{ "type": "Feature", "properties": { "ID": "TBI342040den", "Ten_CT": "Đền, chùa", "Loai_CT": "Đền, chùa", "Thuoc_huyen": "H. Tiền Hải", "Thuoc_tinh": "Thái Bình", "Trong_chigioi": "", "Ngoai_baiSg": "", "layer": "TBI_KTVHXH", "path": "D:/Work/HungYen/TaiLieu/De/De Thai Binh/BD Thai Binh/TBI_KTVHXH.TAB|geometrytype=Point" }, "geometry": { "type": "Point", "coordinates": [ 106.531895260121047, 20.424900503641091 ] } },
{ "type": "Feature", "properties": { "ID": "TBI342040den", "Ten_CT": "Đền, chùa", "Loai_CT": "Đền, chùa", "Thuoc_huyen": "H. Tiền Hải", "Thuoc_tinh": "Thái Bình", "Trong_chigioi": "", "Ngoai_baiSg": "", "layer": "TBI_KTVHXH", "path": "D:/Work/HungYen/TaiLieu/De/De Thai Binh/BD Thai Binh/TBI_KTVHXH.TAB|geometrytype=Point" }, "geometry": { "type": "Point", "coordinates": [ 106.53477817324972, 20.425733687164431 ] } },
{ "type": "Feature", "properties": { "ID": "TBI342040den", "Ten_CT": "Đền, chùa", "Loai_CT": "Đền, chùa", "Thuoc_huyen": "H. Tiền Hải", "Thuoc_tinh": "Thái Bình", "Trong_chigioi": "", "Ngoai_baiSg": "", "layer": "TBI_KTVHXH", "path": "D:/Work/HungYen/TaiLieu/De/De Thai Binh/BD Thai Binh/TBI_KTVHXH.TAB|geometrytype=Point" }, "geometry": { "type": "Point", "coordinates": [ 106.557412786797158, 20.430363203137674 ] } },
{ "type": "Feature", "properties": { "ID": "TBI342040den", "Ten_CT": "Đền, chùa", "Loai_CT": "Đền, chùa", "Thuoc_huyen": "H. Tiền Hải", "Thuoc_tinh": "Thái Bình", "Trong_chigioi": "", "Ngoai_baiSg": "", "layer": "TBI_KTVHXH", "path": "D:/Work/HungYen/TaiLieu/De/De Thai Binh/BD Thai Binh/TBI_KTVHXH.TAB|geometrytype=Point" }, "geometry": { "type": "Point", "coordinates": [ 106.555945934457824, 20.426892921134286 ] } },
{ "type": "Feature", "properties": { "ID": "TBI342040den", "Ten_CT": "Đền, chùa", "Loai_CT": "Đền, chùa", "Thuoc_huyen": "H. Tiền Hải", "Thuoc_tinh": "Thái Bình", "Trong_chigioi": "", "Ngoai_baiSg": "", "layer": "TBI_KTVHXH", "path": "D:/Work/HungYen/TaiLieu/De/De Thai Binh/BD Thai Binh/TBI_KTVHXH.TAB|geometrytype=Point" }, "geometry": { "type": "Point", "coordinates": [ 106.543841430699501, 20.418730181278143 ] } },
{ "type": "Feature", "properties": { "ID": "TBI342040den", "Ten_CT": "Đền, chùa", "Loai_CT": "Đền, chùa", "Thuoc_huyen": "H. Tiền Hải", "Thuoc_tinh": "Thái Bình", "Trong_chigioi": "", "Ngoai_baiSg": "", "layer": "TBI_KTVHXH", "path": "D:/Work/HungYen/TaiLieu/De/De Thai Binh/BD Thai Binh/TBI_KTVHXH.TAB|geometrytype=Point" }, "geometry": { "type": "Point", "coordinates": [ 106.537573478523754, 20.415778554375237 ] } },
{ "type": "Feature", "properties": { "ID": "TBI342040den", "Ten_CT": "Đền, chùa", "Loai_CT": "Đền, chùa", "Thuoc_huyen": "H. Tiền Hải", "Thuoc_tinh": "Thái Bình", "Trong_chigioi": "", "Ngoai_baiSg": "", "layer": "TBI_KTVHXH", "path": "D:/Work/HungYen/TaiLieu/De/De Thai Binh/BD Thai Binh/TBI_KTVHXH.TAB|geometrytype=Point" }, "geometry": { "type": "Point", "coordinates": [ 106.538998419277434, 20.413640322112986 ] } },
{ "type": "Feature", "properties": { "ID": "TBI342040den", "Ten_CT": "Đền, chùa", "Loai_CT": "Đền, chùa", "Thuoc_huyen": "H. Tiền Hải", "Thuoc_tinh": "Thái Bình", "Trong_chigioi": "", "Ngoai_baiSg": "", "layer": "TBI_KTVHXH", "path": "D:/Work/HungYen/TaiLieu/De/De Thai Binh/BD Thai Binh/TBI_KTVHXH.TAB|geometrytype=Point" }, "geometry": { "type": "Point", "coordinates": [ 106.541199952554692, 20.409758287396834 ] } },
{ "type": "Feature", "properties": { "ID": "TBI342040den", "Ten_CT": "Đền, chùa", "Loai_CT": "Đền, chùa", "Thuoc_huyen": "H. Tiền Hải", "Thuoc_tinh": "Thái Bình", "Trong_chigioi": "", "Ngoai_baiSg": "", "layer": "TBI_KTVHXH", "path": "D:/Work/HungYen/TaiLieu/De/De Thai Binh/BD Thai Binh/TBI_KTVHXH.TAB|geometrytype=Point" }, "geometry": { "type": "Point", "coordinates": [ 106.537020535746578, 20.402925549904346 ] } },
{ "type": "Feature", "properties": { "ID": "TBI342040den", "Ten_CT": "Đền, chùa", "Loai_CT": "Đền, chùa", "Thuoc_huyen": "H. Tiền Hải", "Thuoc_tinh": "Thái Bình", "Trong_chigioi": "", "Ngoai_baiSg": "", "layer": "TBI_KTVHXH", "path": "D:/Work/HungYen/TaiLieu/De/De Thai Binh/BD Thai Binh/TBI_KTVHXH.TAB|geometrytype=Point" }, "geometry": { "type": "Point", "coordinates": [ 106.547139717939459, 20.399751070062386 ] } },
{ "type": "Feature", "properties": { "ID": "TBI342040den", "Ten_CT": "Đền, chùa", "Loai_CT": "Đền, chùa", "Thuoc_huyen": "H. Tiền Hải", "Thuoc_tinh": "Thái Bình", "Trong_chigioi": "", "Ngoai_baiSg": "", "layer": "TBI_KTVHXH", "path": "D:/Work/HungYen/TaiLieu/De/De Thai Binh/BD Thai Binh/TBI_KTVHXH.TAB|geometrytype=Point" }, "geometry": { "type": "Point", "coordinates": [ 106.558584391456861, 20.441701296945698 ] } },
{ "type": "Feature", "properties": { "ID": "TBI342040den", "Ten_CT": "Đền, chùa", "Loai_CT": "Đền, chùa", "Thuoc_huyen": "H. Tiền Hải", "Thuoc_tinh": "Thái Bình", "Trong_chigioi": "", "Ngoai_baiSg": "", "layer": "TBI_KTVHXH", "path": "D:/Work/HungYen/TaiLieu/De/De Thai Binh/BD Thai Binh/TBI_KTVHXH.TAB|geometrytype=Point" }, "geometry": { "type": "Point", "coordinates": [ 106.561744149138349, 20.445665037996974 ] } },
{ "type": "Feature", "properties": { "ID": "TBI342040den", "Ten_CT": "Đền, chùa", "Loai_CT": "Đền, chùa", "Thuoc_huyen": "H. Tiền Hải", "Thuoc_tinh": "Thái Bình", "Trong_chigioi": "", "Ngoai_baiSg": "", "layer": "TBI_KTVHXH", "path": "D:/Work/HungYen/TaiLieu/De/De Thai Binh/BD Thai Binh/TBI_KTVHXH.TAB|geometrytype=Point" }, "geometry": { "type": "Point", "coordinates": [ 106.5684738432941, 20.444067149360212 ] } },
{ "type": "Feature", "properties": { "ID": "TBI342040den", "Ten_CT": "Đền, chùa", "Loai_CT": "Đền, chùa", "Thuoc_huyen": "H. Tiền Hải", "Thuoc_tinh": "Thái Bình", "Trong_chigioi": "", "Ngoai_baiSg": "", "layer": "TBI_KTVHXH", "path": "D:/Work/HungYen/TaiLieu/De/De Thai Binh/BD Thai Binh/TBI_KTVHXH.TAB|geometrytype=Point" }, "geometry": { "type": "Point", "coordinates": [ 106.569787085944199, 20.436083466906009 ] } },
{ "type": "Feature", "properties": { "ID": "TBI342040den", "Ten_CT": "Đền, chùa", "Loai_CT": "Đền, chùa", "Thuoc_huyen": "H. Tiền Hải", "Thuoc_tinh": "Thái Bình", "Trong_chigioi": "", "Ngoai_baiSg": "", "layer": "TBI_KTVHXH", "path": "D:/Work/HungYen/TaiLieu/De/De Thai Binh/BD Thai Binh/TBI_KTVHXH.TAB|geometrytype=Point" }, "geometry": { "type": "Point", "coordinates": [ 106.574496797948413, 20.429230457755438 ] } },
{ "type": "Feature", "properties": { "ID": "TBI342040den", "Ten_CT": "Đền, chùa", "Loai_CT": "Đền, chùa", "Thuoc_huyen": "H. Tiền Hải", "Thuoc_tinh": "Thái Bình", "Trong_chigioi": "", "Ngoai_baiSg": "", "layer": "TBI_KTVHXH", "path": "D:/Work/HungYen/TaiLieu/De/De Thai Binh/BD Thai Binh/TBI_KTVHXH.TAB|geometrytype=Point" }, "geometry": { "type": "Point", "coordinates": [ 106.573312683584859, 20.418749111030429 ] } },
{ "type": "Feature", "properties": { "ID": "TBI342040den", "Ten_CT": "Đền, chùa", "Loai_CT": "Đền, chùa", "Thuoc_huyen": "H. Tiền Hải", "Thuoc_tinh": "Thái Bình", "Trong_chigioi": "", "Ngoai_baiSg": "", "layer": "TBI_KTVHXH", "path": "D:/Work/HungYen/TaiLieu/De/De Thai Binh/BD Thai Binh/TBI_KTVHXH.TAB|geometrytype=Point" }, "geometry": { "type": "Point", "coordinates": [ 106.586736261413023, 20.410242774115577 ] } },
{ "type": "Feature", "properties": { "ID": "TBI342040den", "Ten_CT": "Đền, chùa", "Loai_CT": "Đền, chùa", "Thuoc_huyen": "H. Tiền Hải", "Thuoc_tinh": "Thái Bình", "Trong_chigioi": "", "Ngoai_baiSg": "", "layer": "TBI_KTVHXH", "path": "D:/Work/HungYen/TaiLieu/De/De Thai Binh/BD Thai Binh/TBI_KTVHXH.TAB|geometrytype=Point" }, "geometry": { "type": "Point", "coordinates": [ 106.584208303044008, 20.400394088420427 ] } },
{ "type": "Feature", "properties": { "ID": "TBI342040den", "Ten_CT": "Đền, chùa", "Loai_CT": "Đền, chùa", "Thuoc_huyen": "H. Tiền Hải", "Thuoc_tinh": "Thái Bình", "Trong_chigioi": "", "Ngoai_baiSg": "", "layer": "TBI_KTVHXH", "path": "D:/Work/HungYen/TaiLieu/De/De Thai Binh/BD Thai Binh/TBI_KTVHXH.TAB|geometrytype=Point" }, "geometry": { "type": "Point", "coordinates": [ 106.576740290099764, 20.393863884778238 ] } },
{ "type": "Feature", "properties": { "ID": "TBI342040den", "Ten_CT": "Đền, chùa", "Loai_CT": "Đền, chùa", "Thuoc_huyen": "H. Tiền Hải", "Thuoc_tinh": "Thái Bình", "Trong_chigioi": "", "Ngoai_baiSg": "", "layer": "TBI_KTVHXH", "path": "D:/Work/HungYen/TaiLieu/De/De Thai Binh/BD Thai Binh/TBI_KTVHXH.TAB|geometrytype=Point" }, "geometry": { "type": "Point", "coordinates": [ 106.554824042558508, 20.449958133061884 ] } },
{ "type": "Feature", "properties": { "ID": "TBI342040den", "Ten_CT": "Đền, chùa", "Loai_CT": "Đền, chùa", "Thuoc_huyen": "H. Tiền Hải", "Thuoc_tinh": "Thái Bình", "Trong_chigioi": "", "Ngoai_baiSg": "", "layer": "TBI_KTVHXH", "path": "D:/Work/HungYen/TaiLieu/De/De Thai Binh/BD Thai Binh/TBI_KTVHXH.TAB|geometrytype=Point" }, "geometry": { "type": "Point", "coordinates": [ 106.57346359492432, 20.446499660902564 ] } },
{ "type": "Feature", "properties": { "ID": "TBI342040den", "Ten_CT": "Đền, chùa", "Loai_CT": "Đền, chùa", "Thuoc_huyen": "H. Tiền Hải", "Thuoc_tinh": "Thái Bình", "Trong_chigioi": "", "Ngoai_baiSg": "", "layer": "TBI_KTVHXH", "path": "D:/Work/HungYen/TaiLieu/De/De Thai Binh/BD Thai Binh/TBI_KTVHXH.TAB|geometrytype=Point" }, "geometry": { "type": "Point", "coordinates": [ 106.589621954564194, 20.455537205167388 ] } },
{ "type": "Feature", "properties": { "ID": "TBI342040den", "Ten_CT": "Đền, chùa", "Loai_CT": "Đền, chùa", "Thuoc_huyen": "H. Tiền Hải", "Thuoc_tinh": "Thái Bình", "Trong_chigioi": "", "Ngoai_baiSg": "", "layer": "TBI_KTVHXH", "path": "D:/Work/HungYen/TaiLieu/De/De Thai Binh/BD Thai Binh/TBI_KTVHXH.TAB|geometrytype=Point" }, "geometry": { "type": "Point", "coordinates": [ 106.532061348565023, 20.421049381598024 ] } },
{ "type": "Feature", "properties": { "ID": "TBI342040den", "Ten_CT": "Đền, chùa", "Loai_CT": "Đền, chùa", "Thuoc_huyen": "H. Tiền Hải", "Thuoc_tinh": "Thái Bình", "Trong_chigioi": "", "Ngoai_baiSg": "", "layer": "TBI_KTVHXH", "path": "D:/Work/HungYen/TaiLieu/De/De Thai Binh/BD Thai Binh/TBI_KTVHXH.TAB|geometrytype=Point" }, "geometry": { "type": "Point", "coordinates": [ 106.518689056703238, 20.428507674387614 ] } },
{ "type": "Feature", "properties": { "ID": "TBI342040den", "Ten_CT": "Đền, chùa", "Loai_CT": "Đền, chùa", "Thuoc_huyen": "H. Tiền Hải", "Thuoc_tinh": "Thái Bình", "Trong_chigioi": "", "Ngoai_baiSg": "", "layer": "TBI_KTVHXH", "path": "D:/Work/HungYen/TaiLieu/De/De Thai Binh/BD Thai Binh/TBI_KTVHXH.TAB|geometrytype=Point" }, "geometry": { "type": "Point", "coordinates": [ 106.507112212277974, 20.438757188782521 ] } },
{ "type": "Feature", "properties": { "ID": "TBI342040den", "Ten_CT": "Đền, chùa", "Loai_CT": "Đền, chùa", "Thuoc_huyen": "H. Tiền Hải", "Thuoc_tinh": "Thái Bình", "Trong_chigioi": "", "Ngoai_baiSg": "", "layer": "TBI_KTVHXH", "path": "D:/Work/HungYen/TaiLieu/De/De Thai Binh/BD Thai Binh/TBI_KTVHXH.TAB|geometrytype=Point" }, "geometry": { "type": "Point", "coordinates": [ 106.545584472890582, 20.386494518463341 ] } },
{ "type": "Feature", "properties": { "ID": "TBI342040den", "Ten_CT": "Đền, chùa", "Loai_CT": "Đền, chùa", "Thuoc_huyen": "H. Tiền Hải", "Thuoc_tinh": "Thái Bình", "Trong_chigioi": "", "Ngoai_baiSg": "", "layer": "TBI_KTVHXH", "path": "D:/Work/HungYen/TaiLieu/De/De Thai Binh/BD Thai Binh/TBI_KTVHXH.TAB|geometrytype=Point" }, "geometry": { "type": "Point", "coordinates": [ 106.540013526436013, 20.384299625624937 ] } },
{ "type": "Feature", "properties": { "ID": "TBI342040den", "Ten_CT": "Đền, chùa", "Loai_CT": "Đền, chùa", "Thuoc_huyen": "H. Tiền Hải", "Thuoc_tinh": "Thái Bình", "Trong_chigioi": "", "Ngoai_baiSg": "", "layer": "TBI_KTVHXH", "path": "D:/Work/HungYen/TaiLieu/De/De Thai Binh/BD Thai Binh/TBI_KTVHXH.TAB|geometrytype=Point" }, "geometry": { "type": "Point", "coordinates": [ 106.536797115397079, 20.393160986301748 ] } },
{ "type": "Feature", "properties": { "ID": "TBI342040den", "Ten_CT": "Đền, chùa", "Loai_CT": "Đền, chùa", "Thuoc_huyen": "H. Tiền Hải", "Thuoc_tinh": "Thái Bình", "Trong_chigioi": "", "Ngoai_baiSg": "", "layer": "TBI_KTVHXH", "path": "D:/Work/HungYen/TaiLieu/De/De Thai Binh/BD Thai Binh/TBI_KTVHXH.TAB|geometrytype=Point" }, "geometry": { "type": "Point", "coordinates": [ 106.544208887539696, 20.363232111217791 ] } },
{ "type": "Feature", "properties": { "ID": "TBI342040den", "Ten_CT": "Đền, chùa", "Loai_CT": "Đền, chùa", "Thuoc_huyen": "H. Tiền Hải", "Thuoc_tinh": "Thái Bình", "Trong_chigioi": "", "Ngoai_baiSg": "", "layer": "TBI_KTVHXH", "path": "D:/Work/HungYen/TaiLieu/De/De Thai Binh/BD Thai Binh/TBI_KTVHXH.TAB|geometrytype=Point" }, "geometry": { "type": "Point", "coordinates": [ 106.524490633606632, 20.351763924843087 ] } },
{ "type": "Feature", "properties": { "ID": "TBI342040den", "Ten_CT": "Đền, chùa", "Loai_CT": "Đền, chùa", "Thuoc_huyen": "H. Tiền Hải", "Thuoc_tinh": "Thái Bình", "Trong_chigioi": "", "Ngoai_baiSg": "", "layer": "TBI_KTVHXH", "path": "D:/Work/HungYen/TaiLieu/De/De Thai Binh/BD Thai Binh/TBI_KTVHXH.TAB|geometrytype=Point" }, "geometry": { "type": "Point", "coordinates": [ 106.531400099482866, 20.349716564208236 ] } },
{ "type": "Feature", "properties": { "ID": "TBI342040den", "Ten_CT": "Đền, chùa", "Loai_CT": "Đền, chùa", "Thuoc_huyen": "H. Tiền Hải", "Thuoc_tinh": "Thái Bình", "Trong_chigioi": "", "Ngoai_baiSg": "", "layer": "TBI_KTVHXH", "path": "D:/Work/HungYen/TaiLieu/De/De Thai Binh/BD Thai Binh/TBI_KTVHXH.TAB|geometrytype=Point" }, "geometry": { "type": "Point", "coordinates": [ 106.512167469471805, 20.347931458905411 ] } },
{ "type": "Feature", "properties": { "ID": "TBI342040den", "Ten_CT": "Đền, chùa", "Loai_CT": "Đền, chùa", "Thuoc_huyen": "H. Tiền Hải", "Thuoc_tinh": "Thái Bình", "Trong_chigioi": "", "Ngoai_baiSg": "", "layer": "TBI_KTVHXH", "path": "D:/Work/HungYen/TaiLieu/De/De Thai Binh/BD Thai Binh/TBI_KTVHXH.TAB|geometrytype=Point" }, "geometry": { "type": "Point", "coordinates": [ 106.511167700572585, 20.352975985427832 ] } },
{ "type": "Feature", "properties": { "ID": "TBI342040den", "Ten_CT": "Đền, chùa", "Loai_CT": "Đền, chùa", "Thuoc_huyen": "H. Tiền Hải", "Thuoc_tinh": "Thái Bình", "Trong_chigioi": "", "Ngoai_baiSg": "", "layer": "TBI_KTVHXH", "path": "D:/Work/HungYen/TaiLieu/De/De Thai Binh/BD Thai Binh/TBI_KTVHXH.TAB|geometrytype=Point" }, "geometry": { "type": "Point", "coordinates": [ 106.522367631587755, 20.345342089692181 ] } },
{ "type": "Feature", "properties": { "ID": "TBI342040den", "Ten_CT": "Đền, chùa", "Loai_CT": "Đền, chùa", "Thuoc_huyen": "H. Tiền Hải", "Thuoc_tinh": "Thái Bình", "Trong_chigioi": "", "Ngoai_baiSg": "", "layer": "TBI_KTVHXH", "path": "D:/Work/HungYen/TaiLieu/De/De Thai Binh/BD Thai Binh/TBI_KTVHXH.TAB|geometrytype=Point" }, "geometry": { "type": "Point", "coordinates": [ 106.557190186501813, 20.351490592029045 ] } },
{ "type": "Feature", "properties": { "ID": "TBI342040den", "Ten_CT": "Đền, chùa", "Loai_CT": "Đền, chùa", "Thuoc_huyen": "H. Tiền Hải", "Thuoc_tinh": "Thái Bình", "Trong_chigioi": "", "Ngoai_baiSg": "", "layer": "TBI_KTVHXH", "path": "D:/Work/HungYen/TaiLieu/De/De Thai Binh/BD Thai Binh/TBI_KTVHXH.TAB|geometrytype=Point" }, "geometry": { "type": "Point", "coordinates": [ 106.565311188946239, 20.347438982824304 ] } },
{ "type": "Feature", "properties": { "ID": "TBI342040den", "Ten_CT": "Đền, chùa", "Loai_CT": "Đền, chùa", "Thuoc_huyen": "H. Tiền Hải", "Thuoc_tinh": "Thái Bình", "Trong_chigioi": "", "Ngoai_baiSg": "", "layer": "TBI_KTVHXH", "path": "D:/Work/HungYen/TaiLieu/De/De Thai Binh/BD Thai Binh/TBI_KTVHXH.TAB|geometrytype=Point" }, "geometry": { "type": "Point", "coordinates": [ 106.50259023671444, 20.34861170751185 ] } },
{ "type": "Feature", "properties": { "ID": "TBI342040den", "Ten_CT": "Đền, chùa", "Loai_CT": "Đền, chùa", "Thuoc_huyen": "H. Tiền Hải", "Thuoc_tinh": "Thái Bình", "Trong_chigioi": "", "Ngoai_baiSg": "", "layer": "TBI_KTVHXH", "path": "D:/Work/HungYen/TaiLieu/De/De Thai Binh/BD Thai Binh/TBI_KTVHXH.TAB|geometrytype=Point" }, "geometry": { "type": "Point", "coordinates": [ 106.500515729030411, 20.352519566591685 ] } },
{ "type": "Feature", "properties": { "ID": "TBI342040den", "Ten_CT": "Đền, chùa", "Loai_CT": "Đền, chùa", "Thuoc_huyen": "H. Tiền Hải", "Thuoc_tinh": "Thái Bình", "Trong_chigioi": "", "Ngoai_baiSg": "", "layer": "TBI_KTVHXH", "path": "D:/Work/HungYen/TaiLieu/De/De Thai Binh/BD Thai Binh/TBI_KTVHXH.TAB|geometrytype=Point" }, "geometry": { "type": "Point", "coordinates": [ 106.574399079527396, 20.348506664443303 ] } },
{ "type": "Feature", "properties": { "ID": "TBI342040den", "Ten_CT": "Đền, chùa", "Loai_CT": "Đền, chùa", "Thuoc_huyen": "H. Tiền Hải", "Thuoc_tinh": "Thái Bình", "Trong_chigioi": "", "Ngoai_baiSg": "", "layer": "TBI_KTVHXH", "path": "D:/Work/HungYen/TaiLieu/De/De Thai Binh/BD Thai Binh/TBI_KTVHXH.TAB|geometrytype=Point" }, "geometry": { "type": "Point", "coordinates": [ 106.527530366127692, 20.337747672439338 ] } },
{ "type": "Feature", "properties": { "ID": "TBI342040den", "Ten_CT": "Đền, chùa", "Loai_CT": "Đền, chùa", "Thuoc_huyen": "H. Tiền Hải", "Thuoc_tinh": "Thái Bình", "Trong_chigioi": "", "Ngoai_baiSg": "", "layer": "TBI_KTVHXH", "path": "D:/Work/HungYen/TaiLieu/De/De Thai Binh/BD Thai Binh/TBI_KTVHXH.TAB|geometrytype=Point" }, "geometry": { "type": "Point", "coordinates": [ 106.517443402655829, 20.339715609633021 ] } },
{ "type": "Feature", "properties": { "ID": "TBI342040den", "Ten_CT": "Đền, chùa", "Loai_CT": "Đền, chùa", "Thuoc_huyen": "H. Tiền Hải", "Thuoc_tinh": "Thái Bình", "Trong_chigioi": "", "Ngoai_baiSg": "", "layer": "TBI_KTVHXH", "path": "D:/Work/HungYen/TaiLieu/De/De Thai Binh/BD Thai Binh/TBI_KTVHXH.TAB|geometrytype=Point" }, "geometry": { "type": "Point", "coordinates": [ 106.505643462444311, 20.335796405060524 ] } },
{ "type": "Feature", "properties": { "ID": "TBI342040den", "Ten_CT": "Đền, chùa", "Loai_CT": "Đền, chùa", "Thuoc_huyen": "H. Tiền Hải", "Thuoc_tinh": "Thái Bình", "Trong_chigioi": "", "Ngoai_baiSg": "", "layer": "TBI_KTVHXH", "path": "D:/Work/HungYen/TaiLieu/De/De Thai Binh/BD Thai Binh/TBI_KTVHXH.TAB|geometrytype=Point" }, "geometry": { "type": "Point", "coordinates": [ 106.501492249590342, 20.34345688392251 ] } },
{ "type": "Feature", "properties": { "ID": "TBI342040den", "Ten_CT": "Đền, chùa", "Loai_CT": "Đền, chùa", "Thuoc_huyen": "H. Tiền Hải", "Thuoc_tinh": "Thái Bình", "Trong_chigioi": "", "Ngoai_baiSg": "", "layer": "TBI_KTVHXH", "path": "D:/Work/HungYen/TaiLieu/De/De Thai Binh/BD Thai Binh/TBI_KTVHXH.TAB|geometrytype=Point" }, "geometry": { "type": "Point", "coordinates": [ 106.519104727516265, 20.334426540010853 ] } },
{ "type": "Feature", "properties": { "ID": "TBI342040den", "Ten_CT": "Đền, chùa", "Loai_CT": "Đền, chùa", "Thuoc_huyen": "H. Tiền Hải", "Thuoc_tinh": "Thái Bình", "Trong_chigioi": "", "Ngoai_baiSg": "", "layer": "TBI_KTVHXH", "path": "D:/Work/HungYen/TaiLieu/De/De Thai Binh/BD Thai Binh/TBI_KTVHXH.TAB|geometrytype=Point" }, "geometry": { "type": "Point", "coordinates": [ 106.511615973998303, 20.416602167792789 ] } },
{ "type": "Feature", "properties": { "ID": "TBI342040den", "Ten_CT": "Đền, chùa", "Loai_CT": "Đền, chùa", "Thuoc_huyen": "H. Tiền Hải", "Thuoc_tinh": "Thái Bình", "Trong_chigioi": "", "Ngoai_baiSg": "", "layer": "TBI_KTVHXH", "path": "D:/Work/HungYen/TaiLieu/De/De Thai Binh/BD Thai Binh/TBI_KTVHXH.TAB|geometrytype=Point" }, "geometry": { "type": "Point", "coordinates": [ 106.508912319483855, 20.408923145868894 ] } },
{ "type": "Feature", "properties": { "ID": "TBI342040den", "Ten_CT": "Đền, chùa", "Loai_CT": "Đền, chùa", "Thuoc_huyen": "H. Tiền Hải", "Thuoc_tinh": "Thái Bình", "Trong_chigioi": "", "Ngoai_baiSg": "", "layer": "TBI_KTVHXH", "path": "D:/Work/HungYen/TaiLieu/De/De Thai Binh/BD Thai Binh/TBI_KTVHXH.TAB|geometrytype=Point" }, "geometry": { "type": "Point", "coordinates": [ 106.504126283468608, 20.406712648515906 ] } },
{ "type": "Feature", "properties": { "ID": "TBI342040den", "Ten_CT": "Đền, chùa", "Loai_CT": "Đền, chùa", "Thuoc_huyen": "H. Tiền Hải", "Thuoc_tinh": "Thái Bình", "Trong_chigioi": "", "Ngoai_baiSg": "", "layer": "TBI_KTVHXH", "path": "D:/Work/HungYen/TaiLieu/De/De Thai Binh/BD Thai Binh/TBI_KTVHXH.TAB|geometrytype=Point" }, "geometry": { "type": "Point", "coordinates": [ 106.504485989009339, 20.384060723211228 ] } },
{ "type": "Feature", "properties": { "ID": "TBI342040den", "Ten_CT": "Đền, chùa", "Loai_CT": "Đền, chùa", "Thuoc_huyen": "H. Tiền Hải", "Thuoc_tinh": "Thái Bình", "Trong_chigioi": "", "Ngoai_baiSg": "", "layer": "TBI_KTVHXH", "path": "D:/Work/HungYen/TaiLieu/De/De Thai Binh/BD Thai Binh/TBI_KTVHXH.TAB|geometrytype=Point" }, "geometry": { "type": "Point", "coordinates": [ 106.520335345307956, 20.377128187445923 ] } },
{ "type": "Feature", "properties": { "ID": "TBI342040den", "Ten_CT": "Đền, chùa", "Loai_CT": "Đền, chùa", "Thuoc_huyen": "H. Tiền Hải", "Thuoc_tinh": "Thái Bình", "Trong_chigioi": "", "Ngoai_baiSg": "", "layer": "TBI_KTVHXH", "path": "D:/Work/HungYen/TaiLieu/De/De Thai Binh/BD Thai Binh/TBI_KTVHXH.TAB|geometrytype=Point" }, "geometry": { "type": "Point", "coordinates": [ 106.502733946114162, 20.42200901819772 ] } },
{ "type": "Feature", "properties": { "ID": "TBI342040den", "Ten_CT": "Đền, chùa", "Loai_CT": "Đền, chùa", "Thuoc_huyen": "H. Tiền Hải", "Thuoc_tinh": "Thái Bình", "Trong_chigioi": "", "Ngoai_baiSg": "", "layer": "TBI_KTVHXH", "path": "D:/Work/HungYen/TaiLieu/De/De Thai Binh/BD Thai Binh/TBI_KTVHXH.TAB|geometrytype=Point" }, "geometry": { "type": "Point", "coordinates": [ 106.500259043254161, 20.366878082372761 ] } },
{ "type": "Feature", "properties": { "ID": "TBI342040den", "Ten_CT": "Đền, chùa", "Loai_CT": "Đền, chùa", "Thuoc_huyen": "H. Tiền Hải", "Thuoc_tinh": "Thái Bình", "Trong_chigioi": "", "Ngoai_baiSg": "", "layer": "TBI_KTVHXH", "path": "D:/Work/HungYen/TaiLieu/De/De Thai Binh/BD Thai Binh/TBI_KTVHXH.TAB|geometrytype=Point" }, "geometry": { "type": "Point", "coordinates": [ 106.500666839343339, 20.374871603992304 ] } },
{ "type": "Feature", "properties": { "ID": "TBI342040den", "Ten_CT": "Đền, chùa", "Loai_CT": "Đền, chùa", "Thuoc_huyen": "H. Tiền Hải", "Thuoc_tinh": "Thái Bình", "Trong_chigioi": "", "Ngoai_baiSg": "", "layer": "TBI_KTVHXH", "path": "D:/Work/HungYen/TaiLieu/De/De Thai Binh/BD Thai Binh/TBI_KTVHXH.TAB|geometrytype=Point" }, "geometry": { "type": "Point", "coordinates": [ 106.503174657631476, 20.43551998911833 ] } },
{ "type": "Feature", "properties": { "ID": "TBI342040den", "Ten_CT": "Đền, chùa", "Loai_CT": "Đền, chùa", "Thuoc_huyen": "H. Tiền Hải", "Thuoc_tinh": "Thái Bình", "Trong_chigioi": "", "Ngoai_baiSg": "", "layer": "TBI_KTVHXH", "path": "D:/Work/HungYen/TaiLieu/De/De Thai Binh/BD Thai Binh/TBI_KTVHXH.TAB|geometrytype=Point" }, "geometry": { "type": "Point", "coordinates": [ 106.553971490660487, 20.466877900578897 ] } },
{ "type": "Feature", "properties": { "ID": "TBI342040den", "Ten_CT": "Đền, chùa", "Loai_CT": "Đền, chùa", "Thuoc_huyen": "H. Tiền Hải", "Thuoc_tinh": "Thái Bình", "Trong_chigioi": "", "Ngoai_baiSg": "", "layer": "TBI_KTVHXH", "path": "D:/Work/HungYen/TaiLieu/De/De Thai Binh/BD Thai Binh/TBI_KTVHXH.TAB|geometrytype=Point" }, "geometry": { "type": "Point", "coordinates": [ 106.504951392297428, 20.443365451979847 ] } },
{ "type": "Feature", "properties": { "ID": "TBI344040den", "Ten_CT": "Đền, chùa", "Loai_CT": "Đền, chùa", "Thuoc_huyen": "H. Vũ Thư", "Thuoc_tinh": "Thái Bình", "Trong_chigioi": "", "Ngoai_baiSg": "", "layer": "TBI_KTVHXH", "path": "D:/Work/HungYen/TaiLieu/De/De Thai Binh/BD Thai Binh/TBI_KTVHXH.TAB|geometrytype=Point" }, "geometry": { "type": "Point", "coordinates": [ 106.225553052464605, 20.430475299149339 ] } },
{ "type": "Feature", "properties": { "ID": "TBI344040den", "Ten_CT": "Đền, chùa", "Loai_CT": "Đền, chùa", "Thuoc_huyen": "H. Vũ Thư", "Thuoc_tinh": "Thái Bình", "Trong_chigioi": "", "Ngoai_baiSg": "", "layer": "TBI_KTVHXH", "path": "D:/Work/HungYen/TaiLieu/De/De Thai Binh/BD Thai Binh/TBI_KTVHXH.TAB|geometrytype=Point" }, "geometry": { "type": "Point", "coordinates": [ 106.233112774951337, 20.451678534285506 ] } },
{ "type": "Feature", "properties": { "ID": "TBI344040den", "Ten_CT": "Đền, chùa", "Loai_CT": "Đền, chùa", "Thuoc_huyen": "H. Vũ Thư", "Thuoc_tinh": "Thái Bình", "Trong_chigioi": "", "Ngoai_baiSg": "", "layer": "TBI_KTVHXH", "path": "D:/Work/HungYen/TaiLieu/De/De Thai Binh/BD Thai Binh/TBI_KTVHXH.TAB|geometrytype=Point" }, "geometry": { "type": "Point", "coordinates": [ 106.23149515646125, 20.459503414503036 ] } },
{ "type": "Feature", "properties": { "ID": "TBI344040den", "Ten_CT": "Đền, chùa", "Loai_CT": "Đền, chùa", "Thuoc_huyen": "H. Vũ Thư", "Thuoc_tinh": "Thái Bình", "Trong_chigioi": "", "Ngoai_baiSg": "", "layer": "TBI_KTVHXH", "path": "D:/Work/HungYen/TaiLieu/De/De Thai Binh/BD Thai Binh/TBI_KTVHXH.TAB|geometrytype=Point" }, "geometry": { "type": "Point", "coordinates": [ 106.244861666187902, 20.4642873723114 ] } },
{ "type": "Feature", "properties": { "ID": "TBI344040den", "Ten_CT": "Đền, chùa", "Loai_CT": "Đền, chùa", "Thuoc_huyen": "H. Vũ Thư", "Thuoc_tinh": "Thái Bình", "Trong_chigioi": "", "Ngoai_baiSg": "", "layer": "TBI_KTVHXH", "path": "D:/Work/HungYen/TaiLieu/De/De Thai Binh/BD Thai Binh/TBI_KTVHXH.TAB|geometrytype=Point" }, "geometry": { "type": "Point", "coordinates": [ 106.227971480273652, 20.471777304743757 ] } },
{ "type": "Feature", "properties": { "ID": "TBI344040den", "Ten_CT": "Đền, chùa", "Loai_CT": "Đền, chùa", "Thuoc_huyen": "H. Vũ Thư", "Thuoc_tinh": "Thái Bình", "Trong_chigioi": "", "Ngoai_baiSg": "", "layer": "TBI_KTVHXH", "path": "D:/Work/HungYen/TaiLieu/De/De Thai Binh/BD Thai Binh/TBI_KTVHXH.TAB|geometrytype=Point" }, "geometry": { "type": "Point", "coordinates": [ 106.227597029857293, 20.498451842719611 ] } },
{ "type": "Feature", "properties": { "ID": "TBI344040den", "Ten_CT": "Đền, chùa", "Loai_CT": "Đền, chùa", "Thuoc_huyen": "H. Vũ Thư", "Thuoc_tinh": "Thái Bình", "Trong_chigioi": "", "Ngoai_baiSg": "", "layer": "TBI_KTVHXH", "path": "D:/Work/HungYen/TaiLieu/De/De Thai Binh/BD Thai Binh/TBI_KTVHXH.TAB|geometrytype=Point" }, "geometry": { "type": "Point", "coordinates": [ 106.213977070946669, 20.494999164216779 ] } },
{ "type": "Feature", "properties": { "ID": "TBI344040den", "Ten_CT": "Đền, chùa", "Loai_CT": "Đền, chùa", "Thuoc_huyen": "H. Vũ Thư", "Thuoc_tinh": "Thái Bình", "Trong_chigioi": "", "Ngoai_baiSg": "", "layer": "TBI_KTVHXH", "path": "D:/Work/HungYen/TaiLieu/De/De Thai Binh/BD Thai Binh/TBI_KTVHXH.TAB|geometrytype=Point" }, "geometry": { "type": "Point", "coordinates": [ 106.210364116445817, 20.486664983815469 ] } },
{ "type": "Feature", "properties": { "ID": "TBI344040den", "Ten_CT": "Đền, chùa", "Loai_CT": "Đền, chùa", "Thuoc_huyen": "H. Vũ Thư", "Thuoc_tinh": "Thái Bình", "Trong_chigioi": "", "Ngoai_baiSg": "", "layer": "TBI_KTVHXH", "path": "D:/Work/HungYen/TaiLieu/De/De Thai Binh/BD Thai Binh/TBI_KTVHXH.TAB|geometrytype=Point" }, "geometry": { "type": "Point", "coordinates": [ 106.243497332355091, 20.488239315375271 ] } },
{ "type": "Feature", "properties": { "ID": "TBI344040den", "Ten_CT": "Đền, chùa", "Loai_CT": "Đền, chùa", "Thuoc_huyen": "H. Vũ Thư", "Thuoc_tinh": "Thái Bình", "Trong_chigioi": "", "Ngoai_baiSg": "", "layer": "TBI_KTVHXH", "path": "D:/Work/HungYen/TaiLieu/De/De Thai Binh/BD Thai Binh/TBI_KTVHXH.TAB|geometrytype=Point" }, "geometry": { "type": "Point", "coordinates": [ 106.244499497934953, 20.429883925003281 ] } },
{ "type": "Feature", "properties": { "ID": "TBI344040den", "Ten_CT": "Đền, chùa", "Loai_CT": "Đền, chùa", "Thuoc_huyen": "H. Vũ Thư", "Thuoc_tinh": "Thái Bình", "Trong_chigioi": "", "Ngoai_baiSg": "", "layer": "TBI_KTVHXH", "path": "D:/Work/HungYen/TaiLieu/De/De Thai Binh/BD Thai Binh/TBI_KTVHXH.TAB|geometrytype=Point" }, "geometry": { "type": "Point", "coordinates": [ 106.238579997536405, 20.426169172639646 ] } },
{ "type": "Feature", "properties": { "ID": "TBI344040den", "Ten_CT": "Đền, chùa", "Loai_CT": "Đền, chùa", "Thuoc_huyen": "H. Vũ Thư", "Thuoc_tinh": "Thái Bình", "Trong_chigioi": "", "Ngoai_baiSg": "", "layer": "TBI_KTVHXH", "path": "D:/Work/HungYen/TaiLieu/De/De Thai Binh/BD Thai Binh/TBI_KTVHXH.TAB|geometrytype=Point" }, "geometry": { "type": "Point", "coordinates": [ 106.221705826860571, 20.419969520114076 ] } },
{ "type": "Feature", "properties": { "ID": "TBI344040den", "Ten_CT": "Đền, chùa", "Loai_CT": "Đền, chùa", "Thuoc_huyen": "H. Vũ Thư", "Thuoc_tinh": "Thái Bình", "Trong_chigioi": "", "Ngoai_baiSg": "", "layer": "TBI_KTVHXH", "path": "D:/Work/HungYen/TaiLieu/De/De Thai Binh/BD Thai Binh/TBI_KTVHXH.TAB|geometrytype=Point" }, "geometry": { "type": "Point", "coordinates": [ 106.225416160362059, 20.443668500971572 ] } },
{ "type": "Feature", "properties": { "ID": "TBI338040bdien", "Ten_CT": "bưu điện", "Loai_CT": "bưu điện", "Thuoc_huyen": "H. Quỳnh Phụ", "Thuoc_tinh": "Thái Bình", "Trong_chigioi": "", "Ngoai_baiSg": "", "layer": "TBI_KTVHXH", "path": "D:/Work/HungYen/TaiLieu/De/De Thai Binh/BD Thai Binh/TBI_KTVHXH.TAB|geometrytype=Point" }, "geometry": { "type": "Point", "coordinates": [ 106.299542354743437, 20.628773755678974 ] } },
{ "type": "Feature", "properties": { "ID": "TBI336040bdien", "Ten_CT": "bưu điện", "Loai_CT": "bưu điện", "Thuoc_huyen": "TP. Thái Bình", "Thuoc_tinh": "Thái Bình", "Trong_chigioi": "", "Ngoai_baiSg": "", "layer": "TBI_KTVHXH", "path": "D:/Work/HungYen/TaiLieu/De/De Thai Binh/BD Thai Binh/TBI_KTVHXH.TAB|geometrytype=Point" }, "geometry": { "type": "Point", "coordinates": [ 106.335312713699736, 20.446423741945186 ] } },
{ "type": "Feature", "properties": { "ID": "TBI339040bthe", "Ten_CT": "biến thế", "Loai_CT": "biến thế", "Thuoc_huyen": "H. Hưng Hà", "Thuoc_tinh": "Thái Bình", "Trong_chigioi": "", "Ngoai_baiSg": "", "layer": "TBI_KTVHXH", "path": "D:/Work/HungYen/TaiLieu/De/De Thai Binh/BD Thai Binh/TBI_KTVHXH.TAB|geometrytype=Point" }, "geometry": { "type": "Point", "coordinates": [ 106.202985942185691, 20.522216381839787 ] } },
{ "type": "Feature", "properties": { "ID": "TBI341040bthe", "Ten_CT": "biến thế", "Loai_CT": "biến thế", "Thuoc_huyen": "H. Thái Thụy", "Thuoc_tinh": "Thái Bình", "Trong_chigioi": "", "Ngoai_baiSg": "", "layer": "TBI_KTVHXH", "path": "D:/Work/HungYen/TaiLieu/De/De Thai Binh/BD Thai Binh/TBI_KTVHXH.TAB|geometrytype=Point" }, "geometry": { "type": "Point", "coordinates": [ 106.512157630856223, 20.508415935991096 ] } },
{ "type": "Feature", "properties": { "ID": "TBI341040bthe", "Ten_CT": "biến thế", "Loai_CT": "biến thế", "Thuoc_huyen": "H. Thái Thụy", "Thuoc_tinh": "Thái Bình", "Trong_chigioi": "", "Ngoai_baiSg": "", "layer": "TBI_KTVHXH", "path": "D:/Work/HungYen/TaiLieu/De/De Thai Binh/BD Thai Binh/TBI_KTVHXH.TAB|geometrytype=Point" }, "geometry": { "type": "Point", "coordinates": [ 106.509094125294268, 20.50987265096829 ] } },
{ "type": "Feature", "properties": { "ID": "TBI341040bthe", "Ten_CT": "biến thế", "Loai_CT": "biến thế", "Thuoc_huyen": "H. Thái Thụy", "Thuoc_tinh": "Thái Bình", "Trong_chigioi": "", "Ngoai_baiSg": "", "layer": "TBI_KTVHXH", "path": "D:/Work/HungYen/TaiLieu/De/De Thai Binh/BD Thai Binh/TBI_KTVHXH.TAB|geometrytype=Point" }, "geometry": { "type": "Point", "coordinates": [ 106.521915632129847, 20.512706849927675 ] } },
{ "type": "Feature", "properties": { "ID": "TBI344040bthe", "Ten_CT": "biến thế", "Loai_CT": "biến thế", "Thuoc_huyen": "H. Vũ Thư", "Thuoc_tinh": "Thái Bình", "Trong_chigioi": "", "Ngoai_baiSg": "", "layer": "TBI_KTVHXH", "path": "D:/Work/HungYen/TaiLieu/De/De Thai Binh/BD Thai Binh/TBI_KTVHXH.TAB|geometrytype=Point" }, "geometry": { "type": "Point", "coordinates": [ 106.26155008160768, 20.453215579629109 ] } },
{ "type": "Feature", "properties": { "ID": "TBI344040bthe", "Ten_CT": "biến thế", "Loai_CT": "biến thế", "Thuoc_huyen": "H. Vũ Thư", "Thuoc_tinh": "Thái Bình", "Trong_chigioi": "", "Ngoai_baiSg": "", "layer": "TBI_KTVHXH", "path": "D:/Work/HungYen/TaiLieu/De/De Thai Binh/BD Thai Binh/TBI_KTVHXH.TAB|geometrytype=Point" }, "geometry": { "type": "Point", "coordinates": [ 106.285097362916787, 20.436571587916784 ] } },
{ "type": "Feature", "properties": { "ID": "TBI344040bthe", "Ten_CT": "biến thế", "Loai_CT": "biến thế", "Thuoc_huyen": "H. Vũ Thư", "Thuoc_tinh": "Thái Bình", "Trong_chigioi": "", "Ngoai_baiSg": "", "layer": "TBI_KTVHXH", "path": "D:/Work/HungYen/TaiLieu/De/De Thai Binh/BD Thai Binh/TBI_KTVHXH.TAB|geometrytype=Point" }, "geometry": { "type": "Point", "coordinates": [ 106.271575507767906, 20.444842009694451 ] } },
{ "type": "Feature", "properties": { "ID": "TBI344040bthe", "Ten_CT": "biến thế", "Loai_CT": "biến thế", "Thuoc_huyen": "H. Vũ Thư", "Thuoc_tinh": "Thái Bình", "Trong_chigioi": "", "Ngoai_baiSg": "", "layer": "TBI_KTVHXH", "path": "D:/Work/HungYen/TaiLieu/De/De Thai Binh/BD Thai Binh/TBI_KTVHXH.TAB|geometrytype=Point" }, "geometry": { "type": "Point", "coordinates": [ 106.28862760105028, 20.388302757770742 ] } },
{ "type": "Feature", "properties": { "ID": "TBI336040bthe", "Ten_CT": "biến thế", "Loai_CT": "biến thế", "Thuoc_huyen": "TP. Thái Bình", "Thuoc_tinh": "Thái Bình", "Trong_chigioi": "", "Ngoai_baiSg": "", "layer": "TBI_KTVHXH", "path": "D:/Work/HungYen/TaiLieu/De/De Thai Binh/BD Thai Binh/TBI_KTVHXH.TAB|geometrytype=Point" }, "geometry": { "type": "Point", "coordinates": [ 106.345189436331381, 20.422795479926062 ] } },
{ "type": "Feature", "properties": { "ID": "TBI336040bthe", "Ten_CT": "biến thế", "Loai_CT": "biến thế", "Thuoc_huyen": "TP. Thái Bình", "Thuoc_tinh": "Thái Bình", "Trong_chigioi": "", "Ngoai_baiSg": "", "layer": "TBI_KTVHXH", "path": "D:/Work/HungYen/TaiLieu/De/De Thai Binh/BD Thai Binh/TBI_KTVHXH.TAB|geometrytype=Point" }, "geometry": { "type": "Point", "coordinates": [ 106.344566413444696, 20.449561740146692 ] } },
{ "type": "Feature", "properties": { "ID": "TBI343040bthe", "Ten_CT": "biến thế", "Loai_CT": "biến thế", "Thuoc_huyen": "H. Kiến Xương", "Thuoc_tinh": "Thái Bình", "Trong_chigioi": "", "Ngoai_baiSg": "", "layer": "TBI_KTVHXH", "path": "D:/Work/HungYen/TaiLieu/De/De Thai Binh/BD Thai Binh/TBI_KTVHXH.TAB|geometrytype=Point" }, "geometry": { "type": "Point", "coordinates": [ 106.383181883112755, 20.403911234546776 ] } },
{ "type": "Feature", "properties": { "ID": "TBI342040bthe", "Ten_CT": "biến thế", "Loai_CT": "biến thế", "Thuoc_huyen": "H. Tiền Hải", "Thuoc_tinh": "Thái Bình", "Trong_chigioi": "", "Ngoai_baiSg": "", "layer": "TBI_KTVHXH", "path": "D:/Work/HungYen/TaiLieu/De/De Thai Binh/BD Thai Binh/TBI_KTVHXH.TAB|geometrytype=Point" }, "geometry": { "type": "Point", "coordinates": [ 106.544859611843421, 20.391120638170879 ] } },
{ "type": "Feature", "properties": { "ID": "TBI342040bthe", "Ten_CT": "biến thế", "Loai_CT": "biến thế", "Thuoc_huyen": "H. Tiền Hải", "Thuoc_tinh": "Thái Bình", "Trong_chigioi": "", "Ngoai_baiSg": "", "layer": "TBI_KTVHXH", "path": "D:/Work/HungYen/TaiLieu/De/De Thai Binh/BD Thai Binh/TBI_KTVHXH.TAB|geometrytype=Point" }, "geometry": { "type": "Point", "coordinates": [ 106.507604688428401, 20.399270371549893 ] } },
{ "type": "Feature", "properties": { "ID": "TBI341040lnung", "Ten_CT": "Lò nung", "Loai_CT": "Lò nung", "Thuoc_huyen": "H. Thái Thụy", "Thuoc_tinh": "Thái Bình", "Trong_chigioi": "", "Ngoai_baiSg": "", "layer": "TBI_KTVHXH", "path": "D:/Work/HungYen/TaiLieu/De/De Thai Binh/BD Thai Binh/TBI_KTVHXH.TAB|geometrytype=Point" }, "geometry": { "type": "Point", "coordinates": [ 106.483806848283919, 20.533208431073167 ] } },
{ "type": "Feature", "properties": { "ID": "TBI344040lnung", "Ten_CT": "Lò nung", "Loai_CT": "Lò nung", "Thuoc_huyen": "H. Vũ Thư", "Thuoc_tinh": "Thái Bình", "Trong_chigioi": "", "Ngoai_baiSg": "", "layer": "TBI_KTVHXH", "path": "D:/Work/HungYen/TaiLieu/De/De Thai Binh/BD Thai Binh/TBI_KTVHXH.TAB|geometrytype=Point" }, "geometry": { "type": "Point", "coordinates": [ 106.3348329747772, 20.503516561019982 ] } },
{ "type": "Feature", "properties": { "ID": "TBI340040lnung", "Ten_CT": "Lò nung", "Loai_CT": "Lò nung", "Thuoc_huyen": "H. Đông Hưng", "Thuoc_tinh": "Thái Bình", "Trong_chigioi": "", "Ngoai_baiSg": "", "layer": "TBI_KTVHXH", "path": "D:/Work/HungYen/TaiLieu/De/De Thai Binh/BD Thai Binh/TBI_KTVHXH.TAB|geometrytype=Point" }, "geometry": { "type": "Point", "coordinates": [ 106.308312474254407, 20.509857694800274 ] } },
{ "type": "Feature", "properties": { "ID": "TBI341040lnung", "Ten_CT": "Lò nung", "Loai_CT": "Lò nung", "Thuoc_huyen": "H. Thái Thụy", "Thuoc_tinh": "Thái Bình", "Trong_chigioi": "", "Ngoai_baiSg": "", "layer": "TBI_KTVHXH", "path": "D:/Work/HungYen/TaiLieu/De/De Thai Binh/BD Thai Binh/TBI_KTVHXH.TAB|geometrytype=Point" }, "geometry": { "type": "Point", "coordinates": [ 106.478599264077289, 20.531800910959408 ] } },
{ "type": "Feature", "properties": { "ID": "TBI341040lnung", "Ten_CT": "Lò nung", "Loai_CT": "Lò nung", "Thuoc_huyen": "H. Thái Thụy", "Thuoc_tinh": "Thái Bình", "Trong_chigioi": "", "Ngoai_baiSg": "", "layer": "TBI_KTVHXH", "path": "D:/Work/HungYen/TaiLieu/De/De Thai Binh/BD Thai Binh/TBI_KTVHXH.TAB|geometrytype=Point" }, "geometry": { "type": "Point", "coordinates": [ 106.44671578107959, 20.537962279392854 ] } },
{ "type": "Feature", "properties": { "ID": "TBI341040lnung", "Ten_CT": "Lò nung", "Loai_CT": "Lò nung", "Thuoc_huyen": "H. Thái Thụy", "Thuoc_tinh": "Thái Bình", "Trong_chigioi": "", "Ngoai_baiSg": "", "layer": "TBI_KTVHXH", "path": "D:/Work/HungYen/TaiLieu/De/De Thai Binh/BD Thai Binh/TBI_KTVHXH.TAB|geometrytype=Point" }, "geometry": { "type": "Point", "coordinates": [ 106.451489917165631, 20.535819900247386 ] } },
{ "type": "Feature", "properties": { "ID": "TBI341040lnung", "Ten_CT": "Lò nung", "Loai_CT": "Lò nung", "Thuoc_huyen": "H. Thái Thụy", "Thuoc_tinh": "Thái Bình", "Trong_chigioi": "", "Ngoai_baiSg": "", "layer": "TBI_KTVHXH", "path": "D:/Work/HungYen/TaiLieu/De/De Thai Binh/BD Thai Binh/TBI_KTVHXH.TAB|geometrytype=Point" }, "geometry": { "type": "Point", "coordinates": [ 106.442732429487691, 20.539765954706947 ] } },
{ "type": "Feature", "properties": { "ID": "TBI340040lnung", "Ten_CT": "Lò nung", "Loai_CT": "Lò nung", "Thuoc_huyen": "H. Đông Hưng", "Thuoc_tinh": "Thái Bình", "Trong_chigioi": "", "Ngoai_baiSg": "", "layer": "TBI_KTVHXH", "path": "D:/Work/HungYen/TaiLieu/De/De Thai Binh/BD Thai Binh/TBI_KTVHXH.TAB|geometrytype=Point" }, "geometry": { "type": "Point", "coordinates": [ 106.297561829265589, 20.574354472583209 ] } },
{ "type": "Feature", "properties": { "ID": "TBI340040lnung", "Ten_CT": "Lò nung", "Loai_CT": "Lò nung", "Thuoc_huyen": "H. Đông Hưng", "Thuoc_tinh": "Thái Bình", "Trong_chigioi": "", "Ngoai_baiSg": "", "layer": "TBI_KTVHXH", "path": "D:/Work/HungYen/TaiLieu/De/De Thai Binh/BD Thai Binh/TBI_KTVHXH.TAB|geometrytype=Point" }, "geometry": { "type": "Point", "coordinates": [ 106.421010154315184, 20.578463147334851 ] } },
{ "type": "Feature", "properties": { "ID": "TBI338040lnung", "Ten_CT": "Lò nung", "Loai_CT": "Lò nung", "Thuoc_huyen": "H. Quỳnh Phụ", "Thuoc_tinh": "Thái Bình", "Trong_chigioi": "", "Ngoai_baiSg": "", "layer": "TBI_KTVHXH", "path": "D:/Work/HungYen/TaiLieu/De/De Thai Binh/BD Thai Binh/TBI_KTVHXH.TAB|geometrytype=Point" }, "geometry": { "type": "Point", "coordinates": [ 106.35998481321036, 20.642797040710089 ] } },
{ "type": "Feature", "properties": { "ID": "TBI338040lnung", "Ten_CT": "Lò nung", "Loai_CT": "Lò nung", "Thuoc_huyen": "H. Quỳnh Phụ", "Thuoc_tinh": "Thái Bình", "Trong_chigioi": "", "Ngoai_baiSg": "", "layer": "TBI_KTVHXH", "path": "D:/Work/HungYen/TaiLieu/De/De Thai Binh/BD Thai Binh/TBI_KTVHXH.TAB|geometrytype=Point" }, "geometry": { "type": "Point", "coordinates": [ 106.435553309955282, 20.661164487091657 ] } },
{ "type": "Feature", "properties": { "ID": "TBI341040lnung", "Ten_CT": "Lò nung", "Loai_CT": "Lò nung", "Thuoc_huyen": "H. Thái Thụy", "Thuoc_tinh": "Thái Bình", "Trong_chigioi": "", "Ngoai_baiSg": "", "layer": "TBI_KTVHXH", "path": "D:/Work/HungYen/TaiLieu/De/De Thai Binh/BD Thai Binh/TBI_KTVHXH.TAB|geometrytype=Point" }, "geometry": { "type": "Point", "coordinates": [ 106.492122301386516, 20.537079508490827 ] } },
{ "type": "Feature", "properties": { "ID": "TBI340040lnung", "Ten_CT": "Lò nung", "Loai_CT": "Lò nung", "Thuoc_huyen": "H. Đông Hưng", "Thuoc_tinh": "Thái Bình", "Trong_chigioi": "", "Ngoai_baiSg": "", "layer": "TBI_KTVHXH", "path": "D:/Work/HungYen/TaiLieu/De/De Thai Binh/BD Thai Binh/TBI_KTVHXH.TAB|geometrytype=Point" }, "geometry": { "type": "Point", "coordinates": [ 106.357818957400241, 20.553566724361463 ] } },
{ "type": "Feature", "properties": { "ID": "TBI340040lnung", "Ten_CT": "Lò nung", "Loai_CT": "Lò nung", "Thuoc_huyen": "H. Đông Hưng", "Thuoc_tinh": "Thái Bình", "Trong_chigioi": "", "Ngoai_baiSg": "", "layer": "TBI_KTVHXH", "path": "D:/Work/HungYen/TaiLieu/De/De Thai Binh/BD Thai Binh/TBI_KTVHXH.TAB|geometrytype=Point" }, "geometry": { "type": "Point", "coordinates": [ 106.3432277555101, 20.577181108781208 ] } },
{ "type": "Feature", "properties": { "ID": "TBI340040lnung", "Ten_CT": "Lò nung", "Loai_CT": "Lò nung", "Thuoc_huyen": "H. Đông Hưng", "Thuoc_tinh": "Thái Bình", "Trong_chigioi": "", "Ngoai_baiSg": "", "layer": "TBI_KTVHXH", "path": "D:/Work/HungYen/TaiLieu/De/De Thai Binh/BD Thai Binh/TBI_KTVHXH.TAB|geometrytype=Point" }, "geometry": { "type": "Point", "coordinates": [ 106.320650645503065, 20.528380743456474 ] } },
{ "type": "Feature", "properties": { "ID": "TBI341040lnung", "Ten_CT": "Lò nung", "Loai_CT": "Lò nung", "Thuoc_huyen": "H. Thái Thụy", "Thuoc_tinh": "Thái Bình", "Trong_chigioi": "", "Ngoai_baiSg": "", "layer": "TBI_KTVHXH", "path": "D:/Work/HungYen/TaiLieu/De/De Thai Binh/BD Thai Binh/TBI_KTVHXH.TAB|geometrytype=Point" }, "geometry": { "type": "Point", "coordinates": [ 106.499578379629611, 20.569021274647373 ] } },
{ "type": "Feature", "properties": { "ID": "TBI340040lnung", "Ten_CT": "Lò nung", "Loai_CT": "Lò nung", "Thuoc_huyen": "H. Đông Hưng", "Thuoc_tinh": "Thái Bình", "Trong_chigioi": "", "Ngoai_baiSg": "", "layer": "TBI_KTVHXH", "path": "D:/Work/HungYen/TaiLieu/De/De Thai Binh/BD Thai Binh/TBI_KTVHXH.TAB|geometrytype=Point" }, "geometry": { "type": "Point", "coordinates": [ 106.279381985065854, 20.505052038835231 ] } },
{ "type": "Feature", "properties": { "ID": "TBI340040lnung", "Ten_CT": "Lò nung", "Loai_CT": "Lò nung", "Thuoc_huyen": "H. Đông Hưng", "Thuoc_tinh": "Thái Bình", "Trong_chigioi": "", "Ngoai_baiSg": "", "layer": "TBI_KTVHXH", "path": "D:/Work/HungYen/TaiLieu/De/De Thai Binh/BD Thai Binh/TBI_KTVHXH.TAB|geometrytype=Point" }, "geometry": { "type": "Point", "coordinates": [ 106.264418591483263, 20.517541467257118 ] } },
{ "type": "Feature", "properties": { "ID": "TBI341040lnung", "Ten_CT": "Lò nung", "Loai_CT": "Lò nung", "Thuoc_huyen": "H. Thái Thụy", "Thuoc_tinh": "Thái Bình", "Trong_chigioi": "", "Ngoai_baiSg": "", "layer": "TBI_KTVHXH", "path": "D:/Work/HungYen/TaiLieu/De/De Thai Binh/BD Thai Binh/TBI_KTVHXH.TAB|geometrytype=Point" }, "geometry": { "type": "Point", "coordinates": [ 106.484794300581967, 20.582899313015062 ] } },
{ "type": "Feature", "properties": { "ID": "TBI344040lnung", "Ten_CT": "Lò nung", "Loai_CT": "Lò nung", "Thuoc_huyen": "H. Vũ Thư", "Thuoc_tinh": "Thái Bình", "Trong_chigioi": "", "Ngoai_baiSg": "", "layer": "TBI_KTVHXH", "path": "D:/Work/HungYen/TaiLieu/De/De Thai Binh/BD Thai Binh/TBI_KTVHXH.TAB|geometrytype=Point" }, "geometry": { "type": "Point", "coordinates": [ 106.266618511941687, 20.501592199387396 ] } },
{ "type": "Feature", "properties": { "ID": "TBI340040lnung", "Ten_CT": "Lò nung", "Loai_CT": "Lò nung", "Thuoc_huyen": "H. Đông Hưng", "Thuoc_tinh": "Thái Bình", "Trong_chigioi": "", "Ngoai_baiSg": "", "layer": "TBI_KTVHXH", "path": "D:/Work/HungYen/TaiLieu/De/De Thai Binh/BD Thai Binh/TBI_KTVHXH.TAB|geometrytype=Point" }, "geometry": { "type": "Point", "coordinates": [ 106.378395480492813, 20.509249423715588 ] } },
{ "type": "Feature", "properties": { "ID": "TBI340040lnung", "Ten_CT": "Lò nung", "Loai_CT": "Lò nung", "Thuoc_huyen": "H. Đông Hưng", "Thuoc_tinh": "Thái Bình", "Trong_chigioi": "", "Ngoai_baiSg": "", "layer": "TBI_KTVHXH", "path": "D:/Work/HungYen/TaiLieu/De/De Thai Binh/BD Thai Binh/TBI_KTVHXH.TAB|geometrytype=Point" }, "geometry": { "type": "Point", "coordinates": [ 106.397333001976364, 20.512267686471144 ] } },
{ "type": "Feature", "properties": { "ID": "TBI341040lnung", "Ten_CT": "Lò nung", "Loai_CT": "Lò nung", "Thuoc_huyen": "H. Thái Thụy", "Thuoc_tinh": "Thái Bình", "Trong_chigioi": "", "Ngoai_baiSg": "", "layer": "TBI_KTVHXH", "path": "D:/Work/HungYen/TaiLieu/De/De Thai Binh/BD Thai Binh/TBI_KTVHXH.TAB|geometrytype=Point" }, "geometry": { "type": "Point", "coordinates": [ 106.462268151737362, 20.542216472048686 ] } },
{ "type": "Feature", "properties": { "ID": "TBI339040lnung", "Ten_CT": "Lò nung", "Loai_CT": "Lò nung", "Thuoc_huyen": "H. Hưng Hà", "Thuoc_tinh": "Thái Bình", "Trong_chigioi": "", "Ngoai_baiSg": "", "layer": "TBI_KTVHXH", "path": "D:/Work/HungYen/TaiLieu/De/De Thai Binh/BD Thai Binh/TBI_KTVHXH.TAB|geometrytype=Point" }, "geometry": { "type": "Point", "coordinates": [ 106.257327723131056, 20.57146956000723 ] } },
{ "type": "Feature", "properties": { "ID": "TBI338040lnung", "Ten_CT": "Lò nung", "Loai_CT": "Lò nung", "Thuoc_huyen": "H. Quỳnh Phụ", "Thuoc_tinh": "Thái Bình", "Trong_chigioi": "", "Ngoai_baiSg": "", "layer": "TBI_KTVHXH", "path": "D:/Work/HungYen/TaiLieu/De/De Thai Binh/BD Thai Binh/TBI_KTVHXH.TAB|geometrytype=Point" }, "geometry": { "type": "Point", "coordinates": [ 106.404547942495086, 20.687142530284113 ] } },
{ "type": "Feature", "properties": { "ID": "TBI341040lnung", "Ten_CT": "Lò nung", "Loai_CT": "Lò nung", "Thuoc_huyen": "H. Thái Thụy", "Thuoc_tinh": "Thái Bình", "Trong_chigioi": "", "Ngoai_baiSg": "", "layer": "TBI_KTVHXH", "path": "D:/Work/HungYen/TaiLieu/De/De Thai Binh/BD Thai Binh/TBI_KTVHXH.TAB|geometrytype=Point" }, "geometry": { "type": "Point", "coordinates": [ 106.508272249968385, 20.614068750934536 ] } },
{ "type": "Feature", "properties": { "ID": "TBI341040lnung", "Ten_CT": "Lò nung", "Loai_CT": "Lò nung", "Thuoc_huyen": "H. Thái Thụy", "Thuoc_tinh": "Thái Bình", "Trong_chigioi": "", "Ngoai_baiSg": "", "layer": "TBI_KTVHXH", "path": "D:/Work/HungYen/TaiLieu/De/De Thai Binh/BD Thai Binh/TBI_KTVHXH.TAB|geometrytype=Point" }, "geometry": { "type": "Point", "coordinates": [ 106.518412644844489, 20.601223339138901 ] } },
{ "type": "Feature", "properties": { "ID": "TBI341040lnung", "Ten_CT": "Lò nung", "Loai_CT": "Lò nung", "Thuoc_huyen": "H. Thái Thụy", "Thuoc_tinh": "Thái Bình", "Trong_chigioi": "", "Ngoai_baiSg": "", "layer": "TBI_KTVHXH", "path": "D:/Work/HungYen/TaiLieu/De/De Thai Binh/BD Thai Binh/TBI_KTVHXH.TAB|geometrytype=Point" }, "geometry": { "type": "Point", "coordinates": [ 106.502409294603908, 20.582875625737799 ] } },
{ "type": "Feature", "properties": { "ID": "TBI341040lnung", "Ten_CT": "Lò nung", "Loai_CT": "Lò nung", "Thuoc_huyen": "H. Thái Thụy", "Thuoc_tinh": "Thái Bình", "Trong_chigioi": "", "Ngoai_baiSg": "", "layer": "TBI_KTVHXH", "path": "D:/Work/HungYen/TaiLieu/De/De Thai Binh/BD Thai Binh/TBI_KTVHXH.TAB|geometrytype=Point" }, "geometry": { "type": "Point", "coordinates": [ 106.52125560933294, 20.567711881429801 ] } },
{ "type": "Feature", "properties": { "ID": "TBI341040lnung", "Ten_CT": "Lò nung", "Loai_CT": "Lò nung", "Thuoc_huyen": "H. Thái Thụy", "Thuoc_tinh": "Thái Bình", "Trong_chigioi": "", "Ngoai_baiSg": "", "layer": "TBI_KTVHXH", "path": "D:/Work/HungYen/TaiLieu/De/De Thai Binh/BD Thai Binh/TBI_KTVHXH.TAB|geometrytype=Point" }, "geometry": { "type": "Point", "coordinates": [ 106.510172895546432, 20.559835831495693 ] } },
{ "type": "Feature", "properties": { "ID": "TBI341040lnung", "Ten_CT": "Lò nung", "Loai_CT": "Lò nung", "Thuoc_huyen": "H. Thái Thụy", "Thuoc_tinh": "Thái Bình", "Trong_chigioi": "", "Ngoai_baiSg": "", "layer": "TBI_KTVHXH", "path": "D:/Work/HungYen/TaiLieu/De/De Thai Binh/BD Thai Binh/TBI_KTVHXH.TAB|geometrytype=Point" }, "geometry": { "type": "Point", "coordinates": [ 106.531717659747031, 20.55037807755367 ] } },
{ "type": "Feature", "properties": { "ID": "TBI341040lnung", "Ten_CT": "Lò nung", "Loai_CT": "Lò nung", "Thuoc_huyen": "H. Thái Thụy", "Thuoc_tinh": "Thái Bình", "Trong_chigioi": "", "Ngoai_baiSg": "", "layer": "TBI_KTVHXH", "path": "D:/Work/HungYen/TaiLieu/De/De Thai Binh/BD Thai Binh/TBI_KTVHXH.TAB|geometrytype=Point" }, "geometry": { "type": "Point", "coordinates": [ 106.52931480223593, 20.548156964812687 ] } },
{ "type": "Feature", "properties": { "ID": "TBI341040lnung", "Ten_CT": "Lò nung", "Loai_CT": "Lò nung", "Thuoc_huyen": "H. Thái Thụy", "Thuoc_tinh": "Thái Bình", "Trong_chigioi": "", "Ngoai_baiSg": "", "layer": "TBI_KTVHXH", "path": "D:/Work/HungYen/TaiLieu/De/De Thai Binh/BD Thai Binh/TBI_KTVHXH.TAB|geometrytype=Point" }, "geometry": { "type": "Point", "coordinates": [ 106.530401397308253, 20.545705657403619 ] } },
{ "type": "Feature", "properties": { "ID": "TBI341040lnung", "Ten_CT": "Lò nung", "Loai_CT": "Lò nung", "Thuoc_huyen": "H. Thái Thụy", "Thuoc_tinh": "Thái Bình", "Trong_chigioi": "", "Ngoai_baiSg": "", "layer": "TBI_KTVHXH", "path": "D:/Work/HungYen/TaiLieu/De/De Thai Binh/BD Thai Binh/TBI_KTVHXH.TAB|geometrytype=Point" }, "geometry": { "type": "Point", "coordinates": [ 106.505668682463366, 20.505207542611974 ] } },
{ "type": "Feature", "properties": { "ID": "TBI341040lnung", "Ten_CT": "Lò nung", "Loai_CT": "Lò nung", "Thuoc_huyen": "H. Thái Thụy", "Thuoc_tinh": "Thái Bình", "Trong_chigioi": "", "Ngoai_baiSg": "", "layer": "TBI_KTVHXH", "path": "D:/Work/HungYen/TaiLieu/De/De Thai Binh/BD Thai Binh/TBI_KTVHXH.TAB|geometrytype=Point" }, "geometry": { "type": "Point", "coordinates": [ 106.512087608536788, 20.544720234825931 ] } },
{ "type": "Feature", "properties": { "ID": "TBI341040lnung", "Ten_CT": "Lò nung", "Loai_CT": "Lò nung", "Thuoc_huyen": "H. Thái Thụy", "Thuoc_tinh": "Thái Bình", "Trong_chigioi": "", "Ngoai_baiSg": "", "layer": "TBI_KTVHXH", "path": "D:/Work/HungYen/TaiLieu/De/De Thai Binh/BD Thai Binh/TBI_KTVHXH.TAB|geometrytype=Point" }, "geometry": { "type": "Point", "coordinates": [ 106.516734086230571, 20.534461756982047 ] } },
{ "type": "Feature", "properties": { "ID": "TBI341040lnung", "Ten_CT": "Lò nung", "Loai_CT": "Lò nung", "Thuoc_huyen": "H. Thái Thụy", "Thuoc_tinh": "Thái Bình", "Trong_chigioi": "", "Ngoai_baiSg": "", "layer": "TBI_KTVHXH", "path": "D:/Work/HungYen/TaiLieu/De/De Thai Binh/BD Thai Binh/TBI_KTVHXH.TAB|geometrytype=Point" }, "geometry": { "type": "Point", "coordinates": [ 106.528012036108805, 20.538347211265208 ] } },
{ "type": "Feature", "properties": { "ID": "TBI341040lnung", "Ten_CT": "Lò nung", "Loai_CT": "Lò nung", "Thuoc_huyen": "H. Thái Thụy", "Thuoc_tinh": "Thái Bình", "Trong_chigioi": "", "Ngoai_baiSg": "", "layer": "TBI_KTVHXH", "path": "D:/Work/HungYen/TaiLieu/De/De Thai Binh/BD Thai Binh/TBI_KTVHXH.TAB|geometrytype=Point" }, "geometry": { "type": "Point", "coordinates": [ 106.514135435490999, 20.516248761235637 ] } },
{ "type": "Feature", "properties": { "ID": "TBI341040lnung", "Ten_CT": "Lò nung", "Loai_CT": "Lò nung", "Thuoc_huyen": "H. Thái Thụy", "Thuoc_tinh": "Thái Bình", "Trong_chigioi": "", "Ngoai_baiSg": "", "layer": "TBI_KTVHXH", "path": "D:/Work/HungYen/TaiLieu/De/De Thai Binh/BD Thai Binh/TBI_KTVHXH.TAB|geometrytype=Point" }, "geometry": { "type": "Point", "coordinates": [ 106.50638312345464, 20.518758621841293 ] } },
{ "type": "Feature", "properties": { "ID": "TBI341040lnung", "Ten_CT": "Lò nung", "Loai_CT": "Lò nung", "Thuoc_huyen": "H. Thái Thụy", "Thuoc_tinh": "Thái Bình", "Trong_chigioi": "", "Ngoai_baiSg": "", "layer": "TBI_KTVHXH", "path": "D:/Work/HungYen/TaiLieu/De/De Thai Binh/BD Thai Binh/TBI_KTVHXH.TAB|geometrytype=Point" }, "geometry": { "type": "Point", "coordinates": [ 106.535108560882705, 20.523889699470605 ] } },
{ "type": "Feature", "properties": { "ID": "TBI341040lnung", "Ten_CT": "Lò nung", "Loai_CT": "Lò nung", "Thuoc_huyen": "H. Thái Thụy", "Thuoc_tinh": "Thái Bình", "Trong_chigioi": "", "Ngoai_baiSg": "", "layer": "TBI_KTVHXH", "path": "D:/Work/HungYen/TaiLieu/De/De Thai Binh/BD Thai Binh/TBI_KTVHXH.TAB|geometrytype=Point" }, "geometry": { "type": "Point", "coordinates": [ 106.507817861859905, 20.543479524568596 ] } },
{ "type": "Feature", "properties": { "ID": "TBI341040lnung", "Ten_CT": "Lò nung", "Loai_CT": "Lò nung", "Thuoc_huyen": "H. Thái Thụy", "Thuoc_tinh": "Thái Bình", "Trong_chigioi": "", "Ngoai_baiSg": "", "layer": "TBI_KTVHXH", "path": "D:/Work/HungYen/TaiLieu/De/De Thai Binh/BD Thai Binh/TBI_KTVHXH.TAB|geometrytype=Point" }, "geometry": { "type": "Point", "coordinates": [ 106.508142088277083, 20.504084487605784 ] } },
{ "type": "Feature", "properties": { "ID": "TBI341040lnung", "Ten_CT": "Lò nung", "Loai_CT": "Lò nung", "Thuoc_huyen": "H. Thái Thụy", "Thuoc_tinh": "Thái Bình", "Trong_chigioi": "", "Ngoai_baiSg": "", "layer": "TBI_KTVHXH", "path": "D:/Work/HungYen/TaiLieu/De/De Thai Binh/BD Thai Binh/TBI_KTVHXH.TAB|geometrytype=Point" }, "geometry": { "type": "Point", "coordinates": [ 106.555613557798509, 20.502811751041193 ] } },
{ "type": "Feature", "properties": { "ID": "TBI341040lnung", "Ten_CT": "Lò nung", "Loai_CT": "Lò nung", "Thuoc_huyen": "H. Thái Thụy", "Thuoc_tinh": "Thái Bình", "Trong_chigioi": "", "Ngoai_baiSg": "", "layer": "TBI_KTVHXH", "path": "D:/Work/HungYen/TaiLieu/De/De Thai Binh/BD Thai Binh/TBI_KTVHXH.TAB|geometrytype=Point" }, "geometry": { "type": "Point", "coordinates": [ 106.562783042049858, 20.533792949536949 ] } },
{ "type": "Feature", "properties": { "ID": "TBI341040lnung", "Ten_CT": "Lò nung", "Loai_CT": "Lò nung", "Thuoc_huyen": "H. Thái Thụy", "Thuoc_tinh": "Thái Bình", "Trong_chigioi": "", "Ngoai_baiSg": "", "layer": "TBI_KTVHXH", "path": "D:/Work/HungYen/TaiLieu/De/De Thai Binh/BD Thai Binh/TBI_KTVHXH.TAB|geometrytype=Point" }, "geometry": { "type": "Point", "coordinates": [ 106.56385452376341, 20.535030102405951 ] } },
{ "type": "Feature", "properties": { "ID": "TBI341040lnung", "Ten_CT": "Lò nung", "Loai_CT": "Lò nung", "Thuoc_huyen": "H. Thái Thụy", "Thuoc_tinh": "Thái Bình", "Trong_chigioi": "", "Ngoai_baiSg": "", "layer": "TBI_KTVHXH", "path": "D:/Work/HungYen/TaiLieu/De/De Thai Binh/BD Thai Binh/TBI_KTVHXH.TAB|geometrytype=Point" }, "geometry": { "type": "Point", "coordinates": [ 106.562073061231246, 20.542078539161658 ] } },
{ "type": "Feature", "properties": { "ID": "TBI341040lnung", "Ten_CT": "Lò nung", "Loai_CT": "Lò nung", "Thuoc_huyen": "H. Thái Thụy", "Thuoc_tinh": "Thái Bình", "Trong_chigioi": "", "Ngoai_baiSg": "", "layer": "TBI_KTVHXH", "path": "D:/Work/HungYen/TaiLieu/De/De Thai Binh/BD Thai Binh/TBI_KTVHXH.TAB|geometrytype=Point" }, "geometry": { "type": "Point", "coordinates": [ 106.54629316058103, 20.541920768410105 ] } },
{ "type": "Feature", "properties": { "ID": "TBI341040lnung", "Ten_CT": "Lò nung", "Loai_CT": "Lò nung", "Thuoc_huyen": "H. Thái Thụy", "Thuoc_tinh": "Thái Bình", "Trong_chigioi": "", "Ngoai_baiSg": "", "layer": "TBI_KTVHXH", "path": "D:/Work/HungYen/TaiLieu/De/De Thai Binh/BD Thai Binh/TBI_KTVHXH.TAB|geometrytype=Point" }, "geometry": { "type": "Point", "coordinates": [ 106.547088826400142, 20.530560464774563 ] } },
{ "type": "Feature", "properties": { "ID": "TBI341040lnung", "Ten_CT": "Lò nung", "Loai_CT": "Lò nung", "Thuoc_huyen": "H. Thái Thụy", "Thuoc_tinh": "Thái Bình", "Trong_chigioi": "", "Ngoai_baiSg": "", "layer": "TBI_KTVHXH", "path": "D:/Work/HungYen/TaiLieu/De/De Thai Binh/BD Thai Binh/TBI_KTVHXH.TAB|geometrytype=Point" }, "geometry": { "type": "Point", "coordinates": [ 106.540790847592191, 20.531903843134245 ] } },
{ "type": "Feature", "properties": { "ID": "TBI341040lnung", "Ten_CT": "Lò nung", "Loai_CT": "Lò nung", "Thuoc_huyen": "H. Thái Thụy", "Thuoc_tinh": "Thái Bình", "Trong_chigioi": "", "Ngoai_baiSg": "", "layer": "TBI_KTVHXH", "path": "D:/Work/HungYen/TaiLieu/De/De Thai Binh/BD Thai Binh/TBI_KTVHXH.TAB|geometrytype=Point" }, "geometry": { "type": "Point", "coordinates": [ 106.543964147642839, 20.557866291910319 ] } },
{ "type": "Feature", "properties": { "ID": "TBI341040lnung", "Ten_CT": "Lò nung", "Loai_CT": "Lò nung", "Thuoc_huyen": "H. Thái Thụy", "Thuoc_tinh": "Thái Bình", "Trong_chigioi": "", "Ngoai_baiSg": "", "layer": "TBI_KTVHXH", "path": "D:/Work/HungYen/TaiLieu/De/De Thai Binh/BD Thai Binh/TBI_KTVHXH.TAB|geometrytype=Point" }, "geometry": { "type": "Point", "coordinates": [ 106.551344150711643, 20.559646090461801 ] } },
{ "type": "Feature", "properties": { "ID": "TBI341040lnung", "Ten_CT": "Lò nung", "Loai_CT": "Lò nung", "Thuoc_huyen": "H. Thái Thụy", "Thuoc_tinh": "Thái Bình", "Trong_chigioi": "", "Ngoai_baiSg": "", "layer": "TBI_KTVHXH", "path": "D:/Work/HungYen/TaiLieu/De/De Thai Binh/BD Thai Binh/TBI_KTVHXH.TAB|geometrytype=Point" }, "geometry": { "type": "Point", "coordinates": [ 106.549381375295823, 20.569840374389429 ] } },
{ "type": "Feature", "properties": { "ID": "TBI341040lnung", "Ten_CT": "Lò nung", "Loai_CT": "Lò nung", "Thuoc_huyen": "H. Thái Thụy", "Thuoc_tinh": "Thái Bình", "Trong_chigioi": "", "Ngoai_baiSg": "", "layer": "TBI_KTVHXH", "path": "D:/Work/HungYen/TaiLieu/De/De Thai Binh/BD Thai Binh/TBI_KTVHXH.TAB|geometrytype=Point" }, "geometry": { "type": "Point", "coordinates": [ 106.54314265666433, 20.570993593261722 ] } },
{ "type": "Feature", "properties": { "ID": "TBI341040lnung", "Ten_CT": "Lò nung", "Loai_CT": "Lò nung", "Thuoc_huyen": "H. Thái Thụy", "Thuoc_tinh": "Thái Bình", "Trong_chigioi": "", "Ngoai_baiSg": "", "layer": "TBI_KTVHXH", "path": "D:/Work/HungYen/TaiLieu/De/De Thai Binh/BD Thai Binh/TBI_KTVHXH.TAB|geometrytype=Point" }, "geometry": { "type": "Point", "coordinates": [ 106.543692351872977, 20.572984126773672 ] } },
{ "type": "Feature", "properties": { "ID": "TBI341040lnung", "Ten_CT": "Lò nung", "Loai_CT": "Lò nung", "Thuoc_huyen": "H. Thái Thụy", "Thuoc_tinh": "Thái Bình", "Trong_chigioi": "", "Ngoai_baiSg": "", "layer": "TBI_KTVHXH", "path": "D:/Work/HungYen/TaiLieu/De/De Thai Binh/BD Thai Binh/TBI_KTVHXH.TAB|geometrytype=Point" }, "geometry": { "type": "Point", "coordinates": [ 106.539370743980172, 20.58045565907409 ] } },
{ "type": "Feature", "properties": { "ID": "TBI341040lnung", "Ten_CT": "Lò nung", "Loai_CT": "Lò nung", "Thuoc_huyen": "H. Thái Thụy", "Thuoc_tinh": "Thái Bình", "Trong_chigioi": "", "Ngoai_baiSg": "", "layer": "TBI_KTVHXH", "path": "D:/Work/HungYen/TaiLieu/De/De Thai Binh/BD Thai Binh/TBI_KTVHXH.TAB|geometrytype=Point" }, "geometry": { "type": "Point", "coordinates": [ 106.563328825907874, 20.58188705067057 ] } },
{ "type": "Feature", "properties": { "ID": "TBI341040lnung", "Ten_CT": "Lò nung", "Loai_CT": "Lò nung", "Thuoc_huyen": "H. Thái Thụy", "Thuoc_tinh": "Thái Bình", "Trong_chigioi": "", "Ngoai_baiSg": "", "layer": "TBI_KTVHXH", "path": "D:/Work/HungYen/TaiLieu/De/De Thai Binh/BD Thai Binh/TBI_KTVHXH.TAB|geometrytype=Point" }, "geometry": { "type": "Point", "coordinates": [ 106.554548315410955, 20.583163469430431 ] } },
{ "type": "Feature", "properties": { "ID": "TBI341040lnung", "Ten_CT": "Lò nung", "Loai_CT": "Lò nung", "Thuoc_huyen": "H. Thái Thụy", "Thuoc_tinh": "Thái Bình", "Trong_chigioi": "", "Ngoai_baiSg": "", "layer": "TBI_KTVHXH", "path": "D:/Work/HungYen/TaiLieu/De/De Thai Binh/BD Thai Binh/TBI_KTVHXH.TAB|geometrytype=Point" }, "geometry": { "type": "Point", "coordinates": [ 106.576366506156361, 20.582517097931415 ] } },
{ "type": "Feature", "properties": { "ID": "TBI341040lnung", "Ten_CT": "Lò nung", "Loai_CT": "Lò nung", "Thuoc_huyen": "H. Thái Thụy", "Thuoc_tinh": "Thái Bình", "Trong_chigioi": "", "Ngoai_baiSg": "", "layer": "TBI_KTVHXH", "path": "D:/Work/HungYen/TaiLieu/De/De Thai Binh/BD Thai Binh/TBI_KTVHXH.TAB|geometrytype=Point" }, "geometry": { "type": "Point", "coordinates": [ 106.600754823777123, 20.610212629482113 ] } },
{ "type": "Feature", "properties": { "ID": "TBI341040lnung", "Ten_CT": "Lò nung", "Loai_CT": "Lò nung", "Thuoc_huyen": "H. Thái Thụy", "Thuoc_tinh": "Thái Bình", "Trong_chigioi": "", "Ngoai_baiSg": "", "layer": "TBI_KTVHXH", "path": "D:/Work/HungYen/TaiLieu/De/De Thai Binh/BD Thai Binh/TBI_KTVHXH.TAB|geometrytype=Point" }, "geometry": { "type": "Point", "coordinates": [ 106.516065129312963, 20.605276208398564 ] } },
{ "type": "Feature", "properties": { "ID": "TBI341040lnung", "Ten_CT": "Lò nung", "Loai_CT": "Lò nung", "Thuoc_huyen": "H. Thái Thụy", "Thuoc_tinh": "Thái Bình", "Trong_chigioi": "", "Ngoai_baiSg": "", "layer": "TBI_KTVHXH", "path": "D:/Work/HungYen/TaiLieu/De/De Thai Binh/BD Thai Binh/TBI_KTVHXH.TAB|geometrytype=Point" }, "geometry": { "type": "Point", "coordinates": [ 106.540334216683931, 20.582822925740082 ] } },
{ "type": "Feature", "properties": { "ID": "TBI341040lnung", "Ten_CT": "Lò nung", "Loai_CT": "Lò nung", "Thuoc_huyen": "H. Thái Thụy", "Thuoc_tinh": "Thái Bình", "Trong_chigioi": "", "Ngoai_baiSg": "", "layer": "TBI_KTVHXH", "path": "D:/Work/HungYen/TaiLieu/De/De Thai Binh/BD Thai Binh/TBI_KTVHXH.TAB|geometrytype=Point" }, "geometry": { "type": "Point", "coordinates": [ 106.545236440598558, 20.580084130817134 ] } },
{ "type": "Feature", "properties": { "ID": "TBI341040lnung", "Ten_CT": "Lò nung", "Loai_CT": "Lò nung", "Thuoc_huyen": "H. Thái Thụy", "Thuoc_tinh": "Thái Bình", "Trong_chigioi": "", "Ngoai_baiSg": "", "layer": "TBI_KTVHXH", "path": "D:/Work/HungYen/TaiLieu/De/De Thai Binh/BD Thai Binh/TBI_KTVHXH.TAB|geometrytype=Point" }, "geometry": { "type": "Point", "coordinates": [ 106.55512077782069, 20.540981510502636 ] } },
{ "type": "Feature", "properties": { "ID": "TBI341040lnung", "Ten_CT": "Lò nung", "Loai_CT": "Lò nung", "Thuoc_huyen": "H. Thái Thụy", "Thuoc_tinh": "Thái Bình", "Trong_chigioi": "", "Ngoai_baiSg": "", "layer": "TBI_KTVHXH", "path": "D:/Work/HungYen/TaiLieu/De/De Thai Binh/BD Thai Binh/TBI_KTVHXH.TAB|geometrytype=Point" }, "geometry": { "type": "Point", "coordinates": [ 106.541507310755605, 20.525529827342684 ] } },
{ "type": "Feature", "properties": { "ID": "TBI341040lnung", "Ten_CT": "Lò nung", "Loai_CT": "Lò nung", "Thuoc_huyen": "H. Thái Thụy", "Thuoc_tinh": "Thái Bình", "Trong_chigioi": "", "Ngoai_baiSg": "", "layer": "TBI_KTVHXH", "path": "D:/Work/HungYen/TaiLieu/De/De Thai Binh/BD Thai Binh/TBI_KTVHXH.TAB|geometrytype=Point" }, "geometry": { "type": "Point", "coordinates": [ 106.543716922171953, 20.549525577040065 ] } },
{ "type": "Feature", "properties": { "ID": "TBI341040lnung", "Ten_CT": "Lò nung", "Loai_CT": "Lò nung", "Thuoc_huyen": "H. Thái Thụy", "Thuoc_tinh": "Thái Bình", "Trong_chigioi": "", "Ngoai_baiSg": "", "layer": "TBI_KTVHXH", "path": "D:/Work/HungYen/TaiLieu/De/De Thai Binh/BD Thai Binh/TBI_KTVHXH.TAB|geometrytype=Point" }, "geometry": { "type": "Point", "coordinates": [ 106.555450584642799, 20.555226792319054 ] } },
{ "type": "Feature", "properties": { "ID": "TBI341040lnung", "Ten_CT": "Lò nung", "Loai_CT": "Lò nung", "Thuoc_huyen": "H. Thái Thụy", "Thuoc_tinh": "Thái Bình", "Trong_chigioi": "", "Ngoai_baiSg": "", "layer": "TBI_KTVHXH", "path": "D:/Work/HungYen/TaiLieu/De/De Thai Binh/BD Thai Binh/TBI_KTVHXH.TAB|geometrytype=Point" }, "geometry": { "type": "Point", "coordinates": [ 106.594275654510739, 20.582235029734075 ] } },
{ "type": "Feature", "properties": { "ID": "TBI341040lnung", "Ten_CT": "Lò nung", "Loai_CT": "Lò nung", "Thuoc_huyen": "H. Thái Thụy", "Thuoc_tinh": "Thái Bình", "Trong_chigioi": "", "Ngoai_baiSg": "", "layer": "TBI_KTVHXH", "path": "D:/Work/HungYen/TaiLieu/De/De Thai Binh/BD Thai Binh/TBI_KTVHXH.TAB|geometrytype=Point" }, "geometry": { "type": "Point", "coordinates": [ 106.515568615134086, 20.556595097421965 ] } },
{ "type": "Feature", "properties": { "ID": "TBI341040lnung", "Ten_CT": "Lò nung", "Loai_CT": "Lò nung", "Thuoc_huyen": "H. Thái Thụy", "Thuoc_tinh": "Thái Bình", "Trong_chigioi": "", "Ngoai_baiSg": "", "layer": "TBI_KTVHXH", "path": "D:/Work/HungYen/TaiLieu/De/De Thai Binh/BD Thai Binh/TBI_KTVHXH.TAB|geometrytype=Point" }, "geometry": { "type": "Point", "coordinates": [ 106.518845327137029, 20.602712983841556 ] } },
{ "type": "Feature", "properties": { "ID": "TBI341040lnung", "Ten_CT": "Lò nung", "Loai_CT": "Lò nung", "Thuoc_huyen": "H. Thái Thụy", "Thuoc_tinh": "Thái Bình", "Trong_chigioi": "", "Ngoai_baiSg": "", "layer": "TBI_KTVHXH", "path": "D:/Work/HungYen/TaiLieu/De/De Thai Binh/BD Thai Binh/TBI_KTVHXH.TAB|geometrytype=Point" }, "geometry": { "type": "Point", "coordinates": [ 106.596779732285867, 20.600469112424566 ] } },
{ "type": "Feature", "properties": { "ID": "TBI341040lnung", "Ten_CT": "Lò nung", "Loai_CT": "Lò nung", "Thuoc_huyen": "H. Thái Thụy", "Thuoc_tinh": "Thái Bình", "Trong_chigioi": "", "Ngoai_baiSg": "", "layer": "TBI_KTVHXH", "path": "D:/Work/HungYen/TaiLieu/De/De Thai Binh/BD Thai Binh/TBI_KTVHXH.TAB|geometrytype=Point" }, "geometry": { "type": "Point", "coordinates": [ 106.518235241760891, 20.533891958295364 ] } },
{ "type": "Feature", "properties": { "ID": "TBI341040lnung", "Ten_CT": "Lò nung", "Loai_CT": "Lò nung", "Thuoc_huyen": "H. Thái Thụy", "Thuoc_tinh": "Thái Bình", "Trong_chigioi": "", "Ngoai_baiSg": "", "layer": "TBI_KTVHXH", "path": "D:/Work/HungYen/TaiLieu/De/De Thai Binh/BD Thai Binh/TBI_KTVHXH.TAB|geometrytype=Point" }, "geometry": { "type": "Point", "coordinates": [ 106.57923425524011, 20.622927364706896 ] } },
{ "type": "Feature", "properties": { "ID": "TBI341040lnung", "Ten_CT": "Lò nung", "Loai_CT": "Lò nung", "Thuoc_huyen": "H. Thái Thụy", "Thuoc_tinh": "Thái Bình", "Trong_chigioi": "", "Ngoai_baiSg": "", "layer": "TBI_KTVHXH", "path": "D:/Work/HungYen/TaiLieu/De/De Thai Binh/BD Thai Binh/TBI_KTVHXH.TAB|geometrytype=Point" }, "geometry": { "type": "Point", "coordinates": [ 106.565255883102864, 20.57932524362203 ] } },
{ "type": "Feature", "properties": { "ID": "TBI344040lnung", "Ten_CT": "Lò nung", "Loai_CT": "Lò nung", "Thuoc_huyen": "H. Vũ Thư", "Thuoc_tinh": "Thái Bình", "Trong_chigioi": "", "Ngoai_baiSg": "", "layer": "TBI_KTVHXH", "path": "D:/Work/HungYen/TaiLieu/De/De Thai Binh/BD Thai Binh/TBI_KTVHXH.TAB|geometrytype=Point" }, "geometry": { "type": "Point", "coordinates": [ 106.269351388143463, 20.475323853127566 ] } },
{ "type": "Feature", "properties": { "ID": "TBI340040lnung", "Ten_CT": "Lò nung", "Loai_CT": "Lò nung", "Thuoc_huyen": "H. Đông Hưng", "Thuoc_tinh": "Thái Bình", "Trong_chigioi": "", "Ngoai_baiSg": "", "layer": "TBI_KTVHXH", "path": "D:/Work/HungYen/TaiLieu/De/De Thai Binh/BD Thai Binh/TBI_KTVHXH.TAB|geometrytype=Point" }, "geometry": { "type": "Point", "coordinates": [ 106.403298373367363, 20.485199499141743 ] } },
{ "type": "Feature", "properties": { "ID": "TBI340040lnung", "Ten_CT": "Lò nung", "Loai_CT": "Lò nung", "Thuoc_huyen": "H. Đông Hưng", "Thuoc_tinh": "Thái Bình", "Trong_chigioi": "", "Ngoai_baiSg": "", "layer": "TBI_KTVHXH", "path": "D:/Work/HungYen/TaiLieu/De/De Thai Binh/BD Thai Binh/TBI_KTVHXH.TAB|geometrytype=Point" }, "geometry": { "type": "Point", "coordinates": [ 106.41685061012835, 20.490872207246223 ] } },
{ "type": "Feature", "properties": { "ID": "TBI341040lnung", "Ten_CT": "Lò nung", "Loai_CT": "Lò nung", "Thuoc_huyen": "H. Thái Thụy", "Thuoc_tinh": "Thái Bình", "Trong_chigioi": "", "Ngoai_baiSg": "", "layer": "TBI_KTVHXH", "path": "D:/Work/HungYen/TaiLieu/De/De Thai Binh/BD Thai Binh/TBI_KTVHXH.TAB|geometrytype=Point" }, "geometry": { "type": "Point", "coordinates": [ 106.480033354427007, 20.454121161370818 ] } },
{ "type": "Feature", "properties": { "ID": "TBI342040lnung", "Ten_CT": "Lò nung", "Loai_CT": "Lò nung", "Thuoc_huyen": "H. Tiền Hải", "Thuoc_tinh": "Thái Bình", "Trong_chigioi": "", "Ngoai_baiSg": "", "layer": "TBI_KTVHXH", "path": "D:/Work/HungYen/TaiLieu/De/De Thai Binh/BD Thai Binh/TBI_KTVHXH.TAB|geometrytype=Point" }, "geometry": { "type": "Point", "coordinates": [ 106.497763320508511, 20.441853683318861 ] } },
{ "type": "Feature", "properties": { "ID": "TBI343040lnung", "Ten_CT": "Lò nung", "Loai_CT": "Lò nung", "Thuoc_huyen": "H. Kiến Xương", "Thuoc_tinh": "Thái Bình", "Trong_chigioi": "", "Ngoai_baiSg": "", "layer": "TBI_KTVHXH", "path": "D:/Work/HungYen/TaiLieu/De/De Thai Binh/BD Thai Binh/TBI_KTVHXH.TAB|geometrytype=Point" }, "geometry": { "type": "Point", "coordinates": [ 106.469464612465401, 20.466484037502557 ] } },
{ "type": "Feature", "properties": { "ID": "TBI343040lnung", "Ten_CT": "Lò nung", "Loai_CT": "Lò nung", "Thuoc_huyen": "H. Kiến Xương", "Thuoc_tinh": "Thái Bình", "Trong_chigioi": "", "Ngoai_baiSg": "", "layer": "TBI_KTVHXH", "path": "D:/Work/HungYen/TaiLieu/De/De Thai Binh/BD Thai Binh/TBI_KTVHXH.TAB|geometrytype=Point" }, "geometry": { "type": "Point", "coordinates": [ 106.469647299919771, 20.44656352060743 ] } },
{ "type": "Feature", "properties": { "ID": "TBI343040lnung", "Ten_CT": "Lò nung", "Loai_CT": "Lò nung", "Thuoc_huyen": "H. Kiến Xương", "Thuoc_tinh": "Thái Bình", "Trong_chigioi": "", "Ngoai_baiSg": "", "layer": "TBI_KTVHXH", "path": "D:/Work/HungYen/TaiLieu/De/De Thai Binh/BD Thai Binh/TBI_KTVHXH.TAB|geometrytype=Point" }, "geometry": { "type": "Point", "coordinates": [ 106.443919529896988, 20.381378469899566 ] } },
{ "type": "Feature", "properties": { "ID": "TBI342040lnung", "Ten_CT": "Lò nung", "Loai_CT": "Lò nung", "Thuoc_huyen": "H. Tiền Hải", "Thuoc_tinh": "Thái Bình", "Trong_chigioi": "", "Ngoai_baiSg": "", "layer": "TBI_KTVHXH", "path": "D:/Work/HungYen/TaiLieu/De/De Thai Binh/BD Thai Binh/TBI_KTVHXH.TAB|geometrytype=Point" }, "geometry": { "type": "Point", "coordinates": [ 106.471673874323955, 20.388615032781786 ] } },
{ "type": "Feature", "properties": { "ID": "TBI342040lnung", "Ten_CT": "Lò nung", "Loai_CT": "Lò nung", "Thuoc_huyen": "H. Tiền Hải", "Thuoc_tinh": "Thái Bình", "Trong_chigioi": "", "Ngoai_baiSg": "", "layer": "TBI_KTVHXH", "path": "D:/Work/HungYen/TaiLieu/De/De Thai Binh/BD Thai Binh/TBI_KTVHXH.TAB|geometrytype=Point" }, "geometry": { "type": "Point", "coordinates": [ 106.47913214137418, 20.386373472296139 ] } },
{ "type": "Feature", "properties": { "ID": "TBI342040lnung", "Ten_CT": "Lò nung", "Loai_CT": "Lò nung", "Thuoc_huyen": "H. Tiền Hải", "Thuoc_tinh": "Thái Bình", "Trong_chigioi": "", "Ngoai_baiSg": "", "layer": "TBI_KTVHXH", "path": "D:/Work/HungYen/TaiLieu/De/De Thai Binh/BD Thai Binh/TBI_KTVHXH.TAB|geometrytype=Point" }, "geometry": { "type": "Point", "coordinates": [ 106.490730717959295, 20.354315039010768 ] } },
{ "type": "Feature", "properties": { "ID": "TBI342040lnung", "Ten_CT": "Lò nung", "Loai_CT": "Lò nung", "Thuoc_huyen": "H. Tiền Hải", "Thuoc_tinh": "Thái Bình", "Trong_chigioi": "", "Ngoai_baiSg": "", "layer": "TBI_KTVHXH", "path": "D:/Work/HungYen/TaiLieu/De/De Thai Binh/BD Thai Binh/TBI_KTVHXH.TAB|geometrytype=Point" }, "geometry": { "type": "Point", "coordinates": [ 106.46734587876756, 20.335368643399388 ] } },
{ "type": "Feature", "properties": { "ID": "TBI344040lnung", "Ten_CT": "Lò nung", "Loai_CT": "Lò nung", "Thuoc_huyen": "H. Vũ Thư", "Thuoc_tinh": "Thái Bình", "Trong_chigioi": "", "Ngoai_baiSg": "", "layer": "TBI_KTVHXH", "path": "D:/Work/HungYen/TaiLieu/De/De Thai Binh/BD Thai Binh/TBI_KTVHXH.TAB|geometrytype=Point" }, "geometry": { "type": "Point", "coordinates": [ 106.278641823820706, 20.341953609591549 ] } },
{ "type": "Feature", "properties": { "ID": "TBI344040lnung", "Ten_CT": "Lò nung", "Loai_CT": "Lò nung", "Thuoc_huyen": "H. Vũ Thư", "Thuoc_tinh": "Thái Bình", "Trong_chigioi": "", "Ngoai_baiSg": "", "layer": "TBI_KTVHXH", "path": "D:/Work/HungYen/TaiLieu/De/De Thai Binh/BD Thai Binh/TBI_KTVHXH.TAB|geometrytype=Point" }, "geometry": { "type": "Point", "coordinates": [ 106.267719293285651, 20.40840357020998 ] } },
{ "type": "Feature", "properties": { "ID": "TBI344040lnung", "Ten_CT": "Lò nung", "Loai_CT": "Lò nung", "Thuoc_huyen": "H. Vũ Thư", "Thuoc_tinh": "Thái Bình", "Trong_chigioi": "", "Ngoai_baiSg": "", "layer": "TBI_KTVHXH", "path": "D:/Work/HungYen/TaiLieu/De/De Thai Binh/BD Thai Binh/TBI_KTVHXH.TAB|geometrytype=Point" }, "geometry": { "type": "Point", "coordinates": [ 106.253473304884352, 20.409234730706586 ] } },
{ "type": "Feature", "properties": { "ID": "TBI344040lnung", "Ten_CT": "Lò nung", "Loai_CT": "Lò nung", "Thuoc_huyen": "H. Vũ Thư", "Thuoc_tinh": "Thái Bình", "Trong_chigioi": "", "Ngoai_baiSg": "", "layer": "TBI_KTVHXH", "path": "D:/Work/HungYen/TaiLieu/De/De Thai Binh/BD Thai Binh/TBI_KTVHXH.TAB|geometrytype=Point" }, "geometry": { "type": "Point", "coordinates": [ 106.353267257200912, 20.362059642767463 ] } },
{ "type": "Feature", "properties": { "ID": "TBI343040lnung", "Ten_CT": "Lò nung", "Loai_CT": "Lò nung", "Thuoc_huyen": "H. Kiến Xương", "Thuoc_tinh": "Thái Bình", "Trong_chigioi": "", "Ngoai_baiSg": "", "layer": "TBI_KTVHXH", "path": "D:/Work/HungYen/TaiLieu/De/De Thai Binh/BD Thai Binh/TBI_KTVHXH.TAB|geometrytype=Point" }, "geometry": { "type": "Point", "coordinates": [ 106.432436560283136, 20.342351157492804 ] } },
{ "type": "Feature", "properties": { "ID": "TBI343040lnung", "Ten_CT": "Lò nung", "Loai_CT": "Lò nung", "Thuoc_huyen": "H. Kiến Xương", "Thuoc_tinh": "Thái Bình", "Trong_chigioi": "", "Ngoai_baiSg": "", "layer": "TBI_KTVHXH", "path": "D:/Work/HungYen/TaiLieu/De/De Thai Binh/BD Thai Binh/TBI_KTVHXH.TAB|geometrytype=Point" }, "geometry": { "type": "Point", "coordinates": [ 106.461969936857713, 20.465379047249893 ] } },
{ "type": "Feature", "properties": { "ID": "TBI343040lnung", "Ten_CT": "Lò nung", "Loai_CT": "Lò nung", "Thuoc_huyen": "H. Kiến Xương", "Thuoc_tinh": "Thái Bình", "Trong_chigioi": "", "Ngoai_baiSg": "", "layer": "TBI_KTVHXH", "path": "D:/Work/HungYen/TaiLieu/De/De Thai Binh/BD Thai Binh/TBI_KTVHXH.TAB|geometrytype=Point" }, "geometry": { "type": "Point", "coordinates": [ 106.364913611220004, 20.408192531752764 ] } },
{ "type": "Feature", "properties": { "ID": "TBI343040lnung", "Ten_CT": "Lò nung", "Loai_CT": "Lò nung", "Thuoc_huyen": "H. Kiến Xương", "Thuoc_tinh": "Thái Bình", "Trong_chigioi": "", "Ngoai_baiSg": "", "layer": "TBI_KTVHXH", "path": "D:/Work/HungYen/TaiLieu/De/De Thai Binh/BD Thai Binh/TBI_KTVHXH.TAB|geometrytype=Point" }, "geometry": { "type": "Point", "coordinates": [ 106.369707730053975, 20.405324284940292 ] } },
{ "type": "Feature", "properties": { "ID": "TBI343040lnung", "Ten_CT": "Lò nung", "Loai_CT": "Lò nung", "Thuoc_huyen": "H. Kiến Xương", "Thuoc_tinh": "Thái Bình", "Trong_chigioi": "", "Ngoai_baiSg": "", "layer": "TBI_KTVHXH", "path": "D:/Work/HungYen/TaiLieu/De/De Thai Binh/BD Thai Binh/TBI_KTVHXH.TAB|geometrytype=Point" }, "geometry": { "type": "Point", "coordinates": [ 106.394456399533695, 20.470604013277775 ] } },
{ "type": "Feature", "properties": { "ID": "TBI343040lnung", "Ten_CT": "Lò nung", "Loai_CT": "Lò nung", "Thuoc_huyen": "H. Kiến Xương", "Thuoc_tinh": "Thái Bình", "Trong_chigioi": "", "Ngoai_baiSg": "", "layer": "TBI_KTVHXH", "path": "D:/Work/HungYen/TaiLieu/De/De Thai Binh/BD Thai Binh/TBI_KTVHXH.TAB|geometrytype=Point" }, "geometry": { "type": "Point", "coordinates": [ 106.417452219177818, 20.393633238808434 ] } },
{ "type": "Feature", "properties": { "ID": "TBI344040lnung", "Ten_CT": "Lò nung", "Loai_CT": "Lò nung", "Thuoc_huyen": "H. Vũ Thư", "Thuoc_tinh": "Thái Bình", "Trong_chigioi": "", "Ngoai_baiSg": "", "layer": "TBI_KTVHXH", "path": "D:/Work/HungYen/TaiLieu/De/De Thai Binh/BD Thai Binh/TBI_KTVHXH.TAB|geometrytype=Point" }, "geometry": { "type": "Point", "coordinates": [ 106.353592229643056, 20.381854347701179 ] } },
{ "type": "Feature", "properties": { "ID": "TBI343040lnung", "Ten_CT": "Lò nung", "Loai_CT": "Lò nung", "Thuoc_huyen": "H. Kiến Xương", "Thuoc_tinh": "Thái Bình", "Trong_chigioi": "", "Ngoai_baiSg": "", "layer": "TBI_KTVHXH", "path": "D:/Work/HungYen/TaiLieu/De/De Thai Binh/BD Thai Binh/TBI_KTVHXH.TAB|geometrytype=Point" }, "geometry": { "type": "Point", "coordinates": [ 106.417441154811371, 20.437880631500978 ] } },
{ "type": "Feature", "properties": { "ID": "TBI344040lnung", "Ten_CT": "Lò nung", "Loai_CT": "Lò nung", "Thuoc_huyen": "H. Vũ Thư", "Thuoc_tinh": "Thái Bình", "Trong_chigioi": "", "Ngoai_baiSg": "", "layer": "TBI_KTVHXH", "path": "D:/Work/HungYen/TaiLieu/De/De Thai Binh/BD Thai Binh/TBI_KTVHXH.TAB|geometrytype=Point" }, "geometry": { "type": "Point", "coordinates": [ 106.295348579200592, 20.494278785678766 ] } },
{ "type": "Feature", "properties": { "ID": "TBI343040lnung", "Ten_CT": "Lò nung", "Loai_CT": "Lò nung", "Thuoc_huyen": "H. Kiến Xương", "Thuoc_tinh": "Thái Bình", "Trong_chigioi": "", "Ngoai_baiSg": "", "layer": "TBI_KTVHXH", "path": "D:/Work/HungYen/TaiLieu/De/De Thai Binh/BD Thai Binh/TBI_KTVHXH.TAB|geometrytype=Point" }, "geometry": { "type": "Point", "coordinates": [ 106.365336251657666, 20.462392507655235 ] } },
{ "type": "Feature", "properties": { "ID": "TBI343040lnung", "Ten_CT": "Lò nung", "Loai_CT": "Lò nung", "Thuoc_huyen": "H. Kiến Xương", "Thuoc_tinh": "Thái Bình", "Trong_chigioi": "", "Ngoai_baiSg": "", "layer": "TBI_KTVHXH", "path": "D:/Work/HungYen/TaiLieu/De/De Thai Binh/BD Thai Binh/TBI_KTVHXH.TAB|geometrytype=Point" }, "geometry": { "type": "Point", "coordinates": [ 106.362592449154931, 20.458002416931759 ] } },
{ "type": "Feature", "properties": { "ID": "TBI344040lnung", "Ten_CT": "Lò nung", "Loai_CT": "Lò nung", "Thuoc_huyen": "H. Vũ Thư", "Thuoc_tinh": "Thái Bình", "Trong_chigioi": "", "Ngoai_baiSg": "", "layer": "TBI_KTVHXH", "path": "D:/Work/HungYen/TaiLieu/De/De Thai Binh/BD Thai Binh/TBI_KTVHXH.TAB|geometrytype=Point" }, "geometry": { "type": "Point", "coordinates": [ 106.251823433160155, 20.456220195099906 ] } },
{ "type": "Feature", "properties": { "ID": "TBI343040lnung", "Ten_CT": "Lò nung", "Loai_CT": "Lò nung", "Thuoc_huyen": "H. Kiến Xương", "Thuoc_tinh": "Thái Bình", "Trong_chigioi": "", "Ngoai_baiSg": "", "layer": "TBI_KTVHXH", "path": "D:/Work/HungYen/TaiLieu/De/De Thai Binh/BD Thai Binh/TBI_KTVHXH.TAB|geometrytype=Point" }, "geometry": { "type": "Point", "coordinates": [ 106.407055037781987, 20.453277354397642 ] } },
{ "type": "Feature", "properties": { "ID": "TBI343040lnung", "Ten_CT": "Lò nung", "Loai_CT": "Lò nung", "Thuoc_huyen": "H. Kiến Xương", "Thuoc_tinh": "Thái Bình", "Trong_chigioi": "", "Ngoai_baiSg": "", "layer": "TBI_KTVHXH", "path": "D:/Work/HungYen/TaiLieu/De/De Thai Binh/BD Thai Binh/TBI_KTVHXH.TAB|geometrytype=Point" }, "geometry": { "type": "Point", "coordinates": [ 106.41329914626148, 20.457108603730628 ] } },
{ "type": "Feature", "properties": { "ID": "TBI343040lnung", "Ten_CT": "Lò nung", "Loai_CT": "Lò nung", "Thuoc_huyen": "H. Kiến Xương", "Thuoc_tinh": "Thái Bình", "Trong_chigioi": "", "Ngoai_baiSg": "", "layer": "TBI_KTVHXH", "path": "D:/Work/HungYen/TaiLieu/De/De Thai Binh/BD Thai Binh/TBI_KTVHXH.TAB|geometrytype=Point" }, "geometry": { "type": "Point", "coordinates": [ 106.412989138497636, 20.463414773702212 ] } },
{ "type": "Feature", "properties": { "ID": "TBI343040lnung", "Ten_CT": "Lò nung", "Loai_CT": "Lò nung", "Thuoc_huyen": "H. Kiến Xương", "Thuoc_tinh": "Thái Bình", "Trong_chigioi": "", "Ngoai_baiSg": "", "layer": "TBI_KTVHXH", "path": "D:/Work/HungYen/TaiLieu/De/De Thai Binh/BD Thai Binh/TBI_KTVHXH.TAB|geometrytype=Point" }, "geometry": { "type": "Point", "coordinates": [ 106.410227683530408, 20.399579409379296 ] } },
{ "type": "Feature", "properties": { "ID": "TBI343040lnung", "Ten_CT": "Lò nung", "Loai_CT": "Lò nung", "Thuoc_huyen": "H. Kiến Xương", "Thuoc_tinh": "Thái Bình", "Trong_chigioi": "", "Ngoai_baiSg": "", "layer": "TBI_KTVHXH", "path": "D:/Work/HungYen/TaiLieu/De/De Thai Binh/BD Thai Binh/TBI_KTVHXH.TAB|geometrytype=Point" }, "geometry": { "type": "Point", "coordinates": [ 106.427323296764101, 20.484944488864134 ] } },
{ "type": "Feature", "properties": { "ID": "TBI344040lnung", "Ten_CT": "Lò nung", "Loai_CT": "Lò nung", "Thuoc_huyen": "H. Vũ Thư", "Thuoc_tinh": "Thái Bình", "Trong_chigioi": "", "Ngoai_baiSg": "", "layer": "TBI_KTVHXH", "path": "D:/Work/HungYen/TaiLieu/De/De Thai Binh/BD Thai Binh/TBI_KTVHXH.TAB|geometrytype=Point" }, "geometry": { "type": "Point", "coordinates": [ 106.294101020817223, 20.434357561134807 ] } },
{ "type": "Feature", "properties": { "ID": "TBI336040lnung", "Ten_CT": "Lò nung", "Loai_CT": "Lò nung", "Thuoc_huyen": "TP. Thái Bình", "Thuoc_tinh": "Thái Bình", "Trong_chigioi": "", "Ngoai_baiSg": "", "layer": "TBI_KTVHXH", "path": "D:/Work/HungYen/TaiLieu/De/De Thai Binh/BD Thai Binh/TBI_KTVHXH.TAB|geometrytype=Point" }, "geometry": { "type": "Point", "coordinates": [ 106.352702382486882, 20.45078993919044 ] } },
{ "type": "Feature", "properties": { "ID": "TBI342040lnung", "Ten_CT": "Lò nung", "Loai_CT": "Lò nung", "Thuoc_huyen": "H. Tiền Hải", "Thuoc_tinh": "Thái Bình", "Trong_chigioi": "", "Ngoai_baiSg": "", "layer": "TBI_KTVHXH", "path": "D:/Work/HungYen/TaiLieu/De/De Thai Binh/BD Thai Binh/TBI_KTVHXH.TAB|geometrytype=Point" }, "geometry": { "type": "Point", "coordinates": [ 106.486956388585256, 20.357481385256698 ] } },
{ "type": "Feature", "properties": { "ID": "TBI344040lnung", "Ten_CT": "Lò nung", "Loai_CT": "Lò nung", "Thuoc_huyen": "H. Vũ Thư", "Thuoc_tinh": "Thái Bình", "Trong_chigioi": "", "Ngoai_baiSg": "", "layer": "TBI_KTVHXH", "path": "D:/Work/HungYen/TaiLieu/De/De Thai Binh/BD Thai Binh/TBI_KTVHXH.TAB|geometrytype=Point" }, "geometry": { "type": "Point", "coordinates": [ 106.271147047463771, 20.330690235919047 ] } },
{ "type": "Feature", "properties": { "ID": "TBI341040lnung", "Ten_CT": "Lò nung", "Loai_CT": "Lò nung", "Thuoc_huyen": "H. Thái Thụy", "Thuoc_tinh": "Thái Bình", "Trong_chigioi": "", "Ngoai_baiSg": "", "layer": "TBI_KTVHXH", "path": "D:/Work/HungYen/TaiLieu/De/De Thai Binh/BD Thai Binh/TBI_KTVHXH.TAB|geometrytype=Point" }, "geometry": { "type": "Point", "coordinates": [ 106.45557699566784, 20.498560733048457 ] } },
{ "type": "Feature", "properties": { "ID": "TBI343040lnung", "Ten_CT": "Lò nung", "Loai_CT": "Lò nung", "Thuoc_huyen": "H. Kiến Xương", "Thuoc_tinh": "Thái Bình", "Trong_chigioi": "", "Ngoai_baiSg": "", "layer": "TBI_KTVHXH", "path": "D:/Work/HungYen/TaiLieu/De/De Thai Binh/BD Thai Binh/TBI_KTVHXH.TAB|geometrytype=Point" }, "geometry": { "type": "Point", "coordinates": [ 106.451463868437088, 20.490771926733011 ] } },
{ "type": "Feature", "properties": { "ID": "TBI343040lnung", "Ten_CT": "Lò nung", "Loai_CT": "Lò nung", "Thuoc_huyen": "H. Kiến Xương", "Thuoc_tinh": "Thái Bình", "Trong_chigioi": "", "Ngoai_baiSg": "", "layer": "TBI_KTVHXH", "path": "D:/Work/HungYen/TaiLieu/De/De Thai Binh/BD Thai Binh/TBI_KTVHXH.TAB|geometrytype=Point" }, "geometry": { "type": "Point", "coordinates": [ 106.428928721215982, 20.464832848643113 ] } },
{ "type": "Feature", "properties": { "ID": "TBI343040lnung", "Ten_CT": "Lò nung", "Loai_CT": "Lò nung", "Thuoc_huyen": "H. Kiến Xương", "Thuoc_tinh": "Thái Bình", "Trong_chigioi": "", "Ngoai_baiSg": "", "layer": "TBI_KTVHXH", "path": "D:/Work/HungYen/TaiLieu/De/De Thai Binh/BD Thai Binh/TBI_KTVHXH.TAB|geometrytype=Point" }, "geometry": { "type": "Point", "coordinates": [ 106.434867786177804, 20.464255620129567 ] } },
{ "type": "Feature", "properties": { "ID": "TBI343040lnung", "Ten_CT": "Lò nung", "Loai_CT": "Lò nung", "Thuoc_huyen": "H. Kiến Xương", "Thuoc_tinh": "Thái Bình", "Trong_chigioi": "", "Ngoai_baiSg": "", "layer": "TBI_KTVHXH", "path": "D:/Work/HungYen/TaiLieu/De/De Thai Binh/BD Thai Binh/TBI_KTVHXH.TAB|geometrytype=Point" }, "geometry": { "type": "Point", "coordinates": [ 106.426376821347816, 20.466179104488582 ] } },
{ "type": "Feature", "properties": { "ID": "TBI343040lnung", "Ten_CT": "Lò nung", "Loai_CT": "Lò nung", "Thuoc_huyen": "H. Kiến Xương", "Thuoc_tinh": "Thái Bình", "Trong_chigioi": "", "Ngoai_baiSg": "", "layer": "TBI_KTVHXH", "path": "D:/Work/HungYen/TaiLieu/De/De Thai Binh/BD Thai Binh/TBI_KTVHXH.TAB|geometrytype=Point" }, "geometry": { "type": "Point", "coordinates": [ 106.400549103533578, 20.424146112670343 ] } },
{ "type": "Feature", "properties": { "ID": "TBI343040lnung", "Ten_CT": "Lò nung", "Loai_CT": "Lò nung", "Thuoc_huyen": "H. Kiến Xương", "Thuoc_tinh": "Thái Bình", "Trong_chigioi": "", "Ngoai_baiSg": "", "layer": "TBI_KTVHXH", "path": "D:/Work/HungYen/TaiLieu/De/De Thai Binh/BD Thai Binh/TBI_KTVHXH.TAB|geometrytype=Point" }, "geometry": { "type": "Point", "coordinates": [ 106.457505484645566, 20.419060959846334 ] } },
{ "type": "Feature", "properties": { "ID": "TBI343040lnung", "Ten_CT": "Lò nung", "Loai_CT": "Lò nung", "Thuoc_huyen": "H. Kiến Xương", "Thuoc_tinh": "Thái Bình", "Trong_chigioi": "", "Ngoai_baiSg": "", "layer": "TBI_KTVHXH", "path": "D:/Work/HungYen/TaiLieu/De/De Thai Binh/BD Thai Binh/TBI_KTVHXH.TAB|geometrytype=Point" }, "geometry": { "type": "Point", "coordinates": [ 106.445496929642701, 20.437947994843181 ] } },
{ "type": "Feature", "properties": { "ID": "TBI341040lnung", "Ten_CT": "Lò nung", "Loai_CT": "Lò nung", "Thuoc_huyen": "H. Thái Thụy", "Thuoc_tinh": "Thái Bình", "Trong_chigioi": "", "Ngoai_baiSg": "", "layer": "TBI_KTVHXH", "path": "D:/Work/HungYen/TaiLieu/De/De Thai Binh/BD Thai Binh/TBI_KTVHXH.TAB|geometrytype=Point" }, "geometry": { "type": "Point", "coordinates": [ 106.488076463057553, 20.495276124151303 ] } },
{ "type": "Feature", "properties": { "ID": "TBI344040lnung", "Ten_CT": "Lò nung", "Loai_CT": "Lò nung", "Thuoc_huyen": "H. Vũ Thư", "Thuoc_tinh": "Thái Bình", "Trong_chigioi": "", "Ngoai_baiSg": "", "layer": "TBI_KTVHXH", "path": "D:/Work/HungYen/TaiLieu/De/De Thai Binh/BD Thai Binh/TBI_KTVHXH.TAB|geometrytype=Point" }, "geometry": { "type": "Point", "coordinates": [ 106.278637458709625, 20.481218176455478 ] } },
{ "type": "Feature", "properties": { "ID": "TBI344040lnung", "Ten_CT": "Lò nung", "Loai_CT": "Lò nung", "Thuoc_huyen": "H. Vũ Thư", "Thuoc_tinh": "Thái Bình", "Trong_chigioi": "", "Ngoai_baiSg": "", "layer": "TBI_KTVHXH", "path": "D:/Work/HungYen/TaiLieu/De/De Thai Binh/BD Thai Binh/TBI_KTVHXH.TAB|geometrytype=Point" }, "geometry": { "type": "Point", "coordinates": [ 106.331264648848659, 20.489015596697541 ] } },
{ "type": "Feature", "properties": { "ID": "TBI344040lnung", "Ten_CT": "Lò nung", "Loai_CT": "Lò nung", "Thuoc_huyen": "H. Vũ Thư", "Thuoc_tinh": "Thái Bình", "Trong_chigioi": "", "Ngoai_baiSg": "", "layer": "TBI_KTVHXH", "path": "D:/Work/HungYen/TaiLieu/De/De Thai Binh/BD Thai Binh/TBI_KTVHXH.TAB|geometrytype=Point" }, "geometry": { "type": "Point", "coordinates": [ 106.273854359617516, 20.439336951691391 ] } },
{ "type": "Feature", "properties": { "ID": "TBI343040lnung", "Ten_CT": "Lò nung", "Loai_CT": "Lò nung", "Thuoc_huyen": "H. Kiến Xương", "Thuoc_tinh": "Thái Bình", "Trong_chigioi": "", "Ngoai_baiSg": "", "layer": "TBI_KTVHXH", "path": "D:/Work/HungYen/TaiLieu/De/De Thai Binh/BD Thai Binh/TBI_KTVHXH.TAB|geometrytype=Point" }, "geometry": { "type": "Point", "coordinates": [ 106.439776773380501, 20.46029317645533 ] } },
{ "type": "Feature", "properties": { "ID": "TBI343040lnung", "Ten_CT": "Lò nung", "Loai_CT": "Lò nung", "Thuoc_huyen": "H. Kiến Xương", "Thuoc_tinh": "Thái Bình", "Trong_chigioi": "", "Ngoai_baiSg": "", "layer": "TBI_KTVHXH", "path": "D:/Work/HungYen/TaiLieu/De/De Thai Binh/BD Thai Binh/TBI_KTVHXH.TAB|geometrytype=Point" }, "geometry": { "type": "Point", "coordinates": [ 106.429134686088901, 20.378474238879011 ] } },
{ "type": "Feature", "properties": { "ID": "TBI341040lnung", "Ten_CT": "Lò nung", "Loai_CT": "Lò nung", "Thuoc_huyen": "H. Thái Thụy", "Thuoc_tinh": "Thái Bình", "Trong_chigioi": "", "Ngoai_baiSg": "", "layer": "TBI_KTVHXH", "path": "D:/Work/HungYen/TaiLieu/De/De Thai Binh/BD Thai Binh/TBI_KTVHXH.TAB|geometrytype=Point" }, "geometry": { "type": "Point", "coordinates": [ 106.475779765280265, 20.495983183839119 ] } },
{ "type": "Feature", "properties": { "ID": "TBI343040lnung", "Ten_CT": "Lò nung", "Loai_CT": "Lò nung", "Thuoc_huyen": "H. Kiến Xương", "Thuoc_tinh": "Thái Bình", "Trong_chigioi": "", "Ngoai_baiSg": "", "layer": "TBI_KTVHXH", "path": "D:/Work/HungYen/TaiLieu/De/De Thai Binh/BD Thai Binh/TBI_KTVHXH.TAB|geometrytype=Point" }, "geometry": { "type": "Point", "coordinates": [ 106.451834282220375, 20.380522201013779 ] } },
{ "type": "Feature", "properties": { "ID": "TBI343040lnung", "Ten_CT": "Lò nung", "Loai_CT": "Lò nung", "Thuoc_huyen": "H. Kiến Xương", "Thuoc_tinh": "Thái Bình", "Trong_chigioi": "", "Ngoai_baiSg": "", "layer": "TBI_KTVHXH", "path": "D:/Work/HungYen/TaiLieu/De/De Thai Binh/BD Thai Binh/TBI_KTVHXH.TAB|geometrytype=Point" }, "geometry": { "type": "Point", "coordinates": [ 106.463665565798109, 20.350498173594392 ] } },
{ "type": "Feature", "properties": { "ID": "TBI343040lnung", "Ten_CT": "Lò nung", "Loai_CT": "Lò nung", "Thuoc_huyen": "H. Kiến Xương", "Thuoc_tinh": "Thái Bình", "Trong_chigioi": "", "Ngoai_baiSg": "", "layer": "TBI_KTVHXH", "path": "D:/Work/HungYen/TaiLieu/De/De Thai Binh/BD Thai Binh/TBI_KTVHXH.TAB|geometrytype=Point" }, "geometry": { "type": "Point", "coordinates": [ 106.439215532551188, 20.370415674076622 ] } },
{ "type": "Feature", "properties": { "ID": "TBI341040lnung", "Ten_CT": "Lò nung", "Loai_CT": "Lò nung", "Thuoc_huyen": "H. Thái Thụy", "Thuoc_tinh": "Thái Bình", "Trong_chigioi": "", "Ngoai_baiSg": "", "layer": "TBI_KTVHXH", "path": "D:/Work/HungYen/TaiLieu/De/De Thai Binh/BD Thai Binh/TBI_KTVHXH.TAB|geometrytype=Point" }, "geometry": { "type": "Point", "coordinates": [ 106.518097410533485, 20.474430248472878 ] } },
{ "type": "Feature", "properties": { "ID": "TBI341040lnung", "Ten_CT": "Lò nung", "Loai_CT": "Lò nung", "Thuoc_huyen": "H. Thái Thụy", "Thuoc_tinh": "Thái Bình", "Trong_chigioi": "", "Ngoai_baiSg": "", "layer": "TBI_KTVHXH", "path": "D:/Work/HungYen/TaiLieu/De/De Thai Binh/BD Thai Binh/TBI_KTVHXH.TAB|geometrytype=Point" }, "geometry": { "type": "Point", "coordinates": [ 106.522750158291302, 20.477059923339773 ] } },
{ "type": "Feature", "properties": { "ID": "TBI341040lnung", "Ten_CT": "Lò nung", "Loai_CT": "Lò nung", "Thuoc_huyen": "H. Thái Thụy", "Thuoc_tinh": "Thái Bình", "Trong_chigioi": "", "Ngoai_baiSg": "", "layer": "TBI_KTVHXH", "path": "D:/Work/HungYen/TaiLieu/De/De Thai Binh/BD Thai Binh/TBI_KTVHXH.TAB|geometrytype=Point" }, "geometry": { "type": "Point", "coordinates": [ 106.53467920512395, 20.47315131815067 ] } },
{ "type": "Feature", "properties": { "ID": "TBI342040lnung", "Ten_CT": "Lò nung", "Loai_CT": "Lò nung", "Thuoc_huyen": "H. Tiền Hải", "Thuoc_tinh": "Thái Bình", "Trong_chigioi": "", "Ngoai_baiSg": "", "layer": "TBI_KTVHXH", "path": "D:/Work/HungYen/TaiLieu/De/De Thai Binh/BD Thai Binh/TBI_KTVHXH.TAB|geometrytype=Point" }, "geometry": { "type": "Point", "coordinates": [ 106.549365126701204, 20.447204855516713 ] } },
{ "type": "Feature", "properties": { "ID": "TBI342040lnung", "Ten_CT": "Lò nung", "Loai_CT": "Lò nung", "Thuoc_huyen": "H. Tiền Hải", "Thuoc_tinh": "Thái Bình", "Trong_chigioi": "", "Ngoai_baiSg": "", "layer": "TBI_KTVHXH", "path": "D:/Work/HungYen/TaiLieu/De/De Thai Binh/BD Thai Binh/TBI_KTVHXH.TAB|geometrytype=Point" }, "geometry": { "type": "Point", "coordinates": [ 106.565017993430828, 20.406313439088823 ] } },
{ "type": "Feature", "properties": { "ID": "TBI342040lnung", "Ten_CT": "Lò nung", "Loai_CT": "Lò nung", "Thuoc_huyen": "H. Tiền Hải", "Thuoc_tinh": "Thái Bình", "Trong_chigioi": "", "Ngoai_baiSg": "", "layer": "TBI_KTVHXH", "path": "D:/Work/HungYen/TaiLieu/De/De Thai Binh/BD Thai Binh/TBI_KTVHXH.TAB|geometrytype=Point" }, "geometry": { "type": "Point", "coordinates": [ 106.550805978557847, 20.376159418956941 ] } },
{ "type": "Feature", "properties": { "ID": "TBI342040lnung", "Ten_CT": "Lò nung", "Loai_CT": "Lò nung", "Thuoc_huyen": "H. Tiền Hải", "Thuoc_tinh": "Thái Bình", "Trong_chigioi": "", "Ngoai_baiSg": "", "layer": "TBI_KTVHXH", "path": "D:/Work/HungYen/TaiLieu/De/De Thai Binh/BD Thai Binh/TBI_KTVHXH.TAB|geometrytype=Point" }, "geometry": { "type": "Point", "coordinates": [ 106.572873815578049, 20.362823774665415 ] } },
{ "type": "Feature", "properties": { "ID": "TBI342040lnung", "Ten_CT": "Lò nung", "Loai_CT": "Lò nung", "Thuoc_huyen": "H. Tiền Hải", "Thuoc_tinh": "Thái Bình", "Trong_chigioi": "", "Ngoai_baiSg": "", "layer": "TBI_KTVHXH", "path": "D:/Work/HungYen/TaiLieu/De/De Thai Binh/BD Thai Binh/TBI_KTVHXH.TAB|geometrytype=Point" }, "geometry": { "type": "Point", "coordinates": [ 106.566457694350646, 20.346649723755796 ] } },
{ "type": "Feature", "properties": { "ID": "TBI342040lnung", "Ten_CT": "Lò nung", "Loai_CT": "Lò nung", "Thuoc_huyen": "H. Tiền Hải", "Thuoc_tinh": "Thái Bình", "Trong_chigioi": "", "Ngoai_baiSg": "", "layer": "TBI_KTVHXH", "path": "D:/Work/HungYen/TaiLieu/De/De Thai Binh/BD Thai Binh/TBI_KTVHXH.TAB|geometrytype=Point" }, "geometry": { "type": "Point", "coordinates": [ 106.58296613057189, 20.410666148773373 ] } },
{ "type": "Feature", "properties": { "ID": "TBI342040lnung", "Ten_CT": "Lò nung", "Loai_CT": "Lò nung", "Thuoc_huyen": "H. Tiền Hải", "Thuoc_tinh": "Thái Bình", "Trong_chigioi": "", "Ngoai_baiSg": "", "layer": "TBI_KTVHXH", "path": "D:/Work/HungYen/TaiLieu/De/De Thai Binh/BD Thai Binh/TBI_KTVHXH.TAB|geometrytype=Point" }, "geometry": { "type": "Point", "coordinates": [ 106.561739574470081, 20.411094404280025 ] } },
{ "type": "Feature", "properties": { "ID": "TBI342040lnung", "Ten_CT": "Lò nung", "Loai_CT": "Lò nung", "Thuoc_huyen": "H. Tiền Hải", "Thuoc_tinh": "Thái Bình", "Trong_chigioi": "", "Ngoai_baiSg": "", "layer": "TBI_KTVHXH", "path": "D:/Work/HungYen/TaiLieu/De/De Thai Binh/BD Thai Binh/TBI_KTVHXH.TAB|geometrytype=Point" }, "geometry": { "type": "Point", "coordinates": [ 106.51936901223938, 20.384592443321019 ] } },
{ "type": "Feature", "properties": { "ID": "TBI342040lnung", "Ten_CT": "Lò nung", "Loai_CT": "Lò nung", "Thuoc_huyen": "H. Tiền Hải", "Thuoc_tinh": "Thái Bình", "Trong_chigioi": "", "Ngoai_baiSg": "", "layer": "TBI_KTVHXH", "path": "D:/Work/HungYen/TaiLieu/De/De Thai Binh/BD Thai Binh/TBI_KTVHXH.TAB|geometrytype=Point" }, "geometry": { "type": "Point", "coordinates": [ 106.513831834984117, 20.387259336628343 ] } },
{ "type": "Feature", "properties": { "ID": "TBI342040lnung", "Ten_CT": "Lò nung", "Loai_CT": "Lò nung", "Thuoc_huyen": "H. Tiền Hải", "Thuoc_tinh": "Thái Bình", "Trong_chigioi": "", "Ngoai_baiSg": "", "layer": "TBI_KTVHXH", "path": "D:/Work/HungYen/TaiLieu/De/De Thai Binh/BD Thai Binh/TBI_KTVHXH.TAB|geometrytype=Point" }, "geometry": { "type": "Point", "coordinates": [ 106.522431026883183, 20.398711492592895 ] } },
{ "type": "Feature", "properties": { "ID": "TBI342040lnung", "Ten_CT": "Lò nung", "Loai_CT": "Lò nung", "Thuoc_huyen": "H. Tiền Hải", "Thuoc_tinh": "Thái Bình", "Trong_chigioi": "", "Ngoai_baiSg": "", "layer": "TBI_KTVHXH", "path": "D:/Work/HungYen/TaiLieu/De/De Thai Binh/BD Thai Binh/TBI_KTVHXH.TAB|geometrytype=Point" }, "geometry": { "type": "Point", "coordinates": [ 106.501979100522107, 20.444185392951397 ] } },
{ "type": "Feature", "properties": { "ID": "TBI341040lnung", "Ten_CT": "Lò nung", "Loai_CT": "Lò nung", "Thuoc_huyen": "H. Thái Thụy", "Thuoc_tinh": "Thái Bình", "Trong_chigioi": "", "Ngoai_baiSg": "", "layer": "TBI_KTVHXH", "path": "D:/Work/HungYen/TaiLieu/De/De Thai Binh/BD Thai Binh/TBI_KTVHXH.TAB|geometrytype=Point" }, "geometry": { "type": "Point", "coordinates": [ 106.533916723863456, 20.480624703366217 ] } },
{ "type": "Feature", "properties": { "ID": "TBI342040lnung", "Ten_CT": "Lò nung", "Loai_CT": "Lò nung", "Thuoc_huyen": "H. Tiền Hải", "Thuoc_tinh": "Thái Bình", "Trong_chigioi": "", "Ngoai_baiSg": "", "layer": "TBI_KTVHXH", "path": "D:/Work/HungYen/TaiLieu/De/De Thai Binh/BD Thai Binh/TBI_KTVHXH.TAB|geometrytype=Point" }, "geometry": { "type": "Point", "coordinates": [ 106.528946538354305, 20.45035382781634 ] } },
{ "type": "Feature", "properties": { "ID": "TBI339nmay", "Ten_CT": "nhà máy", "Loai_CT": "nhà máy", "Thuoc_huyen": "H. Hưng Hà", "Thuoc_tinh": "Thái Bình", "Trong_chigioi": "", "Ngoai_baiSg": "", "layer": "TBI_KTVHXH", "path": "D:/Work/HungYen/TaiLieu/De/De Thai Binh/BD Thai Binh/TBI_KTVHXH.TAB|geometrytype=Point" }, "geometry": { "type": "Point", "coordinates": [ 106.202698147645435, 20.585415999325942 ] } },
{ "type": "Feature", "properties": { "ID": "TBI339nmay", "Ten_CT": "nhà máy", "Loai_CT": "nhà máy", "Thuoc_huyen": "H. Hưng Hà", "Thuoc_tinh": "Thái Bình", "Trong_chigioi": "", "Ngoai_baiSg": "", "layer": "TBI_KTVHXH", "path": "D:/Work/HungYen/TaiLieu/De/De Thai Binh/BD Thai Binh/TBI_KTVHXH.TAB|geometrytype=Point" }, "geometry": { "type": "Point", "coordinates": [ 106.151187713494579, 20.618803431428631 ] } },
{ "type": "Feature", "properties": { "ID": "TBI342stbinh", "Ten_CT": "Nhà máy sứ Thái Bình", "Loai_CT": "nhà máy", "Thuoc_huyen": "H. Tiền Hải", "Thuoc_tinh": "Thái Bình", "Trong_chigioi": "", "Ngoai_baiSg": "", "layer": "TBI_KTVHXH", "path": "D:/Work/HungYen/TaiLieu/De/De Thai Binh/BD Thai Binh/TBI_KTVHXH.TAB|geometrytype=Point" }, "geometry": { "type": "Point", "coordinates": [ 106.535274427665954, 20.391482278212738 ] } },
{ "type": "Feature", "properties": { "ID": "TBI342gmItalia", "Ten_CT": "Gạch men Italia", "Loai_CT": "nhà máy", "Thuoc_huyen": "H. Tiền Hải", "Thuoc_tinh": "Thái Bình", "Trong_chigioi": "", "Ngoai_baiSg": "", "layer": "TBI_KTVHXH", "path": "D:/Work/HungYen/TaiLieu/De/De Thai Binh/BD Thai Binh/TBI_KTVHXH.TAB|geometrytype=Point" }, "geometry": { "type": "Point", "coordinates": [ 106.519426388699884, 20.390730727705204 ] } },
{ "type": "Feature", "properties": { "ID": "TBI344040ntrang", "Ten_CT": "nghĩa trang", "Loai_CT": "nghĩa trang", "Thuoc_huyen": "H. Vũ Thư", "Thuoc_tinh": "Thái Bình", "Trong_chigioi": "", "Ngoai_baiSg": "", "layer": "TBI_KTVHXH", "path": "D:/Work/HungYen/TaiLieu/De/De Thai Binh/BD Thai Binh/TBI_KTVHXH.TAB|geometrytype=Point" }, "geometry": { "type": "Point", "coordinates": [ 106.185752740446688, 20.504615756712436 ] } },
{ "type": "Feature", "properties": { "ID": "TBI339040ntrang", "Ten_CT": "nghĩa trang", "Loai_CT": "nghĩa trang", "Thuoc_huyen": "H. Hưng Hà", "Thuoc_tinh": "Thái Bình", "Trong_chigioi": "", "Ngoai_baiSg": "", "layer": "TBI_KTVHXH", "path": "D:/Work/HungYen/TaiLieu/De/De Thai Binh/BD Thai Binh/TBI_KTVHXH.TAB|geometrytype=Point" }, "geometry": { "type": "Point", "coordinates": [ 106.204088062158959, 20.553902722981451 ] } },
{ "type": "Feature", "properties": { "ID": "TBI339040ntrang", "Ten_CT": "nghĩa trang", "Loai_CT": "nghĩa trang", "Thuoc_huyen": "H. Hưng Hà", "Thuoc_tinh": "Thái Bình", "Trong_chigioi": "", "Ngoai_baiSg": "", "layer": "TBI_KTVHXH", "path": "D:/Work/HungYen/TaiLieu/De/De Thai Binh/BD Thai Binh/TBI_KTVHXH.TAB|geometrytype=Point" }, "geometry": { "type": "Point", "coordinates": [ 106.206026135184359, 20.551051925450437 ] } },
{ "type": "Feature", "properties": { "ID": "TBI339040ntrang", "Ten_CT": "nghĩa trang", "Loai_CT": "nghĩa trang", "Thuoc_huyen": "H. Hưng Hà", "Thuoc_tinh": "Thái Bình", "Trong_chigioi": "", "Ngoai_baiSg": "", "layer": "TBI_KTVHXH", "path": "D:/Work/HungYen/TaiLieu/De/De Thai Binh/BD Thai Binh/TBI_KTVHXH.TAB|geometrytype=Point" }, "geometry": { "type": "Point", "coordinates": [ 106.214225079148903, 20.55594850045086 ] } },
{ "type": "Feature", "properties": { "ID": "TBI339040ntrang", "Ten_CT": "nghĩa trang", "Loai_CT": "nghĩa trang", "Thuoc_huyen": "H. Hưng Hà", "Thuoc_tinh": "Thái Bình", "Trong_chigioi": "", "Ngoai_baiSg": "", "layer": "TBI_KTVHXH", "path": "D:/Work/HungYen/TaiLieu/De/De Thai Binh/BD Thai Binh/TBI_KTVHXH.TAB|geometrytype=Point" }, "geometry": { "type": "Point", "coordinates": [ 106.21580540999193, 20.55625263211677 ] } },
{ "type": "Feature", "properties": { "ID": "TBI339040ntrang", "Ten_CT": "nghĩa trang", "Loai_CT": "nghĩa trang", "Thuoc_huyen": "H. Hưng Hà", "Thuoc_tinh": "Thái Bình", "Trong_chigioi": "", "Ngoai_baiSg": "", "layer": "TBI_KTVHXH", "path": "D:/Work/HungYen/TaiLieu/De/De Thai Binh/BD Thai Binh/TBI_KTVHXH.TAB|geometrytype=Point" }, "geometry": { "type": "Point", "coordinates": [ 106.242965720498205, 20.574603982793725 ] } },
{ "type": "Feature", "properties": { "ID": "TBI339040ntrang", "Ten_CT": "nghĩa trang", "Loai_CT": "nghĩa trang", "Thuoc_huyen": "H. Hưng Hà", "Thuoc_tinh": "Thái Bình", "Trong_chigioi": "", "Ngoai_baiSg": "", "layer": "TBI_KTVHXH", "path": "D:/Work/HungYen/TaiLieu/De/De Thai Binh/BD Thai Binh/TBI_KTVHXH.TAB|geometrytype=Point" }, "geometry": { "type": "Point", "coordinates": [ 106.244244775075359, 20.576861544349367 ] } },
{ "type": "Feature", "properties": { "ID": "TBI339040ntrang", "Ten_CT": "nghĩa trang", "Loai_CT": "nghĩa trang", "Thuoc_huyen": "H. Hưng Hà", "Thuoc_tinh": "Thái Bình", "Trong_chigioi": "", "Ngoai_baiSg": "", "layer": "TBI_KTVHXH", "path": "D:/Work/HungYen/TaiLieu/De/De Thai Binh/BD Thai Binh/TBI_KTVHXH.TAB|geometrytype=Point" }, "geometry": { "type": "Point", "coordinates": [ 106.244825149992195, 20.577756843629746 ] } },
{ "type": "Feature", "properties": { "ID": "TBI339040ntrang", "Ten_CT": "nghĩa trang", "Loai_CT": "nghĩa trang", "Thuoc_huyen": "H. Hưng Hà", "Thuoc_tinh": "Thái Bình", "Trong_chigioi": "", "Ngoai_baiSg": "", "layer": "TBI_KTVHXH", "path": "D:/Work/HungYen/TaiLieu/De/De Thai Binh/BD Thai Binh/TBI_KTVHXH.TAB|geometrytype=Point" }, "geometry": { "type": "Point", "coordinates": [ 106.227683719643522, 20.581036125563738 ] } },
{ "type": "Feature", "properties": { "ID": "TBI339040ntrang", "Ten_CT": "nghĩa trang", "Loai_CT": "nghĩa trang", "Thuoc_huyen": "H. Hưng Hà", "Thuoc_tinh": "Thái Bình", "Trong_chigioi": "", "Ngoai_baiSg": "", "layer": "TBI_KTVHXH", "path": "D:/Work/HungYen/TaiLieu/De/De Thai Binh/BD Thai Binh/TBI_KTVHXH.TAB|geometrytype=Point" }, "geometry": { "type": "Point", "coordinates": [ 106.227228199823102, 20.607424267361949 ] } },
{ "type": "Feature", "properties": { "ID": "TBI339040ntrang", "Ten_CT": "nghĩa trang", "Loai_CT": "nghĩa trang", "Thuoc_huyen": "H. Hưng Hà", "Thuoc_tinh": "Thái Bình", "Trong_chigioi": "", "Ngoai_baiSg": "", "layer": "TBI_KTVHXH", "path": "D:/Work/HungYen/TaiLieu/De/De Thai Binh/BD Thai Binh/TBI_KTVHXH.TAB|geometrytype=Point" }, "geometry": { "type": "Point", "coordinates": [ 106.20863558796853, 20.604495621740508 ] } },
{ "type": "Feature", "properties": { "ID": "TBI341040ntrang", "Ten_CT": "nghĩa trang", "Loai_CT": "nghĩa trang", "Thuoc_huyen": "H. Thái Thụy", "Thuoc_tinh": "Thái Bình", "Trong_chigioi": "", "Ngoai_baiSg": "", "layer": "TBI_KTVHXH", "path": "D:/Work/HungYen/TaiLieu/De/De Thai Binh/BD Thai Binh/TBI_KTVHXH.TAB|geometrytype=Point" }, "geometry": { "type": "Point", "coordinates": [ 106.483963868532385, 20.520800456471424 ] } },
{ "type": "Feature", "properties": { "ID": "TBI341040ntrang", "Ten_CT": "nghĩa trang", "Loai_CT": "nghĩa trang", "Thuoc_huyen": "H. Thái Thụy", "Thuoc_tinh": "Thái Bình", "Trong_chigioi": "", "Ngoai_baiSg": "", "layer": "TBI_KTVHXH", "path": "D:/Work/HungYen/TaiLieu/De/De Thai Binh/BD Thai Binh/TBI_KTVHXH.TAB|geometrytype=Point" }, "geometry": { "type": "Point", "coordinates": [ 106.48280437431147, 20.519510129653881 ] } },
{ "type": "Feature", "properties": { "ID": "TBI341040ntrang", "Ten_CT": "nghĩa trang", "Loai_CT": "nghĩa trang", "Thuoc_huyen": "H. Thái Thụy", "Thuoc_tinh": "Thái Bình", "Trong_chigioi": "", "Ngoai_baiSg": "", "layer": "TBI_KTVHXH", "path": "D:/Work/HungYen/TaiLieu/De/De Thai Binh/BD Thai Binh/TBI_KTVHXH.TAB|geometrytype=Point" }, "geometry": { "type": "Point", "coordinates": [ 106.4785007438674, 20.515425070444163 ] } },
{ "type": "Feature", "properties": { "ID": "TBI340040ntrang", "Ten_CT": "nghĩa trang", "Loai_CT": "nghĩa trang", "Thuoc_huyen": "H. Đông Hưng", "Thuoc_tinh": "Thái Bình", "Trong_chigioi": "", "Ngoai_baiSg": "", "layer": "TBI_KTVHXH", "path": "D:/Work/HungYen/TaiLieu/De/De Thai Binh/BD Thai Binh/TBI_KTVHXH.TAB|geometrytype=Point" }, "geometry": { "type": "Point", "coordinates": [ 106.296261201304816, 20.53711608693143 ] } },
{ "type": "Feature", "properties": { "ID": "TBI340040ntrang", "Ten_CT": "nghĩa trang", "Loai_CT": "nghĩa trang", "Thuoc_huyen": "H. Đông Hưng", "Thuoc_tinh": "Thái Bình", "Trong_chigioi": "", "Ngoai_baiSg": "", "layer": "TBI_KTVHXH", "path": "D:/Work/HungYen/TaiLieu/De/De Thai Binh/BD Thai Binh/TBI_KTVHXH.TAB|geometrytype=Point" }, "geometry": { "type": "Point", "coordinates": [ 106.277048741252358, 20.565374335344167 ] } },
{ "type": "Feature", "properties": { "ID": "TBI338040ntrang", "Ten_CT": "nghĩa trang", "Loai_CT": "nghĩa trang", "Thuoc_huyen": "H. Quỳnh Phụ", "Thuoc_tinh": "Thái Bình", "Trong_chigioi": "", "Ngoai_baiSg": "", "layer": "TBI_KTVHXH", "path": "D:/Work/HungYen/TaiLieu/De/De Thai Binh/BD Thai Binh/TBI_KTVHXH.TAB|geometrytype=Point" }, "geometry": { "type": "Point", "coordinates": [ 106.391706652675111, 20.610109981742621 ] } },
{ "type": "Feature", "properties": { "ID": "TBI338040ntrang", "Ten_CT": "nghĩa trang", "Loai_CT": "nghĩa trang", "Thuoc_huyen": "H. Quỳnh Phụ", "Thuoc_tinh": "Thái Bình", "Trong_chigioi": "", "Ngoai_baiSg": "", "layer": "TBI_KTVHXH", "path": "D:/Work/HungYen/TaiLieu/De/De Thai Binh/BD Thai Binh/TBI_KTVHXH.TAB|geometrytype=Point" }, "geometry": { "type": "Point", "coordinates": [ 106.391706652675111, 20.610109981742621 ] } },
{ "type": "Feature", "properties": { "ID": "TBI341040ntrang", "Ten_CT": "nghĩa trang", "Loai_CT": "nghĩa trang", "Thuoc_huyen": "H. Thái Thụy", "Thuoc_tinh": "Thái Bình", "Trong_chigioi": "", "Ngoai_baiSg": "", "layer": "TBI_KTVHXH", "path": "D:/Work/HungYen/TaiLieu/De/De Thai Binh/BD Thai Binh/TBI_KTVHXH.TAB|geometrytype=Point" }, "geometry": { "type": "Point", "coordinates": [ 106.459371363979415, 20.587973116234984 ] } },
{ "type": "Feature", "properties": { "ID": "TBI341040ntrang", "Ten_CT": "nghĩa trang", "Loai_CT": "nghĩa trang", "Thuoc_huyen": "H. Thái Thụy", "Thuoc_tinh": "Thái Bình", "Trong_chigioi": "", "Ngoai_baiSg": "", "layer": "TBI_KTVHXH", "path": "D:/Work/HungYen/TaiLieu/De/De Thai Binh/BD Thai Binh/TBI_KTVHXH.TAB|geometrytype=Point" }, "geometry": { "type": "Point", "coordinates": [ 106.455747964475748, 20.551041303979932 ] } },
{ "type": "Feature", "properties": { "ID": "TBI341040ntrang", "Ten_CT": "nghĩa trang", "Loai_CT": "nghĩa trang", "Thuoc_huyen": "H. Thái Thụy", "Thuoc_tinh": "Thái Bình", "Trong_chigioi": "", "Ngoai_baiSg": "", "layer": "TBI_KTVHXH", "path": "D:/Work/HungYen/TaiLieu/De/De Thai Binh/BD Thai Binh/TBI_KTVHXH.TAB|geometrytype=Point" }, "geometry": { "type": "Point", "coordinates": [ 106.452277643913149, 20.564494732071005 ] } },
{ "type": "Feature", "properties": { "ID": "TBI341040ntrang", "Ten_CT": "nghĩa trang", "Loai_CT": "nghĩa trang", "Thuoc_huyen": "H. Thái Thụy", "Thuoc_tinh": "Thái Bình", "Trong_chigioi": "", "Ngoai_baiSg": "", "layer": "TBI_KTVHXH", "path": "D:/Work/HungYen/TaiLieu/De/De Thai Binh/BD Thai Binh/TBI_KTVHXH.TAB|geometrytype=Point" }, "geometry": { "type": "Point", "coordinates": [ 106.45371365337725, 20.560590515332258 ] } },
{ "type": "Feature", "properties": { "ID": "TBI338040ntrang", "Ten_CT": "nghĩa trang", "Loai_CT": "nghĩa trang", "Thuoc_huyen": "H. Quỳnh Phụ", "Thuoc_tinh": "Thái Bình", "Trong_chigioi": "", "Ngoai_baiSg": "", "layer": "TBI_KTVHXH", "path": "D:/Work/HungYen/TaiLieu/De/De Thai Binh/BD Thai Binh/TBI_KTVHXH.TAB|geometrytype=Point" }, "geometry": { "type": "Point", "coordinates": [ 106.406858203891701, 20.622815676226882 ] } },
{ "type": "Feature", "properties": { "ID": "TBI338040ntrang", "Ten_CT": "nghĩa trang", "Loai_CT": "nghĩa trang", "Thuoc_huyen": "H. Quỳnh Phụ", "Thuoc_tinh": "Thái Bình", "Trong_chigioi": "", "Ngoai_baiSg": "", "layer": "TBI_KTVHXH", "path": "D:/Work/HungYen/TaiLieu/De/De Thai Binh/BD Thai Binh/TBI_KTVHXH.TAB|geometrytype=Point" }, "geometry": { "type": "Point", "coordinates": [ 106.422472269808452, 20.590191057678428 ] } },
{ "type": "Feature", "properties": { "ID": "TBI338040ntrang", "Ten_CT": "nghĩa trang", "Loai_CT": "nghĩa trang", "Thuoc_huyen": "H. Quỳnh Phụ", "Thuoc_tinh": "Thái Bình", "Trong_chigioi": "", "Ngoai_baiSg": "", "layer": "TBI_KTVHXH", "path": "D:/Work/HungYen/TaiLieu/De/De Thai Binh/BD Thai Binh/TBI_KTVHXH.TAB|geometrytype=Point" }, "geometry": { "type": "Point", "coordinates": [ 106.422194492794603, 20.588976465814515 ] } },
{ "type": "Feature", "properties": { "ID": "TBI338040ntrang", "Ten_CT": "nghĩa trang", "Loai_CT": "nghĩa trang", "Thuoc_huyen": "H. Quỳnh Phụ", "Thuoc_tinh": "Thái Bình", "Trong_chigioi": "", "Ngoai_baiSg": "", "layer": "TBI_KTVHXH", "path": "D:/Work/HungYen/TaiLieu/De/De Thai Binh/BD Thai Binh/TBI_KTVHXH.TAB|geometrytype=Point" }, "geometry": { "type": "Point", "coordinates": [ 106.421560205293559, 20.581247420343065 ] } },
{ "type": "Feature", "properties": { "ID": "TBI338040ntrang", "Ten_CT": "nghĩa trang", "Loai_CT": "nghĩa trang", "Thuoc_huyen": "H. Quỳnh Phụ", "Thuoc_tinh": "Thái Bình", "Trong_chigioi": "", "Ngoai_baiSg": "", "layer": "TBI_KTVHXH", "path": "D:/Work/HungYen/TaiLieu/De/De Thai Binh/BD Thai Binh/TBI_KTVHXH.TAB|geometrytype=Point" }, "geometry": { "type": "Point", "coordinates": [ 106.420888151591782, 20.582226442042767 ] } },
{ "type": "Feature", "properties": { "ID": "TBI340040ntrang", "Ten_CT": "nghĩa trang", "Loai_CT": "nghĩa trang", "Thuoc_huyen": "H. Đông Hưng", "Thuoc_tinh": "Thái Bình", "Trong_chigioi": "", "Ngoai_baiSg": "", "layer": "TBI_KTVHXH", "path": "D:/Work/HungYen/TaiLieu/De/De Thai Binh/BD Thai Binh/TBI_KTVHXH.TAB|geometrytype=Point" }, "geometry": { "type": "Point", "coordinates": [ 106.42719217014708, 20.546322033039655 ] } },
{ "type": "Feature", "properties": { "ID": "TBI340040ntrang", "Ten_CT": "nghĩa trang", "Loai_CT": "nghĩa trang", "Thuoc_huyen": "H. Đông Hưng", "Thuoc_tinh": "Thái Bình", "Trong_chigioi": "", "Ngoai_baiSg": "", "layer": "TBI_KTVHXH", "path": "D:/Work/HungYen/TaiLieu/De/De Thai Binh/BD Thai Binh/TBI_KTVHXH.TAB|geometrytype=Point" }, "geometry": { "type": "Point", "coordinates": [ 106.388745824483209, 20.501126871113289 ] } },
{ "type": "Feature", "properties": { "ID": "TBI340040ntrang", "Ten_CT": "nghĩa trang", "Loai_CT": "nghĩa trang", "Thuoc_huyen": "H. Đông Hưng", "Thuoc_tinh": "Thái Bình", "Trong_chigioi": "", "Ngoai_baiSg": "", "layer": "TBI_KTVHXH", "path": "D:/Work/HungYen/TaiLieu/De/De Thai Binh/BD Thai Binh/TBI_KTVHXH.TAB|geometrytype=Point" }, "geometry": { "type": "Point", "coordinates": [ 106.374447490788086, 20.588783606931859 ] } },
{ "type": "Feature", "properties": { "ID": "TBI340040ntrang", "Ten_CT": "nghĩa trang", "Loai_CT": "nghĩa trang", "Thuoc_huyen": "H. Đông Hưng", "Thuoc_tinh": "Thái Bình", "Trong_chigioi": "", "Ngoai_baiSg": "", "layer": "TBI_KTVHXH", "path": "D:/Work/HungYen/TaiLieu/De/De Thai Binh/BD Thai Binh/TBI_KTVHXH.TAB|geometrytype=Point" }, "geometry": { "type": "Point", "coordinates": [ 106.375017917705009, 20.587967630094905 ] } },
{ "type": "Feature", "properties": { "ID": "TBI338040ntrang", "Ten_CT": "nghĩa trang", "Loai_CT": "nghĩa trang", "Thuoc_huyen": "H. Quỳnh Phụ", "Thuoc_tinh": "Thái Bình", "Trong_chigioi": "", "Ngoai_baiSg": "", "layer": "TBI_KTVHXH", "path": "D:/Work/HungYen/TaiLieu/De/De Thai Binh/BD Thai Binh/TBI_KTVHXH.TAB|geometrytype=Point" }, "geometry": { "type": "Point", "coordinates": [ 106.312033501290983, 20.660389019163233 ] } },
{ "type": "Feature", "properties": { "ID": "TBI338040ntrang", "Ten_CT": "nghĩa trang", "Loai_CT": "nghĩa trang", "Thuoc_huyen": "H. Quỳnh Phụ", "Thuoc_tinh": "Thái Bình", "Trong_chigioi": "", "Ngoai_baiSg": "", "layer": "TBI_KTVHXH", "path": "D:/Work/HungYen/TaiLieu/De/De Thai Binh/BD Thai Binh/TBI_KTVHXH.TAB|geometrytype=Point" }, "geometry": { "type": "Point", "coordinates": [ 106.306441306949779, 20.625803372251287 ] } },
{ "type": "Feature", "properties": { "ID": "TBI338040ntrang", "Ten_CT": "nghĩa trang", "Loai_CT": "nghĩa trang", "Thuoc_huyen": "H. Quỳnh Phụ", "Thuoc_tinh": "Thái Bình", "Trong_chigioi": "", "Ngoai_baiSg": "", "layer": "TBI_KTVHXH", "path": "D:/Work/HungYen/TaiLieu/De/De Thai Binh/BD Thai Binh/TBI_KTVHXH.TAB|geometrytype=Point" }, "geometry": { "type": "Point", "coordinates": [ 106.307506730325812, 20.624683825828846 ] } },
{ "type": "Feature", "properties": { "ID": "TBI339040ntrang", "Ten_CT": "nghĩa trang", "Loai_CT": "nghĩa trang", "Thuoc_huyen": "H. Hưng Hà", "Thuoc_tinh": "Thái Bình", "Trong_chigioi": "", "Ngoai_baiSg": "", "layer": "TBI_KTVHXH", "path": "D:/Work/HungYen/TaiLieu/De/De Thai Binh/BD Thai Binh/TBI_KTVHXH.TAB|geometrytype=Point" }, "geometry": { "type": "Point", "coordinates": [ 106.284493498791051, 20.602756595079825 ] } },
{ "type": "Feature", "properties": { "ID": "TBI340040ntrang", "Ten_CT": "nghĩa trang", "Loai_CT": "nghĩa trang", "Thuoc_huyen": "H. Đông Hưng", "Thuoc_tinh": "Thái Bình", "Trong_chigioi": "", "Ngoai_baiSg": "", "layer": "TBI_KTVHXH", "path": "D:/Work/HungYen/TaiLieu/De/De Thai Binh/BD Thai Binh/TBI_KTVHXH.TAB|geometrytype=Point" }, "geometry": { "type": "Point", "coordinates": [ 106.303462779050079, 20.592526477260698 ] } },
{ "type": "Feature", "properties": { "ID": "TBI340040ntrang", "Ten_CT": "nghĩa trang", "Loai_CT": "nghĩa trang", "Thuoc_huyen": "H. Đông Hưng", "Thuoc_tinh": "Thái Bình", "Trong_chigioi": "", "Ngoai_baiSg": "", "layer": "TBI_KTVHXH", "path": "D:/Work/HungYen/TaiLieu/De/De Thai Binh/BD Thai Binh/TBI_KTVHXH.TAB|geometrytype=Point" }, "geometry": { "type": "Point", "coordinates": [ 106.296680980604734, 20.575523793159558 ] } },
{ "type": "Feature", "properties": { "ID": "TBI340040ntrang", "Ten_CT": "nghĩa trang", "Loai_CT": "nghĩa trang", "Thuoc_huyen": "H. Đông Hưng", "Thuoc_tinh": "Thái Bình", "Trong_chigioi": "", "Ngoai_baiSg": "", "layer": "TBI_KTVHXH", "path": "D:/Work/HungYen/TaiLieu/De/De Thai Binh/BD Thai Binh/TBI_KTVHXH.TAB|geometrytype=Point" }, "geometry": { "type": "Point", "coordinates": [ 106.298138717230017, 20.575086535982784 ] } },
{ "type": "Feature", "properties": { "ID": "TBI340040ntrang", "Ten_CT": "nghĩa trang", "Loai_CT": "nghĩa trang", "Thuoc_huyen": "H. Đông Hưng", "Thuoc_tinh": "Thái Bình", "Trong_chigioi": "", "Ngoai_baiSg": "", "layer": "TBI_KTVHXH", "path": "D:/Work/HungYen/TaiLieu/De/De Thai Binh/BD Thai Binh/TBI_KTVHXH.TAB|geometrytype=Point" }, "geometry": { "type": "Point", "coordinates": [ 106.298777871613325, 20.576249519407625 ] } },
{ "type": "Feature", "properties": { "ID": "TBI339040ntrang", "Ten_CT": "nghĩa trang", "Loai_CT": "nghĩa trang", "Thuoc_huyen": "H. Hưng Hà", "Thuoc_tinh": "Thái Bình", "Trong_chigioi": "", "Ngoai_baiSg": "", "layer": "TBI_KTVHXH", "path": "D:/Work/HungYen/TaiLieu/De/De Thai Binh/BD Thai Binh/TBI_KTVHXH.TAB|geometrytype=Point" }, "geometry": { "type": "Point", "coordinates": [ 106.262932038427948, 20.558243630573852 ] } },
{ "type": "Feature", "properties": { "ID": "TBI340040ntrang", "Ten_CT": "nghĩa trang", "Loai_CT": "nghĩa trang", "Thuoc_huyen": "H. Đông Hưng", "Thuoc_tinh": "Thái Bình", "Trong_chigioi": "", "Ngoai_baiSg": "", "layer": "TBI_KTVHXH", "path": "D:/Work/HungYen/TaiLieu/De/De Thai Binh/BD Thai Binh/TBI_KTVHXH.TAB|geometrytype=Point" }, "geometry": { "type": "Point", "coordinates": [ 106.253130191931191, 20.548434536318076 ] } },
{ "type": "Feature", "properties": { "ID": "TBI340040ntrang", "Ten_CT": "nghĩa trang", "Loai_CT": "nghĩa trang", "Thuoc_huyen": "H. Đông Hưng", "Thuoc_tinh": "Thái Bình", "Trong_chigioi": "", "Ngoai_baiSg": "", "layer": "TBI_KTVHXH", "path": "D:/Work/HungYen/TaiLieu/De/De Thai Binh/BD Thai Binh/TBI_KTVHXH.TAB|geometrytype=Point" }, "geometry": { "type": "Point", "coordinates": [ 106.325875764610913, 20.550807179434944 ] } },
{ "type": "Feature", "properties": { "ID": "TBI340040ntrang", "Ten_CT": "nghĩa trang", "Loai_CT": "nghĩa trang", "Thuoc_huyen": "H. Đông Hưng", "Thuoc_tinh": "Thái Bình", "Trong_chigioi": "", "Ngoai_baiSg": "", "layer": "TBI_KTVHXH", "path": "D:/Work/HungYen/TaiLieu/De/De Thai Binh/BD Thai Binh/TBI_KTVHXH.TAB|geometrytype=Point" }, "geometry": { "type": "Point", "coordinates": [ 106.33919587094978, 20.533293009116825 ] } },
{ "type": "Feature", "properties": { "ID": "TBI340040ntrang", "Ten_CT": "nghĩa trang", "Loai_CT": "nghĩa trang", "Thuoc_huyen": "H. Đông Hưng", "Thuoc_tinh": "Thái Bình", "Trong_chigioi": "", "Ngoai_baiSg": "", "layer": "TBI_KTVHXH", "path": "D:/Work/HungYen/TaiLieu/De/De Thai Binh/BD Thai Binh/TBI_KTVHXH.TAB|geometrytype=Point" }, "geometry": { "type": "Point", "coordinates": [ 106.333371477403446, 20.528169657095461 ] } },
{ "type": "Feature", "properties": { "ID": "TBI340040ntrang", "Ten_CT": "nghĩa trang", "Loai_CT": "nghĩa trang", "Thuoc_huyen": "H. Đông Hưng", "Thuoc_tinh": "Thái Bình", "Trong_chigioi": "", "Ngoai_baiSg": "", "layer": "TBI_KTVHXH", "path": "D:/Work/HungYen/TaiLieu/De/De Thai Binh/BD Thai Binh/TBI_KTVHXH.TAB|geometrytype=Point" }, "geometry": { "type": "Point", "coordinates": [ 106.342997909694901, 20.509987896535186 ] } },
{ "type": "Feature", "properties": { "ID": "TBI340040ntrang", "Ten_CT": "nghĩa trang", "Loai_CT": "nghĩa trang", "Thuoc_huyen": "H. Đông Hưng", "Thuoc_tinh": "Thái Bình", "Trong_chigioi": "", "Ngoai_baiSg": "", "layer": "TBI_KTVHXH", "path": "D:/Work/HungYen/TaiLieu/De/De Thai Binh/BD Thai Binh/TBI_KTVHXH.TAB|geometrytype=Point" }, "geometry": { "type": "Point", "coordinates": [ 106.299046104674815, 20.526916839427972 ] } },
{ "type": "Feature", "properties": { "ID": "TBI341040ntrang", "Ten_CT": "nghĩa trang", "Loai_CT": "nghĩa trang", "Thuoc_huyen": "H. Thái Thụy", "Thuoc_tinh": "Thái Bình", "Trong_chigioi": "", "Ngoai_baiSg": "", "layer": "TBI_KTVHXH", "path": "D:/Work/HungYen/TaiLieu/De/De Thai Binh/BD Thai Binh/TBI_KTVHXH.TAB|geometrytype=Point" }, "geometry": { "type": "Point", "coordinates": [ 106.498837302901123, 20.526578239521648 ] } },
{ "type": "Feature", "properties": { "ID": "TBI341040ntrang", "Ten_CT": "nghĩa trang", "Loai_CT": "nghĩa trang", "Thuoc_huyen": "H. Thái Thụy", "Thuoc_tinh": "Thái Bình", "Trong_chigioi": "", "Ngoai_baiSg": "", "layer": "TBI_KTVHXH", "path": "D:/Work/HungYen/TaiLieu/De/De Thai Binh/BD Thai Binh/TBI_KTVHXH.TAB|geometrytype=Point" }, "geometry": { "type": "Point", "coordinates": [ 106.499036613771537, 20.525666722891806 ] } },
{ "type": "Feature", "properties": { "ID": "TBI338040ntrang", "Ten_CT": "nghĩa trang", "Loai_CT": "nghĩa trang", "Thuoc_huyen": "H. Quỳnh Phụ", "Thuoc_tinh": "Thái Bình", "Trong_chigioi": "", "Ngoai_baiSg": "", "layer": "TBI_KTVHXH", "path": "D:/Work/HungYen/TaiLieu/De/De Thai Binh/BD Thai Binh/TBI_KTVHXH.TAB|geometrytype=Point" }, "geometry": { "type": "Point", "coordinates": [ 106.282251651044632, 20.674477074437142 ] } },
{ "type": "Feature", "properties": { "ID": "TBI341040ntrang", "Ten_CT": "nghĩa trang", "Loai_CT": "nghĩa trang", "Thuoc_huyen": "H. Thái Thụy", "Thuoc_tinh": "Thái Bình", "Trong_chigioi": "", "Ngoai_baiSg": "", "layer": "TBI_KTVHXH", "path": "D:/Work/HungYen/TaiLieu/De/De Thai Binh/BD Thai Binh/TBI_KTVHXH.TAB|geometrytype=Point" }, "geometry": { "type": "Point", "coordinates": [ 106.439136658843864, 20.551981489783088 ] } },
{ "type": "Feature", "properties": { "ID": "TBI340040ntrang", "Ten_CT": "nghĩa trang", "Loai_CT": "nghĩa trang", "Thuoc_huyen": "H. Đông Hưng", "Thuoc_tinh": "Thái Bình", "Trong_chigioi": "", "Ngoai_baiSg": "", "layer": "TBI_KTVHXH", "path": "D:/Work/HungYen/TaiLieu/De/De Thai Binh/BD Thai Binh/TBI_KTVHXH.TAB|geometrytype=Point" }, "geometry": { "type": "Point", "coordinates": [ 106.349007453929488, 20.54000310055693 ] } },
{ "type": "Feature", "properties": { "ID": "TBI341040ntrang", "Ten_CT": "nghĩa trang", "Loai_CT": "nghĩa trang", "Thuoc_huyen": "H. Thái Thụy", "Thuoc_tinh": "Thái Bình", "Trong_chigioi": "", "Ngoai_baiSg": "", "layer": "TBI_KTVHXH", "path": "D:/Work/HungYen/TaiLieu/De/De Thai Binh/BD Thai Binh/TBI_KTVHXH.TAB|geometrytype=Point" }, "geometry": { "type": "Point", "coordinates": [ 106.479395351779559, 20.571202238050354 ] } },
{ "type": "Feature", "properties": { "ID": "TBI340040ntrang", "Ten_CT": "nghĩa trang", "Loai_CT": "nghĩa trang", "Thuoc_huyen": "H. Đông Hưng", "Thuoc_tinh": "Thái Bình", "Trong_chigioi": "", "Ngoai_baiSg": "", "layer": "TBI_KTVHXH", "path": "D:/Work/HungYen/TaiLieu/De/De Thai Binh/BD Thai Binh/TBI_KTVHXH.TAB|geometrytype=Point" }, "geometry": { "type": "Point", "coordinates": [ 106.395858707652977, 20.59532355876442 ] } },
{ "type": "Feature", "properties": { "ID": "TBI338040ntrang", "Ten_CT": "nghĩa trang", "Loai_CT": "nghĩa trang", "Thuoc_huyen": "H. Quỳnh Phụ", "Thuoc_tinh": "Thái Bình", "Trong_chigioi": "", "Ngoai_baiSg": "", "layer": "TBI_KTVHXH", "path": "D:/Work/HungYen/TaiLieu/De/De Thai Binh/BD Thai Binh/TBI_KTVHXH.TAB|geometrytype=Point" }, "geometry": { "type": "Point", "coordinates": [ 106.400778212715437, 20.657701390842849 ] } },
{ "type": "Feature", "properties": { "ID": "TBI338040ntrang", "Ten_CT": "nghĩa trang", "Loai_CT": "nghĩa trang", "Thuoc_huyen": "H. Quỳnh Phụ", "Thuoc_tinh": "Thái Bình", "Trong_chigioi": "", "Ngoai_baiSg": "", "layer": "TBI_KTVHXH", "path": "D:/Work/HungYen/TaiLieu/De/De Thai Binh/BD Thai Binh/TBI_KTVHXH.TAB|geometrytype=Point" }, "geometry": { "type": "Point", "coordinates": [ 106.407563906527841, 20.665813025435163 ] } },
{ "type": "Feature", "properties": { "ID": "TBI338040ntrang", "Ten_CT": "nghĩa trang", "Loai_CT": "nghĩa trang", "Thuoc_huyen": "H. Quỳnh Phụ", "Thuoc_tinh": "Thái Bình", "Trong_chigioi": "", "Ngoai_baiSg": "", "layer": "TBI_KTVHXH", "path": "D:/Work/HungYen/TaiLieu/De/De Thai Binh/BD Thai Binh/TBI_KTVHXH.TAB|geometrytype=Point" }, "geometry": { "type": "Point", "coordinates": [ 106.409165330600104, 20.666208281612715 ] } },
{ "type": "Feature", "properties": { "ID": "TBI339040ntrang", "Ten_CT": "nghĩa trang", "Loai_CT": "nghĩa trang", "Thuoc_huyen": "H. Hưng Hà", "Thuoc_tinh": "Thái Bình", "Trong_chigioi": "", "Ngoai_baiSg": "", "layer": "TBI_KTVHXH", "path": "D:/Work/HungYen/TaiLieu/De/De Thai Binh/BD Thai Binh/TBI_KTVHXH.TAB|geometrytype=Point" }, "geometry": { "type": "Point", "coordinates": [ 106.286447990520273, 20.634538282798772 ] } },
{ "type": "Feature", "properties": { "ID": "TBI338040ntrang", "Ten_CT": "nghĩa trang", "Loai_CT": "nghĩa trang", "Thuoc_huyen": "H. Quỳnh Phụ", "Thuoc_tinh": "Thái Bình", "Trong_chigioi": "", "Ngoai_baiSg": "", "layer": "TBI_KTVHXH", "path": "D:/Work/HungYen/TaiLieu/De/De Thai Binh/BD Thai Binh/TBI_KTVHXH.TAB|geometrytype=Point" }, "geometry": { "type": "Point", "coordinates": [ 106.392524185756187, 20.68959138562046 ] } },
{ "type": "Feature", "properties": { "ID": "TBI338040ntrang", "Ten_CT": "nghĩa trang", "Loai_CT": "nghĩa trang", "Thuoc_huyen": "H. Quỳnh Phụ", "Thuoc_tinh": "Thái Bình", "Trong_chigioi": "", "Ngoai_baiSg": "", "layer": "TBI_KTVHXH", "path": "D:/Work/HungYen/TaiLieu/De/De Thai Binh/BD Thai Binh/TBI_KTVHXH.TAB|geometrytype=Point" }, "geometry": { "type": "Point", "coordinates": [ 106.391027754998859, 20.691079984237643 ] } },
{ "type": "Feature", "properties": { "ID": "TBI341040ntrang", "Ten_CT": "nghĩa trang", "Loai_CT": "nghĩa trang", "Thuoc_huyen": "H. Thái Thụy", "Thuoc_tinh": "Thái Bình", "Trong_chigioi": "", "Ngoai_baiSg": "", "layer": "TBI_KTVHXH", "path": "D:/Work/HungYen/TaiLieu/De/De Thai Binh/BD Thai Binh/TBI_KTVHXH.TAB|geometrytype=Point" }, "geometry": { "type": "Point", "coordinates": [ 106.523444667515221, 20.512884856329617 ] } },
{ "type": "Feature", "properties": { "ID": "TBI341040ntrang", "Ten_CT": "nghĩa trang", "Loai_CT": "nghĩa trang", "Thuoc_huyen": "H. Thái Thụy", "Thuoc_tinh": "Thái Bình", "Trong_chigioi": "", "Ngoai_baiSg": "", "layer": "TBI_KTVHXH", "path": "D:/Work/HungYen/TaiLieu/De/De Thai Binh/BD Thai Binh/TBI_KTVHXH.TAB|geometrytype=Point" }, "geometry": { "type": "Point", "coordinates": [ 106.538655839051998, 20.507818057731505 ] } },
{ "type": "Feature", "properties": { "ID": "TBI341040ntrang", "Ten_CT": "nghĩa trang", "Loai_CT": "nghĩa trang", "Thuoc_huyen": "H. Thái Thụy", "Thuoc_tinh": "Thái Bình", "Trong_chigioi": "", "Ngoai_baiSg": "", "layer": "TBI_KTVHXH", "path": "D:/Work/HungYen/TaiLieu/De/De Thai Binh/BD Thai Binh/TBI_KTVHXH.TAB|geometrytype=Point" }, "geometry": { "type": "Point", "coordinates": [ 106.524277814835003, 20.503193825420741 ] } },
{ "type": "Feature", "properties": { "ID": "TBI341040ntrang", "Ten_CT": "nghĩa trang", "Loai_CT": "nghĩa trang", "Thuoc_huyen": "H. Thái Thụy", "Thuoc_tinh": "Thái Bình", "Trong_chigioi": "", "Ngoai_baiSg": "", "layer": "TBI_KTVHXH", "path": "D:/Work/HungYen/TaiLieu/De/De Thai Binh/BD Thai Binh/TBI_KTVHXH.TAB|geometrytype=Point" }, "geometry": { "type": "Point", "coordinates": [ 106.524142263395831, 20.502469154573454 ] } },
{ "type": "Feature", "properties": { "ID": "TBI341040ntrang", "Ten_CT": "nghĩa trang", "Loai_CT": "nghĩa trang", "Thuoc_huyen": "H. Thái Thụy", "Thuoc_tinh": "Thái Bình", "Trong_chigioi": "", "Ngoai_baiSg": "", "layer": "TBI_KTVHXH", "path": "D:/Work/HungYen/TaiLieu/De/De Thai Binh/BD Thai Binh/TBI_KTVHXH.TAB|geometrytype=Point" }, "geometry": { "type": "Point", "coordinates": [ 106.52880165727953, 20.510027799894573 ] } },
{ "type": "Feature", "properties": { "ID": "TBI341040ntrang", "Ten_CT": "nghĩa trang", "Loai_CT": "nghĩa trang", "Thuoc_huyen": "H. Thái Thụy", "Thuoc_tinh": "Thái Bình", "Trong_chigioi": "", "Ngoai_baiSg": "", "layer": "TBI_KTVHXH", "path": "D:/Work/HungYen/TaiLieu/De/De Thai Binh/BD Thai Binh/TBI_KTVHXH.TAB|geometrytype=Point" }, "geometry": { "type": "Point", "coordinates": [ 106.534491607896129, 20.517042291071196 ] } },
{ "type": "Feature", "properties": { "ID": "TBI341040ntrang", "Ten_CT": "nghĩa trang", "Loai_CT": "nghĩa trang", "Thuoc_huyen": "H. Thái Thụy", "Thuoc_tinh": "Thái Bình", "Trong_chigioi": "", "Ngoai_baiSg": "", "layer": "TBI_KTVHXH", "path": "D:/Work/HungYen/TaiLieu/De/De Thai Binh/BD Thai Binh/TBI_KTVHXH.TAB|geometrytype=Point" }, "geometry": { "type": "Point", "coordinates": [ 106.537582278466687, 20.531210086013878 ] } },
{ "type": "Feature", "properties": { "ID": "TBI341040ntrang", "Ten_CT": "nghĩa trang", "Loai_CT": "nghĩa trang", "Thuoc_huyen": "H. Thái Thụy", "Thuoc_tinh": "Thái Bình", "Trong_chigioi": "", "Ngoai_baiSg": "", "layer": "TBI_KTVHXH", "path": "D:/Work/HungYen/TaiLieu/De/De Thai Binh/BD Thai Binh/TBI_KTVHXH.TAB|geometrytype=Point" }, "geometry": { "type": "Point", "coordinates": [ 106.541720064195175, 20.53208266973569 ] } },
{ "type": "Feature", "properties": { "ID": "TBI341040ntrang", "Ten_CT": "nghĩa trang", "Loai_CT": "nghĩa trang", "Thuoc_huyen": "H. Thái Thụy", "Thuoc_tinh": "Thái Bình", "Trong_chigioi": "", "Ngoai_baiSg": "", "layer": "TBI_KTVHXH", "path": "D:/Work/HungYen/TaiLieu/De/De Thai Binh/BD Thai Binh/TBI_KTVHXH.TAB|geometrytype=Point" }, "geometry": { "type": "Point", "coordinates": [ 106.534472222406265, 20.53123763885484 ] } },
{ "type": "Feature", "properties": { "ID": "TBI341040ntrang", "Ten_CT": "nghĩa trang", "Loai_CT": "nghĩa trang", "Thuoc_huyen": "H. Thái Thụy", "Thuoc_tinh": "Thái Bình", "Trong_chigioi": "", "Ngoai_baiSg": "", "layer": "TBI_KTVHXH", "path": "D:/Work/HungYen/TaiLieu/De/De Thai Binh/BD Thai Binh/TBI_KTVHXH.TAB|geometrytype=Point" }, "geometry": { "type": "Point", "coordinates": [ 106.527561733846639, 20.526550093686172 ] } },
{ "type": "Feature", "properties": { "ID": "TBI341040ntrang", "Ten_CT": "nghĩa trang", "Loai_CT": "nghĩa trang", "Thuoc_huyen": "H. Thái Thụy", "Thuoc_tinh": "Thái Bình", "Trong_chigioi": "", "Ngoai_baiSg": "", "layer": "TBI_KTVHXH", "path": "D:/Work/HungYen/TaiLieu/De/De Thai Binh/BD Thai Binh/TBI_KTVHXH.TAB|geometrytype=Point" }, "geometry": { "type": "Point", "coordinates": [ 106.546558280720063, 20.54706395817767 ] } },
{ "type": "Feature", "properties": { "ID": "TBI341040ntrang", "Ten_CT": "nghĩa trang", "Loai_CT": "nghĩa trang", "Thuoc_huyen": "H. Thái Thụy", "Thuoc_tinh": "Thái Bình", "Trong_chigioi": "", "Ngoai_baiSg": "", "layer": "TBI_KTVHXH", "path": "D:/Work/HungYen/TaiLieu/De/De Thai Binh/BD Thai Binh/TBI_KTVHXH.TAB|geometrytype=Point" }, "geometry": { "type": "Point", "coordinates": [ 106.554245001711365, 20.538325264827435 ] } },
{ "type": "Feature", "properties": { "ID": "TBI341040ntrang", "Ten_CT": "nghĩa trang", "Loai_CT": "nghĩa trang", "Thuoc_huyen": "H. Thái Thụy", "Thuoc_tinh": "Thái Bình", "Trong_chigioi": "", "Ngoai_baiSg": "", "layer": "TBI_KTVHXH", "path": "D:/Work/HungYen/TaiLieu/De/De Thai Binh/BD Thai Binh/TBI_KTVHXH.TAB|geometrytype=Point" }, "geometry": { "type": "Point", "coordinates": [ 106.553725098717948, 20.537791342002343 ] } },
{ "type": "Feature", "properties": { "ID": "TBI341040ntrang", "Ten_CT": "nghĩa trang", "Loai_CT": "nghĩa trang", "Thuoc_huyen": "H. Thái Thụy", "Thuoc_tinh": "Thái Bình", "Trong_chigioi": "", "Ngoai_baiSg": "", "layer": "TBI_KTVHXH", "path": "D:/Work/HungYen/TaiLieu/De/De Thai Binh/BD Thai Binh/TBI_KTVHXH.TAB|geometrytype=Point" }, "geometry": { "type": "Point", "coordinates": [ 106.506344201141019, 20.564881365822586 ] } },
{ "type": "Feature", "properties": { "ID": "TBI341040ntrang", "Ten_CT": "nghĩa trang", "Loai_CT": "nghĩa trang", "Thuoc_huyen": "H. Thái Thụy", "Thuoc_tinh": "Thái Bình", "Trong_chigioi": "", "Ngoai_baiSg": "", "layer": "TBI_KTVHXH", "path": "D:/Work/HungYen/TaiLieu/De/De Thai Binh/BD Thai Binh/TBI_KTVHXH.TAB|geometrytype=Point" }, "geometry": { "type": "Point", "coordinates": [ 106.555457057262714, 20.560858724490767 ] } },
{ "type": "Feature", "properties": { "ID": "TBI341040ntrang", "Ten_CT": "nghĩa trang", "Loai_CT": "nghĩa trang", "Thuoc_huyen": "H. Thái Thụy", "Thuoc_tinh": "Thái Bình", "Trong_chigioi": "", "Ngoai_baiSg": "", "layer": "TBI_KTVHXH", "path": "D:/Work/HungYen/TaiLieu/De/De Thai Binh/BD Thai Binh/TBI_KTVHXH.TAB|geometrytype=Point" }, "geometry": { "type": "Point", "coordinates": [ 106.555677525849134, 20.561745016402686 ] } },
{ "type": "Feature", "properties": { "ID": "TBI341040ntrang", "Ten_CT": "nghĩa trang", "Loai_CT": "nghĩa trang", "Thuoc_huyen": "H. Thái Thụy", "Thuoc_tinh": "Thái Bình", "Trong_chigioi": "", "Ngoai_baiSg": "", "layer": "TBI_KTVHXH", "path": "D:/Work/HungYen/TaiLieu/De/De Thai Binh/BD Thai Binh/TBI_KTVHXH.TAB|geometrytype=Point" }, "geometry": { "type": "Point", "coordinates": [ 106.550393636422896, 20.563523151585311 ] } },
{ "type": "Feature", "properties": { "ID": "TBI341040ntrang", "Ten_CT": "nghĩa trang", "Loai_CT": "nghĩa trang", "Thuoc_huyen": "H. Thái Thụy", "Thuoc_tinh": "Thái Bình", "Trong_chigioi": "", "Ngoai_baiSg": "", "layer": "TBI_KTVHXH", "path": "D:/Work/HungYen/TaiLieu/De/De Thai Binh/BD Thai Binh/TBI_KTVHXH.TAB|geometrytype=Point" }, "geometry": { "type": "Point", "coordinates": [ 106.509115518846343, 20.579638029694699 ] } },
{ "type": "Feature", "properties": { "ID": "TBI341040ntrang", "Ten_CT": "nghĩa trang", "Loai_CT": "nghĩa trang", "Thuoc_huyen": "H. Thái Thụy", "Thuoc_tinh": "Thái Bình", "Trong_chigioi": "", "Ngoai_baiSg": "", "layer": "TBI_KTVHXH", "path": "D:/Work/HungYen/TaiLieu/De/De Thai Binh/BD Thai Binh/TBI_KTVHXH.TAB|geometrytype=Point" }, "geometry": { "type": "Point", "coordinates": [ 106.506796512400726, 20.579517492406275 ] } },
{ "type": "Feature", "properties": { "ID": "TBI341040ntrang", "Ten_CT": "nghĩa trang", "Loai_CT": "nghĩa trang", "Thuoc_huyen": "H. Thái Thụy", "Thuoc_tinh": "Thái Bình", "Trong_chigioi": "", "Ngoai_baiSg": "", "layer": "TBI_KTVHXH", "path": "D:/Work/HungYen/TaiLieu/De/De Thai Binh/BD Thai Binh/TBI_KTVHXH.TAB|geometrytype=Point" }, "geometry": { "type": "Point", "coordinates": [ 106.50598876370087, 20.578468300704504 ] } },
{ "type": "Feature", "properties": { "ID": "TBI341040ntrang", "Ten_CT": "nghĩa trang", "Loai_CT": "nghĩa trang", "Thuoc_huyen": "H. Thái Thụy", "Thuoc_tinh": "Thái Bình", "Trong_chigioi": "", "Ngoai_baiSg": "", "layer": "TBI_KTVHXH", "path": "D:/Work/HungYen/TaiLieu/De/De Thai Binh/BD Thai Binh/TBI_KTVHXH.TAB|geometrytype=Point" }, "geometry": { "type": "Point", "coordinates": [ 106.530218455669754, 20.593199832944425 ] } },
{ "type": "Feature", "properties": { "ID": "TBI341040ntrang", "Ten_CT": "nghĩa trang", "Loai_CT": "nghĩa trang", "Thuoc_huyen": "H. Thái Thụy", "Thuoc_tinh": "Thái Bình", "Trong_chigioi": "", "Ngoai_baiSg": "", "layer": "TBI_KTVHXH", "path": "D:/Work/HungYen/TaiLieu/De/De Thai Binh/BD Thai Binh/TBI_KTVHXH.TAB|geometrytype=Point" }, "geometry": { "type": "Point", "coordinates": [ 106.522113523435962, 20.588372125799147 ] } },
{ "type": "Feature", "properties": { "ID": "TBI341040ntrang", "Ten_CT": "nghĩa trang", "Loai_CT": "nghĩa trang", "Thuoc_huyen": "H. Thái Thụy", "Thuoc_tinh": "Thái Bình", "Trong_chigioi": "", "Ngoai_baiSg": "", "layer": "TBI_KTVHXH", "path": "D:/Work/HungYen/TaiLieu/De/De Thai Binh/BD Thai Binh/TBI_KTVHXH.TAB|geometrytype=Point" }, "geometry": { "type": "Point", "coordinates": [ 106.521153586869303, 20.587392376596021 ] } },
{ "type": "Feature", "properties": { "ID": "TBI341040ntrang", "Ten_CT": "nghĩa trang", "Loai_CT": "nghĩa trang", "Thuoc_huyen": "H. Thái Thụy", "Thuoc_tinh": "Thái Bình", "Trong_chigioi": "", "Ngoai_baiSg": "", "layer": "TBI_KTVHXH", "path": "D:/Work/HungYen/TaiLieu/De/De Thai Binh/BD Thai Binh/TBI_KTVHXH.TAB|geometrytype=Point" }, "geometry": { "type": "Point", "coordinates": [ 106.556763301978791, 20.581110280385033 ] } },
{ "type": "Feature", "properties": { "ID": "TBI341040ntrang", "Ten_CT": "nghĩa trang", "Loai_CT": "nghĩa trang", "Thuoc_huyen": "H. Thái Thụy", "Thuoc_tinh": "Thái Bình", "Trong_chigioi": "", "Ngoai_baiSg": "", "layer": "TBI_KTVHXH", "path": "D:/Work/HungYen/TaiLieu/De/De Thai Binh/BD Thai Binh/TBI_KTVHXH.TAB|geometrytype=Point" }, "geometry": { "type": "Point", "coordinates": [ 106.555718012859231, 20.592332586908302 ] } },
{ "type": "Feature", "properties": { "ID": "TBI341040ntrang", "Ten_CT": "nghĩa trang", "Loai_CT": "nghĩa trang", "Thuoc_huyen": "H. Thái Thụy", "Thuoc_tinh": "Thái Bình", "Trong_chigioi": "", "Ngoai_baiSg": "", "layer": "TBI_KTVHXH", "path": "D:/Work/HungYen/TaiLieu/De/De Thai Binh/BD Thai Binh/TBI_KTVHXH.TAB|geometrytype=Point" }, "geometry": { "type": "Point", "coordinates": [ 106.523789138236552, 20.565264238423815 ] } },
{ "type": "Feature", "properties": { "ID": "TBI341040ntrang", "Ten_CT": "nghĩa trang", "Loai_CT": "nghĩa trang", "Thuoc_huyen": "H. Thái Thụy", "Thuoc_tinh": "Thái Bình", "Trong_chigioi": "", "Ngoai_baiSg": "", "layer": "TBI_KTVHXH", "path": "D:/Work/HungYen/TaiLieu/De/De Thai Binh/BD Thai Binh/TBI_KTVHXH.TAB|geometrytype=Point" }, "geometry": { "type": "Point", "coordinates": [ 106.554106872382178, 20.559267113350074 ] } },
{ "type": "Feature", "properties": { "ID": "TBI341040ntrang", "Ten_CT": "nghĩa trang", "Loai_CT": "nghĩa trang", "Thuoc_huyen": "H. Thái Thụy", "Thuoc_tinh": "Thái Bình", "Trong_chigioi": "", "Ngoai_baiSg": "", "layer": "TBI_KTVHXH", "path": "D:/Work/HungYen/TaiLieu/De/De Thai Binh/BD Thai Binh/TBI_KTVHXH.TAB|geometrytype=Point" }, "geometry": { "type": "Point", "coordinates": [ 106.570468640431542, 20.603592419878495 ] } },
{ "type": "Feature", "properties": { "ID": "TBI341040ntrang", "Ten_CT": "nghĩa trang", "Loai_CT": "nghĩa trang", "Thuoc_huyen": "H. Thái Thụy", "Thuoc_tinh": "Thái Bình", "Trong_chigioi": "", "Ngoai_baiSg": "", "layer": "TBI_KTVHXH", "path": "D:/Work/HungYen/TaiLieu/De/De Thai Binh/BD Thai Binh/TBI_KTVHXH.TAB|geometrytype=Point" }, "geometry": { "type": "Point", "coordinates": [ 106.568934436300694, 20.603216915909847 ] } },
{ "type": "Feature", "properties": { "ID": "TBI341040ntrang", "Ten_CT": "nghĩa trang", "Loai_CT": "nghĩa trang", "Thuoc_huyen": "H. Thái Thụy", "Thuoc_tinh": "Thái Bình", "Trong_chigioi": "", "Ngoai_baiSg": "", "layer": "TBI_KTVHXH", "path": "D:/Work/HungYen/TaiLieu/De/De Thai Binh/BD Thai Binh/TBI_KTVHXH.TAB|geometrytype=Point" }, "geometry": { "type": "Point", "coordinates": [ 106.575623299758234, 20.592953306422917 ] } },
{ "type": "Feature", "properties": { "ID": "TBI341040ntrang", "Ten_CT": "nghĩa trang", "Loai_CT": "nghĩa trang", "Thuoc_huyen": "H. Thái Thụy", "Thuoc_tinh": "Thái Bình", "Trong_chigioi": "", "Ngoai_baiSg": "", "layer": "TBI_KTVHXH", "path": "D:/Work/HungYen/TaiLieu/De/De Thai Binh/BD Thai Binh/TBI_KTVHXH.TAB|geometrytype=Point" }, "geometry": { "type": "Point", "coordinates": [ 106.560386784587067, 20.595369791018499 ] } },
{ "type": "Feature", "properties": { "ID": "TBI341040ntrang", "Ten_CT": "nghĩa trang", "Loai_CT": "nghĩa trang", "Thuoc_huyen": "H. Thái Thụy", "Thuoc_tinh": "Thái Bình", "Trong_chigioi": "", "Ngoai_baiSg": "", "layer": "TBI_KTVHXH", "path": "D:/Work/HungYen/TaiLieu/De/De Thai Binh/BD Thai Binh/TBI_KTVHXH.TAB|geometrytype=Point" }, "geometry": { "type": "Point", "coordinates": [ 106.528548337913563, 20.584895608677119 ] } },
{ "type": "Feature", "properties": { "ID": "TBI341040ntrang", "Ten_CT": "nghĩa trang", "Loai_CT": "nghĩa trang", "Thuoc_huyen": "H. Thái Thụy", "Thuoc_tinh": "Thái Bình", "Trong_chigioi": "", "Ngoai_baiSg": "", "layer": "TBI_KTVHXH", "path": "D:/Work/HungYen/TaiLieu/De/De Thai Binh/BD Thai Binh/TBI_KTVHXH.TAB|geometrytype=Point" }, "geometry": { "type": "Point", "coordinates": [ 106.538611672119899, 20.60776350703668 ] } },
{ "type": "Feature", "properties": { "ID": "TBI341040ntrang", "Ten_CT": "nghĩa trang", "Loai_CT": "nghĩa trang", "Thuoc_huyen": "H. Thái Thụy", "Thuoc_tinh": "Thái Bình", "Trong_chigioi": "", "Ngoai_baiSg": "", "layer": "TBI_KTVHXH", "path": "D:/Work/HungYen/TaiLieu/De/De Thai Binh/BD Thai Binh/TBI_KTVHXH.TAB|geometrytype=Point" }, "geometry": { "type": "Point", "coordinates": [ 106.542530193016006, 20.602676641130049 ] } },
{ "type": "Feature", "properties": { "ID": "TBI341040ntrang", "Ten_CT": "nghĩa trang", "Loai_CT": "nghĩa trang", "Thuoc_huyen": "H. Thái Thụy", "Thuoc_tinh": "Thái Bình", "Trong_chigioi": "", "Ngoai_baiSg": "", "layer": "TBI_KTVHXH", "path": "D:/Work/HungYen/TaiLieu/De/De Thai Binh/BD Thai Binh/TBI_KTVHXH.TAB|geometrytype=Point" }, "geometry": { "type": "Point", "coordinates": [ 106.61306686774374, 20.604280138323322 ] } },
{ "type": "Feature", "properties": { "ID": "TBI344040ntrang", "Ten_CT": "nghĩa trang", "Loai_CT": "nghĩa trang", "Thuoc_huyen": "H. Vũ Thư", "Thuoc_tinh": "Thái Bình", "Trong_chigioi": "", "Ngoai_baiSg": "", "layer": "TBI_KTVHXH", "path": "D:/Work/HungYen/TaiLieu/De/De Thai Binh/BD Thai Binh/TBI_KTVHXH.TAB|geometrytype=Point" }, "geometry": { "type": "Point", "coordinates": [ 106.293896549608533, 20.485503444354535 ] } },
{ "type": "Feature", "properties": { "ID": "TBI344040ntrang", "Ten_CT": "nghĩa trang", "Loai_CT": "nghĩa trang", "Thuoc_huyen": "H. Vũ Thư", "Thuoc_tinh": "Thái Bình", "Trong_chigioi": "", "Ngoai_baiSg": "", "layer": "TBI_KTVHXH", "path": "D:/Work/HungYen/TaiLieu/De/De Thai Binh/BD Thai Binh/TBI_KTVHXH.TAB|geometrytype=Point" }, "geometry": { "type": "Point", "coordinates": [ 106.2930752362861, 20.485979441207959 ] } },
{ "type": "Feature", "properties": { "ID": "TBI344040ntrang", "Ten_CT": "nghĩa trang", "Loai_CT": "nghĩa trang", "Thuoc_huyen": "H. Vũ Thư", "Thuoc_tinh": "Thái Bình", "Trong_chigioi": "", "Ngoai_baiSg": "", "layer": "TBI_KTVHXH", "path": "D:/Work/HungYen/TaiLieu/De/De Thai Binh/BD Thai Binh/TBI_KTVHXH.TAB|geometrytype=Point" }, "geometry": { "type": "Point", "coordinates": [ 106.279764254287514, 20.468591684931354 ] } },
{ "type": "Feature", "properties": { "ID": "TBI344040ntrang", "Ten_CT": "nghĩa trang", "Loai_CT": "nghĩa trang", "Thuoc_huyen": "H. Vũ Thư", "Thuoc_tinh": "Thái Bình", "Trong_chigioi": "", "Ngoai_baiSg": "", "layer": "TBI_KTVHXH", "path": "D:/Work/HungYen/TaiLieu/De/De Thai Binh/BD Thai Binh/TBI_KTVHXH.TAB|geometrytype=Point" }, "geometry": { "type": "Point", "coordinates": [ 106.280528723075776, 20.468630143400965 ] } },
{ "type": "Feature", "properties": { "ID": "TBI344040ntrang", "Ten_CT": "nghĩa trang", "Loai_CT": "nghĩa trang", "Thuoc_huyen": "H. Vũ Thư", "Thuoc_tinh": "Thái Bình", "Trong_chigioi": "", "Ngoai_baiSg": "", "layer": "TBI_KTVHXH", "path": "D:/Work/HungYen/TaiLieu/De/De Thai Binh/BD Thai Binh/TBI_KTVHXH.TAB|geometrytype=Point" }, "geometry": { "type": "Point", "coordinates": [ 106.311106834918291, 20.470208626995738 ] } },
{ "type": "Feature", "properties": { "ID": "TBI344040ntrang", "Ten_CT": "nghĩa trang", "Loai_CT": "nghĩa trang", "Thuoc_huyen": "H. Vũ Thư", "Thuoc_tinh": "Thái Bình", "Trong_chigioi": "", "Ngoai_baiSg": "", "layer": "TBI_KTVHXH", "path": "D:/Work/HungYen/TaiLieu/De/De Thai Binh/BD Thai Binh/TBI_KTVHXH.TAB|geometrytype=Point" }, "geometry": { "type": "Point", "coordinates": [ 106.311837517549122, 20.471211353258131 ] } },
{ "type": "Feature", "properties": { "ID": "TBI336040ntrang", "Ten_CT": "nghĩa trang", "Loai_CT": "nghĩa trang", "Thuoc_huyen": "TP. Thái Bình", "Thuoc_tinh": "Thái Bình", "Trong_chigioi": "", "Ngoai_baiSg": "", "layer": "TBI_KTVHXH", "path": "D:/Work/HungYen/TaiLieu/De/De Thai Binh/BD Thai Binh/TBI_KTVHXH.TAB|geometrytype=Point" }, "geometry": { "type": "Point", "coordinates": [ 106.298926163116832, 20.438961184628326 ] } },
{ "type": "Feature", "properties": { "ID": "TBI336040ntrang", "Ten_CT": "nghĩa trang", "Loai_CT": "nghĩa trang", "Thuoc_huyen": "TP. Thái Bình", "Thuoc_tinh": "Thái Bình", "Trong_chigioi": "", "Ngoai_baiSg": "", "layer": "TBI_KTVHXH", "path": "D:/Work/HungYen/TaiLieu/De/De Thai Binh/BD Thai Binh/TBI_KTVHXH.TAB|geometrytype=Point" }, "geometry": { "type": "Point", "coordinates": [ 106.299080122929226, 20.438108988446768 ] } },
{ "type": "Feature", "properties": { "ID": "TBI342040ntrang", "Ten_CT": "nghĩa trang", "Loai_CT": "nghĩa trang", "Thuoc_huyen": "H. Tiền Hải", "Thuoc_tinh": "Thái Bình", "Trong_chigioi": "", "Ngoai_baiSg": "", "layer": "TBI_KTVHXH", "path": "D:/Work/HungYen/TaiLieu/De/De Thai Binh/BD Thai Binh/TBI_KTVHXH.TAB|geometrytype=Point" }, "geometry": { "type": "Point", "coordinates": [ 106.483236349056369, 20.430340151983373 ] } },
{ "type": "Feature", "properties": { "ID": "TBI342040ntrang", "Ten_CT": "nghĩa trang", "Loai_CT": "nghĩa trang", "Thuoc_huyen": "H. Tiền Hải", "Thuoc_tinh": "Thái Bình", "Trong_chigioi": "", "Ngoai_baiSg": "", "layer": "TBI_KTVHXH", "path": "D:/Work/HungYen/TaiLieu/De/De Thai Binh/BD Thai Binh/TBI_KTVHXH.TAB|geometrytype=Point" }, "geometry": { "type": "Point", "coordinates": [ 106.482602856679023, 20.431388516857844 ] } },
{ "type": "Feature", "properties": { "ID": "TBI343040ntrang", "Ten_CT": "nghĩa trang", "Loai_CT": "nghĩa trang", "Thuoc_huyen": "H. Kiến Xương", "Thuoc_tinh": "Thái Bình", "Trong_chigioi": "", "Ngoai_baiSg": "", "layer": "TBI_KTVHXH", "path": "D:/Work/HungYen/TaiLieu/De/De Thai Binh/BD Thai Binh/TBI_KTVHXH.TAB|geometrytype=Point" }, "geometry": { "type": "Point", "coordinates": [ 106.445423414248992, 20.402884141810539 ] } },
{ "type": "Feature", "properties": { "ID": "TBI343040ntrang", "Ten_CT": "nghĩa trang", "Loai_CT": "nghĩa trang", "Thuoc_huyen": "H. Kiến Xương", "Thuoc_tinh": "Thái Bình", "Trong_chigioi": "", "Ngoai_baiSg": "", "layer": "TBI_KTVHXH", "path": "D:/Work/HungYen/TaiLieu/De/De Thai Binh/BD Thai Binh/TBI_KTVHXH.TAB|geometrytype=Point" }, "geometry": { "type": "Point", "coordinates": [ 106.458823634912122, 20.407508044189598 ] } },
{ "type": "Feature", "properties": { "ID": "TBI344040ntrang", "Ten_CT": "nghĩa trang", "Loai_CT": "nghĩa trang", "Thuoc_huyen": "H. Vũ Thư", "Thuoc_tinh": "Thái Bình", "Trong_chigioi": "", "Ngoai_baiSg": "", "layer": "TBI_KTVHXH", "path": "D:/Work/HungYen/TaiLieu/De/De Thai Binh/BD Thai Binh/TBI_KTVHXH.TAB|geometrytype=Point" }, "geometry": { "type": "Point", "coordinates": [ 106.258193568527687, 20.35021537260792 ] } },
{ "type": "Feature", "properties": { "ID": "TBI344040ntrang", "Ten_CT": "nghĩa trang", "Loai_CT": "nghĩa trang", "Thuoc_huyen": "H. Vũ Thư", "Thuoc_tinh": "Thái Bình", "Trong_chigioi": "", "Ngoai_baiSg": "", "layer": "TBI_KTVHXH", "path": "D:/Work/HungYen/TaiLieu/De/De Thai Binh/BD Thai Binh/TBI_KTVHXH.TAB|geometrytype=Point" }, "geometry": { "type": "Point", "coordinates": [ 106.290557653825445, 20.405887937133016 ] } },
{ "type": "Feature", "properties": { "ID": "TBI343040ntrang", "Ten_CT": "nghĩa trang", "Loai_CT": "nghĩa trang", "Thuoc_huyen": "H. Kiến Xương", "Thuoc_tinh": "Thái Bình", "Trong_chigioi": "", "Ngoai_baiSg": "", "layer": "TBI_KTVHXH", "path": "D:/Work/HungYen/TaiLieu/De/De Thai Binh/BD Thai Binh/TBI_KTVHXH.TAB|geometrytype=Point" }, "geometry": { "type": "Point", "coordinates": [ 106.458823874598693, 20.341120454997668 ] } },
{ "type": "Feature", "properties": { "ID": "TBI343040ntrang", "Ten_CT": "nghĩa trang", "Loai_CT": "nghĩa trang", "Thuoc_huyen": "H. Kiến Xương", "Thuoc_tinh": "Thái Bình", "Trong_chigioi": "", "Ngoai_baiSg": "", "layer": "TBI_KTVHXH", "path": "D:/Work/HungYen/TaiLieu/De/De Thai Binh/BD Thai Binh/TBI_KTVHXH.TAB|geometrytype=Point" }, "geometry": { "type": "Point", "coordinates": [ 106.460663082080899, 20.370210102002847 ] } },
{ "type": "Feature", "properties": { "ID": "TBI343040ntrang", "Ten_CT": "nghĩa trang", "Loai_CT": "nghĩa trang", "Thuoc_huyen": "H. Kiến Xương", "Thuoc_tinh": "Thái Bình", "Trong_chigioi": "", "Ngoai_baiSg": "", "layer": "TBI_KTVHXH", "path": "D:/Work/HungYen/TaiLieu/De/De Thai Binh/BD Thai Binh/TBI_KTVHXH.TAB|geometrytype=Point" }, "geometry": { "type": "Point", "coordinates": [ 106.45563575413577, 20.458298416027496 ] } },
{ "type": "Feature", "properties": { "ID": "TBI343040ntrang", "Ten_CT": "nghĩa trang", "Loai_CT": "nghĩa trang", "Thuoc_huyen": "H. Kiến Xương", "Thuoc_tinh": "Thái Bình", "Trong_chigioi": "", "Ngoai_baiSg": "", "layer": "TBI_KTVHXH", "path": "D:/Work/HungYen/TaiLieu/De/De Thai Binh/BD Thai Binh/TBI_KTVHXH.TAB|geometrytype=Point" }, "geometry": { "type": "Point", "coordinates": [ 106.44172456770022, 20.444730166172452 ] } },
{ "type": "Feature", "properties": { "ID": "TBI343040ntrang", "Ten_CT": "nghĩa trang", "Loai_CT": "nghĩa trang", "Thuoc_huyen": "H. Kiến Xương", "Thuoc_tinh": "Thái Bình", "Trong_chigioi": "", "Ngoai_baiSg": "", "layer": "TBI_KTVHXH", "path": "D:/Work/HungYen/TaiLieu/De/De Thai Binh/BD Thai Binh/TBI_KTVHXH.TAB|geometrytype=Point" }, "geometry": { "type": "Point", "coordinates": [ 106.441627747600265, 20.445858960366287 ] } },
{ "type": "Feature", "properties": { "ID": "TBI343040ntrang", "Ten_CT": "nghĩa trang", "Loai_CT": "nghĩa trang", "Thuoc_huyen": "H. Kiến Xương", "Thuoc_tinh": "Thái Bình", "Trong_chigioi": "", "Ngoai_baiSg": "", "layer": "TBI_KTVHXH", "path": "D:/Work/HungYen/TaiLieu/De/De Thai Binh/BD Thai Binh/TBI_KTVHXH.TAB|geometrytype=Point" }, "geometry": { "type": "Point", "coordinates": [ 106.410329335296737, 20.389859056441189 ] } },
{ "type": "Feature", "properties": { "ID": "TBI343040ntrang", "Ten_CT": "nghĩa trang", "Loai_CT": "nghĩa trang", "Thuoc_huyen": "H. Kiến Xương", "Thuoc_tinh": "Thái Bình", "Trong_chigioi": "", "Ngoai_baiSg": "", "layer": "TBI_KTVHXH", "path": "D:/Work/HungYen/TaiLieu/De/De Thai Binh/BD Thai Binh/TBI_KTVHXH.TAB|geometrytype=Point" }, "geometry": { "type": "Point", "coordinates": [ 106.411939119639385, 20.390250670882669 ] } },
{ "type": "Feature", "properties": { "ID": "TBI343040ntrang", "Ten_CT": "nghĩa trang", "Loai_CT": "nghĩa trang", "Thuoc_huyen": "H. Kiến Xương", "Thuoc_tinh": "Thái Bình", "Trong_chigioi": "", "Ngoai_baiSg": "", "layer": "TBI_KTVHXH", "path": "D:/Work/HungYen/TaiLieu/De/De Thai Binh/BD Thai Binh/TBI_KTVHXH.TAB|geometrytype=Point" }, "geometry": { "type": "Point", "coordinates": [ 106.392291030014761, 20.385184149396107 ] } },
{ "type": "Feature", "properties": { "ID": "TBI343040ntrang", "Ten_CT": "nghĩa trang", "Loai_CT": "nghĩa trang", "Thuoc_huyen": "H. Kiến Xương", "Thuoc_tinh": "Thái Bình", "Trong_chigioi": "", "Ngoai_baiSg": "", "layer": "TBI_KTVHXH", "path": "D:/Work/HungYen/TaiLieu/De/De Thai Binh/BD Thai Binh/TBI_KTVHXH.TAB|geometrytype=Point" }, "geometry": { "type": "Point", "coordinates": [ 106.447699577600218, 20.427186667835368 ] } },
{ "type": "Feature", "properties": { "ID": "TBI343040ntrang", "Ten_CT": "nghĩa trang", "Loai_CT": "nghĩa trang", "Thuoc_huyen": "H. Kiến Xương", "Thuoc_tinh": "Thái Bình", "Trong_chigioi": "", "Ngoai_baiSg": "", "layer": "TBI_KTVHXH", "path": "D:/Work/HungYen/TaiLieu/De/De Thai Binh/BD Thai Binh/TBI_KTVHXH.TAB|geometrytype=Point" }, "geometry": { "type": "Point", "coordinates": [ 106.446869532830831, 20.426498577617547 ] } },
{ "type": "Feature", "properties": { "ID": "TBI343040ntrang", "Ten_CT": "nghĩa trang", "Loai_CT": "nghĩa trang", "Thuoc_huyen": "H. Kiến Xương", "Thuoc_tinh": "Thái Bình", "Trong_chigioi": "", "Ngoai_baiSg": "", "layer": "TBI_KTVHXH", "path": "D:/Work/HungYen/TaiLieu/De/De Thai Binh/BD Thai Binh/TBI_KTVHXH.TAB|geometrytype=Point" }, "geometry": { "type": "Point", "coordinates": [ 106.445337365918874, 20.425251683730625 ] } },
{ "type": "Feature", "properties": { "ID": "TBI343040ntrang", "Ten_CT": "nghĩa trang", "Loai_CT": "nghĩa trang", "Thuoc_huyen": "H. Kiến Xương", "Thuoc_tinh": "Thái Bình", "Trong_chigioi": "", "Ngoai_baiSg": "", "layer": "TBI_KTVHXH", "path": "D:/Work/HungYen/TaiLieu/De/De Thai Binh/BD Thai Binh/TBI_KTVHXH.TAB|geometrytype=Point" }, "geometry": { "type": "Point", "coordinates": [ 106.409567675338224, 20.468080849706805 ] } },
{ "type": "Feature", "properties": { "ID": "TBI344040ntrang", "Ten_CT": "nghĩa trang", "Loai_CT": "nghĩa trang", "Thuoc_huyen": "H. Vũ Thư", "Thuoc_tinh": "Thái Bình", "Trong_chigioi": "", "Ngoai_baiSg": "", "layer": "TBI_KTVHXH", "path": "D:/Work/HungYen/TaiLieu/De/De Thai Binh/BD Thai Binh/TBI_KTVHXH.TAB|geometrytype=Point" }, "geometry": { "type": "Point", "coordinates": [ 106.278779516891007, 20.426004623723625 ] } },
{ "type": "Feature", "properties": { "ID": "TBI344040ntrang", "Ten_CT": "nghĩa trang", "Loai_CT": "nghĩa trang", "Thuoc_huyen": "H. Vũ Thư", "Thuoc_tinh": "Thái Bình", "Trong_chigioi": "", "Ngoai_baiSg": "", "layer": "TBI_KTVHXH", "path": "D:/Work/HungYen/TaiLieu/De/De Thai Binh/BD Thai Binh/TBI_KTVHXH.TAB|geometrytype=Point" }, "geometry": { "type": "Point", "coordinates": [ 106.279899536116446, 20.426391203896145 ] } },
{ "type": "Feature", "properties": { "ID": "TBI344040ntrang", "Ten_CT": "nghĩa trang", "Loai_CT": "nghĩa trang", "Thuoc_huyen": "H. Vũ Thư", "Thuoc_tinh": "Thái Bình", "Trong_chigioi": "", "Ngoai_baiSg": "", "layer": "TBI_KTVHXH", "path": "D:/Work/HungYen/TaiLieu/De/De Thai Binh/BD Thai Binh/TBI_KTVHXH.TAB|geometrytype=Point" }, "geometry": { "type": "Point", "coordinates": [ 106.300054483958888, 20.427034303161477 ] } },
{ "type": "Feature", "properties": { "ID": "TBI344040ntrang", "Ten_CT": "nghĩa trang", "Loai_CT": "nghĩa trang", "Thuoc_huyen": "H. Vũ Thư", "Thuoc_tinh": "Thái Bình", "Trong_chigioi": "", "Ngoai_baiSg": "", "layer": "TBI_KTVHXH", "path": "D:/Work/HungYen/TaiLieu/De/De Thai Binh/BD Thai Binh/TBI_KTVHXH.TAB|geometrytype=Point" }, "geometry": { "type": "Point", "coordinates": [ 106.30029228516689, 20.426238667894832 ] } },
{ "type": "Feature", "properties": { "ID": "TBI343040ntrang", "Ten_CT": "nghĩa trang", "Loai_CT": "nghĩa trang", "Thuoc_huyen": "H. Kiến Xương", "Thuoc_tinh": "Thái Bình", "Trong_chigioi": "", "Ngoai_baiSg": "", "layer": "TBI_KTVHXH", "path": "D:/Work/HungYen/TaiLieu/De/De Thai Binh/BD Thai Binh/TBI_KTVHXH.TAB|geometrytype=Point" }, "geometry": { "type": "Point", "coordinates": [ 106.45817838918714, 20.328343119235068 ] } },
{ "type": "Feature", "properties": { "ID": "TBI343040ntrang", "Ten_CT": "nghĩa trang", "Loai_CT": "nghĩa trang", "Thuoc_huyen": "H. Kiến Xương", "Thuoc_tinh": "Thái Bình", "Trong_chigioi": "", "Ngoai_baiSg": "", "layer": "TBI_KTVHXH", "path": "D:/Work/HungYen/TaiLieu/De/De Thai Binh/BD Thai Binh/TBI_KTVHXH.TAB|geometrytype=Point" }, "geometry": { "type": "Point", "coordinates": [ 106.408779723797835, 20.468935542170616 ] } },
{ "type": "Feature", "properties": { "ID": "TBI343040ntrang", "Ten_CT": "nghĩa trang", "Loai_CT": "nghĩa trang", "Thuoc_huyen": "H. Kiến Xương", "Thuoc_tinh": "Thái Bình", "Trong_chigioi": "", "Ngoai_baiSg": "", "layer": "TBI_KTVHXH", "path": "D:/Work/HungYen/TaiLieu/De/De Thai Binh/BD Thai Binh/TBI_KTVHXH.TAB|geometrytype=Point" }, "geometry": { "type": "Point", "coordinates": [ 106.415209456165883, 20.428684959657993 ] } },
{ "type": "Feature", "properties": { "ID": "TBI343040ntrang", "Ten_CT": "nghĩa trang", "Loai_CT": "nghĩa trang", "Thuoc_huyen": "H. Kiến Xương", "Thuoc_tinh": "Thái Bình", "Trong_chigioi": "", "Ngoai_baiSg": "", "layer": "TBI_KTVHXH", "path": "D:/Work/HungYen/TaiLieu/De/De Thai Binh/BD Thai Binh/TBI_KTVHXH.TAB|geometrytype=Point" }, "geometry": { "type": "Point", "coordinates": [ 106.457213870389452, 20.407259887952062 ] } },
{ "type": "Feature", "properties": { "ID": "TBI343040ntrang", "Ten_CT": "nghĩa trang", "Loai_CT": "nghĩa trang", "Thuoc_huyen": "H. Kiến Xương", "Thuoc_tinh": "Thái Bình", "Trong_chigioi": "", "Ngoai_baiSg": "", "layer": "TBI_KTVHXH", "path": "D:/Work/HungYen/TaiLieu/De/De Thai Binh/BD Thai Binh/TBI_KTVHXH.TAB|geometrytype=Point" }, "geometry": { "type": "Point", "coordinates": [ 106.444180794104014, 20.42207406130845 ] } },
{ "type": "Feature", "properties": { "ID": "TBI344040ntrang", "Ten_CT": "nghĩa trang", "Loai_CT": "nghĩa trang", "Thuoc_huyen": "H. Vũ Thư", "Thuoc_tinh": "Thái Bình", "Trong_chigioi": "", "Ngoai_baiSg": "", "layer": "TBI_KTVHXH", "path": "D:/Work/HungYen/TaiLieu/De/De Thai Binh/BD Thai Binh/TBI_KTVHXH.TAB|geometrytype=Point" }, "geometry": { "type": "Point", "coordinates": [ 106.273344197334779, 20.485916591694117 ] } },
{ "type": "Feature", "properties": { "ID": "TBI343040ntrang", "Ten_CT": "nghĩa trang", "Loai_CT": "nghĩa trang", "Thuoc_huyen": "H. Kiến Xương", "Thuoc_tinh": "Thái Bình", "Trong_chigioi": "", "Ngoai_baiSg": "", "layer": "TBI_KTVHXH", "path": "D:/Work/HungYen/TaiLieu/De/De Thai Binh/BD Thai Binh/TBI_KTVHXH.TAB|geometrytype=Point" }, "geometry": { "type": "Point", "coordinates": [ 106.363180521810833, 20.424813874869113 ] } },
{ "type": "Feature", "properties": { "ID": "TBI341040ntrang", "Ten_CT": "nghĩa trang", "Loai_CT": "nghĩa trang", "Thuoc_huyen": "H. Thái Thụy", "Thuoc_tinh": "Thái Bình", "Trong_chigioi": "", "Ngoai_baiSg": "", "layer": "TBI_KTVHXH", "path": "D:/Work/HungYen/TaiLieu/De/De Thai Binh/BD Thai Binh/TBI_KTVHXH.TAB|geometrytype=Point" }, "geometry": { "type": "Point", "coordinates": [ 106.512261156471865, 20.4914309810387 ] } },
{ "type": "Feature", "properties": { "ID": "TBI341040ntrang", "Ten_CT": "nghĩa trang", "Loai_CT": "nghĩa trang", "Thuoc_huyen": "H. Thái Thụy", "Thuoc_tinh": "Thái Bình", "Trong_chigioi": "", "Ngoai_baiSg": "", "layer": "TBI_KTVHXH", "path": "D:/Work/HungYen/TaiLieu/De/De Thai Binh/BD Thai Binh/TBI_KTVHXH.TAB|geometrytype=Point" }, "geometry": { "type": "Point", "coordinates": [ 106.51062113200372, 20.481122692300875 ] } },
{ "type": "Feature", "properties": { "ID": "TBI341040ntrang", "Ten_CT": "nghĩa trang", "Loai_CT": "nghĩa trang", "Thuoc_huyen": "H. Thái Thụy", "Thuoc_tinh": "Thái Bình", "Trong_chigioi": "", "Ngoai_baiSg": "", "layer": "TBI_KTVHXH", "path": "D:/Work/HungYen/TaiLieu/De/De Thai Binh/BD Thai Binh/TBI_KTVHXH.TAB|geometrytype=Point" }, "geometry": { "type": "Point", "coordinates": [ 106.509253908320744, 20.479812657693522 ] } },
{ "type": "Feature", "properties": { "ID": "TBI342040ntrang", "Ten_CT": "nghĩa trang", "Loai_CT": "nghĩa trang", "Thuoc_huyen": "H. Tiền Hải", "Thuoc_tinh": "Thái Bình", "Trong_chigioi": "", "Ngoai_baiSg": "", "layer": "TBI_KTVHXH", "path": "D:/Work/HungYen/TaiLieu/De/De Thai Binh/BD Thai Binh/TBI_KTVHXH.TAB|geometrytype=Point" }, "geometry": { "type": "Point", "coordinates": [ 106.53327163765978, 20.389683832980186 ] } },
{ "type": "Feature", "properties": { "ID": "TBI342040ntrang", "Ten_CT": "nghĩa trang", "Loai_CT": "nghĩa trang", "Thuoc_huyen": "H. Tiền Hải", "Thuoc_tinh": "Thái Bình", "Trong_chigioi": "", "Ngoai_baiSg": "", "layer": "TBI_KTVHXH", "path": "D:/Work/HungYen/TaiLieu/De/De Thai Binh/BD Thai Binh/TBI_KTVHXH.TAB|geometrytype=Point" }, "geometry": { "type": "Point", "coordinates": [ 106.532877366881777, 20.390641542099686 ] } },
{ "type": "Feature", "properties": { "ID": "TBI342040ntrang", "Ten_CT": "nghĩa trang", "Loai_CT": "nghĩa trang", "Thuoc_huyen": "H. Tiền Hải", "Thuoc_tinh": "Thái Bình", "Trong_chigioi": "", "Ngoai_baiSg": "", "layer": "TBI_KTVHXH", "path": "D:/Work/HungYen/TaiLieu/De/De Thai Binh/BD Thai Binh/TBI_KTVHXH.TAB|geometrytype=Point" }, "geometry": { "type": "Point", "coordinates": [ 106.548342793910891, 20.306410129650327 ] } },
{ "type": "Feature", "properties": { "ID": "TBI342040ntrang", "Ten_CT": "nghĩa trang", "Loai_CT": "nghĩa trang", "Thuoc_huyen": "H. Tiền Hải", "Thuoc_tinh": "Thái Bình", "Trong_chigioi": "", "Ngoai_baiSg": "", "layer": "TBI_KTVHXH", "path": "D:/Work/HungYen/TaiLieu/De/De Thai Binh/BD Thai Binh/TBI_KTVHXH.TAB|geometrytype=Point" }, "geometry": { "type": "Point", "coordinates": [ 106.562576464050025, 20.329845710440388 ] } },
{ "type": "Feature", "properties": { "ID": "TBI341040ntrang", "Ten_CT": "nghĩa trang", "Loai_CT": "nghĩa trang", "Thuoc_huyen": "H. Thái Thụy", "Thuoc_tinh": "Thái Bình", "Trong_chigioi": "", "Ngoai_baiSg": "", "layer": "TBI_KTVHXH", "path": "D:/Work/HungYen/TaiLieu/De/De Thai Binh/BD Thai Binh/TBI_KTVHXH.TAB|geometrytype=Point" }, "geometry": { "type": "Point", "coordinates": [ 106.538685344112722, 20.492959802671017 ] } },
{ "type": "Feature", "properties": { "ID": "TBI344040ntrang", "Ten_CT": "nghĩa trang", "Loai_CT": "nghĩa trang", "Thuoc_huyen": "H. Vũ Thư", "Thuoc_tinh": "Thái Bình", "Trong_chigioi": "", "Ngoai_baiSg": "", "layer": "TBI_KTVHXH", "path": "D:/Work/HungYen/TaiLieu/De/De Thai Binh/BD Thai Binh/TBI_KTVHXH.TAB|geometrytype=Point" }, "geometry": { "type": "Point", "coordinates": [ 106.232371217868163, 20.465014923436701 ] } },
{ "type": "Feature", "properties": { "ID": "TBI344040ntrang", "Ten_CT": "nghĩa trang", "Loai_CT": "nghĩa trang", "Thuoc_huyen": "H. Vũ Thư", "Thuoc_tinh": "Thái Bình", "Trong_chigioi": "", "Ngoai_baiSg": "", "layer": "TBI_KTVHXH", "path": "D:/Work/HungYen/TaiLieu/De/De Thai Binh/BD Thai Binh/TBI_KTVHXH.TAB|geometrytype=Point" }, "geometry": { "type": "Point", "coordinates": [ 106.231293920115661, 20.465704851158083 ] } },
{ "type": "Feature", "properties": { "ID": "TBI344040ntrang", "Ten_CT": "nghĩa trang", "Loai_CT": "nghĩa trang", "Thuoc_huyen": "H. Vũ Thư", "Thuoc_tinh": "Thái Bình", "Trong_chigioi": "", "Ngoai_baiSg": "", "layer": "TBI_KTVHXH", "path": "D:/Work/HungYen/TaiLieu/De/De Thai Binh/BD Thai Binh/TBI_KTVHXH.TAB|geometrytype=Point" }, "geometry": { "type": "Point", "coordinates": [ 106.22976989335541, 20.41280365453979 ] } },
{ "type": "Feature", "properties": { "ID": "TBI339040tdbia", "Ten_CT": "tượng đài bia", "Loai_CT": "tượng đài bia", "Thuoc_huyen": "H. Hưng Hà", "Thuoc_tinh": "Thái Bình", "Trong_chigioi": "", "Ngoai_baiSg": "", "layer": "TBI_KTVHXH", "path": "D:/Work/HungYen/TaiLieu/De/De Thai Binh/BD Thai Binh/TBI_KTVHXH.TAB|geometrytype=Point" }, "geometry": { "type": "Point", "coordinates": [ 106.177220795986415, 20.608477286704776 ] } },
{ "type": "Feature", "properties": { "ID": "TBI339040tdbia", "Ten_CT": "tượng đài bia", "Loai_CT": "tượng đài bia", "Thuoc_huyen": "H. Hưng Hà", "Thuoc_tinh": "Thái Bình", "Trong_chigioi": "", "Ngoai_baiSg": "", "layer": "TBI_KTVHXH", "path": "D:/Work/HungYen/TaiLieu/De/De Thai Binh/BD Thai Binh/TBI_KTVHXH.TAB|geometrytype=Point" }, "geometry": { "type": "Point", "coordinates": [ 106.218978641286455, 20.593441997573937 ] } },
{ "type": "Feature", "properties": { "ID": "TBI339040tdbia", "Ten_CT": "tượng đài bia", "Loai_CT": "tượng đài bia", "Thuoc_huyen": "H. Hưng Hà", "Thuoc_tinh": "Thái Bình", "Trong_chigioi": "", "Ngoai_baiSg": "", "layer": "TBI_KTVHXH", "path": "D:/Work/HungYen/TaiLieu/De/De Thai Binh/BD Thai Binh/TBI_KTVHXH.TAB|geometrytype=Point" }, "geometry": { "type": "Point", "coordinates": [ 106.2384415247612, 20.610347805451848 ] } },
{ "type": "Feature", "properties": { "ID": "TBI339040tdbia", "Ten_CT": "tượng đài bia", "Loai_CT": "tượng đài bia", "Thuoc_huyen": "H. Hưng Hà", "Thuoc_tinh": "Thái Bình", "Trong_chigioi": "", "Ngoai_baiSg": "", "layer": "TBI_KTVHXH", "path": "D:/Work/HungYen/TaiLieu/De/De Thai Binh/BD Thai Binh/TBI_KTVHXH.TAB|geometrytype=Point" }, "geometry": { "type": "Point", "coordinates": [ 106.18680765650825, 20.637298171398058 ] } },
{ "type": "Feature", "properties": { "ID": "TBI341040tdbia", "Ten_CT": "tượng đài bia", "Loai_CT": "tượng đài bia", "Thuoc_huyen": "H. Thái Thụy", "Thuoc_tinh": "Thái Bình", "Trong_chigioi": "", "Ngoai_baiSg": "", "layer": "TBI_KTVHXH", "path": "D:/Work/HungYen/TaiLieu/De/De Thai Binh/BD Thai Binh/TBI_KTVHXH.TAB|geometrytype=Point" }, "geometry": { "type": "Point", "coordinates": [ 106.449972643262711, 20.518650027364092 ] } },
{ "type": "Feature", "properties": { "ID": "TBI340040tdbia", "Ten_CT": "tượng đài bia", "Loai_CT": "tượng đài bia", "Thuoc_huyen": "H. Đông Hưng", "Thuoc_tinh": "Thái Bình", "Trong_chigioi": "", "Ngoai_baiSg": "", "layer": "TBI_KTVHXH", "path": "D:/Work/HungYen/TaiLieu/De/De Thai Binh/BD Thai Binh/TBI_KTVHXH.TAB|geometrytype=Point" }, "geometry": { "type": "Point", "coordinates": [ 106.265726787531236, 20.532523462490296 ] } },
{ "type": "Feature", "properties": { "ID": "TBI341040tdbia", "Ten_CT": "tượng đài bia", "Loai_CT": "tượng đài bia", "Thuoc_huyen": "H. Thái Thụy", "Thuoc_tinh": "Thái Bình", "Trong_chigioi": "", "Ngoai_baiSg": "", "layer": "TBI_KTVHXH", "path": "D:/Work/HungYen/TaiLieu/De/De Thai Binh/BD Thai Binh/TBI_KTVHXH.TAB|geometrytype=Point" }, "geometry": { "type": "Point", "coordinates": [ 106.485245911887972, 20.522615223743792 ] } },
{ "type": "Feature", "properties": { "ID": "TBI340040tdbia", "Ten_CT": "tượng đài bia", "Loai_CT": "tượng đài bia", "Thuoc_huyen": "H. Đông Hưng", "Thuoc_tinh": "Thái Bình", "Trong_chigioi": "", "Ngoai_baiSg": "", "layer": "TBI_KTVHXH", "path": "D:/Work/HungYen/TaiLieu/De/De Thai Binh/BD Thai Binh/TBI_KTVHXH.TAB|geometrytype=Point" }, "geometry": { "type": "Point", "coordinates": [ 106.356253939731744, 20.53968952705263 ] } },
{ "type": "Feature", "properties": { "ID": "TBI341040tdbia", "Ten_CT": "tượng đài bia", "Loai_CT": "tượng đài bia", "Thuoc_huyen": "H. Thái Thụy", "Thuoc_tinh": "Thái Bình", "Trong_chigioi": "", "Ngoai_baiSg": "", "layer": "TBI_KTVHXH", "path": "D:/Work/HungYen/TaiLieu/De/De Thai Binh/BD Thai Binh/TBI_KTVHXH.TAB|geometrytype=Point" }, "geometry": { "type": "Point", "coordinates": [ 106.445473805332853, 20.549784886545112 ] } },
{ "type": "Feature", "properties": { "ID": "TBI341040tdbia", "Ten_CT": "tượng đài bia", "Loai_CT": "tượng đài bia", "Thuoc_huyen": "H. Thái Thụy", "Thuoc_tinh": "Thái Bình", "Trong_chigioi": "", "Ngoai_baiSg": "", "layer": "TBI_KTVHXH", "path": "D:/Work/HungYen/TaiLieu/De/De Thai Binh/BD Thai Binh/TBI_KTVHXH.TAB|geometrytype=Point" }, "geometry": { "type": "Point", "coordinates": [ 106.491230681408595, 20.55684239143676 ] } },
{ "type": "Feature", "properties": { "ID": "TBI340040tdbia", "Ten_CT": "tượng đài bia", "Loai_CT": "tượng đài bia", "Thuoc_huyen": "H. Đông Hưng", "Thuoc_tinh": "Thái Bình", "Trong_chigioi": "", "Ngoai_baiSg": "", "layer": "TBI_KTVHXH", "path": "D:/Work/HungYen/TaiLieu/De/De Thai Binh/BD Thai Binh/TBI_KTVHXH.TAB|geometrytype=Point" }, "geometry": { "type": "Point", "coordinates": [ 106.341272159364891, 20.554046427618097 ] } },
{ "type": "Feature", "properties": { "ID": "TBI340040tdbia", "Ten_CT": "tượng đài bia", "Loai_CT": "tượng đài bia", "Thuoc_huyen": "H. Đông Hưng", "Thuoc_tinh": "Thái Bình", "Trong_chigioi": "", "Ngoai_baiSg": "", "layer": "TBI_KTVHXH", "path": "D:/Work/HungYen/TaiLieu/De/De Thai Binh/BD Thai Binh/TBI_KTVHXH.TAB|geometrytype=Point" }, "geometry": { "type": "Point", "coordinates": [ 106.392651192390161, 20.572960388905575 ] } },
{ "type": "Feature", "properties": { "ID": "TBI339040tdbia", "Ten_CT": "tượng đài bia", "Loai_CT": "tượng đài bia", "Thuoc_huyen": "H. Hưng Hà", "Thuoc_tinh": "Thái Bình", "Trong_chigioi": "", "Ngoai_baiSg": "", "layer": "TBI_KTVHXH", "path": "D:/Work/HungYen/TaiLieu/De/De Thai Binh/BD Thai Binh/TBI_KTVHXH.TAB|geometrytype=Point" }, "geometry": { "type": "Point", "coordinates": [ 106.287445381310633, 20.615397612109113 ] } },
{ "type": "Feature", "properties": { "ID": "TBI340040tdbia", "Ten_CT": "tượng đài bia", "Loai_CT": "tượng đài bia", "Thuoc_huyen": "H. Đông Hưng", "Thuoc_tinh": "Thái Bình", "Trong_chigioi": "", "Ngoai_baiSg": "", "layer": "TBI_KTVHXH", "path": "D:/Work/HungYen/TaiLieu/De/De Thai Binh/BD Thai Binh/TBI_KTVHXH.TAB|geometrytype=Point" }, "geometry": { "type": "Point", "coordinates": [ 106.281620659300287, 20.580607762081883 ] } },
{ "type": "Feature", "properties": { "ID": "TBI339040tdbia", "Ten_CT": "tượng đài bia", "Loai_CT": "tượng đài bia", "Thuoc_huyen": "H. Hưng Hà", "Thuoc_tinh": "Thái Bình", "Trong_chigioi": "", "Ngoai_baiSg": "", "layer": "TBI_KTVHXH", "path": "D:/Work/HungYen/TaiLieu/De/De Thai Binh/BD Thai Binh/TBI_KTVHXH.TAB|geometrytype=Point" }, "geometry": { "type": "Point", "coordinates": [ 106.258162291370098, 20.646085107265467 ] } },
{ "type": "Feature", "properties": { "ID": "TBI338040tdbia", "Ten_CT": "tượng đài bia", "Loai_CT": "tượng đài bia", "Thuoc_huyen": "H. Quỳnh Phụ", "Thuoc_tinh": "Thái Bình", "Trong_chigioi": "", "Ngoai_baiSg": "", "layer": "TBI_KTVHXH", "path": "D:/Work/HungYen/TaiLieu/De/De Thai Binh/BD Thai Binh/TBI_KTVHXH.TAB|geometrytype=Point" }, "geometry": { "type": "Point", "coordinates": [ 106.394347047738151, 20.629281574443628 ] } },
{ "type": "Feature", "properties": { "ID": "TBI338040tdbia", "Ten_CT": "tượng đài bia", "Loai_CT": "tượng đài bia", "Thuoc_huyen": "H. Quỳnh Phụ", "Thuoc_tinh": "Thái Bình", "Trong_chigioi": "", "Ngoai_baiSg": "", "layer": "TBI_KTVHXH", "path": "D:/Work/HungYen/TaiLieu/De/De Thai Binh/BD Thai Binh/TBI_KTVHXH.TAB|geometrytype=Point" }, "geometry": { "type": "Point", "coordinates": [ 106.40770282562967, 20.636003819437519 ] } },
{ "type": "Feature", "properties": { "ID": "TBI338040tdbia", "Ten_CT": "tượng đài bia", "Loai_CT": "tượng đài bia", "Thuoc_huyen": "H. Quỳnh Phụ", "Thuoc_tinh": "Thái Bình", "Trong_chigioi": "", "Ngoai_baiSg": "", "layer": "TBI_KTVHXH", "path": "D:/Work/HungYen/TaiLieu/De/De Thai Binh/BD Thai Binh/TBI_KTVHXH.TAB|geometrytype=Point" }, "geometry": { "type": "Point", "coordinates": [ 106.373447526493948, 20.65064864163363 ] } },
{ "type": "Feature", "properties": { "ID": "TBI338040tdbia", "Ten_CT": "tượng đài bia", "Loai_CT": "tượng đài bia", "Thuoc_huyen": "H. Quỳnh Phụ", "Thuoc_tinh": "Thái Bình", "Trong_chigioi": "", "Ngoai_baiSg": "", "layer": "TBI_KTVHXH", "path": "D:/Work/HungYen/TaiLieu/De/De Thai Binh/BD Thai Binh/TBI_KTVHXH.TAB|geometrytype=Point" }, "geometry": { "type": "Point", "coordinates": [ 106.42966293745954, 20.651164658784037 ] } },
{ "type": "Feature", "properties": { "ID": "TBI341040tdbia", "Ten_CT": "tượng đài bia", "Loai_CT": "tượng đài bia", "Thuoc_huyen": "H. Thái Thụy", "Thuoc_tinh": "Thái Bình", "Trong_chigioi": "", "Ngoai_baiSg": "", "layer": "TBI_KTVHXH", "path": "D:/Work/HungYen/TaiLieu/De/De Thai Binh/BD Thai Binh/TBI_KTVHXH.TAB|geometrytype=Point" }, "geometry": { "type": "Point", "coordinates": [ 106.4980416709666, 20.596814433645275 ] } },
{ "type": "Feature", "properties": { "ID": "TBI340040tdbia", "Ten_CT": "tượng đài bia", "Loai_CT": "tượng đài bia", "Thuoc_huyen": "H. Đông Hưng", "Thuoc_tinh": "Thái Bình", "Trong_chigioi": "", "Ngoai_baiSg": "", "layer": "TBI_KTVHXH", "path": "D:/Work/HungYen/TaiLieu/De/De Thai Binh/BD Thai Binh/TBI_KTVHXH.TAB|geometrytype=Point" }, "geometry": { "type": "Point", "coordinates": [ 106.397543533365678, 20.505403400356183 ] } },
{ "type": "Feature", "properties": { "ID": "TBI338040tdbia", "Ten_CT": "tượng đài bia", "Loai_CT": "tượng đài bia", "Thuoc_huyen": "H. Quỳnh Phụ", "Thuoc_tinh": "Thái Bình", "Trong_chigioi": "", "Ngoai_baiSg": "", "layer": "TBI_KTVHXH", "path": "D:/Work/HungYen/TaiLieu/De/De Thai Binh/BD Thai Binh/TBI_KTVHXH.TAB|geometrytype=Point" }, "geometry": { "type": "Point", "coordinates": [ 106.375919641063234, 20.619476975387983 ] } },
{ "type": "Feature", "properties": { "ID": "TBI338040tdbia", "Ten_CT": "tượng đài bia", "Loai_CT": "tượng đài bia", "Thuoc_huyen": "H. Quỳnh Phụ", "Thuoc_tinh": "Thái Bình", "Trong_chigioi": "", "Ngoai_baiSg": "", "layer": "TBI_KTVHXH", "path": "D:/Work/HungYen/TaiLieu/De/De Thai Binh/BD Thai Binh/TBI_KTVHXH.TAB|geometrytype=Point" }, "geometry": { "type": "Point", "coordinates": [ 106.353847426618742, 20.652713696428513 ] } },
{ "type": "Feature", "properties": { "ID": "TBI338040tdbia", "Ten_CT": "tượng đài bia", "Loai_CT": "tượng đài bia", "Thuoc_huyen": "H. Quỳnh Phụ", "Thuoc_tinh": "Thái Bình", "Trong_chigioi": "", "Ngoai_baiSg": "", "layer": "TBI_KTVHXH", "path": "D:/Work/HungYen/TaiLieu/De/De Thai Binh/BD Thai Binh/TBI_KTVHXH.TAB|geometrytype=Point" }, "geometry": { "type": "Point", "coordinates": [ 106.32535228843247, 20.659504121471223 ] } },
{ "type": "Feature", "properties": { "ID": "TBI338040tdbia", "Ten_CT": "tượng đài bia", "Loai_CT": "tượng đài bia", "Thuoc_huyen": "H. Quỳnh Phụ", "Thuoc_tinh": "Thái Bình", "Trong_chigioi": "", "Ngoai_baiSg": "", "layer": "TBI_KTVHXH", "path": "D:/Work/HungYen/TaiLieu/De/De Thai Binh/BD Thai Binh/TBI_KTVHXH.TAB|geometrytype=Point" }, "geometry": { "type": "Point", "coordinates": [ 106.314869585656382, 20.642299624764931 ] } },
{ "type": "Feature", "properties": { "ID": "TBI340040tdbia", "Ten_CT": "tượng đài bia", "Loai_CT": "tượng đài bia", "Thuoc_huyen": "H. Đông Hưng", "Thuoc_tinh": "Thái Bình", "Trong_chigioi": "", "Ngoai_baiSg": "", "layer": "TBI_KTVHXH", "path": "D:/Work/HungYen/TaiLieu/De/De Thai Binh/BD Thai Binh/TBI_KTVHXH.TAB|geometrytype=Point" }, "geometry": { "type": "Point", "coordinates": [ 106.316879240707848, 20.600707467020648 ] } },
{ "type": "Feature", "properties": { "ID": "TBI341040tdbia", "Ten_CT": "tượng đài bia", "Loai_CT": "tượng đài bia", "Thuoc_huyen": "H. Thái Thụy", "Thuoc_tinh": "Thái Bình", "Trong_chigioi": "", "Ngoai_baiSg": "", "layer": "TBI_KTVHXH", "path": "D:/Work/HungYen/TaiLieu/De/De Thai Binh/BD Thai Binh/TBI_KTVHXH.TAB|geometrytype=Point" }, "geometry": { "type": "Point", "coordinates": [ 106.475369140880886, 20.596613582393523 ] } },
{ "type": "Feature", "properties": { "ID": "TBI340040tdbia", "Ten_CT": "tượng đài bia", "Loai_CT": "tượng đài bia", "Thuoc_huyen": "H. Đông Hưng", "Thuoc_tinh": "Thái Bình", "Trong_chigioi": "", "Ngoai_baiSg": "", "layer": "TBI_KTVHXH", "path": "D:/Work/HungYen/TaiLieu/De/De Thai Binh/BD Thai Binh/TBI_KTVHXH.TAB|geometrytype=Point" }, "geometry": { "type": "Point", "coordinates": [ 106.369832812423411, 20.58329972586926 ] } },
{ "type": "Feature", "properties": { "ID": "TBI341040tdbia", "Ten_CT": "tượng đài bia", "Loai_CT": "tượng đài bia", "Thuoc_huyen": "H. Thái Thụy", "Thuoc_tinh": "Thái Bình", "Trong_chigioi": "", "Ngoai_baiSg": "", "layer": "TBI_KTVHXH", "path": "D:/Work/HungYen/TaiLieu/De/De Thai Binh/BD Thai Binh/TBI_KTVHXH.TAB|geometrytype=Point" }, "geometry": { "type": "Point", "coordinates": [ 106.472154225585356, 20.552296323546827 ] } },
{ "type": "Feature", "properties": { "ID": "TBI341040tdbia", "Ten_CT": "tượng đài bia", "Loai_CT": "tượng đài bia", "Thuoc_huyen": "H. Thái Thụy", "Thuoc_tinh": "Thái Bình", "Trong_chigioi": "", "Ngoai_baiSg": "", "layer": "TBI_KTVHXH", "path": "D:/Work/HungYen/TaiLieu/De/De Thai Binh/BD Thai Binh/TBI_KTVHXH.TAB|geometrytype=Point" }, "geometry": { "type": "Point", "coordinates": [ 106.541920913325995, 20.594859437054918 ] } },
{ "type": "Feature", "properties": { "ID": "TBI341040tdbia", "Ten_CT": "tượng đài bia", "Loai_CT": "tượng đài bia", "Thuoc_huyen": "H. Thái Thụy", "Thuoc_tinh": "Thái Bình", "Trong_chigioi": "", "Ngoai_baiSg": "", "layer": "TBI_KTVHXH", "path": "D:/Work/HungYen/TaiLieu/De/De Thai Binh/BD Thai Binh/TBI_KTVHXH.TAB|geometrytype=Point" }, "geometry": { "type": "Point", "coordinates": [ 106.574668527708994, 20.594192724712872 ] } },
{ "type": "Feature", "properties": { "ID": "TBI341040tdbia", "Ten_CT": "tượng đài bia", "Loai_CT": "tượng đài bia", "Thuoc_huyen": "H. Thái Thụy", "Thuoc_tinh": "Thái Bình", "Trong_chigioi": "", "Ngoai_baiSg": "", "layer": "TBI_KTVHXH", "path": "D:/Work/HungYen/TaiLieu/De/De Thai Binh/BD Thai Binh/TBI_KTVHXH.TAB|geometrytype=Point" }, "geometry": { "type": "Point", "coordinates": [ 106.599519986910963, 20.598636199656376 ] } },
{ "type": "Feature", "properties": { "ID": "TBI341040tdbia", "Ten_CT": "tượng đài bia", "Loai_CT": "tượng đài bia", "Thuoc_huyen": "H. Thái Thụy", "Thuoc_tinh": "Thái Bình", "Trong_chigioi": "", "Ngoai_baiSg": "", "layer": "TBI_KTVHXH", "path": "D:/Work/HungYen/TaiLieu/De/De Thai Binh/BD Thai Binh/TBI_KTVHXH.TAB|geometrytype=Point" }, "geometry": { "type": "Point", "coordinates": [ 106.555629441396889, 20.579076272191461 ] } },
{ "type": "Feature", "properties": { "ID": "TBI341040tdbia", "Ten_CT": "tượng đài bia", "Loai_CT": "tượng đài bia", "Thuoc_huyen": "H. Thái Thụy", "Thuoc_tinh": "Thái Bình", "Trong_chigioi": "", "Ngoai_baiSg": "", "layer": "TBI_KTVHXH", "path": "D:/Work/HungYen/TaiLieu/De/De Thai Binh/BD Thai Binh/TBI_KTVHXH.TAB|geometrytype=Point" }, "geometry": { "type": "Point", "coordinates": [ 106.535986014838386, 20.565441389982993 ] } },
{ "type": "Feature", "properties": { "ID": "TBI341040tdbia", "Ten_CT": "tượng đài bia", "Loai_CT": "tượng đài bia", "Thuoc_huyen": "H. Thái Thụy", "Thuoc_tinh": "Thái Bình", "Trong_chigioi": "", "Ngoai_baiSg": "", "layer": "TBI_KTVHXH", "path": "D:/Work/HungYen/TaiLieu/De/De Thai Binh/BD Thai Binh/TBI_KTVHXH.TAB|geometrytype=Point" }, "geometry": { "type": "Point", "coordinates": [ 106.55322686478155, 20.520450799672023 ] } },
{ "type": "Feature", "properties": { "ID": "TBI341040tdbia", "Ten_CT": "tượng đài bia", "Loai_CT": "tượng đài bia", "Thuoc_huyen": "H. Thái Thụy", "Thuoc_tinh": "Thái Bình", "Trong_chigioi": "", "Ngoai_baiSg": "", "layer": "TBI_KTVHXH", "path": "D:/Work/HungYen/TaiLieu/De/De Thai Binh/BD Thai Binh/TBI_KTVHXH.TAB|geometrytype=Point" }, "geometry": { "type": "Point", "coordinates": [ 106.564378786692146, 20.536612752820673 ] } },
{ "type": "Feature", "properties": { "ID": "TBI341040tdbia", "Ten_CT": "tượng đài bia", "Loai_CT": "tượng đài bia", "Thuoc_huyen": "H. Thái Thụy", "Thuoc_tinh": "Thái Bình", "Trong_chigioi": "", "Ngoai_baiSg": "", "layer": "TBI_KTVHXH", "path": "D:/Work/HungYen/TaiLieu/De/De Thai Binh/BD Thai Binh/TBI_KTVHXH.TAB|geometrytype=Point" }, "geometry": { "type": "Point", "coordinates": [ 106.527211823024203, 20.503656218138484 ] } },
{ "type": "Feature", "properties": { "ID": "TBI341040tdbia", "Ten_CT": "tượng đài bia", "Loai_CT": "tượng đài bia", "Thuoc_huyen": "H. Thái Thụy", "Thuoc_tinh": "Thái Bình", "Trong_chigioi": "", "Ngoai_baiSg": "", "layer": "TBI_KTVHXH", "path": "D:/Work/HungYen/TaiLieu/De/De Thai Binh/BD Thai Binh/TBI_KTVHXH.TAB|geometrytype=Point" }, "geometry": { "type": "Point", "coordinates": [ 106.56396911022388, 20.559538409928258 ] } },
{ "type": "Feature", "properties": { "ID": "TBI341040tdbia", "Ten_CT": "tượng đài bia", "Loai_CT": "tượng đài bia", "Thuoc_huyen": "H. Thái Thụy", "Thuoc_tinh": "Thái Bình", "Trong_chigioi": "", "Ngoai_baiSg": "", "layer": "TBI_KTVHXH", "path": "D:/Work/HungYen/TaiLieu/De/De Thai Binh/BD Thai Binh/TBI_KTVHXH.TAB|geometrytype=Point" }, "geometry": { "type": "Point", "coordinates": [ 106.584001246650843, 20.573078212543422 ] } },
{ "type": "Feature", "properties": { "ID": "TBI341040tdbia", "Ten_CT": "tượng đài bia", "Loai_CT": "tượng đài bia", "Thuoc_huyen": "H. Thái Thụy", "Thuoc_tinh": "Thái Bình", "Trong_chigioi": "", "Ngoai_baiSg": "", "layer": "TBI_KTVHXH", "path": "D:/Work/HungYen/TaiLieu/De/De Thai Binh/BD Thai Binh/TBI_KTVHXH.TAB|geometrytype=Point" }, "geometry": { "type": "Point", "coordinates": [ 106.607778015024351, 20.603626430766987 ] } },
{ "type": "Feature", "properties": { "ID": "TBI341040tdbia", "Ten_CT": "tượng đài bia", "Loai_CT": "tượng đài bia", "Thuoc_huyen": "H. Thái Thụy", "Thuoc_tinh": "Thái Bình", "Trong_chigioi": "", "Ngoai_baiSg": "", "layer": "TBI_KTVHXH", "path": "D:/Work/HungYen/TaiLieu/De/De Thai Binh/BD Thai Binh/TBI_KTVHXH.TAB|geometrytype=Point" }, "geometry": { "type": "Point", "coordinates": [ 106.516855930545091, 20.572431477031259 ] } },
{ "type": "Feature", "properties": { "ID": "TBI344040tdbia", "Ten_CT": "tượng đài bia", "Loai_CT": "tượng đài bia", "Thuoc_huyen": "H. Vũ Thư", "Thuoc_tinh": "Thái Bình", "Trong_chigioi": "", "Ngoai_baiSg": "", "layer": "TBI_KTVHXH", "path": "D:/Work/HungYen/TaiLieu/De/De Thai Binh/BD Thai Binh/TBI_KTVHXH.TAB|geometrytype=Point" }, "geometry": { "type": "Point", "coordinates": [ 106.31058530766451, 20.474384467576733 ] } },
{ "type": "Feature", "properties": { "ID": "TBI344040tdbia", "Ten_CT": "tượng đài bia", "Loai_CT": "tượng đài bia", "Thuoc_huyen": "H. Vũ Thư", "Thuoc_tinh": "Thái Bình", "Trong_chigioi": "", "Ngoai_baiSg": "", "layer": "TBI_KTVHXH", "path": "D:/Work/HungYen/TaiLieu/De/De Thai Binh/BD Thai Binh/TBI_KTVHXH.TAB|geometrytype=Point" }, "geometry": { "type": "Point", "coordinates": [ 106.273647678565013, 20.475386558409497 ] } },
{ "type": "Feature", "properties": { "ID": "TBI344040tdbia", "Ten_CT": "tượng đài bia", "Loai_CT": "tượng đài bia", "Thuoc_huyen": "H. Vũ Thư", "Thuoc_tinh": "Thái Bình", "Trong_chigioi": "", "Ngoai_baiSg": "", "layer": "TBI_KTVHXH", "path": "D:/Work/HungYen/TaiLieu/De/De Thai Binh/BD Thai Binh/TBI_KTVHXH.TAB|geometrytype=Point" }, "geometry": { "type": "Point", "coordinates": [ 106.284066733153026, 20.453164917269419 ] } },
{ "type": "Feature", "properties": { "ID": "TBI336040tdbia", "Ten_CT": "tượng đài bia", "Loai_CT": "tượng đài bia", "Thuoc_huyen": "TP. Thái Bình", "Thuoc_tinh": "Thái Bình", "Trong_chigioi": "", "Ngoai_baiSg": "", "layer": "TBI_KTVHXH", "path": "D:/Work/HungYen/TaiLieu/De/De Thai Binh/BD Thai Binh/TBI_KTVHXH.TAB|geometrytype=Point" }, "geometry": { "type": "Point", "coordinates": [ 106.353371195713564, 20.442651056781887 ] } },
{ "type": "Feature", "properties": { "ID": "TBI340040tdbia", "Ten_CT": "tượng đài bia", "Loai_CT": "tượng đài bia", "Thuoc_huyen": "H. Đông Hưng", "Thuoc_tinh": "Thái Bình", "Trong_chigioi": "", "Ngoai_baiSg": "", "layer": "TBI_KTVHXH", "path": "D:/Work/HungYen/TaiLieu/De/De Thai Binh/BD Thai Binh/TBI_KTVHXH.TAB|geometrytype=Point" }, "geometry": { "type": "Point", "coordinates": [ 106.337404651038312, 20.494853828084885 ] } },
{ "type": "Feature", "properties": { "ID": "TBI340040tdbia", "Ten_CT": "tượng đài bia", "Loai_CT": "tượng đài bia", "Thuoc_huyen": "H. Đông Hưng", "Thuoc_tinh": "Thái Bình", "Trong_chigioi": "", "Ngoai_baiSg": "", "layer": "TBI_KTVHXH", "path": "D:/Work/HungYen/TaiLieu/De/De Thai Binh/BD Thai Binh/TBI_KTVHXH.TAB|geometrytype=Point" }, "geometry": { "type": "Point", "coordinates": [ 106.366571327863355, 20.498750588898123 ] } },
{ "type": "Feature", "properties": { "ID": "TBI342040tdbia", "Ten_CT": "tượng đài bia", "Loai_CT": "tượng đài bia", "Thuoc_huyen": "H. Tiền Hải", "Thuoc_tinh": "Thái Bình", "Trong_chigioi": "", "Ngoai_baiSg": "", "layer": "TBI_KTVHXH", "path": "D:/Work/HungYen/TaiLieu/De/De Thai Binh/BD Thai Binh/TBI_KTVHXH.TAB|geometrytype=Point" }, "geometry": { "type": "Point", "coordinates": [ 106.46418081659526, 20.412475726970431 ] } },
{ "type": "Feature", "properties": { "ID": "TBI344040tdbia", "Ten_CT": "tượng đài bia", "Loai_CT": "tượng đài bia", "Thuoc_huyen": "H. Vũ Thư", "Thuoc_tinh": "Thái Bình", "Trong_chigioi": "", "Ngoai_baiSg": "", "layer": "TBI_KTVHXH", "path": "D:/Work/HungYen/TaiLieu/De/De Thai Binh/BD Thai Binh/TBI_KTVHXH.TAB|geometrytype=Point" }, "geometry": { "type": "Point", "coordinates": [ 106.30287929600685, 20.364186995803593 ] } },
{ "type": "Feature", "properties": { "ID": "TBI336040tdbia", "Ten_CT": "tượng đài bia", "Loai_CT": "tượng đài bia", "Thuoc_huyen": "TP. Thái Bình", "Thuoc_tinh": "Thái Bình", "Trong_chigioi": "", "Ngoai_baiSg": "", "layer": "TBI_KTVHXH", "path": "D:/Work/HungYen/TaiLieu/De/De Thai Binh/BD Thai Binh/TBI_KTVHXH.TAB|geometrytype=Point" }, "geometry": { "type": "Point", "coordinates": [ 106.323759263397037, 20.420706784922022 ] } },
{ "type": "Feature", "properties": { "ID": "TBI342040tdbia", "Ten_CT": "tượng đài bia", "Loai_CT": "tượng đài bia", "Thuoc_huyen": "H. Tiền Hải", "Thuoc_tinh": "Thái Bình", "Trong_chigioi": "", "Ngoai_baiSg": "", "layer": "TBI_KTVHXH", "path": "D:/Work/HungYen/TaiLieu/De/De Thai Binh/BD Thai Binh/TBI_KTVHXH.TAB|geometrytype=Point" }, "geometry": { "type": "Point", "coordinates": [ 106.476674908018708, 20.370551440890626 ] } },
{ "type": "Feature", "properties": { "ID": "TBI342040tdbia", "Ten_CT": "tượng đài bia", "Loai_CT": "tượng đài bia", "Thuoc_huyen": "H. Tiền Hải", "Thuoc_tinh": "Thái Bình", "Trong_chigioi": "", "Ngoai_baiSg": "", "layer": "TBI_KTVHXH", "path": "D:/Work/HungYen/TaiLieu/De/De Thai Binh/BD Thai Binh/TBI_KTVHXH.TAB|geometrytype=Point" }, "geometry": { "type": "Point", "coordinates": [ 106.484552313821354, 20.399884699747595 ] } },
{ "type": "Feature", "properties": { "ID": "TBI343040tdbia", "Ten_CT": "tượng đài bia", "Loai_CT": "tượng đài bia", "Thuoc_huyen": "H. Kiến Xương", "Thuoc_tinh": "Thái Bình", "Trong_chigioi": "", "Ngoai_baiSg": "", "layer": "TBI_KTVHXH", "path": "D:/Work/HungYen/TaiLieu/De/De Thai Binh/BD Thai Binh/TBI_KTVHXH.TAB|geometrytype=Point" }, "geometry": { "type": "Point", "coordinates": [ 106.410971682281499, 20.449802895820085 ] } },
{ "type": "Feature", "properties": { "ID": "TBI343040tdbia", "Ten_CT": "tượng đài bia", "Loai_CT": "tượng đài bia", "Thuoc_huyen": "H. Kiến Xương", "Thuoc_tinh": "Thái Bình", "Trong_chigioi": "", "Ngoai_baiSg": "", "layer": "TBI_KTVHXH", "path": "D:/Work/HungYen/TaiLieu/De/De Thai Binh/BD Thai Binh/TBI_KTVHXH.TAB|geometrytype=Point" }, "geometry": { "type": "Point", "coordinates": [ 106.427860501583893, 20.409472060345998 ] } },
{ "type": "Feature", "properties": { "ID": "TBI344040tdbia", "Ten_CT": "tượng đài bia", "Loai_CT": "tượng đài bia", "Thuoc_huyen": "H. Vũ Thư", "Thuoc_tinh": "Thái Bình", "Trong_chigioi": "", "Ngoai_baiSg": "", "layer": "TBI_KTVHXH", "path": "D:/Work/HungYen/TaiLieu/De/De Thai Binh/BD Thai Binh/TBI_KTVHXH.TAB|geometrytype=Point" }, "geometry": { "type": "Point", "coordinates": [ 106.343533510621867, 20.393546551241567 ] } },
{ "type": "Feature", "properties": { "ID": "TBI343040tdbia", "Ten_CT": "tượng đài bia", "Loai_CT": "tượng đài bia", "Thuoc_huyen": "H. Kiến Xương", "Thuoc_tinh": "Thái Bình", "Trong_chigioi": "", "Ngoai_baiSg": "", "layer": "TBI_KTVHXH", "path": "D:/Work/HungYen/TaiLieu/De/De Thai Binh/BD Thai Binh/TBI_KTVHXH.TAB|geometrytype=Point" }, "geometry": { "type": "Point", "coordinates": [ 106.457443201424681, 20.440250596117497 ] } },
{ "type": "Feature", "properties": { "ID": "TBI343040tdbia", "Ten_CT": "tượng đài bia", "Loai_CT": "tượng đài bia", "Thuoc_huyen": "H. Kiến Xương", "Thuoc_tinh": "Thái Bình", "Trong_chigioi": "", "Ngoai_baiSg": "", "layer": "TBI_KTVHXH", "path": "D:/Work/HungYen/TaiLieu/De/De Thai Binh/BD Thai Binh/TBI_KTVHXH.TAB|geometrytype=Point" }, "geometry": { "type": "Point", "coordinates": [ 106.422176047793471, 20.436459241573324 ] } },
{ "type": "Feature", "properties": { "ID": "TBI344040tdbia", "Ten_CT": "tượng đài bia", "Loai_CT": "tượng đài bia", "Thuoc_huyen": "H. Vũ Thư", "Thuoc_tinh": "Thái Bình", "Trong_chigioi": "", "Ngoai_baiSg": "", "layer": "TBI_KTVHXH", "path": "D:/Work/HungYen/TaiLieu/De/De Thai Binh/BD Thai Binh/TBI_KTVHXH.TAB|geometrytype=Point" }, "geometry": { "type": "Point", "coordinates": [ 106.27954928160419, 20.425608044607422 ] } },
{ "type": "Feature", "properties": { "ID": "TBI343040tdbia", "Ten_CT": "tượng đài bia", "Loai_CT": "tượng đài bia", "Thuoc_huyen": "H. Kiến Xương", "Thuoc_tinh": "Thái Bình", "Trong_chigioi": "", "Ngoai_baiSg": "", "layer": "TBI_KTVHXH", "path": "D:/Work/HungYen/TaiLieu/De/De Thai Binh/BD Thai Binh/TBI_KTVHXH.TAB|geometrytype=Point" }, "geometry": { "type": "Point", "coordinates": [ 106.442194305223552, 20.402538778538425 ] } },
{ "type": "Feature", "properties": { "ID": "TBI342040tdbia", "Ten_CT": "tượng đài bia", "Loai_CT": "tượng đài bia", "Thuoc_huyen": "H. Tiền Hải", "Thuoc_tinh": "Thái Bình", "Trong_chigioi": "", "Ngoai_baiSg": "", "layer": "TBI_KTVHXH", "path": "D:/Work/HungYen/TaiLieu/De/De Thai Binh/BD Thai Binh/TBI_KTVHXH.TAB|geometrytype=Point" }, "geometry": { "type": "Point", "coordinates": [ 106.494346954077756, 20.331145821981263 ] } },
{ "type": "Feature", "properties": { "ID": "TBI343040tdbia", "Ten_CT": "tượng đài bia", "Loai_CT": "tượng đài bia", "Thuoc_huyen": "H. Kiến Xương", "Thuoc_tinh": "Thái Bình", "Trong_chigioi": "", "Ngoai_baiSg": "", "layer": "TBI_KTVHXH", "path": "D:/Work/HungYen/TaiLieu/De/De Thai Binh/BD Thai Binh/TBI_KTVHXH.TAB|geometrytype=Point" }, "geometry": { "type": "Point", "coordinates": [ 106.456091607133274, 20.318789849544977 ] } },
{ "type": "Feature", "properties": { "ID": "TBI343040tdbia", "Ten_CT": "tượng đài bia", "Loai_CT": "tượng đài bia", "Thuoc_huyen": "H. Kiến Xương", "Thuoc_tinh": "Thái Bình", "Trong_chigioi": "", "Ngoai_baiSg": "", "layer": "TBI_KTVHXH", "path": "D:/Work/HungYen/TaiLieu/De/De Thai Binh/BD Thai Binh/TBI_KTVHXH.TAB|geometrytype=Point" }, "geometry": { "type": "Point", "coordinates": [ 106.413411183731412, 20.329230107093398 ] } },
{ "type": "Feature", "properties": { "ID": "TBI343040tdbia", "Ten_CT": "tượng đài bia", "Loai_CT": "tượng đài bia", "Thuoc_huyen": "H. Kiến Xương", "Thuoc_tinh": "Thái Bình", "Trong_chigioi": "", "Ngoai_baiSg": "", "layer": "TBI_KTVHXH", "path": "D:/Work/HungYen/TaiLieu/De/De Thai Binh/BD Thai Binh/TBI_KTVHXH.TAB|geometrytype=Point" }, "geometry": { "type": "Point", "coordinates": [ 106.45179824795315, 20.393935578858933 ] } },
{ "type": "Feature", "properties": { "ID": "TBI344040tdbia", "Ten_CT": "tượng đài bia", "Loai_CT": "tượng đài bia", "Thuoc_huyen": "H. Vũ Thư", "Thuoc_tinh": "Thái Bình", "Trong_chigioi": "", "Ngoai_baiSg": "", "layer": "TBI_KTVHXH", "path": "D:/Work/HungYen/TaiLieu/De/De Thai Binh/BD Thai Binh/TBI_KTVHXH.TAB|geometrytype=Point" }, "geometry": { "type": "Point", "coordinates": [ 106.286735272370905, 20.43492351864413 ] } },
{ "type": "Feature", "properties": { "ID": "TBI343040tdbia", "Ten_CT": "tượng đài bia", "Loai_CT": "tượng đài bia", "Thuoc_huyen": "H. Kiến Xương", "Thuoc_tinh": "Thái Bình", "Trong_chigioi": "", "Ngoai_baiSg": "", "layer": "TBI_KTVHXH", "path": "D:/Work/HungYen/TaiLieu/De/De Thai Binh/BD Thai Binh/TBI_KTVHXH.TAB|geometrytype=Point" }, "geometry": { "type": "Point", "coordinates": [ 106.433157119656499, 20.320596882268593 ] } },
{ "type": "Feature", "properties": { "ID": "TBI343040tdbia", "Ten_CT": "tượng đài bia", "Loai_CT": "tượng đài bia", "Thuoc_huyen": "H. Kiến Xương", "Thuoc_tinh": "Thái Bình", "Trong_chigioi": "", "Ngoai_baiSg": "", "layer": "TBI_KTVHXH", "path": "D:/Work/HungYen/TaiLieu/De/De Thai Binh/BD Thai Binh/TBI_KTVHXH.TAB|geometrytype=Point" }, "geometry": { "type": "Point", "coordinates": [ 106.403279692389319, 20.336691202418219 ] } },
{ "type": "Feature", "properties": { "ID": "TBI341040tdbia", "Ten_CT": "tượng đài bia", "Loai_CT": "tượng đài bia", "Thuoc_huyen": "H. Thái Thụy", "Thuoc_tinh": "Thái Bình", "Trong_chigioi": "", "Ngoai_baiSg": "", "layer": "TBI_KTVHXH", "path": "D:/Work/HungYen/TaiLieu/De/De Thai Binh/BD Thai Binh/TBI_KTVHXH.TAB|geometrytype=Point" }, "geometry": { "type": "Point", "coordinates": [ 106.511836879535593, 20.480903797403759 ] } },
{ "type": "Feature", "properties": { "ID": "TBI342040tdbia", "Ten_CT": "tượng đài bia", "Loai_CT": "tượng đài bia", "Thuoc_huyen": "H. Tiền Hải", "Thuoc_tinh": "Thái Bình", "Trong_chigioi": "", "Ngoai_baiSg": "", "layer": "TBI_KTVHXH", "path": "D:/Work/HungYen/TaiLieu/De/De Thai Binh/BD Thai Binh/TBI_KTVHXH.TAB|geometrytype=Point" }, "geometry": { "type": "Point", "coordinates": [ 106.551739585857334, 20.392658519882193 ] } },
{ "type": "Feature", "properties": { "ID": "TBI342040tdbia", "Ten_CT": "tượng đài bia", "Loai_CT": "tượng đài bia", "Thuoc_huyen": "H. Tiền Hải", "Thuoc_tinh": "Thái Bình", "Trong_chigioi": "", "Ngoai_baiSg": "", "layer": "TBI_KTVHXH", "path": "D:/Work/HungYen/TaiLieu/De/De Thai Binh/BD Thai Binh/TBI_KTVHXH.TAB|geometrytype=Point" }, "geometry": { "type": "Point", "coordinates": [ 106.533641463906193, 20.342050093697125 ] } },
{ "type": "Feature", "properties": { "ID": "TBI342040tdbia", "Ten_CT": "tượng đài bia", "Loai_CT": "tượng đài bia", "Thuoc_huyen": "H. Tiền Hải", "Thuoc_tinh": "Thái Bình", "Trong_chigioi": "", "Ngoai_baiSg": "", "layer": "TBI_KTVHXH", "path": "D:/Work/HungYen/TaiLieu/De/De Thai Binh/BD Thai Binh/TBI_KTVHXH.TAB|geometrytype=Point" }, "geometry": { "type": "Point", "coordinates": [ 106.537894238308596, 20.344910588135061 ] } },
{ "type": "Feature", "properties": { "ID": "TBI342040tdbia", "Ten_CT": "tượng đài bia", "Loai_CT": "tượng đài bia", "Thuoc_huyen": "H. Tiền Hải", "Thuoc_tinh": "Thái Bình", "Trong_chigioi": "", "Ngoai_baiSg": "", "layer": "TBI_KTVHXH", "path": "D:/Work/HungYen/TaiLieu/De/De Thai Binh/BD Thai Binh/TBI_KTVHXH.TAB|geometrytype=Point" }, "geometry": { "type": "Point", "coordinates": [ 106.501121076913009, 20.41042259004438 ] } },
{ "type": "Feature", "properties": { "ID": "TBI341040tdbia", "Ten_CT": "tượng đài bia", "Loai_CT": "tượng đài bia", "Thuoc_huyen": "H. Thái Thụy", "Thuoc_tinh": "Thái Bình", "Trong_chigioi": "", "Ngoai_baiSg": "", "layer": "TBI_KTVHXH", "path": "D:/Work/HungYen/TaiLieu/De/De Thai Binh/BD Thai Binh/TBI_KTVHXH.TAB|geometrytype=Point" }, "geometry": { "type": "Point", "coordinates": [ 106.537939239309395, 20.494831963002465 ] } },
{ "type": "Feature", "properties": { "ID": "TBI344040tdbia", "Ten_CT": "tượng đài bia", "Loai_CT": "tượng đài bia", "Thuoc_huyen": "H. Vũ Thư", "Thuoc_tinh": "Thái Bình", "Trong_chigioi": "", "Ngoai_baiSg": "", "layer": "TBI_KTVHXH", "path": "D:/Work/HungYen/TaiLieu/De/De Thai Binh/BD Thai Binh/TBI_KTVHXH.TAB|geometrytype=Point" }, "geometry": { "type": "Point", "coordinates": [ 106.241499836489595, 20.458091811275395 ] } },
{ "type": "Feature", "properties": { "ID": "TBI344040tdbia", "Ten_CT": "tượng đài bia", "Loai_CT": "tượng đài bia", "Thuoc_huyen": "H. Vũ Thư", "Thuoc_tinh": "Thái Bình", "Trong_chigioi": "", "Ngoai_baiSg": "", "layer": "TBI_KTVHXH", "path": "D:/Work/HungYen/TaiLieu/De/De Thai Binh/BD Thai Binh/TBI_KTVHXH.TAB|geometrytype=Point" }, "geometry": { "type": "Point", "coordinates": [ 106.23716312914577, 20.466652744261481 ] } },
{ "type": "Feature", "properties": { "ID": "TBI344040tdbia", "Ten_CT": "tượng đài bia", "Loai_CT": "tượng đài bia", "Thuoc_huyen": "H. Vũ Thư", "Thuoc_tinh": "Thái Bình", "Trong_chigioi": "", "Ngoai_baiSg": "", "layer": "TBI_KTVHXH", "path": "D:/Work/HungYen/TaiLieu/De/De Thai Binh/BD Thai Binh/TBI_KTVHXH.TAB|geometrytype=Point" }, "geometry": { "type": "Point", "coordinates": [ 106.202379959672896, 20.493344654264178 ] } },
{ "type": "Feature", "properties": { "ID": "TBI341040tco", "Ten_CT": "Tháp cổ", "Loai_CT": "Tháp cổ", "Thuoc_huyen": "H. Thái Thụy", "Thuoc_tinh": "Thái Bình", "Trong_chigioi": "", "Ngoai_baiSg": "", "layer": "TBI_KTVHXH", "path": "D:/Work/HungYen/TaiLieu/De/De Thai Binh/BD Thai Binh/TBI_KTVHXH.TAB|geometrytype=Point" }, "geometry": { "type": "Point", "coordinates": [ 106.567274319213638, 20.543466832311097 ] } },
{ "type": "Feature", "properties": { "ID": "TBI341040tco", "Ten_CT": "Tháp cổ", "Loai_CT": "Tháp cổ", "Thuoc_huyen": "H. Thái Thụy", "Thuoc_tinh": "Thái Bình", "Trong_chigioi": "", "Ngoai_baiSg": "", "layer": "TBI_KTVHXH", "path": "D:/Work/HungYen/TaiLieu/De/De Thai Binh/BD Thai Binh/TBI_KTVHXH.TAB|geometrytype=Point" }, "geometry": { "type": "Point", "coordinates": [ 106.509075821235228, 20.550490686904919 ] } },
{ "type": "Feature", "properties": { "ID": "TBI343040tco", "Ten_CT": "Tháp cổ", "Loai_CT": "Tháp cổ", "Thuoc_huyen": "H. Kiến Xương", "Thuoc_tinh": "Thái Bình", "Trong_chigioi": "", "Ngoai_baiSg": "", "layer": "TBI_KTVHXH", "path": "D:/Work/HungYen/TaiLieu/De/De Thai Binh/BD Thai Binh/TBI_KTVHXH.TAB|geometrytype=Point" }, "geometry": { "type": "Point", "coordinates": [ 106.415352131043491, 20.467239206729165 ] } },
{ "type": "Feature", "properties": { "ID": "TBI343040tco", "Ten_CT": "Tháp cổ", "Loai_CT": "Tháp cổ", "Thuoc_huyen": "H. Kiến Xương", "Thuoc_tinh": "Thái Bình", "Trong_chigioi": "", "Ngoai_baiSg": "", "layer": "TBI_KTVHXH", "path": "D:/Work/HungYen/TaiLieu/De/De Thai Binh/BD Thai Binh/TBI_KTVHXH.TAB|geometrytype=Point" }, "geometry": { "type": "Point", "coordinates": [ 106.40901038750313, 20.37376822217659 ] } },
{ "type": "Feature", "properties": { "ID": "TBI339040trxang", "Ten_CT": "Trạm xăng", "Loai_CT": "Trạm xăng", "Thuoc_huyen": "H. Hưng Hà", "Thuoc_tinh": "Thái Bình", "Trong_chigioi": "", "Ngoai_baiSg": "", "layer": "TBI_KTVHXH", "path": "D:/Work/HungYen/TaiLieu/De/De Thai Binh/BD Thai Binh/TBI_KTVHXH.TAB|geometrytype=Point" }, "geometry": { "type": "Point", "coordinates": [ 106.149381271815116, 20.611446051399991 ] } },
{ "type": "Feature", "properties": { "ID": "TBI344040trxang", "Ten_CT": "Trạm xăng", "Loai_CT": "Trạm xăng", "Thuoc_huyen": "H. Vũ Thư", "Thuoc_tinh": "Thái Bình", "Trong_chigioi": "", "Ngoai_baiSg": "", "layer": "TBI_KTVHXH", "path": "D:/Work/HungYen/TaiLieu/De/De Thai Binh/BD Thai Binh/TBI_KTVHXH.TAB|geometrytype=Point" }, "geometry": { "type": "Point", "coordinates": [ 106.290069225798092, 20.436817135836417 ] } },
{ "type": "Feature", "properties": { "ID": "TBI336040trxang", "Ten_CT": "Trạm xăng", "Loai_CT": "Trạm xăng", "Thuoc_huyen": "TP. Thái Bình", "Thuoc_tinh": "Thái Bình", "Trong_chigioi": "", "Ngoai_baiSg": "", "layer": "TBI_KTVHXH", "path": "D:/Work/HungYen/TaiLieu/De/De Thai Binh/BD Thai Binh/TBI_KTVHXH.TAB|geometrytype=Point" }, "geometry": { "type": "Point", "coordinates": [ 106.353964995595845, 20.469383357356445 ] } },
{ "type": "Feature", "properties": { "ID": "TBI339040thoc", "Ten_CT": "Trường học", "Loai_CT": "Trường học", "Thuoc_huyen": "H. Hưng Hà", "Thuoc_tinh": "Thái Bình", "Trong_chigioi": "", "Ngoai_baiSg": "", "layer": "TBI_KTVHXH", "path": "D:/Work/HungYen/TaiLieu/De/De Thai Binh/BD Thai Binh/TBI_KTVHXH.TAB|geometrytype=Point" }, "geometry": { "type": "Point", "coordinates": [ 106.229137475574817, 20.650590479110846 ] } },
{ "type": "Feature", "properties": { "ID": "TBI338040thoc", "Ten_CT": "Trường học", "Loai_CT": "Trường học", "Thuoc_huyen": "H. Quỳnh Phụ", "Thuoc_tinh": "Thái Bình", "Trong_chigioi": "", "Ngoai_baiSg": "", "layer": "TBI_KTVHXH", "path": "D:/Work/HungYen/TaiLieu/De/De Thai Binh/BD Thai Binh/TBI_KTVHXH.TAB|geometrytype=Point" }, "geometry": { "type": "Point", "coordinates": [ 106.385824315731583, 20.700090845685757 ] } },
{ "type": "Feature", "properties": { "ID": "TBI344040thoc", "Ten_CT": "Trường học", "Loai_CT": "Trường học", "Thuoc_huyen": "H. Vũ Thư", "Thuoc_tinh": "Thái Bình", "Trong_chigioi": "", "Ngoai_baiSg": "", "layer": "TBI_KTVHXH", "path": "D:/Work/HungYen/TaiLieu/De/De Thai Binh/BD Thai Binh/TBI_KTVHXH.TAB|geometrytype=Point" }, "geometry": { "type": "Point", "coordinates": [ 106.282656328672871, 20.450142893422051 ] } },
{ "type": "Feature", "properties": { "ID": "TBI341040thoc", "Ten_CT": "Trường học", "Loai_CT": "Trường học", "Thuoc_huyen": "H. Thái Thụy", "Thuoc_tinh": "Thái Bình", "Trong_chigioi": "", "Ngoai_baiSg": "", "layer": "TBI_KTVHXH", "path": "D:/Work/HungYen/TaiLieu/De/De Thai Binh/BD Thai Binh/TBI_KTVHXH.TAB|geometrytype=Point" }, "geometry": { "type": "Point", "coordinates": [ 106.487766906940493, 20.468529468103807 ] } },
{ "type": "Feature", "properties": { "ID": "TBI343040thoc", "Ten_CT": "Trường học", "Loai_CT": "Trường học", "Thuoc_huyen": "H. Kiến Xương", "Thuoc_tinh": "Thái Bình", "Trong_chigioi": "", "Ngoai_baiSg": "", "layer": "TBI_KTVHXH", "path": "D:/Work/HungYen/TaiLieu/De/De Thai Binh/BD Thai Binh/TBI_KTVHXH.TAB|geometrytype=Point" }, "geometry": { "type": "Point", "coordinates": [ 106.426170810453911, 20.451623718913428 ] } },
{ "type": "Feature", "properties": { "ID": "TBI343040thoc", "Ten_CT": "Trường học", "Loai_CT": "Trường học", "Thuoc_huyen": "H. Kiến Xương", "Thuoc_tinh": "Thái Bình", "Trong_chigioi": "", "Ngoai_baiSg": "", "layer": "TBI_KTVHXH", "path": "D:/Work/HungYen/TaiLieu/De/De Thai Binh/BD Thai Binh/TBI_KTVHXH.TAB|geometrytype=Point" }, "geometry": { "type": "Point", "coordinates": [ 106.404228025388562, 20.43947585243297 ] } },
{ "type": "Feature", "properties": { "ID": "TBI343040thoc", "Ten_CT": "Trường học", "Loai_CT": "Trường học", "Thuoc_huyen": "H. Kiến Xương", "Thuoc_tinh": "Thái Bình", "Trong_chigioi": "", "Ngoai_baiSg": "", "layer": "TBI_KTVHXH", "path": "D:/Work/HungYen/TaiLieu/De/De Thai Binh/BD Thai Binh/TBI_KTVHXH.TAB|geometrytype=Point" }, "geometry": { "type": "Point", "coordinates": [ 106.455298507748168, 20.435290348724461 ] } },
{ "type": "Feature", "properties": { "ID": "TBI344040ntrai", "Ten_CT": "PTTH Nguyến Trãi", "Loai_CT": "Trường học", "Thuoc_huyen": "H. Vũ Thư", "Thuoc_tinh": "Thái Bình", "Trong_chigioi": "", "Ngoai_baiSg": "", "layer": "TBI_KTVHXH", "path": "D:/Work/HungYen/TaiLieu/De/De Thai Binh/BD Thai Binh/TBI_KTVHXH.TAB|geometrytype=Point" }, "geometry": { "type": "Point", "coordinates": [ 106.286512493904539, 20.431911885702842 ] } },
{ "type": "Feature", "properties": { "ID": "TBI342040thoc", "Ten_CT": "Trường học", "Loai_CT": "Trường học", "Thuoc_huyen": "H. Tiền Hải", "Thuoc_tinh": "Thái Bình", "Trong_chigioi": "", "Ngoai_baiSg": "", "layer": "TBI_KTVHXH", "path": "D:/Work/HungYen/TaiLieu/De/De Thai Binh/BD Thai Binh/TBI_KTVHXH.TAB|geometrytype=Point" }, "geometry": { "type": "Point", "coordinates": [ 106.497247649853378, 20.339298564611418 ] } },
{ "type": "Feature", "properties": { "ID": "TBI343040thoc", "Ten_CT": "Trường học", "Loai_CT": "Trường học", "Thuoc_huyen": "H. Kiến Xương", "Thuoc_tinh": "Thái Bình", "Trong_chigioi": "", "Ngoai_baiSg": "", "layer": "TBI_KTVHXH", "path": "D:/Work/HungYen/TaiLieu/De/De Thai Binh/BD Thai Binh/TBI_KTVHXH.TAB|geometrytype=Point" }, "geometry": { "type": "Point", "coordinates": [ 106.457899169209355, 20.46160920254902 ] } },
{ "type": "Feature", "properties": { "ID": "TBI343040thoc", "Ten_CT": "Trường học", "Loai_CT": "Trường học", "Thuoc_huyen": "H. Kiến Xương", "Thuoc_tinh": "Thái Bình", "Trong_chigioi": "", "Ngoai_baiSg": "", "layer": "TBI_KTVHXH", "path": "D:/Work/HungYen/TaiLieu/De/De Thai Binh/BD Thai Binh/TBI_KTVHXH.TAB|geometrytype=Point" }, "geometry": { "type": "Point", "coordinates": [ 106.447336442266064, 20.361168857805904 ] } },
{ "type": "Feature", "properties": { "ID": "TBI336040dhy", "Ten_CT": "Đại học Y", "Loai_CT": "Trường học", "Thuoc_huyen": "TP. Thái Bình", "Thuoc_tinh": "Thái Bình", "Trong_chigioi": "", "Ngoai_baiSg": "", "layer": "TBI_KTVHXH", "path": "D:/Work/HungYen/TaiLieu/De/De Thai Binh/BD Thai Binh/TBI_KTVHXH.TAB|geometrytype=Point" }, "geometry": { "type": "Point", "coordinates": [ 106.337536301605198, 20.443071990088885 ] } },
{ "type": "Feature", "properties": { "ID": "TBI336040lqdon", "Ten_CT": "PTTH Lê Quý Đôn", "Loai_CT": "Trường học", "Thuoc_huyen": "TP. Thái Bình", "Thuoc_tinh": "Thái Bình", "Trong_chigioi": "", "Ngoai_baiSg": "", "layer": "TBI_KTVHXH", "path": "D:/Work/HungYen/TaiLieu/De/De Thai Binh/BD Thai Binh/TBI_KTVHXH.TAB|geometrytype=Point" }, "geometry": { "type": "Point", "coordinates": [ 106.334759848002648, 20.448288611251147 ] } },
{ "type": "Feature", "properties": { "ID": "TBI336040cdspham", "Ten_CT": "Cao đẳng sư phạm Thái Bình", "Loai_CT": "Trường học", "Thuoc_huyen": "TP. Thái Bình", "Thuoc_tinh": "Thái Bình", "Trong_chigioi": "", "Ngoai_baiSg": "", "layer": "TBI_KTVHXH", "path": "D:/Work/HungYen/TaiLieu/De/De Thai Binh/BD Thai Binh/TBI_KTVHXH.TAB|geometrytype=Point" }, "geometry": { "type": "Point", "coordinates": [ 106.333303461252569, 20.439208131263076 ] } }
]
}
