{
  "type": "FeatureCollection",
  "name": "quoclo",
  "crs": {
    "type": "name",
    "properties": { "name": "urn:ogc:def:crs:OGC:1.3:CRS84" }
  },
  "features": [
    {
      "type": "Feature",
      "properties": {
        "ID": "HYE327028bchin",
        "Ten_duong": "Quốc lộ 39",
        "Thuoc_huyen": "H. Yên  Mỹ",
        "Thuoc_tinh": "Hưng Yên",
        "Cap_duong": "Quốc lộ",
        "Loai_duong": "Nhựa",
        "Chieu_dai": "0.87728",
        "Gap_de": "F",
        "Tin_khac": "",
        "layer": "HYE_Quoclo",
        "path": "D:/_Project/4.HungYen/De/De Hung Yen/BD Hung Yen/HYE_Quoclo.TAB"
      },
      "geometry": {
        "type": "LineString",
        "coordinates": [
          [106.046507702273516, 20.899407286044312],
          [106.044463499493531, 20.892321190810005],
          [106.044287249609496, 20.89176130701339]
        ]
      }
    },
    {
      "type": "Feature",
      "properties": {
        "ID": "HYE327028nam",
        "Ten_duong": "Quốc lộ 5",
        "Thuoc_huyen": "H. Yên  Mỹ",
        "Thuoc_tinh": "Hưng Yên",
        "Cap_duong": "Quốc lộ",
        "Loai_duong": "Nhựa",
        "Chieu_dai": "1.35998",
        "Gap_de": "F",
        "Tin_khac": "",
        "layer": "HYE_Quoclo",
        "path": "D:/_Project/4.HungYen/De/De Hung Yen/BD Hung Yen/HYE_Quoclo.TAB"
      },
      "geometry": {
        "type": "LineString",
        "coordinates": [
          [106.033003513663772, 20.940976924772318],
          [106.03165606728632, 20.941256928684776],
          [106.030329088782636, 20.941718032906984],
          [106.028954080522283, 20.94218854169425],
          [106.02755107120349, 20.94281315824378],
          [106.025455952780845, 20.943713776800241],
          [106.020968226942244, 20.94570716973384]
        ]
      }
    },
    {
      "type": "Feature",
      "properties": {
        "ID": "HYE328028bchin",
        "Ten_duong": "Quốc lộ 39",
        "Thuoc_huyen": "H. Mỹ Hào",
        "Thuoc_tinh": "Hưng Yên",
        "Cap_duong": "Quốc lộ",
        "Loai_duong": "Nhựa",
        "Chieu_dai": "0.335548",
        "Gap_de": "F",
        "Tin_khac": "",
        "layer": "HYE_Quoclo",
        "path": "D:/_Project/4.HungYen/De/De Hung Yen/BD Hung Yen/HYE_Quoclo.TAB"
      },
      "geometry": {
        "type": "LineString",
        "coordinates": [
          [106.055660279800762, 20.93146633452621],
          [106.055640136928986, 20.93220106006412],
          [106.055573603467465, 20.933492872985831],
          [106.055533603632099, 20.934495415446506]
        ]
      }
    },
    {
      "type": "Feature",
      "properties": {
        "ID": "HYE327028bchin",
        "Ten_duong": "Quốc lộ 39",
        "Thuoc_huyen": "H. Yên  Mỹ",
        "Thuoc_tinh": "Hưng Yên",
        "Cap_duong": "Quốc lộ",
        "Loai_duong": "Nhựa",
        "Chieu_dai": "7.85296",
        "Gap_de": "F",
        "Tin_khac": "",
        "layer": "HYE_Quoclo",
        "path": "D:/_Project/4.HungYen/De/De Hung Yen/BD Hung Yen/HYE_Quoclo.TAB"
      },
      "geometry": {
        "type": "LineString",
        "coordinates": [
          [106.028008668420512, 20.869274801138786],
          [106.028156765851008, 20.86943987861261],
          [106.02874121338867, 20.870147395924402],
          [106.028964499162925, 20.870554963367965],
          [106.029067589301647, 20.870886097187729],
          [106.029133227598081, 20.871264978668492],
          [106.029147837381331, 20.87156122860852],
          [106.029131362686456, 20.87192280562979],
          [106.029020696730839, 20.872314492633659],
          [106.028833963156146, 20.872659295267709],
          [106.028534868104586, 20.87314706963388],
          [106.028411431008124, 20.873526997615741],
          [106.028251023886881, 20.874025773197584],
          [106.028173763152466, 20.874707724138307],
          [106.028164396281383, 20.875181830523587],
          [106.028154948891896, 20.875644101928433],
          [106.02821515479512, 20.876171094735128],
          [106.028333260874788, 20.876857834036116],
          [106.028463394893862, 20.877461381742638],
          [106.028606138769291, 20.878053108351487],
          [106.02880488216519, 20.878567522435233],
          [106.029034954155662, 20.879052023622361],
          [106.029353918788274, 20.879630853601423],
          [106.029672981453828, 20.880209591923538],
          [106.03017537733372, 20.880888052320536],
          [106.030387796948389, 20.881207503713885],
          [106.030703856065628, 20.881697175942094],
          [106.031009525981247, 20.882157366733313],
          [106.031481524343434, 20.882971887438661],
          [106.031737731852104, 20.883353683030958],
          [106.032067269338498, 20.883844897223835],
          [106.032716878064662, 20.884847889259465],
          [106.033308554686954, 20.88565833837691],
          [106.034122170134779, 20.8866728912699],
          [106.034751804581447, 20.887492862554002],
          [106.035730388342998, 20.888672375067465],
          [106.036550421840133, 20.889692748536916],
          [106.037275030196909, 20.890577363654444],
          [106.03808182473081, 20.891514871051893],
          [106.038399154650236, 20.89183295111588],
          [106.038919074721832, 20.892280259754436],
          [106.039375198550658, 20.89262125540926],
          [106.040052403932123, 20.8930260445937],
          [106.040976357964098, 20.893577586977148],
          [106.041431903596362, 20.893847477684758],
          [106.042077560378189, 20.894234652360328],
          [106.042533451848428, 20.894540134331812],
          [106.043185390665826, 20.894945154845669],
          [106.043717437068594, 20.895321180906507],
          [106.044084916943092, 20.895603437217147],
          [106.044376916281294, 20.895897989261126],
          [106.044656472992301, 20.896228213249795],
          [106.044924011075409, 20.896641448105694],
          [106.045249312236422, 20.897190661778083],
          [106.045555553923037, 20.897722283438668],
          [106.045731399248339, 20.898138697731625],
          [106.046053927169581, 20.898703014349866],
          [106.046582731292318, 20.899523553927672],
          [106.047156040634576, 20.900397303844663],
          [106.047589748380915, 20.901117776747967],
          [106.048629075539822, 20.902847945962176],
          [106.048974854758825, 20.903628130946565],
          [106.04971265789662, 20.905490602542923],
          [106.050310932521398, 20.907223558339009],
          [106.050593164679967, 20.90793293694728],
          [106.051086556085394, 20.909085699137108],
          [106.051585420057648, 20.910125854651024],
          [106.052794032225094, 20.912826350489205],
          [106.053626570219166, 20.914705923735319],
          [106.05407477133798, 20.915687115623403],
          [106.054599035787419, 20.916750683520043],
          [106.05539880982947, 20.918434939593851],
          [106.055808900796947, 20.919380674617738],
          [106.056097891379892, 20.920155319626765],
          [106.056240114287462, 20.92066417105314],
          [106.056267811092624, 20.921007765529648],
          [106.056271216249357, 20.92149371454272],
          [106.056201960319342, 20.923301871917204],
          [106.056082222188323, 20.925110341228933],
          [106.055962565154687, 20.926930644983333],
          [106.055880543004008, 20.928715119382595],
          [106.055812009412179, 20.929734914168645],
          [106.055660279800762, 20.93146633452621]
        ]
      }
    },
    {
      "type": "Feature",
      "properties": {
        "ID": "HYE330028bchin",
        "Ten_duong": "Quốc lộ 39",
        "Thuoc_huyen": "H. Khoái Châu",
        "Thuoc_tinh": "Hưng Yên",
        "Cap_duong": "Quốc lộ",
        "Loai_duong": "Nhựa",
        "Chieu_dai": "6.76767",
        "Gap_de": "F",
        "Tin_khac": "",
        "layer": "HYE_Quoclo",
        "path": "D:/_Project/4.HungYen/De/De Hung Yen/BD Hung Yen/HYE_Quoclo.TAB"
      },
      "geometry": {
        "type": "LineString",
        "coordinates": [
          [106.014602582880656, 20.85606084973476],
          [106.014433491335566, 20.855928499095551],
          [106.014065705162707, 20.855563416004127],
          [106.013506440512487, 20.85480844219931],
          [106.013123766423021, 20.854099673102215],
          [106.012892438423052, 20.853413859376158],
          [106.01258531393475, 20.852704641775397],
          [106.012189980834449, 20.851984199779263],
          [106.011731303423261, 20.851204863040397],
          [106.011172541766683, 20.850520890417471],
          [106.010410883083168, 20.849648564027831],
          [106.009471864804595, 20.84861149174775],
          [106.008747600909871, 20.847679668644627],
          [106.008365125926645, 20.846994556818295],
          [106.007982119991709, 20.846214762804138],
          [106.007022964195656, 20.844052062331542],
          [106.006510355372683, 20.842727958758321],
          [106.006859494566399, 20.842204510380814],
          [106.008166506343088, 20.839858444566733],
          [106.00903757657629, 20.838266630337824],
          [106.009485869886646, 20.837482572408042],
          [106.009758726366073, 20.836865154760165],
          [106.010329268261927, 20.835535577850408],
          [106.010900405515557, 20.834253428200853],
          [106.011090585926738, 20.833748617821339],
          [106.011235425476457, 20.833146137974463],
          [106.011277492111859, 20.832768055762195],
          [106.011261011708044, 20.832516354070808],
          [106.011080030995103, 20.832167686219382],
          [106.010688939647096, 20.831540270048709],
          [106.010597795664921, 20.831275004684709],
          [106.010506094721123, 20.830911805627473],
          [106.010519215789643, 20.830645834958144],
          [106.010606342401758, 20.830323502624612],
          [106.011338833778609, 20.828584234355272],
          [106.012730607406212, 20.825287901349441],
          [106.013368544415556, 20.823872267184385],
          [106.014043361723125, 20.822412232637241],
          [106.014944471588976, 20.820292672914334],
          [106.015611482616222, 20.81879066722199],
          [106.022775027032893, 20.812869704898322],
          [106.026379268049439, 20.809909615394389],
          [106.03125640303503, 20.805848149014778]
        ]
      }
    },
    {
      "type": "Feature",
      "properties": {
        "ID": "HYE331028bchin",
        "Ten_duong": "Quốc lộ 39",
        "Thuoc_huyen": "H. Kim Động",
        "Thuoc_tinh": "Hưng Yên",
        "Cap_duong": "Quốc lộ",
        "Loai_duong": "Nhựa",
        "Chieu_dai": "10.7955",
        "Gap_de": "F",
        "Tin_khac": "",
        "layer": "HYE_Quoclo",
        "path": "D:/_Project/4.HungYen/De/De Hung Yen/BD Hung Yen/HYE_Quoclo.TAB"
      },
      "geometry": {
        "type": "LineString",
        "coordinates": [
          [106.03125640303503, 20.805848149014778],
          [106.035859359053902, 20.801929058826602],
          [106.037864354360636, 20.800168266318888],
          [106.038470701524062, 20.799604352846856],
          [106.041598633594049, 20.796615854132131],
          [106.04444408969826, 20.793727228838073],
          [106.044806368789224, 20.793360833376806],
          [106.045011952349228, 20.792967383758452],
          [106.04515768049842, 20.792504279247307],
          [106.045268127002814, 20.791256903355027],
          [106.045386741996197, 20.790107685128906],
          [106.04568709881292, 20.788326915560841],
          [106.046154010517625, 20.785900863087718],
          [106.046428204556193, 20.783560097452249],
          [106.046801505204002, 20.780504349648723],
          [106.047023076217158, 20.779172271121837],
          [106.047326007134942, 20.777783770965453],
          [106.047853294508712, 20.775469375778847],
          [106.048641805691958, 20.772186937175476],
          [106.049297641137869, 20.769101359574673],
          [106.049967760141158, 20.765917665015568],
          [106.050562640576331, 20.762636491049086],
          [106.051172287605752, 20.759327035985788],
          [106.051601646522883, 20.757937754645333],
          [106.052170635901206, 20.756281453561648],
          [106.052443344705267, 20.755659276661127],
          [106.053969225651002, 20.752457766118056],
          [106.05483007648435, 20.750000000783707],
          [106.056027322547621, 20.747537816459168],
          [106.056537768549063, 20.746798708974584],
          [106.057519224700044, 20.745618337262634],
          [106.057882311979924, 20.745208997529378],
          [106.057964176925537, 20.745020570892805],
          [106.058102391520805, 20.744565633545832],
          [106.058166674580804, 20.744252183643145],
          [106.058181861319369, 20.744032906990689],
          [106.05818088114016, 20.743891970820407],
          [106.058128871228433, 20.743594776345464],
          [106.058027452150199, 20.743360496735509],
          [106.057422440841194, 20.742471764872928],
          [106.056872348541049, 20.741081625100581],
          [106.056295474590129, 20.739456743585258],
          [106.055879502340275, 20.738222438460816],
          [106.055334781071679, 20.736425061948367],
          [106.054691815439057, 20.733641959001083],
          [106.054134424597152, 20.731202823682114],
          [106.053766817811578, 20.729748849996778],
          [106.053323232417981, 20.728138857753812],
          [106.052666546290851, 20.725762933503855],
          [106.052180648856336, 20.724043603567665],
          [106.0520253177135, 20.723230337932275],
          [106.051946078663448, 20.722588810043362],
          [106.051945105359778, 20.722447873238174],
          [106.051960096476066, 20.722212967353464],
          [106.0519919035263, 20.721993498512862],
          [106.052319456725471, 20.721255612091461],
          [106.052433461253941, 20.720910508675175],
          [106.05252174082591, 20.720455880131158],
          [106.052553763414679, 20.720267760600105],
          [106.052552573697, 20.72009556472128],
          [106.052550518247983, 20.719798061549863],
          [106.052239420457596, 20.718093291054334],
          [106.052027154312825, 20.716751837064756]
        ]
      }
    },
    {
      "type": "Feature",
      "properties": {
        "ID": "HYE331028btam",
        "Ten_duong": "Quốc lộ 38",
        "Thuoc_huyen": "H. Kim Động",
        "Thuoc_tinh": "Hưng Yên",
        "Cap_duong": "Quốc lộ",
        "Loai_duong": "Nhựa",
        "Chieu_dai": "1.50407",
        "Gap_de": "F",
        "Tin_khac": "",
        "layer": "HYE_Quoclo",
        "path": "D:/_Project/4.HungYen/De/De Hung Yen/BD Hung Yen/HYE_Quoclo.TAB"
      },
      "geometry": {
        "type": "LineString",
        "coordinates": [
          [106.045183084806595, 20.792217181323601],
          [106.046521175353618, 20.792210472526865],
          [106.047480368423862, 20.79224898129149],
          [106.048644415858448, 20.792360137149963],
          [106.049714020740936, 20.79245713613501],
          [106.050642214922718, 20.792569630429664],
          [106.05153909159651, 20.792682401891192],
          [106.053271672592686, 20.793174468824944],
          [106.053759967414919, 20.793304462245409],
          [106.05451574685361, 20.793477171257077],
          [106.055366083495315, 20.793693746173005],
          [106.056216723437288, 20.793939768067318],
          [106.056847169166602, 20.794187232207058],
          [106.057225577518025, 20.794347526068311],
          [106.058120255111589, 20.794707827004689],
          [106.059114129418489, 20.795211704742087]
        ]
      }
    },
    {
      "type": "Feature",
      "properties": {
        "ID": "HYE323028bchin",
        "Ten_duong": "Quốc lộ 39",
        "Thuoc_huyen": "TX. Hưng Yên",
        "Thuoc_tinh": "Hưng Yên",
        "Cap_duong": "Quốc lộ",
        "Loai_duong": "Nhựa",
        "Chieu_dai": "6.92646",
        "Gap_de": "F",
        "Tin_khac": "",
        "layer": "HYE_Quoclo",
        "path": "D:/_Project/4.HungYen/De/De Hung Yen/BD Hung Yen/HYE_Quoclo.TAB"
      },
      "geometry": {
        "type": "LineString",
        "coordinates": [
          [106.052027154312825, 20.716751837064756],
          [106.051934978776515, 20.716169204181721],
          [106.051794962614423, 20.715152379997548],
          [106.05172931627331, 20.714072309303891],
          [106.051727155219055, 20.713759176298314],
          [106.05168896214866, 20.713039245580134],
          [106.051682803883793, 20.712146825399511],
          [106.051727918679504, 20.710251861070624],
          [106.051653599493719, 20.709124951991054],
          [106.051631499075057, 20.708579926750488],
          [106.051675643974534, 20.707963844682322],
          [106.052055222773248, 20.706767847210735],
          [106.053125078821665, 20.704250083009924],
          [106.053205648669689, 20.704112441908858],
          [106.053490841998425, 20.703280850453762],
          [106.053997050706243, 20.701946835675876],
          [106.054456114290545, 20.700988865852889],
          [106.054906831950944, 20.700046666597618],
          [106.055102542347711, 20.699481695827888],
          [106.055264622894597, 20.698885670446433],
          [106.055410839697629, 20.698383884826246],
          [106.055634721211888, 20.697381094735878],
          [106.055778931611627, 20.69683947760204],
          [106.055957805548218, 20.696256720190124],
          [106.056235081042246, 20.695436556948881],
          [106.056260060932274, 20.695272512338427],
          [106.056267661777994, 20.695108393582863],
          [106.056246991750371, 20.694633018234903],
          [106.056165532835621, 20.693559459246728],
          [106.056164682213904, 20.6934365910164],
          [106.056259411538207, 20.692973879633836],
          [106.056319145474092, 20.692809531569946],
          [106.056396391845297, 20.692636854433268],
          [106.056568790536119, 20.692381648037809],
          [106.05715698659921, 20.691845076509619],
          [106.057498670263243, 20.691523328122912],
          [106.057593519328066, 20.691383338825766],
          [106.057662140914559, 20.691227157468877],
          [106.057813652236888, 20.690480132661232],
          [106.05785083367681, 20.690192958780496],
          [106.058033402838305, 20.688912869862769],
          [106.058316198558188, 20.687632165189132],
          [106.058539676109604, 20.686589530360244],
          [106.05863150702335, 20.686014984546159],
          [106.058642289356996, 20.685687044897712],
          [106.058640868088034, 20.685482144031113],
          [106.05859330155981, 20.684908454401285],
          [106.058547139769473, 20.68452340303984],
          [106.058412823167458, 20.683360001446182],
          [106.058334883589382, 20.682794810093707],
          [106.058261303762293, 20.682221370196135],
          [106.058179176183174, 20.681688910418181],
          [106.058136358310918, 20.681190360863049],
          [106.057990011010702, 20.680132378149985],
          [106.057929394221176, 20.67955885828335],
          [106.057773335770293, 20.678387366941674],
          [106.057741200391945, 20.678141636207275],
          [106.057535549652172, 20.676629022542514],
          [106.057414880807968, 20.675659422282951],
          [106.057323269723781, 20.675004055615211],
          [106.057289205751928, 20.674479521661748],
          [106.057211094817617, 20.673250179615483],
          [106.057205753720709, 20.67310267358349],
          [106.057064208964675, 20.671529402678384],
          [106.05697628136538, 20.67076749211115],
          [106.05693195319121, 20.670021667236288],
          [106.056745739683024, 20.668276465088656],
          [106.056652872415285, 20.667424326191799],
          [106.056548681013638, 20.666211585735635],
          [106.056529888953676, 20.666006700354473],
          [106.056474506403859, 20.664924846491125],
          [106.056426845105321, 20.664334801920731],
          [106.056344941635118, 20.663179385873455],
          [106.056291545807923, 20.662384465984523],
          [106.056197003615139, 20.661302760910186],
          [106.056163685622138, 20.660884832278406],
          [106.056076028524572, 20.65954893450423],
          [106.055986398947994, 20.658524660410759],
          [106.055954757463098, 20.65773782843662],
          [106.055913908504508, 20.656229439255039],
          [106.055898153497481, 20.655685637660383],
          [106.055896777525831, 20.655639297295167]
        ]
      }
    },
    {
      "type": "Feature",
      "properties": {
        "ID": "",
        "Ten_duong": "Quốc lộ 39",
        "Thuoc_huyen": "",
        "Thuoc_tinh": "",
        "Cap_duong": "Quốc lộ",
        "Loai_duong": "Nhựa",
        "Chieu_dai": "0.824167",
        "Gap_de": "",
        "Tin_khac": "",
        "layer": "HYE_Quoclo",
        "path": "D:/_Project/4.HungYen/De/De Hung Yen/BD Hung Yen/HYE_Quoclo.TAB"
      },
      "geometry": {
        "type": "LineString",
        "coordinates": [
          [106.026246229281682, 20.656733975384689],
          [106.018348422937208, 20.657165296517832]
        ]
      }
    },
    {
      "type": "Feature",
      "properties": {
        "ID": "HYE323028bchin",
        "Ten_duong": "Quốc lộ 39",
        "Thuoc_huyen": "TX. Hưng Yên",
        "Thuoc_tinh": "Hưng Yên",
        "Cap_duong": "Quốc lộ",
        "Loai_duong": "Nhựa",
        "Chieu_dai": "5.4454",
        "Gap_de": "F",
        "Tin_khac": "",
        "layer": "HYE_Quoclo",
        "path": "D:/_Project/4.HungYen/De/De Hung Yen/BD Hung Yen/HYE_Quoclo.TAB"
      },
      "geometry": {
        "type": "LineString",
        "coordinates": [
          [106.082035598897377, 20.646900447033207],
          [106.081701497534752, 20.646902541143618],
          [106.081033423761511, 20.646965723886069],
          [106.079853286964365, 20.647002654943471],
          [106.078866562812635, 20.647067912951037],
          [106.077718406380868, 20.647203018649023],
          [106.076283839435945, 20.647448049694088],
          [106.076127174890345, 20.647458874477721],
          [106.075543039442593, 20.647570752522512],
          [106.074948760008624, 20.647741689150614],
          [106.073912260133852, 20.648141788413191],
          [106.071903519258299, 20.649197345556139],
          [106.071367685851769, 20.649505597908611],
          [106.070276288645374, 20.65027996823099],
          [106.069538126330031, 20.650796276941346],
          [106.069137573205168, 20.651015142955949],
          [106.06842941381656, 20.651334392387476],
          [106.067387702294639, 20.651764030007051],
          [106.066679357305318, 20.652043972128887],
          [106.066268101158315, 20.652243201950714],
          [106.065270008036052, 20.652928424154119],
          [106.065020191315298, 20.653057809030646],
          [106.064655688813588, 20.653217535427924],
          [106.063712131606565, 20.653479220858522],
          [106.06166881134881, 20.654082140818474],
          [106.061361154607923, 20.654162817237509],
          [106.059995510775238, 20.654574617416024],
          [106.057915794242092, 20.655207351815704],
          [106.056612288060705, 20.655557307884521],
          [106.055896777525831, 20.655639297295167],
          [106.048701960912155, 20.656064718423096],
          [106.04703230845881, 20.655908616716683],
          [106.046371565839721, 20.655929610517568],
          [106.033636595079301, 20.656334156121616],
          [106.031841567212538, 20.656431183453346]
        ]
      }
    },
    {
      "type": "Feature",
      "properties": {
        "ID": "HYE328028bchin",
        "Ten_duong": "Quốc lộ 39",
        "Thuoc_huyen": "H. Mỹ Hào",
        "Thuoc_tinh": "Hưng Yên",
        "Cap_duong": "Quốc lộ",
        "Loai_duong": "Nhựa",
        "Chieu_dai": "1.53032",
        "Gap_de": "F",
        "Tin_khac": "",
        "layer": "HYE_Quoclo",
        "path": "D:/_Project/4.HungYen/De/De Hung Yen/BD Hung Yen/HYE_Quoclo.TAB"
      },
      "geometry": {
        "type": "LineString",
        "coordinates": [
          [106.062851647909199, 20.929553540683671],
          [106.062889783151718, 20.929670391096359],
          [106.063618848536152, 20.931885459248157],
          [106.063636309647208, 20.931961421377746],
          [106.064144314393147, 20.934176417911964],
          [106.064052304118988, 20.934859913198849],
          [106.063380741014583, 20.935835222721973],
          [106.061680758431194, 20.93756056502799],
          [106.060170438027754, 20.938692859585824],
          [106.059011272618406, 20.93924637706359],
          [106.058172013106329, 20.939342652000708],
          [106.057108304325794, 20.939207402531601]
        ]
      }
    },
    {
      "type": "Feature",
      "properties": {
        "ID": "HYE328028bchin",
        "Ten_duong": "Quốc lộ 39",
        "Thuoc_huyen": "H. Mỹ Hào",
        "Thuoc_tinh": "Hưng Yên",
        "Cap_duong": "Quốc lộ",
        "Loai_duong": "Nhựa",
        "Chieu_dai": "0.551",
        "Gap_de": "F",
        "Tin_khac": "",
        "layer": "HYE_Quoclo",
        "path": "D:/_Project/4.HungYen/De/De Hung Yen/BD Hung Yen/HYE_Quoclo.TAB"
      },
      "geometry": {
        "type": "LineString",
        "coordinates": [
          [106.040013750164775, 20.939808628651921],
          [106.039465058858198, 20.938074347709872],
          [106.041148827307538, 20.935327774409849]
        ]
      }
    },
    {
      "type": "Feature",
      "properties": {
        "ID": "HYE327028bchin",
        "Ten_duong": "Quốc lộ 39",
        "Thuoc_huyen": "H. Yên  Mỹ",
        "Thuoc_tinh": "Hưng Yên",
        "Cap_duong": "Quốc lộ",
        "Loai_duong": "Nhựa",
        "Chieu_dai": "2.09168",
        "Gap_de": "F",
        "Tin_khac": "",
        "layer": "HYE_Quoclo",
        "path": "D:/_Project/4.HungYen/De/De Hung Yen/BD Hung Yen/HYE_Quoclo.TAB"
      },
      "geometry": {
        "type": "LineString",
        "coordinates": [
          [106.041148827307538, 20.935327774409849],
          [106.041893124966435, 20.934113770513104],
          [106.045566356637039, 20.927350686872042],
          [106.048240947340531, 20.926833859050276],
          [106.050133152539573, 20.926468254958927],
          [106.052273002918, 20.926287758499381],
          [106.056002800421183, 20.926318845694915]
        ]
      }
    },
    {
      "type": "Feature",
      "properties": {
        "ID": "HYE328028nam",
        "Ten_duong": "Quốc lộ 5",
        "Thuoc_huyen": "H. Mỹ Hào",
        "Thuoc_tinh": "Hưng Yên",
        "Cap_duong": "Quốc lộ",
        "Loai_duong": "Nhựa",
        "Chieu_dai": "0.567428",
        "Gap_de": "F",
        "Tin_khac": "",
        "layer": "HYE_Quoclo",
        "path": "D:/_Project/4.HungYen/De/De Hung Yen/BD Hung Yen/HYE_Quoclo.TAB"
      },
      "geometry": {
        "type": "LineString",
        "coordinates": [
          [106.155495572277886, 20.925262475453643],
          [106.15270571122943, 20.924514227661003],
          [106.150524105357292, 20.92398534550102],
          [106.150234077443685, 20.923907164860804]
        ]
      }
    },
    {
      "type": "Feature",
      "properties": {
        "ID": "HYE328028nam",
        "Ten_duong": "Quốc lộ 5",
        "Thuoc_huyen": "H. Mỹ Hào",
        "Thuoc_tinh": "Hưng Yên",
        "Cap_duong": "Quốc lộ",
        "Loai_duong": "Nhựa",
        "Chieu_dai": "12.8331",
        "Gap_de": "F",
        "Tin_khac": "",
        "layer": "HYE_Quoclo",
        "path": "D:/_Project/4.HungYen/De/De Hung Yen/BD Hung Yen/HYE_Quoclo.TAB"
      },
      "geometry": {
        "type": "LineString",
        "coordinates": [
          [106.150234077443685, 20.923907164860804],
          [106.146227772585661, 20.92282748782613],
          [106.145108006594882, 20.922545088239563],
          [106.140561826675935, 20.921461215631648],
          [106.13597746318699, 20.920431769985612],
          [106.131838445605823, 20.91967109287129],
          [106.13014026848164, 20.919338128915268],
          [106.124766975110347, 20.91842227995534],
          [106.119509213687436, 20.917505592240541],
          [106.115409832924641, 20.916871003667865],
          [106.113788997816002, 20.916573597321204],
          [106.112447774974754, 20.916301547977955],
          [106.111869161209981, 20.916214700258614],
          [106.110403396852533, 20.916043005130952],
          [106.109130945204015, 20.915942588769617],
          [106.107965315335264, 20.915959279397132],
          [106.106848984320337, 20.916129499655771],
          [106.105349849383771, 20.916664653848951],
          [106.103332261512534, 20.917438674389732],
          [106.099268278361251, 20.919014115674965],
          [106.097616502873464, 20.919749487259924],
          [106.093497890831102, 20.92177813620501],
          [106.092653042512595, 20.922200306007817],
          [106.089650011424624, 20.923895668276874],
          [106.089150987099941, 20.924206657917537],
          [106.088345879962205, 20.924809424530704],
          [106.087444323250949, 20.925412801908358],
          [106.086579881094238, 20.925816727623765],
          [106.085695680473805, 20.926148227651673],
          [106.084849156198501, 20.926370888985286],
          [106.084156863240352, 20.926592657171273],
          [106.083251893613522, 20.926725156058271],
          [106.081721954319121, 20.927055311434607],
          [106.080047949652212, 20.92746460379951],
          [106.077988832921676, 20.92793070020905],
          [106.072649184130498, 20.929223930218424],
          [106.069215128603616, 20.930142604575199],
          [106.066984262866953, 20.93086342679883],
          [106.061474598891337, 20.932664757432772],
          [106.056349417001769, 20.934336689932927],
          [106.055531202762211, 20.93449588202364],
          [106.053779119862767, 20.93477855943615],
          [106.050718016272995, 20.93532297422993],
          [106.049052713747727, 20.93561410401756],
          [106.048436968065332, 20.935781052465078],
          [106.043587130129751, 20.938284630157284],
          [106.041204987240931, 20.939459133441304],
          [106.040185678761702, 20.939791499074179],
          [106.038923841358809, 20.939916997780504],
          [106.037594651648433, 20.940051931402184],
          [106.03667044135328, 20.940202554320262],
          [106.035323757231197, 20.940591268422747],
          [106.033003513663772, 20.940976924772318]
        ]
      }
    },
    {
      "type": "Feature",
      "properties": {
        "ID": "HYE328028btam",
        "Ten_duong": "Quốc lộ 38",
        "Thuoc_huyen": "H. Mỹ Hào",
        "Thuoc_tinh": "Hưng Yên",
        "Cap_duong": "Quốc lộ",
        "Loai_duong": "Nhựa",
        "Chieu_dai": "0.9953",
        "Gap_de": "F",
        "Tin_khac": "",
        "layer": "HYE_Quoclo",
        "path": "D:/_Project/4.HungYen/De/De Hung Yen/BD Hung Yen/HYE_Quoclo.TAB"
      },
      "geometry": {
        "type": "LineString",
        "coordinates": [
          [106.152407868346998, 20.923841823483556],
          [106.150079901665947, 20.919340247168048],
          [106.149774858075261, 20.918830142913784],
          [106.149503713280808, 20.918578915583659],
          [106.149155838682489, 20.91834021984215],
          [106.148191337850193, 20.917924892505443],
          [106.148049187620202, 20.917781207842729],
          [106.147944950417411, 20.917552887137116],
          [106.147904197496842, 20.91725186463766],
          [106.148129599059061, 20.916383320383428]
        ]
      }
    },
    {
      "type": "Feature",
      "properties": {
        "ID": "",
        "Ten_duong": "Quốc lộ 38",
        "Thuoc_huyen": "",
        "Thuoc_tinh": "",
        "Cap_duong": "Quốc lộ",
        "Loai_duong": "Nhựa",
        "Chieu_dai": "1.26257",
        "Gap_de": "",
        "Tin_khac": "",
        "layer": "HYE_Quoclo",
        "path": "D:/_Project/4.HungYen/De/De Hung Yen/BD Hung Yen/HYE_Quoclo.TAB"
      },
      "geometry": {
        "type": "LineString",
        "coordinates": [
          [106.156710210232873, 20.93450360977765],
          [106.153419296833505, 20.926072893729209],
          [106.152763620120041, 20.924529737140642],
          [106.15276332820946, 20.92452928739376],
          [106.152407868346998, 20.923841823483556]
        ]
      }
    },
    {
      "type": "Feature",
      "properties": {
        "ID": "",
        "Ten_duong": "Quốc lộ 38",
        "Thuoc_huyen": "",
        "Thuoc_tinh": "",
        "Cap_duong": "Quốc lộ",
        "Loai_duong": "Nhựa",
        "Chieu_dai": "3.03667",
        "Gap_de": "F",
        "Tin_khac": "",
        "layer": "HYE_Quoclo",
        "path": "D:/_Project/4.HungYen/De/De Hung Yen/BD Hung Yen/HYE_Quoclo.TAB"
      },
      "geometry": {
        "type": "LineString",
        "coordinates": [
          [106.148129599059061, 20.916383320383428],
          [106.148147068764715, 20.916316258211122],
          [106.148415146299968, 20.91553442774865],
          [106.147849619456508, 20.914907449210684],
          [106.146612002817662, 20.913496099525016],
          [106.146007557621914, 20.912806767104588],
          [106.1451155940929, 20.911783190439717],
          [106.143796011771585, 20.910130516561026],
          [106.142466516837302, 20.908434622561519],
          [106.141767195137604, 20.907463221244281],
          [106.142004607005845, 20.907073064888447],
          [106.141400383092432, 20.905974634588361],
          [106.143126854088891, 20.905529260232068],
          [106.143090169125443, 20.904494344150041],
          [106.142704435806039, 20.90439248661966],
          [106.142488138400893, 20.903761253854604],
          [106.142224242021967, 20.90303981416309],
          [106.141606170762728, 20.901354329992621],
          [106.140902711330924, 20.899804838605665],
          [106.140238814688573, 20.898399810834423],
          [106.139662242923507, 20.8971116449165],
          [106.138932755233441, 20.895929475446096],
          [106.138409833908625, 20.895391255298993],
          [106.13802300092263, 20.895050794300097],
          [106.137481947790533, 20.894657152161816],
          [106.137076749294678, 20.894354032880056]
        ]
      }
    },
    {
      "type": "Feature",
      "properties": {
        "ID": "",
        "Ten_duong": "Quốc lộ 39",
        "Thuoc_huyen": "",
        "Thuoc_tinh": "",
        "Cap_duong": "Quốc lộ",
        "Loai_duong": "Nhựa",
        "Chieu_dai": "1.79247",
        "Gap_de": "T",
        "Tin_khac": "",
        "layer": "HYE_Quoclo",
        "path": "D:/_Project/4.HungYen/De/De Hung Yen/BD Hung Yen/HYE_Quoclo.TAB"
      },
      "geometry": {
        "type": "LineString",
        "coordinates": [
          [106.136140983971828, 20.639464719966096],
          [106.135839599663626, 20.639527054645605],
          [106.135435820022963, 20.639694503198385],
          [106.135004977820927, 20.639940098093451],
          [106.134716619828879, 20.640141389060581],
          [106.134442049479745, 20.640351262275569],
          [106.133476122058212, 20.641658150008841],
          [106.132386918811562, 20.643104614321445],
          [106.131143017572228, 20.644777411313715],
          [106.130111663633627, 20.646135124130769],
          [106.129624267536471, 20.646823324938918],
          [106.129342193712887, 20.64726741897648],
          [106.12921608060843, 20.64763234220823],
          [106.129149089400258, 20.647918909188508],
          [106.129141539870005, 20.648144374145989],
          [106.129124776452159, 20.648369899377006],
          [106.12912624934421, 20.648569375733445],
          [106.129164608482256, 20.648759756765056],
          [106.129428361508388, 20.649590396984845],
          [106.129555408158055, 20.649962427149223],
          [106.129594025473125, 20.650213609786888],
          [106.129586636714549, 20.650447746933438],
          [106.129541911471421, 20.650630088645293],
          [106.129451276700664, 20.650821494461884],
          [106.129188198837014, 20.651343343054844],
          [106.128828724042506, 20.651900605429685],
          [106.128426599503413, 20.652284770333143],
          [106.128021113592652, 20.652590896613312]
        ]
      }
    },
    {
      "type": "Feature",
      "properties": {
        "ID": "HYE325028nam",
        "Ten_duong": "Quốc lộ 5",
        "Thuoc_huyen": "H. Văn Lâm",
        "Thuoc_tinh": "Hưng Yên",
        "Cap_duong": "Quốc lộ",
        "Loai_duong": "Nhựa",
        "Chieu_dai": "8.04599",
        "Gap_de": "F",
        "Tin_khac": "",
        "layer": "HYE_Quoclo",
        "path": "D:/_Project/4.HungYen/De/De Hung Yen/BD Hung Yen/HYE_Quoclo.TAB"
      },
      "geometry": {
        "type": "LineString",
        "coordinates": [
          [106.020968226942244, 20.94570716973384],
          [106.016345815998761, 20.9477554586332],
          [106.011646511127964, 20.94985865147888],
          [106.006850702699495, 20.951962107895021],
          [106.005764862446284, 20.952466956587912],
          [106.004978978898222, 20.953142141516992],
          [106.004194154995204, 20.953775395963433],
          [106.003847563324058, 20.954054981135734],
          [106.002869047274871, 20.954749450275912],
          [106.000000040137508, 20.957041226389105],
          [105.998965780678319, 20.957834569255613],
          [105.998460519817939, 20.958208672633525],
          [105.997520050554385, 20.958730688982204],
          [105.995824018183995, 20.959798652872085],
          [105.995321974585977, 20.960326860024566],
          [105.995067310954667, 20.960840341210929],
          [105.994476254109841, 20.962032210269047],
          [105.993156950493841, 20.964692480134563],
          [105.992359598878465, 20.966271776284792],
          [105.991661737979982, 20.967654166827678],
          [105.990967186528351, 20.969029759487956],
          [105.990167036794674, 20.97061448323446],
          [105.988961511865469, 20.973002028148262],
          [105.988705893933613, 20.973508368705733],
          [105.988186769762578, 20.974536363093499],
          [105.987572372336274, 20.975837213152957],
          [105.987322396021725, 20.976369087208621],
          [105.9869610807459, 20.9773489123484],
          [105.98633417277361, 20.978696178594586],
          [105.98613537048503, 20.978979843467016],
          [105.985781271756707, 20.979360716311792],
          [105.985725105406971, 20.979421212179073],
          [105.98509950332739, 20.97992869413283],
          [105.984225826819667, 20.980512775701797],
          [105.982840968546796, 20.981481698458403],
          [105.981939760428887, 20.982183378397487],
          [105.981538233247704, 20.982507688169648],
          [105.980443286126643, 20.98343309114027],
          [105.979718681007697, 20.984076463517059],
          [105.979484555633803, 20.984301327829762],
          [105.978677865306807, 20.985133812057558],
          [105.978660484147852, 20.985153336478746],
          [105.977736969434943, 20.986306676676993],
          [105.976080353033922, 20.988135762842763],
          [105.97568415770931, 20.988589224917032],
          [105.973846868406355, 20.990692534341132],
          [105.973584318074998, 20.99113601216267],
          [105.973230290107395, 20.991774619478505],
          [105.972388141276284, 20.993248921482003],
          [105.972088990353214, 20.993761450443291],
          [105.971992223814112, 20.993927427867416],
          [105.971430358200962, 20.994890117525696],
          [105.970390723470715, 20.996671631982636],
          [105.970293051373559, 20.996846919394571],
          [105.970194333070722, 20.997024109999547]
        ]
      }
    },
    {
      "type": "Feature",
      "properties": {
        "ID": "HYE327028bchin",
        "Ten_duong": "Quốc lộ 39",
        "Thuoc_huyen": "H. Yên  Mỹ",
        "Thuoc_tinh": "Hưng Yên",
        "Cap_duong": "Quốc lộ",
        "Loai_duong": "Nhựa",
        "Chieu_dai": "9.89308",
        "Gap_de": "F",
        "Tin_khac": "",
        "layer": "HYE_Quoclo",
        "path": "D:/_Project/4.HungYen/De/De Hung Yen/BD Hung Yen/HYE_Quoclo.TAB"
      },
      "geometry": {
        "type": "LineString",
        "coordinates": [
          [106.014602582880656, 20.85606084973476],
          [106.015210445248442, 20.856536629052876],
          [106.016332204461989, 20.857291781505012],
          [106.01711656850506, 20.857784755755606],
          [106.018078583291938, 20.858466308620294],
          [106.019521717018606, 20.859524178071272],
          [106.02062355024556, 20.860382505424457],
          [106.02209715228868, 20.861548586535584],
          [106.022657216013926, 20.862070519275399],
          [106.023177591320092, 20.862635873209083],
          [106.023584248041047, 20.863142728207357],
          [106.024086487934596, 20.863811002500139],
          [106.024468757806531, 20.864448733245705],
          [106.024787848234226, 20.86503940912382],
          [106.025108050692765, 20.865807880593284],
          [106.025306779545588, 20.866310374728553],
          [106.025548446964194, 20.866652606650721],
          [106.025827986507437, 20.866994611145934],
          [106.026220700993889, 20.867384452767315],
          [106.026741599769537, 20.867937233027877],
          [106.02730618884749, 20.868496796291502],
          [106.027712379031229, 20.868944736677381],
          [106.028008668420512, 20.869274801138786],
          [106.028182579830698, 20.86940521096346],
          [106.030980450477998, 20.871500504258368],
          [106.034283372243209, 20.873359601151666],
          [106.035062543364816, 20.874070254227536],
          [106.035319910207477, 20.874580240051326],
          [106.035931064882377, 20.876076747327666],
          [106.039682771061493, 20.886188160677936],
          [106.044236263040318, 20.89171481904722],
          [106.045415831452885, 20.892790320256449],
          [106.048143121068051, 20.895007702076978],
          [106.05017018653659, 20.896671453094381],
          [106.051330439034246, 20.897626145471047],
          [106.051839892507246, 20.89810844073298],
          [106.052418594341859, 20.89877316846562],
          [106.052799837586647, 20.899577791785205],
          [106.053186910109829, 20.900624686301626],
          [106.053718034837303, 20.90229425990395],
          [106.055238774996184, 20.906873819893967],
          [106.058389479394407, 20.916263851878032],
          [106.060513333384165, 20.922525278279586],
          [106.062436483865895, 20.928280716466123],
          [106.062851647909199, 20.929553540683671]
        ]
      }
    },
    {
      "type": "Feature",
      "properties": {
        "ID": "HYE329028btam",
        "Ten_duong": "Quốc lộ 38",
        "Thuoc_huyen": "H. Ân Thi",
        "Thuoc_tinh": "Hưng Yên",
        "Cap_duong": "Quốc lộ",
        "Loai_duong": "Nhựa",
        "Chieu_dai": "14.4136",
        "Gap_de": "F",
        "Tin_khac": "",
        "layer": "HYE_Quoclo",
        "path": "D:/_Project/4.HungYen/De/De Hung Yen/BD Hung Yen/HYE_Quoclo.TAB"
      },
      "geometry": {
        "type": "MultiLineString",
        "coordinates": [
          [
            [106.063256177113516, 20.796936832577334],
            [106.064033314972448, 20.797287891630024],
            [106.064814685331527, 20.797748692200255],
            [106.065642453650881, 20.798098254913722],
            [106.066636158422696, 20.798557818232485],
            [106.068776109296323, 20.799401621289352],
            [106.070999235361981, 20.800319594201355],
            [106.071806944238674, 20.801157846112115],
            [106.072970233875452, 20.802237264076496],
            [106.073636630416772, 20.80307584813411],
            [106.074707170916085, 20.804377634401902],
            [106.076301531150762, 20.806363664173617],
            [106.077706066668199, 20.808173429520522],
            [106.078679960893282, 20.80914313924788],
            [106.079619719620212, 20.810282999377286],
            [106.081689781669283, 20.812799562938466],
            [106.082629723673165, 20.813958647003354],
            [106.083081188273155, 20.814421802189951],
            [106.083436238309815, 20.814596999259795],
            [106.084169344312457, 20.814858706281829],
            [106.084765269600013, 20.815742498808646],
            [106.085578096847499, 20.817246226641739],
            [106.086665518650719, 20.819225327593095],
            [106.088083556660493, 20.819615753608172],
            [106.089926978295182, 20.820136724084161],
            [106.091274119542632, 20.82046089837117],
            [106.091960405474637, 20.820767047560249],
            [106.092340876725928, 20.821186087777907],
            [106.092392469426741, 20.821784662755018],
            [106.092670943212639, 20.824422526815042],
            [106.093135510300812, 20.828317540621637],
            [106.093466473631054, 20.830035434727055],
            [106.094118388955437, 20.832095315606868],
            [106.094611579187898, 20.833412660699672],
            [106.094905248808075, 20.834314694405546],
            [106.094984770956529, 20.83469327728946],
            [106.095160913141441, 20.835143519176516],
            [106.09535630982748, 20.835611616534443],
            [106.095628455694694, 20.836061243982652],
            [106.095880633699778, 20.836420652858173],
            [106.096266827383531, 20.836707017512072],
            [106.096593795294069, 20.836777201544596],
            [106.097035984255569, 20.836846556812318],
            [106.097555183573277, 20.836933577060954],
            [106.098439597728373, 20.837090259968459],
            [106.099228371238326, 20.837283870905488],
            [106.099671087489298, 20.837425492430555],
            [106.10022016167386, 20.837668972088846],
            [106.10070250147929, 20.8379729585719],
            [106.100954399117086, 20.838278515110623],
            [106.101110294317039, 20.838584597990778],
            [106.101247925710439, 20.839035351127837],
            [106.101443612047902, 20.839539938197788],
            [106.101657336991892, 20.839881877186567],
            [106.102083999938969, 20.840457254207042],
            [106.10267660279051, 20.841383819270071],
            [106.103297294190014, 20.84224695908846],
            [106.104016035686371, 20.84336243180126],
            [106.105405169053768, 20.845548415538254],
            [106.105745400409106, 20.846115395580807],
            [106.106172493380797, 20.846744965232475],
            [106.106910402664639, 20.847860209434511],
            [106.107104798499606, 20.848184105895459],
            [106.107669359741578, 20.849210211758454],
            [106.108262238304945, 20.850191049729958],
            [106.108670661452535, 20.850892918790539],
            [106.109097744375234, 20.851504410818663],
            [106.109659622065692, 20.852187213944806],
            [106.111743477789574, 20.854784221558344],
            [106.112615396099613, 20.855826471254538],
            [106.113109527613503, 20.856428481468956],
            [106.113515730275651, 20.856823268151121],
            [106.113999222566321, 20.857271757901515],
            [106.114481652587173, 20.857575700836062],
            [106.115022054450051, 20.857933471790282],
            [106.115503956153304, 20.858165229352423],
            [106.11598522919877, 20.858324623164926],
            [106.116467266902504, 20.858574446029589],
            [106.116631997053531, 20.858781074845385],
            [106.116807836587626, 20.859177446003091],
            [106.117199238099246, 20.860168506783943],
            [106.117608532176035, 20.860978759449008],
            [106.118152789972214, 20.861842336211822],
            [106.118628105026787, 20.862480679747904],
            [106.119558891245418, 20.863684945064296],
            [106.120391531959484, 20.864600833719159],
            [106.12092453386694, 20.865238701934256],
            [106.121293139405978, 20.865742218556662],
            [106.121953118921397, 20.866677208507305],
            [106.122672924488256, 20.867900996856864],
            [106.123498173837547, 20.86909698576552],
            [106.124137749881584, 20.86986956952374],
            [106.124992097080735, 20.871110440936768],
            [106.125699578631384, 20.871963881773411],
            [106.126417017615182, 20.872862516429201],
            [106.1269791903716, 20.873563412268478],
            [106.127484157180362, 20.874300730576632],
            [106.127882885616728, 20.874957527804419],
            [106.1285049046122, 20.875947035769144],
            [106.129012452455811, 20.877027641267173],
            [106.130292194196386, 20.879918707972401],
            [106.131688151446156, 20.882917496934095],
            [106.133122521003017, 20.885915926421525],
            [106.134566359328872, 20.888887174486509],
            [106.134937785491715, 20.889751834304729],
            [106.135367262513341, 20.890652245273468],
            [106.135544685800909, 20.891247249015798],
            [106.135625435329018, 20.891770619274013],
            [106.135582193559188, 20.892412260748497],
            [106.135453682995049, 20.893207963552708],
            [106.135398487993967, 20.893551457810783],
            [106.136054660037416, 20.893926363395536],
            [106.136979582919182, 20.894281319695548],
            [106.137076749294678, 20.894354032880056]
          ],
          [
            [106.059114129418489, 20.795211704742087],
            [106.059705084615857, 20.795429858235899],
            [106.060324214347773, 20.795706199689658]
          ],
          [
            [106.060325467084979, 20.795706734030684],
            [106.060391004456946, 20.795736053208419],
            [106.061124659988167, 20.7961084455074],
            [106.061802070963026, 20.796364906041656],
            [106.062046755668405, 20.796457442933903],
            [106.063016184517323, 20.796828548038444],
            [106.063257237089871, 20.796937277743655]
          ]
        ]
      }
    },
    {
      "type": "Feature",
      "properties": {
        "ID": "HYE323028bchin",
        "Ten_duong": "Quốc lộ 39",
        "Thuoc_huyen": "TX. Hưng Yên",
        "Thuoc_tinh": "Hưng Yên",
        "Cap_duong": "Quốc lộ",
        "Loai_duong": "Nhựa",
        "Chieu_dai": "2.55518",
        "Gap_de": "T",
        "Tin_khac": "",
        "layer": "HYE_Quoclo",
        "path": "D:/_Project/4.HungYen/De/De Hung Yen/BD Hung Yen/HYE_Quoclo.TAB"
      },
      "geometry": {
        "type": "LineString",
        "coordinates": [
          [106.034178883433754, 20.642971083979763],
          [106.034761787951879, 20.643100133174222],
          [106.035076470504933, 20.643165014655168],
          [106.035675928892061, 20.643371390605388],
          [106.036519630802587, 20.643728897620164],
          [106.037760094495098, 20.644293896404253],
          [106.038217445063438, 20.644462899827065],
          [106.03924277154151, 20.644695341774984],
          [106.039542275085012, 20.644771599914908],
          [106.040141321972499, 20.644901617468868],
          [106.041811002709593, 20.645235235863623],
          [106.046395197486262, 20.646100244402312],
          [106.046242348838902, 20.646500783734847],
          [106.046021324627745, 20.647388625859069],
          [106.045954272383682, 20.647857671470977],
          [106.04578976507247, 20.649122286670444],
          [106.045630725888017, 20.650386778155731],
          [106.0456229024972, 20.650814807752994],
          [106.045715941883586, 20.650987442634232],
          [106.045825159449024, 20.651139650939953],
          [106.045987744329906, 20.651179412888705],
          [106.046269042504676, 20.651187917124066],
          [106.04669095484067, 20.651195568121903],
          [106.046940185970556, 20.651245013032757],
          [106.047233585775686, 20.651436759873],
          [106.047310712063805, 20.651640118588379],
          [106.047311899014417, 20.651813400263503],
          [106.047303984472038, 20.652241430251053],
          [106.047306706252954, 20.652638767449037],
          [106.047072574087849, 20.653995419134336],
          [106.046988229446896, 20.654321999443582],
          [106.046646419577201, 20.655920896287782]
        ]
      }
    },
    {
      "type": "Feature",
      "properties": {
        "ID": "HYE332028bchin",
        "Ten_duong": "Quốc lộ 39",
        "Thuoc_huyen": "H. Tiên Lữ",
        "Thuoc_tinh": "Hưng Yên",
        "Cap_duong": "Quốc lộ",
        "Loai_duong": "Nhựa",
        "Chieu_dai": "5.28198",
        "Gap_de": "T",
        "Tin_khac": "",
        "layer": "HYE_Quoclo",
        "path": "D:/_Project/4.HungYen/De/De Hung Yen/BD Hung Yen/HYE_Quoclo.TAB"
      },
      "geometry": {
        "type": "LineString",
        "coordinates": [
          [106.128021113592652, 20.652590896613312],
          [106.127685116255776, 20.652844528085566],
          [106.12674858944807, 20.653795674513631],
          [106.12605377096223, 20.654424507412177],
          [106.125499884695088, 20.654835676171352],
          [106.125086933933744, 20.655003071751207],
          [106.124544822706056, 20.655136614974168],
          [106.124002647341484, 20.655261573984287],
          [106.123625626858839, 20.655316069424956],
          [106.123106293956923, 20.655414766636451],
          [106.122566761668992, 20.655638543626701],
          [106.121261777064973, 20.655829800948123],
          [106.120721962205067, 20.655884715542772],
          [106.120286494764343, 20.65583613604008],
          [106.119931892856286, 20.655714933614217],
          [106.119760461671078, 20.655623530850558],
          [106.119341292694088, 20.655218243235687],
          [106.118647446433229, 20.654384863960402],
          [106.117967639046782, 20.653409455226637],
          [106.117349370985764, 20.652999308417144],
          [106.116294589145781, 20.652671489049858],
          [106.114516275407723, 20.652159602132066],
          [106.112658145166222, 20.651625714549763],
          [106.111210528821815, 20.651207247530923],
          [106.110891223388876, 20.651027253411328],
          [106.110423786522219, 20.65071124531276],
          [106.10996450034483, 20.65026165006347],
          [106.109037396919788, 20.649376152785948],
          [106.107986151238066, 20.648404713499666],
          [106.107557183577043, 20.648084023009808],
          [106.106666939980045, 20.647818510428657],
          [106.105550610303141, 20.647745255284576],
          [106.104322386495852, 20.647635033923908],
          [106.103465095073773, 20.647532280582084],
          [106.102826902434288, 20.647398669848787],
          [106.101968832437947, 20.647187587228249],
          [106.101351069720039, 20.646984995636018],
          [106.101146837197703, 20.646907515593291],
          [106.099461008327566, 20.646347536352071],
          [106.097823465722968, 20.645974162352712],
          [106.096526203993264, 20.645697090178921],
          [106.095349788449994, 20.645527387487906],
          [106.09455603084578, 20.645542270489074],
          [106.093992253944961, 20.645585236141073],
          [106.093313873273644, 20.645668317518442],
          [106.092286284770921, 20.645841966530725],
          [106.091336750504695, 20.646005448809632],
          [106.090710603664505, 20.6460783419015],
          [106.09034492837452, 20.646080652188104],
          [106.090104485429976, 20.646052627107192],
          [106.089842979062041, 20.646005038849889],
          [106.089262292198001, 20.645870923767561],
          [106.088279040904524, 20.64568043840351],
          [106.08786104030105, 20.645653529517102],
          [106.087223915044035, 20.645667391620702],
          [106.086634237743112, 20.645739949882714],
          [106.086237763612786, 20.645811380790771],
          [106.085820740255585, 20.645922151074707],
          [106.085508350523057, 20.646061896514311],
          [106.084820825080712, 20.646331841840976],
          [106.08415926485813, 20.646582106262571],
          [106.083898595833347, 20.646652588508697],
          [106.083179009051975, 20.646814491922665],
          [106.082688636890325, 20.646896351995903],
          [106.082035598897377, 20.646900447033207]
        ]
      }
    },
    {
      "type": "Feature",
      "properties": {
        "ID": "",
        "Ten_duong": "Quốc lộ 5",
        "Thuoc_huyen": "",
        "Thuoc_tinh": "",
        "Cap_duong": "Quốc lộ",
        "Loai_duong": "Nhựa",
        "Chieu_dai": "0.7984",
        "Gap_de": "F",
        "Tin_khac": "",
        "layer": "HYE_Quoclo",
        "path": "D:/_Project/4.HungYen/De/De Hung Yen/BD Hung Yen/HYE_Quoclo.TAB"
      },
      "geometry": {
        "type": "LineString",
        "coordinates": [
          [105.970194333070722, 20.997024109999547],
          [105.969968553784994, 20.997429246747181],
          [105.969824286248539, 20.997689273646817],
          [105.969526132352001, 20.998105573379199],
          [105.968962196442817, 20.998588254553656],
          [105.966971787218, 20.999999947755473],
          [105.965645617757815, 21.000939403457465],
          [105.964514379155432, 21.00176291399157]
        ]
      }
    },
    {
      "type": "Feature",
      "properties": {
        "ID": "TBI336028muoi",
        "Ten_duong": "Quốc lộ 10",
        "Thuoc_huyen": "TP. Thái Bình",
        "Thuoc_tinh": "Thái Bình",
        "Cap_duong": "Quốc lộ",
        "Loai_duong": "Đường Nhựa",
        "Chieu_dai": "9.10898",
        "Gap_de": "F",
        "Tin_khac": "",
        "layer": "TBI_Quoclo",
        "path": "D:/_Project/4.HungYen/De/De Thai Binh/BD Thai Binh/TBI_Quoclo.TAB"
      },
      "geometry": {
        "type": "MultiLineString",
        "coordinates": [
          [
            [106.298522566700754, 20.437684824958549],
            [106.298837857999814, 20.437702438510826],
            [106.300725714066076, 20.437846714003715],
            [106.302845739577393, 20.438039643304265],
            [106.304956277216846, 20.43817542955804],
            [106.307112224038576, 20.438376348733669],
            [106.309268313294154, 20.438593592182873],
            [106.311424311149665, 20.438810809300204],
            [106.313589419083485, 20.439028020981368],
            [106.315754434853886, 20.439245115767676],
            [106.317027384571787, 20.439358355241957],
            [106.318112104112913, 20.439473011065154],
            [106.31888310249181, 20.439540980983015],
            [106.31972999676573, 20.439595904434128],
            [106.320514954121563, 20.440781949999089],
            [106.321148879585877, 20.441588157140426],
            [106.321493625467255, 20.442101584650953],
            [106.321952174241204, 20.442831243507811],
            [106.322197418496373, 20.443230778653376],
            [106.322460052748937, 20.443556550845461],
            [106.322713187228018, 20.443824936012525],
            [106.323001861937513, 20.444068476970994],
            [106.323385112339807, 20.444364601046104],
            [106.325860054889077, 20.446242168157404],
            [106.328335339440343, 20.448152579325232],
            [106.33081983490986, 20.450079233682672],
            [106.332565148527976, 20.451470716526899],
            [106.33382444478606, 20.452432800601979],
            [106.335090425695725, 20.453412350042292],
            [106.336336365203806, 20.454367018223106],
            [106.337348612363328, 20.455154441123611],
            [106.338581202329365, 20.456102960646064],
            [106.339773594275627, 20.457001639710452],
            [106.340539963948913, 20.457608081278753],
            [106.340650835591362, 20.457692330028291],
            [106.340678432530424, 20.457713257621172],
            [106.341006418376253, 20.457962696340839],
            [106.34223948679562, 20.458961143628333],
            [106.343273146558914, 20.459911162011601],
            [106.344333274482906, 20.460860968902981],
            [106.34475190162388, 20.461302310769046],
            [106.345274472780801, 20.461868062957514],
            [106.345525271928565, 20.462091438205928],
            [106.34563218718263, 20.462172009997236],
            [106.345832162321699, 20.4622832104974],
            [106.346824868332902, 20.462720102262612],
            [106.348378874492482, 20.463215243644839],
            [106.349939448535565, 20.463703995609865],
            [106.351540989997005, 20.464206598430877],
            [106.351911436182291, 20.465196316456524],
            [106.352509081658425, 20.466919205663995],
            [106.353117582232144, 20.468632069629379],
            [106.353445259475677, 20.469475579689771],
            [106.354154327039069, 20.471372135496683],
            [106.354511600168664, 20.472375047910283],
            [106.355241626491321, 20.4742860695758],
            [106.355492278355754, 20.474936208861497],
            [106.355626356624796, 20.475313518496929],
            [106.355694000902403, 20.475581941192317],
            [106.355695924580317, 20.475800917026177],
            [106.355666043217553, 20.476109851332851],
            [106.355534334977378, 20.476613636211923],
            [106.355346895519446, 20.477168537991677],
            [106.355117347756646, 20.477906712068258],
            [106.355091739415499, 20.478091030305468],
            [106.355103891987326, 20.478230334392716],
            [106.355137892888692, 20.478379405783944],
            [106.355325883595754, 20.478716544124538],
            [106.355799339297889, 20.479300258799224],
            [106.356118791095824, 20.479715962177195],
            [106.35640022158104, 20.48014686823964],
            [106.356864684744707, 20.480949821037068],
            [106.357350125159243, 20.481662898145686],
            [106.357719151323849, 20.482132958342557],
            [106.35812645811454, 20.482627652928414],
            [106.358335695975612, 20.482904814374365],
            [106.358413487904912, 20.483083445847019],
            [106.358455783624052, 20.483161442155357]
          ],
          [
            [106.358674117603229, 20.488084489140121],
            [106.358696669459675, 20.48889215577093],
            [106.358696678214713, 20.4888931494704],
            [106.358730324423149, 20.490263472841427]
          ]
        ]
      }
    },
    {
      "type": "Feature",
      "properties": {
        "ID": "TBI340028muoi",
        "Ten_duong": "Quốc lộ 10",
        "Thuoc_huyen": "H. Đông Hưng",
        "Thuoc_tinh": "Thái Bình",
        "Cap_duong": "Quốc lộ",
        "Loai_duong": "Đường Nhựa",
        "Chieu_dai": "12.243",
        "Gap_de": "F",
        "Tin_khac": "",
        "layer": "TBI_Quoclo",
        "path": "D:/_Project/4.HungYen/De/De Thai Binh/BD Thai Binh/TBI_Quoclo.TAB"
      },
      "geometry": {
        "type": "MultiLineString",
        "coordinates": [
          [
            [106.358730324423149, 20.490263472841427],
            [106.358756091867605, 20.491316213335509],
            [106.358785759341956, 20.492202150907321],
            [106.358864756552649, 20.494377070377762],
            [106.358944381017494, 20.496611790989231],
            [106.358991140056744, 20.498826802492967],
            [106.358985184772408, 20.500000035907149],
            [106.358993530542506, 20.50222953099383],
            [106.359021313927286, 20.503096690840263],
            [106.359042043366969, 20.503620604749212],
            [106.359065775661009, 20.504930654477768],
            [106.359089509064958, 20.506240703988414],
            [106.359097269664446, 20.507587828392989],
            [106.359129645103636, 20.508964211422402],
            [106.359149313344417, 20.509824026004047],
            [106.359151396883917, 20.510060164515949],
            [106.359173224791732, 20.510240949222926],
            [106.359320797523964, 20.510490673937717],
            [106.359508478583862, 20.51071072303052],
            [106.359687617746076, 20.510886390408224],
            [106.35988263706146, 20.511025163819838],
            [106.360304857941429, 20.511287551175037],
            [106.360613873302242, 20.511543597721012],
            [106.360789507230294, 20.511767263059831],
            [106.360977714001578, 20.512046390063368],
            [106.36108492414057, 20.512296429573059],
            [106.361118476988395, 20.512436467886683],
            [106.361128031363577, 20.512606146010636],
            [106.36113771670189, 20.512790639229586],
            [106.361137701322662, 20.513244609083646],
            [106.361040991569638, 20.514182849033361],
            [106.360854300311445, 20.51544287093602],
            [106.360657269962445, 20.516444685310741],
            [106.360611259200681, 20.516718060330827],
            [106.360493367215355, 20.51754941049294],
            [106.360400990071227, 20.518066892341988],
            [106.360151062478167, 20.51947511883526],
            [106.359893045107469, 20.520890726113745],
            [106.359635022993288, 20.52230624271516],
            [106.359499692438163, 20.52344416953725],
            [106.35941749843515, 20.523996894834664],
            [106.35935092240517, 20.524884757477484],
            [106.359359544614009, 20.525404970437354],
            [106.359415142678102, 20.52621662031272],
            [106.359462147440979, 20.526500468263041],
            [106.359480017837157, 20.526699622957189],
            [106.359568845082293, 20.527614182835311],
            [106.359885588325994, 20.529641686674378],
            [106.359920679246969, 20.529966191340915],
            [106.359955800785443, 20.530283287689446],
            [106.359923142507938, 20.530700653295483],
            [106.359802531306372, 20.531214561634652],
            [106.359676655080364, 20.53159941233567],
            [106.359195542573914, 20.532895076537343],
            [106.358705440988956, 20.533640717016954],
            [106.35838679292084, 20.53414515468863],
            [106.358272471313384, 20.534459808525018],
            [106.35808700104694, 20.535406059274212],
            [106.357763429664317, 20.53671150762823],
            [106.357480065520448, 20.538009142198202],
            [106.357313488030115, 20.538804011577607],
            [106.357189293619101, 20.539380734183371],
            [106.356857065877449, 20.54061975705827],
            [106.356650502045341, 20.541481340332204],
            [106.356565797701165, 20.54194699403687],
            [106.356339065897714, 20.543251682044758],
            [106.356169109121254, 20.544577968927332],
            [106.356020358904772, 20.545579400286901],
            [106.355934609860668, 20.545926984779477],
            [106.355530509920939, 20.547262511056804],
            [106.355203127186115, 20.548161987807369],
            [106.354900418723645, 20.548629345699112],
            [106.354625972598697, 20.549115002292314],
            [106.354435525360429, 20.54950035459019],
            [106.354319302545136, 20.550047561572459],
            [106.354201296851699, 20.550871500154337],
            [106.354052719658242, 20.551426277566037],
            [106.353754167991838, 20.552834875182388],
            [106.353559887262207, 20.554168757834951],
            [106.353341335131731, 20.555480696066475],
            [106.353106019810738, 20.556741089322387],
            [106.352975045644015, 20.558010514530469],
            [106.352809404599242, 20.558916132013877],
            [106.352731863603978, 20.559293192850799],
            [106.352533701332391, 20.560176839953662],
            [106.35240798226333, 20.560583818743815],
            [106.352349832133868, 20.560853763058606],
            [106.35233440181041, 20.560942418722835],
            [106.352335246339976, 20.561038355346593],
            [106.352368380587947, 20.561119314077558],
            [106.352443011333051, 20.561228677502996],
            [106.353067955458854, 20.561894494879969],
            [106.353178669923011, 20.562081902499806],
            [106.353245821947439, 20.562376615346153],
            [106.353592457087018, 20.563200625550991],
            [106.354343695949197, 20.56457879012423],
            [106.355215898140884, 20.565933870100359],
            [106.355464854775562, 20.566230952984171],
            [106.356282750949489, 20.567376045412249],
            [106.357032631907273, 20.568584453925688],
            [106.357758879396471, 20.569874261068193],
            [106.358387671720862, 20.571098427950833],
            [106.358498399010685, 20.571285740904681],
            [106.359008808124898, 20.572366829104027],
            [106.359670962928647, 20.573716212675567],
            [106.360518827351598, 20.575495876015452],
            [106.360962810740816, 20.576363369106907],
            [106.361147107570048, 20.576646134534837],
            [106.361698200843549, 20.577756343785769],
            [106.362440977339631, 20.579082855292338],
            [106.362922259639333, 20.580064511045425],
            [106.363103683307173, 20.580476484883786],
            [106.363765548545061, 20.581774084770153],
            [106.364386974583525, 20.583064682617138],
            [106.364637224121253, 20.583501858932774],
            [106.365137563159152, 20.584346940850455],
            [106.365867722703186, 20.585596020346976],
            [106.366171605073077, 20.586161958658629],
            [106.366615523834199, 20.587014798403523],
            [106.367310238364894, 20.588363706384246],
            [106.367743194139479, 20.589287456643184],
            [106.368172359961804, 20.590226683806499]
          ],
          [
            [106.368916165146118, 20.591773042507903],
            [106.368954674186554, 20.59185241871004]
          ],
          [
            [106.358455783624052, 20.483161442155357],
            [106.35851094140132, 20.483262917289515],
            [106.358572392660108, 20.483436707606142],
            [106.358576513969226, 20.483904650024282],
            [106.358601114472805, 20.485467655391037],
            [106.3586568558311, 20.487463699796582],
            [106.358674117603229, 20.488084489140121]
          ]
        ]
      }
    },
    {
      "type": "Feature",
      "properties": {
        "ID": "TBI338028muoi",
        "Ten_duong": "Quốc lộ 10",
        "Thuoc_huyen": "H. Quỳnh Phụ",
        "Thuoc_tinh": "Thái Bình",
        "Cap_duong": "Quốc lộ",
        "Loai_duong": "Đường Nhựa",
        "Chieu_dai": "10.9592",
        "Gap_de": "F",
        "Tin_khac": "",
        "layer": "TBI_Quoclo",
        "path": "D:/_Project/4.HungYen/De/De Thai Binh/BD Thai Binh/TBI_Quoclo.TAB"
      },
      "geometry": {
        "type": "MultiLineString",
        "coordinates": [
          [
            [106.368954674186554, 20.59185241871004],
            [106.369894543017182, 20.593789752721126],
            [106.371065083135662, 20.595952369117324],
            [106.372127230526687, 20.598178170921162],
            [106.37307462651853, 20.600057514137792],
            [106.373286461306137, 20.600602304764198],
            [106.374416682510244, 20.602815080463664],
            [106.375214973298796, 20.604495127033363],
            [106.376240744584706, 20.606427848198393],
            [106.376913637712576, 20.607762696553237],
            [106.377372385872093, 20.60876724553016],
            [106.378489095762944, 20.610968079165094],
            [106.378953613600629, 20.611854410895411],
            [106.379661665460816, 20.613305323756315],
            [106.380153672302811, 20.614216456271897],
            [106.381092468034041, 20.6155658730213],
            [106.381513784908663, 20.616191185816636],
            [106.383040584689084, 20.61846061444912],
            [106.384772206920303, 20.620783221945995],
            [106.385938501392189, 20.622386266551505],
            [106.386380465877565, 20.623030190283188],
            [106.38695180206895, 20.623654463902806],
            [106.388258884069387, 20.624915234495603],
            [106.388718277407065, 20.625204154298444],
            [106.39198225311263, 20.627332317198523],
            [106.393060969490747, 20.62806070615142],
            [106.395420049726226, 20.629801488447118],
            [106.39606352606782, 20.630226849022826],
            [106.39642820055974, 20.63045959802843],
            [106.396825719458761, 20.63070545088603],
            [106.397537473680757, 20.630998537523137],
            [106.398852168117102, 20.631647917585418],
            [106.399612607365796, 20.632058946205646],
            [106.400586914312456, 20.632748471274709],
            [106.401150069793005, 20.633192169481841],
            [106.402044021016025, 20.634044226582272],
            [106.402932612780944, 20.635064263772975],
            [106.403967479190868, 20.636388545195004],
            [106.405174350604298, 20.637891737640853],
            [106.40556054533296, 20.638374260426769],
            [106.405890062221999, 20.638620644052356],
            [106.406614396988033, 20.639044580408953],
            [106.408633637350505, 20.63998851741712],
            [106.409615685671142, 20.640529314604905],
            [106.409994163589417, 20.64081793026002],
            [106.410524500105183, 20.641276588051401],
            [106.411870354392875, 20.642552020549843],
            [106.412343105452464, 20.642874007749203],
            [106.413127417412866, 20.643376470942552],
            [106.414356688357159, 20.644224537060911],
            [106.416152593974914, 20.64539388987497],
            [106.417211277151736, 20.646088762867283],
            [106.419036794243766, 20.64740382827533],
            [106.420540156637941, 20.648429729102752],
            [106.422487560870465, 20.649718004790021],
            [106.425040014454595, 20.65139595231599],
            [106.427687342053432, 20.653175969991604],
            [106.429399623339734, 20.654423195318738],
            [106.431884350905378, 20.656652118445745],
            [106.434867432470725, 20.659141549364158],
            [106.436079006493443, 20.660092489611241],
            [106.437357094807155, 20.661102941379426],
            [106.437628372950726, 20.661310537082983]
          ],
          [
            [106.368172359961804, 20.590226683806499],
            [106.368173827155559, 20.590229834146623],
            [106.368916165146118, 20.591773042507903]
          ]
        ]
      }
    },
    {
      "type": "Feature",
      "properties": {
        "ID": "TBI344028muoi",
        "Ten_duong": "Quốc lộ 10",
        "Thuoc_huyen": "H. Vũ Thư",
        "Thuoc_tinh": "Thái Bình",
        "Cap_duong": "Quốc lộ",
        "Loai_duong": "Đường Nhựa",
        "Chieu_dai": "8.36338",
        "Gap_de": "F",
        "Tin_khac": "",
        "layer": "TBI_Quoclo",
        "path": "D:/_Project/4.HungYen/De/De Thai Binh/BD Thai Binh/TBI_Quoclo.TAB"
      },
      "geometry": {
        "type": "LineString",
        "coordinates": [
          [106.219753886331247, 20.443973813755122],
          [106.22253126493878, 20.442440744640848],
          [106.224775119857611, 20.441202756930327],
          [106.226172876147714, 20.44042478711922],
          [106.227653313369999, 20.4397887903006],
          [106.230773339719278, 20.439490292979723],
          [106.234184946462463, 20.439134471052562],
          [106.234547082142143, 20.439076610596469],
          [106.236821800403632, 20.438876153351483],
          [106.237253129443971, 20.438841285636766],
          [106.238475135298714, 20.438784891209817],
          [106.239630263323406, 20.43867195609867],
          [106.242105738724078, 20.43839618741104],
          [106.244833673041526, 20.438192481516193],
          [106.24747197056567, 20.43811829949982],
          [106.249999947512578, 20.438009183266853],
          [106.251053591631035, 20.43793638293787],
          [106.253940529304529, 20.437723170615229],
          [106.256487416105813, 20.437536849680299],
          [106.258980327287347, 20.437326308110947],
          [106.261473363712128, 20.437132173125267],
          [106.263510079056289, 20.436998504706825],
          [106.266415993466154, 20.436907728751208],
          [106.269321902329693, 20.436816994785268],
          [106.272227804157197, 20.436726122129485],
          [106.275133604584241, 20.436635292166915],
          [106.27801238742579, 20.436511726512183],
          [106.279042046570368, 20.436463146319465],
          [106.280738397365482, 20.436331868418229],
          [106.281373823466751, 20.436269912787427],
          [106.283269323354361, 20.436391104374245],
          [106.285640243963883, 20.436607149926907],
          [106.288297648991943, 20.436788066649736],
          [106.290399937970804, 20.437006034876404],
          [106.292860618934469, 20.437237577660778],
          [106.295321237834912, 20.437461045057258],
          [106.297781516793066, 20.437643372983544],
          [106.298522566700754, 20.437684824958549]
        ]
      }
    },
    {
      "type": "Feature",
      "properties": {
        "ID": "TBI336028",
        "Ten_duong": "Đường vành đai",
        "Thuoc_huyen": "TP. Thái Bình",
        "Thuoc_tinh": "Thái Bình",
        "Cap_duong": "Quốc lộ",
        "Loai_duong": "Đường Nhựa",
        "Chieu_dai": "5.21687",
        "Gap_de": "F",
        "Tin_khac": "",
        "layer": "TBI_Quoclo",
        "path": "D:/_Project/4.HungYen/De/De Thai Binh/BD Thai Binh/TBI_Quoclo.TAB"
      },
      "geometry": {
        "type": "MultiLineString",
        "coordinates": [
          [
            [106.358696678214713, 20.4888931494704],
            [106.357932069567269, 20.488338643892003],
            [106.346947715594524, 20.480940257970854],
            [106.33205652894307, 20.477838480287915]
          ],
          [
            [106.308290675992097, 20.459472745243538],
            [106.299633882199544, 20.447555716385928],
            [106.298860931825757, 20.446917602698573],
            [106.297494438881785, 20.446686488409124],
            [106.296469643249637, 20.446533133724984],
            [106.295446198543416, 20.446540757127604],
            [106.294955572837182, 20.44658000537294]
          ]
        ]
      }
    },
    {
      "type": "Feature",
      "properties": {
        "ID": "TBI344028",
        "Ten_duong": "Đường vành đai",
        "Thuoc_huyen": "H. Vũ Thư",
        "Thuoc_tinh": "Thái Bình",
        "Cap_duong": "Quốc lộ",
        "Loai_duong": "Đường Nhựa",
        "Chieu_dai": "7.00258",
        "Gap_de": "F",
        "Tin_khac": "",
        "layer": "TBI_Quoclo",
        "path": "D:/_Project/4.HungYen/De/De Thai Binh/BD Thai Binh/TBI_Quoclo.TAB"
      },
      "geometry": {
        "type": "MultiLineString",
        "coordinates": [
          [
            [106.294955572837182, 20.44658000537294],
            [106.293230240112777, 20.446718237047232],
            [106.276491985843606, 20.446508385466391],
            [106.274094308907038, 20.446575921257818],
            [106.272381043226304, 20.446588368845472],
            [106.270636393581256, 20.445978097345616],
            [106.269555569779726, 20.442746290421862],
            [106.268617417165245, 20.436839025620813]
          ],
          [
            [106.33205652894307, 20.477838480287915],
            [106.320926899553641, 20.475519396821369],
            [106.319555214995418, 20.474725035497695],
            [106.318867363825134, 20.474086557448519],
            [106.318177456011227, 20.473206602905496],
            [106.31757208979397, 20.472245507910046],
            [106.31603107026757, 20.470126151217009],
            [106.308290675992097, 20.459472745243538]
          ]
        ]
      }
    },
    {
      "type": "Feature",
      "properties": {
        "ID": "TBI339028bchin",
        "Ten_duong": "Quốc lộ 39",
        "Thuoc_huyen": "H. Hưng Hà",
        "Thuoc_tinh": "Thái Bình",
        "Cap_duong": "Quốc lộ",
        "Loai_duong": "Đường Nhựa",
        "Chieu_dai": "19.2178",
        "Gap_de": "F",
        "Tin_khac": "",
        "layer": "TBI_Quoclo",
        "path": "D:/_Project/4.HungYen/De/De Thai Binh/BD Thai Binh/TBI_Quoclo.TAB"
      },
      "geometry": {
        "type": "LineString",
        "coordinates": [
          [106.2592831061162, 20.567015368300265],
          [106.259258931069937, 20.567026927527579],
          [106.258512659537573, 20.567419298919845],
          [106.255073367503883, 20.569066490979573],
          [106.252467206859592, 20.570202294741591],
          [106.249999993825767, 20.571748487306095],
          [106.249463193817533, 20.5722003818769],
          [106.249133135584472, 20.572441454522576],
          [106.248967864745225, 20.57258539164669],
          [106.248518652125938, 20.572896617234026],
          [106.248328500258623, 20.573048231850535],
          [106.247825092422232, 20.573372404473353],
          [106.247304205144403, 20.573800688456938],
          [106.246611700615077, 20.5746200446034],
          [106.2462932848169, 20.575055630939445],
          [106.245389909469424, 20.576537553423346],
          [106.245167736806749, 20.57692926058353],
          [106.244470150326435, 20.578260810053049],
          [106.244311358608087, 20.578530727467882],
          [106.244083988572257, 20.578861849426819],
          [106.243910679428183, 20.579045230236243],
          [106.243728088786483, 20.579219823800806],
          [106.243554357195165, 20.579351168726244],
          [106.242794469062147, 20.579816120929035],
          [106.241690360925077, 20.580353015283357],
          [106.240562818215608, 20.580863961235629],
          [106.238852326231552, 20.581526426942023],
          [106.238008808814229, 20.581879207369905],
          [106.237344726248494, 20.582248137449451],
          [106.235916162173595, 20.583064765485851],
          [106.233565801670835, 20.584251956344605],
          [106.23185837121116, 20.585304533927463],
          [106.230871102778337, 20.586100543391616],
          [106.229238769975524, 20.587334607612096],
          [106.228406116134678, 20.587912767474663],
          [106.227678398693527, 20.588368755113375],
          [106.226827105822437, 20.588921111028988],
          [106.226241248725955, 20.589289355565747],
          [106.225659162929333, 20.589553584251487],
          [106.22537511700439, 20.589702949421799],
          [106.224303192605802, 20.590274202502727],
          [106.224188577206561, 20.590326962114162],
          [106.223419320514282, 20.590774553570437],
          [106.222182204078592, 20.591398910822839],
          [106.222072192846511, 20.591451726907149],
          [106.221696410327937, 20.591636426951375],
          [106.219914329700899, 20.592576669188556],
          [106.21897918080299, 20.592990809485229],
          [106.217681636390921, 20.593537503447749],
          [106.216681521192498, 20.593891377085075],
          [106.216061320872328, 20.593999726151566],
          [106.215464352314683, 20.594134019579641],
          [106.21445467369621, 20.594444582123614],
          [106.213623605598187, 20.594641225032618],
          [106.211795537369539, 20.595018225120203],
          [106.210854443196936, 20.595267574476473],
          [106.210248937517662, 20.595488551355647],
          [106.209295087879539, 20.595885335193493],
          [106.207915775479862, 20.59657130065035],
          [106.207585946269177, 20.596746977052007],
          [106.207223538727831, 20.596879604758421],
          [106.205506741016052, 20.59736842421399],
          [106.204469277830029, 20.597653104236947],
          [106.202628241782719, 20.598134087880986],
          [106.201470920926127, 20.598393564264697],
          [106.200318676351031, 20.59871371012521],
          [106.199877994484751, 20.598838192968316],
          [106.199685372331643, 20.598917497713611],
          [106.199538736229357, 20.598987900429449],
          [106.199447131750361, 20.599040484609532],
          [106.199337106538039, 20.599093286846337],
          [106.199176993227454, 20.599207148679607],
          [106.198829946832319, 20.59953904578072],
          [106.197770715168843, 20.600578134141642],
          [106.196861157923905, 20.601347401947766],
          [106.195728512142807, 20.602413006418452],
          [106.194727596100151, 20.603269627470482],
          [106.194261249659633, 20.603636942808212],
          [106.194059610762537, 20.603742413835018],
          [106.19350454181388, 20.603954312757732],
          [106.191823111584725, 20.604269473628268],
          [106.189319223445722, 20.604728868687104],
          [106.18840458446445, 20.60483914627574],
          [106.187733788818548, 20.604965180825655],
          [106.186557359802322, 20.605146632735202],
          [106.185863724348266, 20.605272726548101],
          [106.184135199254854, 20.605458038586654],
          [106.182935934550784, 20.605665732581492],
          [106.182403266433766, 20.60579929411421],
          [106.182081862062901, 20.605879551009981],
          [106.181687332081552, 20.606021019731248],
          [106.17948108834058, 20.606911810886341],
          [106.17884374245736, 20.607184847558038],
          [106.177440125052129, 20.607749409787473],
          [106.17708226738894, 20.6078818549787],
          [106.176792961719443, 20.607944537282034],
          [106.17653556957265, 20.607989565097022],
          [106.176204442552034, 20.607991818421588],
          [106.175973820216527, 20.607924091901502],
          [106.175863047874273, 20.607881479240898],
          [106.175594811722561, 20.607701255977837],
          [106.17541905792983, 20.607581025780814],
          [106.175252914740781, 20.60751276947844],
          [106.175124052847863, 20.607513645488009],
          [106.17461953730772, 20.607716558771934],
          [106.174128637282919, 20.607893268092603],
          [106.173770576769286, 20.607999688212249],
          [106.173540751609579, 20.608035941529721],
          [106.173264928855531, 20.608055160258278],
          [106.172942754334429, 20.608048673335698],
          [106.172417791017054, 20.60800019505977],
          [106.170147776976606, 20.60776423220814],
          [106.168282848811046, 20.607560014421725],
          [106.167850001559188, 20.60751098992629],
          [106.166169046847344, 20.607296923213969],
          [106.165035495645867, 20.607079151761088],
          [106.162551693139491, 20.606549637563464],
          [106.160160679884797, 20.606132216826271],
          [106.158907820955989, 20.605958481068814],
          [106.158438361430129, 20.605926934309327],
          [106.158079542181937, 20.605946684836937],
          [106.157684362228693, 20.605992697950004],
          [106.156195573375015, 20.606254186213217],
          [106.155018788652171, 20.606383297632284],
          [106.154683191732644, 20.606428905874694],
          [106.153562556186358, 20.606687912463663],
          [106.15332400232019, 20.606776146640073],
          [106.152635747894479, 20.607023498634863],
          [106.152136752871101, 20.607364992939548],
          [106.151459789633279, 20.607889720174022],
          [106.151030069994007, 20.608256769896556],
          [106.150647090228205, 20.608727496681595],
          [106.150189420672248, 20.609666896841031],
          [106.149745693895326, 20.610623640110198],
          [106.14924211663201, 20.611572016678586],
          [106.149069173638097, 20.611824601668136],
          [106.148722570697245, 20.612234369704275],
          [106.148215734244459, 20.612749371547753],
          [106.147758682480273, 20.613159871513641],
          [106.146927511969153, 20.613997754656761],
          [106.145415162899127, 20.615420990083095],
          [106.145229070861419, 20.615636164753415],
          [106.146648081098689, 20.616626714049449],
          [106.147726094191896, 20.617417229555564],
          [106.148854589135269, 20.618181382326163],
          [106.149266255350213, 20.618473446292576],
          [106.149599521483339, 20.61874001095698],
          [106.149785067037442, 20.61893817165091],
          [106.149924488355452, 20.61912805614368],
          [106.1499992253882, 20.619266150618291],
          [106.150205380014256, 20.619767738570513],
          [106.150540784453653, 20.620918690707747],
          [106.150728483891797, 20.621402963766847],
          [106.150910731787832, 20.621774610568817],
          [106.15094888296656, 20.621947641331218],
          [106.150950056299422, 20.622103752550437],
          [106.150932153313121, 20.622173258050637],
          [106.150559916275512, 20.622851982149683],
          [106.149954872863091, 20.623775016816936],
          [106.149436432625478, 20.624602157624594],
          [106.149113711698902, 20.625115847466567],
          [106.148313896500468, 20.626456399571794],
          [106.148000220329024, 20.626961444475874],
          [106.14719120704963, 20.628319309241483],
          [106.146723438023969, 20.629137432877929],
          [106.146341175105519, 20.629712226315483],
          [106.146091619560551, 20.630182149382378],
          [106.145684080210287, 20.631060493449372],
          [106.14523631230945, 20.632103986153151],
          [106.144883101447945, 20.632869215580254],
          [106.144397724340635, 20.633800202980918],
          [106.143990654062748, 20.634756599921513],
          [106.143143604050607, 20.636557037113391],
          [106.142894384534074, 20.637087486115657],
          [106.142422026422864, 20.637914393314801],
          [106.14211684268092, 20.638341222522758],
          [106.141915539100822, 20.63848990947854],
          [106.141704149951494, 20.638534673830414],
          [106.14094073525419, 20.638609106475958],
          [106.139920636095525, 20.638806566332548],
          [106.137268514184569, 20.639231610268762],
          [106.135839599663626, 20.639527054645605],
          [106.135435820022963, 20.639694503198385],
          [106.135004977820927, 20.639940098093451],
          [106.134716619828879, 20.640141389060581],
          [106.134442049479745, 20.640351262275569],
          [106.133476122058212, 20.641658150008841],
          [106.132386918811562, 20.643104614321445],
          [106.131143017572228, 20.644777411313715],
          [106.130111663633627, 20.646135124130769],
          [106.129624267536471, 20.646823324938918],
          [106.129342193712887, 20.64726741897648],
          [106.12921608060843, 20.64763234220823],
          [106.129149089400258, 20.647918909188508],
          [106.129141539870005, 20.648144374145989],
          [106.129124776452159, 20.648369899377006],
          [106.12912624934421, 20.648569375733445],
          [106.129164608482256, 20.648759756765056],
          [106.129428361508388, 20.649590396984845],
          [106.129555408158055, 20.649962427149223],
          [106.129594025473125, 20.650213609786888],
          [106.129586636714549, 20.650447746933438],
          [106.129541911471421, 20.650630088645293],
          [106.129451276700664, 20.650821494461884],
          [106.129188198837014, 20.651343343054844],
          [106.128828724042506, 20.651900605429685],
          [106.128426599503413, 20.652284770333143],
          [106.128021113592652, 20.652590896613312]
        ]
      }
    },
    {
      "type": "Feature",
      "properties": {
        "ID": "TBI340028bchin",
        "Ten_duong": "Quốc lộ 39",
        "Thuoc_huyen": "H. Đông Hưng",
        "Thuoc_tinh": "Thái Bình",
        "Cap_duong": "Quốc lộ",
        "Loai_duong": "Đường Nhựa",
        "Chieu_dai": "11.6226",
        "Gap_de": "F",
        "Tin_khac": "",
        "layer": "TBI_Quoclo",
        "path": "D:/_Project/4.HungYen/De/De Thai Binh/BD Thai Binh/TBI_Quoclo.TAB"
      },
      "geometry": {
        "type": "LineString",
        "coordinates": [
          [106.352975045644015, 20.558010514530469],
          [106.352435242409058, 20.557916257496267],
          [106.351611327705172, 20.557833159903485],
          [106.350831493989929, 20.557745197460129],
          [106.350047062141655, 20.557679672142473],
          [106.349281629100744, 20.557560241668586],
          [106.348584774875036, 20.557440273817452],
          [106.347980132020638, 20.557312990530821],
          [106.347598493577337, 20.557272144197924],
          [106.347343120516143, 20.557202489490219],
          [106.347048284070979, 20.557106309668541],
          [106.346792754712297, 20.557018767580576],
          [106.346093867272714, 20.556666264389591],
          [106.34567964147621, 20.556365210270293],
          [106.34503534317524, 20.555892845943106],
          [106.344114869967697, 20.555219713381376],
          [106.343419469747374, 20.554748823133654],
          [106.338182593124969, 20.550580932781561],
          [106.33625241278213, 20.549160648018525],
          [106.335795574188722, 20.548807859408939],
          [106.334649630305108, 20.547873874391293],
          [106.333878338551443, 20.547238380611134],
          [106.333153661404211, 20.546657543128543],
          [106.33261813448388, 20.546221060958022],
          [106.331494867193086, 20.545442448803495],
          [106.330795876809447, 20.544968368996326],
          [106.330225309169862, 20.544570995232274],
          [106.329808623516683, 20.544344180384982],
          [106.329303142904052, 20.544108378908721],
          [106.329047266081858, 20.544032556229865],
          [106.327863332045212, 20.54361069623052],
          [106.326911322314459, 20.543378308188736],
          [106.326022827825682, 20.543125914742898],
          [106.325735252951048, 20.543066500918556],
          [106.325316340920793, 20.542991919615663],
          [106.324798224458021, 20.542924690670336],
          [106.323985955308586, 20.542869374242759],
          [106.32360310281463, 20.542872298572323],
          [106.323000810232429, 20.542909240130125],
          [106.322281804748897, 20.542969836557557],
          [106.320280977596241, 20.543202094538842],
          [106.318534626336103, 20.543348284342088],
          [106.317818692146247, 20.543353729727709],
          [106.316911289368463, 20.543367041536616],
          [106.315687594002483, 20.543282378758349],
          [106.31435022163916, 20.543172640904686],
          [106.312685873019333, 20.542948826677552],
          [106.311983152268198, 20.542850433655385],
          [106.31178439265662, 20.542813090540847],
          [106.310509753041146, 20.5425797098784],
          [106.308744125915126, 20.542129770675469],
          [106.307737058968272, 20.541859204835973],
          [106.306539467475474, 20.541515174558814],
          [106.304787120715972, 20.540954874638771],
          [106.304133157692377, 20.540746043588644],
          [106.302657868016311, 20.54024850317397],
          [106.300905822058283, 20.539720593691534],
          [106.299187958213551, 20.539036928194772],
          [106.297978569925675, 20.538540605587219],
          [106.297206611452026, 20.538212654408518],
          [106.296893861026263, 20.538111370258896],
          [106.296702124148013, 20.538086875982067],
          [106.296581669985329, 20.538087776992679],
          [106.29643282852696, 20.538088890227826],
          [106.296213291376418, 20.538122875063699],
          [106.29596579076933, 20.538196006865736],
          [106.295538459054001, 20.538382870135351],
          [106.295094073294266, 20.538651711309537],
          [106.294699213343932, 20.538913676743341],
          [106.293892539445196, 20.539497719940304],
          [106.293187927808376, 20.540015679585292],
          [106.292713740742471, 20.540334426475962],
          [106.292513686708872, 20.540416143741496],
          [106.292238347786324, 20.540509895753793],
          [106.292025440566405, 20.540557287283434],
          [106.291668245107942, 20.540611535885123],
          [106.291191550285546, 20.540620779302298],
          [106.291034650056091, 20.540621948045914],
          [106.290884079532219, 20.540623069506253],
          [106.29069310275581, 20.540643734981142],
          [106.290555576348055, 20.540702037067309],
          [106.290405582555124, 20.54077190554586],
          [106.290218474792752, 20.5408879448898],
          [106.289950423977373, 20.541096195215882],
          [106.289477137298562, 20.54147780634991],
          [106.2880908604306, 20.542580192319559],
          [106.286666919716225, 20.54368853926993],
          [106.285825957317954, 20.544376878006009],
          [106.285031623511429, 20.54502195378614],
          [106.283851581341779, 20.546042372657027],
          [106.282446949827488, 20.547219386469088],
          [106.28121009670015, 20.548194404648765],
          [106.280873587533577, 20.548466298600069],
          [106.280261152929413, 20.54910991901242],
          [106.27957161921735, 20.549917629706098],
          [106.279121030618938, 20.550416765352388],
          [106.278266055748688, 20.551320192596563],
          [106.277311889794234, 20.552361941476356],
          [106.277019721259322, 20.552685088135753],
          [106.276183521265992, 20.553576893894846],
          [106.275148478217361, 20.554504400194055],
          [106.274206836442119, 20.55554604125664],
          [106.273352944618225, 20.556587032615063],
          [106.272788466785556, 20.557353596235536],
          [106.272288999055547, 20.558013526212456],
          [106.271497193896678, 20.558979519254866],
          [106.271186532886674, 20.559342905561287],
          [106.270887914751498, 20.559643233047058],
          [106.270212191378619, 20.560230097510917],
          [106.269015374268719, 20.561150173836907],
          [106.268669203193937, 20.56139645895583],
          [106.268363535850852, 20.561599262211356],
          [106.267025057653441, 20.562454682763114],
          [106.26548013395778, 20.563380173677327],
          [106.264054608517768, 20.564339291568722],
          [106.262433973173813, 20.565219595148175],
          [106.260838301101799, 20.566081543288401],
          [106.259477652232505, 20.566922253619861],
          [106.2592831061162, 20.567015368300265]
        ]
      }
    },
    {
      "type": "Feature",
      "properties": {
        "ID": "TBI341028bchin",
        "Ten_duong": "Quốc lộ 39",
        "Thuoc_huyen": "H. Thái Thụy",
        "Thuoc_tinh": "Thái Bình",
        "Cap_duong": "Quốc lộ",
        "Loai_duong": "Đường Nhựa",
        "Chieu_dai": "15.9611",
        "Gap_de": "T",
        "Tin_khac": "",
        "layer": "TBI_Quoclo",
        "path": "D:/_Project/4.HungYen/De/De Thai Binh/BD Thai Binh/TBI_Quoclo.TAB"
      },
      "geometry": {
        "type": "LineString",
        "coordinates": [
          [106.441811714224229, 20.53842358084994],
          [106.442093219005855, 20.538272720727687],
          [106.443219090002188, 20.537654100103811],
          [106.444509298117339, 20.53689922626014],
          [106.445275582785897, 20.536574030825705],
          [106.446164036332505, 20.536390730125504],
          [106.447280509587628, 20.536193415930317],
          [106.448240958657323, 20.536058648377232],
          [106.449045019115772, 20.535937378719087],
          [106.449331036541707, 20.535910505696627],
          [106.449553893562808, 20.535826794828047],
          [106.449732064790155, 20.535743638069309],
          [106.450052308499806, 20.535552872989602],
          [106.450385013420146, 20.535259829242143],
          [106.450809264275051, 20.534708370873176],
          [106.451224208808412, 20.5341161560914],
          [106.451481424775849, 20.533893303675313],
          [106.451788756806266, 20.533747542423249],
          [106.452074633378473, 20.53369609397215],
          [106.452217861539722, 20.533711245703699],
          [106.45237933061469, 20.533758947348936],
          [106.45255888719602, 20.533822939053536],
          [106.452972298352961, 20.534023822356165],
          [106.453467035815123, 20.534305960556708],
          [106.453988682415229, 20.534604042289789],
          [106.454316478914194, 20.534736259630581],
          [106.454576415149234, 20.534791353940211],
          [106.454889742388872, 20.534813206631569],
          [106.455167069439568, 20.534810878999089],
          [106.455578475974434, 20.534799294675608],
          [106.455994040591364, 20.53475081604968],
          [106.456530452278884, 20.534713607291302],
          [106.456763092149146, 20.534711652557668],
          [106.456933017049622, 20.534710224583115],
          [106.457120874188561, 20.534708645720034],
          [106.457291030963418, 20.534731697366617],
          [106.4574881939797, 20.534770963528363],
          [106.457766682253876, 20.534891212238747],
          [106.458455072937966, 20.53530649303725],
          [106.460163126142206, 20.536653615164791],
          [106.461782687860733, 20.538091352309078],
          [106.462250990549904, 20.538414519937231],
          [106.462511730229124, 20.538543131009686],
          [106.462664115427032, 20.538582768749286],
          [106.462798370630807, 20.538581635793847],
          [106.462878827852151, 20.538580956780041],
          [106.463022001421521, 20.538579748383093],
          [106.463200788846351, 20.53856188788189],
          [106.463521701797262, 20.538452849629216],
          [106.464068881533393, 20.5381252669949],
          [106.464468729073644, 20.537835695502036],
          [106.464778930084918, 20.537538659874407],
          [106.465141621559027, 20.537094017973775],
          [106.465366428808181, 20.53675280470782],
          [106.465646228147151, 20.536063592412422],
          [106.465849983617957, 20.535395439364912],
          [106.465927418745224, 20.535067757674479],
          [106.466014004165558, 20.53476439008594],
          [106.466172439483117, 20.534493298189577],
          [106.466454785353903, 20.534082036141847],
          [106.466663013994008, 20.533863551602803],
          [106.467177742513869, 20.533433971074977],
          [106.467821927939681, 20.532923343258165],
          [106.468575503614105, 20.532540429238473],
          [106.468738299834484, 20.532435521858112],
          [106.469352513441649, 20.532111331047183],
          [106.46988727020009, 20.531902451802406],
          [106.470422475995221, 20.531750751642381],
          [106.471266881729463, 20.531641324755306],
          [106.472107131702458, 20.531568787316047],
          [106.472839668851819, 20.531464458242947],
          [106.4735944479105, 20.531339520536886],
          [106.474139461524203, 20.531261261529842],
          [106.47455984990053, 20.531257686804],
          [106.47535594096442, 20.53125091453953],
          [106.475879181601627, 20.531242396155292],
          [106.47670151101164, 20.531161768381434],
          [106.477193136581235, 20.531116657152513],
          [106.478271150606943, 20.531127885913978],
          [106.479336740443756, 20.531233346732364],
          [106.480613289368634, 20.53140646986164],
          [106.481661342403385, 20.53155280859902],
          [106.482287512979667, 20.531547456415808],
          [106.483198894846964, 20.53143342436201],
          [106.483538671589443, 20.531414166152008],
          [106.484070986210824, 20.531421896626604],
          [106.484944039621567, 20.531500152611216],
          [106.486116462291534, 20.531555602607117],
          [106.487020422865058, 20.531596905756242],
          [106.487418889732837, 20.531637211535525],
          [106.488234411757645, 20.531785504795533],
          [106.489039471214653, 20.531982214946328],
          [106.490006989531992, 20.532317910714799],
          [106.49062626438257, 20.532491547450054],
          [106.490913167727996, 20.532557918186182],
          [106.49132007293386, 20.532568149965108],
          [106.491699472009572, 20.532481232919785],
          [106.492540637528535, 20.533433384422171],
          [106.492631562690605, 20.533572987044458],
          [106.49302321678654, 20.534353387925691],
          [106.493317598476622, 20.535011856145275],
          [106.493958503410383, 20.536433585001991],
          [106.494332074428883, 20.537335281080125],
          [106.495078912665178, 20.539105970128769],
          [106.495481753842142, 20.539722213334098],
          [106.495637101578964, 20.539907872462749],
          [106.495818150724801, 20.540093399957001],
          [106.495985554107989, 20.540197198839014],
          [106.496178106762059, 20.540253985395669],
          [106.496344486597792, 20.540252549050734],
          [106.496626133584073, 20.540250117248931],
          [106.497085795019984, 20.540140994120378],
          [106.497634302128262, 20.539937421734606],
          [106.498056286227026, 20.539898723866134],
          [106.49999996058159, 20.540005856960729],
          [106.50039354461245, 20.539965953796674],
          [106.50115892059523, 20.53992328171536],
          [106.50146362676378, 20.539758305376747],
          [106.502226534929235, 20.539463155997868],
          [106.502608997199815, 20.53942379598211],
          [106.502992611809731, 20.539492559405698],
          [106.504031654576039, 20.540024578681514],
          [106.505300118138493, 20.540518554169946],
          [106.506706989668388, 20.540984215430505],
          [106.507240205898484, 20.541168926682392],
          [106.507719435736732, 20.54123693805667],
          [106.508255141408071, 20.541196141885838],
          [106.508712634864665, 20.540993869057292],
          [106.509149530408052, 20.540647324732436],
          [106.50931760775056, 20.540213054045168],
          [106.509521645618349, 20.539544044159701],
          [106.509727806484207, 20.539091464300313],
          [106.510085515131351, 20.538475137138111],
          [106.510407616098291, 20.538129680483397],
          [106.51069259750534, 20.537910748304988],
          [106.511093700558874, 20.537817185581254],
          [106.511803308790505, 20.537937109089022],
          [106.512646965506164, 20.538074108036113],
          [106.513201740747064, 20.538033130793131],
          [106.513678218634439, 20.537812612416246],
          [106.514265928818929, 20.537230403887563],
          [106.51475927188342, 20.536775219546826],
          [106.515234048531951, 20.536392375791205],
          [106.515595555663936, 20.536154699642978],
          [106.515901659927053, 20.536134045938628],
          [106.516247446363039, 20.536257223013216],
          [106.516806303665689, 20.536631027916805],
          [106.517654143635511, 20.537182704547313],
          [106.518426259643178, 20.537825106273683],
          [106.518947223791699, 20.538235460791142],
          [106.519160121223663, 20.538467929786446],
          [106.519219699642406, 20.538683855603164],
          [106.519152341885658, 20.53962214637653],
          [106.519081874523053, 20.540235973049441],
          [106.518952006026723, 20.540651939764722],
          [106.518707608940588, 20.541104864242794],
          [106.518480774287653, 20.541413456346625],
          [106.517987880764082, 20.541904691892473],
          [106.51755384983538, 20.542539679332936],
          [106.517574631192943, 20.54270183338102],
          [106.517901706204782, 20.542861214603349],
          [106.518632645824951, 20.543215527397766],
          [106.519152203593777, 20.54348153355151],
          [106.519479460281303, 20.543658977443691],
          [106.519672392868557, 20.543801554127818],
          [106.519905275282497, 20.544124093152409],
          [106.520334303131477, 20.544913851123244],
          [106.520724976212733, 20.545703944333479],
          [106.520980254593553, 20.546350866217633],
          [106.521215381403522, 20.546889830992519],
          [106.521429188070513, 20.547212534905302],
          [106.521874021212497, 20.547659500673397],
          [106.522414469152238, 20.548105625029681],
          [106.522953229803605, 20.548371449657008],
          [106.523587603814093, 20.548636341401753],
          [106.524587793075639, 20.549096392057667],
          [106.525703593390418, 20.549627597733046],
          [106.526837948749446, 20.550104610792527],
          [106.527915939872244, 20.550690155968148],
          [106.528493341293114, 20.550991665865318],
          [106.529107035206863, 20.551094383441772],
          [106.529854980803421, 20.551214071002072],
          [106.530660994348978, 20.551405330940192],
          [106.53165852437165, 20.551594803533732],
          [106.532234857812554, 20.551788176764166],
          [106.532753386131063, 20.551945834441483],
          [106.533483956262998, 20.552245971599628],
          [106.534060916787666, 20.552511331213623],
          [106.534792128110823, 20.552865568487526],
          [106.535292563733876, 20.553131692050254],
          [106.536063570510436, 20.553647725005789],
          [106.536737971426319, 20.554074636107668],
          [106.5373735683863, 20.554447686860541],
          [106.537912915236589, 20.554767478132153],
          [106.538354652549629, 20.554907913266955],
          [106.539198873098556, 20.555080634780616],
          [106.539659974001296, 20.555238961680342],
          [106.540505102089085, 20.555501914617825],
          [106.541118638942166, 20.5555866125883],
          [106.542286819948302, 20.555612259173923],
          [106.543186140613543, 20.555550137784468],
          [106.543645071176456, 20.555491937019635],
          [106.544179903814111, 20.555360970068616],
          [106.544945053642707, 20.555300126060533],
          [106.545998168247792, 20.55529072980266],
          [106.54661188680511, 20.555393383457378],
          [106.547302682684048, 20.555549548074399],
          [106.548184999028578, 20.555703998117298],
          [106.5491621178641, 20.555767259582748],
          [106.549833286765249, 20.555869478083608],
          [106.55050491687625, 20.556007824225389],
          [106.551482584906509, 20.556125269124774],
          [106.552058226039634, 20.556246311339422],
          [106.552653317890517, 20.556403311621914],
          [106.553478742392741, 20.556612264977083],
          [106.55422800397038, 20.556858122436424],
          [106.555111878432754, 20.557174765628801],
          [106.555357054206951, 20.55727175289972],
          [106.555620950290532, 20.557332527649848],
          [106.555831190836543, 20.557294595190594],
          [106.556385465603142, 20.557199369786485],
          [106.556864122573046, 20.557195067878549],
          [106.557190352218285, 20.557264313473926],
          [106.557806094581778, 20.557565285791028],
          [106.558728794043816, 20.557935671760788],
          [106.559883578332119, 20.558520406800699],
          [106.560672588201868, 20.558910052986334],
          [106.56157759616292, 20.5594068715682],
          [106.562309533691277, 20.559833068292125],
          [106.563233453376242, 20.560311639835582],
          [106.564176559753676, 20.560790032800398],
          [106.564676610840792, 20.561001869072509],
          [106.565158004028021, 20.561255697803357],
          [106.565729741092753, 20.561536802612572]
        ]
      }
    },
    {
      "type": "Feature",
      "properties": {
        "ID": "TBI340028bchin",
        "Ten_duong": "Quốc lộ 39",
        "Thuoc_huyen": "H. Đông Hưng",
        "Thuoc_tinh": "Thái Bình",
        "Cap_duong": "Quốc lộ",
        "Loai_duong": "Đường Nhựa",
        "Chieu_dai": "0.673635",
        "Gap_de": "F",
        "Tin_khac": "",
        "layer": "TBI_Quoclo",
        "path": "D:/_Project/4.HungYen/De/De Thai Binh/BD Thai Binh/TBI_Quoclo.TAB"
      },
      "geometry": {
        "type": "LineString",
        "coordinates": [
          [106.436701117380153, 20.54211772935821],
          [106.437267878759826, 20.541763415377449],
          [106.438130397856071, 20.541191998641136],
          [106.438539148440441, 20.540894279737213],
          [106.439209687046286, 20.540377661422561],
          [106.439945799935799, 20.53968469495917],
          [106.440882927321553, 20.538961417099028],
          [106.44167477804028, 20.538496901197384],
          [106.441811714224229, 20.53842358084994]
        ]
      }
    },
    {
      "type": "Feature",
      "properties": {
        "ID": "TBI340028bchin",
        "Ten_duong": "Quốc lộ 39",
        "Thuoc_huyen": "H. Đông Hưng",
        "Thuoc_tinh": "Thái Bình",
        "Cap_duong": "Quốc lộ",
        "Loai_duong": "Đường Nhựa",
        "Chieu_dai": "10.3486",
        "Gap_de": "F",
        "Tin_khac": "",
        "layer": "TBI_Quoclo",
        "path": "D:/_Project/4.HungYen/De/De Thai Binh/BD Thai Binh/TBI_Quoclo.TAB"
      },
      "geometry": {
        "type": "LineString",
        "coordinates": [
          [106.358945723006215, 20.49667700774096],
          [106.36049424490551, 20.496616096144397],
          [106.361269966467034, 20.496577402576087],
          [106.361742939673974, 20.496598086244781],
          [106.362068985559191, 20.496657955412282],
          [106.362820409365057, 20.496896796532042],
          [106.363764365891925, 20.49721154548407],
          [106.364497888284816, 20.497442208182839],
          [106.364927799603151, 20.497634600734759],
          [106.365725161976769, 20.498036045070645],
          [106.366935792484043, 20.498752327168351],
          [106.367621528826234, 20.499118052467953],
          [106.368149963388547, 20.499358535550819],
          [106.368803905473641, 20.499663254461431],
          [106.369448427028829, 20.499911039200182],
          [106.369730922671536, 20.500000056123064],
          [106.371865442946017, 20.500836934306303],
          [106.372467793726472, 20.501128766105715],
          [106.372783422846211, 20.501234138825051],
          [106.373631365990434, 20.501497102192261],
          [106.374730648238383, 20.501816522278045],
          [106.375627461565486, 20.502043132436452],
          [106.376474690233351, 20.50222514074197],
          [106.377001533792054, 20.502306425793218],
          [106.377867873774164, 20.502416453756119],
          [106.37861264078569, 20.50251660186678],
          [106.379137766879126, 20.502577205684823],
          [106.379334973881384, 20.502638426345367],
          [106.37959681727169, 20.50277574293521],
          [106.380219890774782, 20.503184284232667],
          [106.38113046174773, 20.50384231828339],
          [106.381387457752851, 20.503984006945885],
          [106.381584830125504, 20.504063382279352],
          [106.381693142229821, 20.50408049814305],
          [106.381850478797844, 20.504079245656108],
          [106.38204702964326, 20.504077680801267],
          [106.382297484617283, 20.504035213373033],
          [106.382756991146707, 20.503899022170717],
          [106.383806994607838, 20.503510767730852],
          [106.3848716079344, 20.503255102504959],
          [106.386391733847177, 20.502793518540589],
          [106.387671409396631, 20.502399883700271],
          [106.388446328659739, 20.502195929583721],
          [106.389839005702143, 20.501798484446319],
          [106.390670640368654, 20.501632461720028],
          [106.391083661505448, 20.5016380962985],
          [106.391344399274445, 20.501630857231355],
          [106.391644775797047, 20.501723488695962],
          [106.392034659031324, 20.501895625104652],
          [106.392983003853061, 20.502400343953976],
          [106.394523061831705, 20.503107005720992],
          [106.394804572152978, 20.503244050293286],
          [106.396856149919117, 20.504094196982109],
          [106.39695509061562, 20.504156278266393],
          [106.397034281354792, 20.50421860879111],
          [106.397277612102329, 20.504490745594914],
          [106.398418401430504, 20.505604951723296],
          [106.399287059442401, 20.50653722826392],
          [106.400939545736222, 20.508254020757242],
          [106.401842955145199, 20.509208406771513],
          [106.402968433999291, 20.510255398601458],
          [106.403810822983246, 20.511171690666259],
          [106.404507847014543, 20.511950571637598],
          [106.404900625046963, 20.512446254871723],
          [106.406034211470114, 20.513830220575148],
          [106.406556631143062, 20.514513480658426],
          [106.408426671427591, 20.516880056472395],
          [106.408714945129333, 20.517228238304423],
          [106.409231882556242, 20.517844229524258],
          [106.41013760902058, 20.519050146121362],
          [106.410591067690646, 20.51970703089729],
          [106.410852463409725, 20.520281278935066],
          [106.411435386667577, 20.521178679040887],
          [106.411745640582907, 20.521778365211979],
          [106.412281535830047, 20.522847972482577],
          [106.4132566809172, 20.524642053940553],
          [106.413937940129145, 20.526020609290967],
          [106.414183483565935, 20.526526411504047],
          [106.415059311897238, 20.528204389105884],
          [106.415846472707727, 20.529874141332378],
          [106.415987814590622, 20.530268497772809],
          [106.416229019652718, 20.530832781882179],
          [106.416349215984496, 20.531065510853193],
          [106.416448912584357, 20.531217371801564],
          [106.416568517168173, 20.531396172166549],
          [106.416851243400188, 20.531667954938005],
          [106.417583691704294, 20.532183322515817],
          [106.418740919887767, 20.532919797424618],
          [106.4215745769352, 20.534698603715739],
          [106.422039025644622, 20.534946482551529],
          [106.422499124716396, 20.53525275554135],
          [106.424977943362435, 20.536795553470213],
          [106.425129832891145, 20.536875881967052],
          [106.425411834814753, 20.537066800870726],
          [106.427727638930548, 20.538130829631296],
          [106.430056861845458, 20.539046286394527],
          [106.430722872697956, 20.539287960370874],
          [106.433062162123036, 20.540230303325778],
          [106.433522214354454, 20.540527601680854],
          [106.435014146324235, 20.541279169060729],
          [106.43670352669308, 20.542118974141975]
        ]
      }
    }
  ]
}
