{
  "type": "FeatureCollection",
  "name": "tinhlo",
  "crs": {
    "type": "name",
    "properties": { "name": "urn:ogc:def:crs:OGC:1.3:CRS84" }
  },
  "features": [
    {
      "type": "Feature",
      "properties": {
        "ID": "HYE331029mcnam",
        "Ten_duong": "Tỉnh lộ 195",
        "Thuoc_huyen": "H. Kim Động",
        "Thuoc_tinh": "Hưng Yên",
        "Cap_duong": "Tỉnh lộ",
        "Loai_duong": "Nhựa",
        "Chieu_dai": "1.553",
        "Gap_de": "T",
        "Tin_khac": "",
        "layer": "HYE_Tinhlo",
        "path": "D:/_Project/4.HungYen/De/De Hung Yen/BD Hung Yen/HYE_Tinhlo.TAB"
      },
      "geometry": {
        "type": "LineString",
        "coordinates": [
          [105.985861401517596, 20.754861857945411],
          [105.985272440525762, 20.754808134627108],
          [105.98443695201621, 20.754760609973651],
          [105.983512291644701, 20.75469281124786],
          [105.982565565842563, 20.754673651104547],
          [105.981730551346729, 20.75469938362474],
          [105.980917752266606, 20.754714504815926],
          [105.980048805684063, 20.754661909456413],
          [105.979369341171477, 20.754634340989139],
          [105.978856974880756, 20.754616389107305],
          [105.978166032355674, 20.754536569077963],
          [105.977474922022921, 20.754430545941133],
          [105.9766613170966, 20.754320156531293],
          [105.975870130549353, 20.754230506608973],
          [105.975056631904394, 20.754151369746673],
          [105.974287763277701, 20.754066735770799],
          [105.973307236355438, 20.753988537271098],
          [105.972315999564557, 20.753962796304464],
          [105.971736580414401, 20.753898130404064],
          [105.971324128095034, 20.753837668970668],
          [105.971012151582258, 20.753807990153515]
        ]
      }
    },
    {
      "type": "Feature",
      "properties": {
        "ID": "HYE327029hkbay",
        "Ten_duong": "Tỉnh lộ 207",
        "Thuoc_huyen": "H. Yên  Mỹ",
        "Thuoc_tinh": "Hưng Yên",
        "Cap_duong": "Tỉnh lộ",
        "Loai_duong": "Nhựa",
        "Chieu_dai": "2.828",
        "Gap_de": "F",
        "Tin_khac": "",
        "layer": "HYE_Tinhlo",
        "path": "D:/_Project/4.HungYen/De/De Hung Yen/BD Hung Yen/HYE_Tinhlo.TAB"
      },
      "geometry": {
        "type": "LineString",
        "coordinates": [
          [105.984700184091068, 20.893918889295051],
          [105.984413801713998, 20.894836392306896],
          [105.984270980483657, 20.895270973531723],
          [105.984111718284097, 20.895690832298698],
          [105.983921471370365, 20.8961067133027],
          [105.98370560092421, 20.896515152385824],
          [105.983476564292729, 20.89690984379526],
          [105.983246385176997, 20.897306438792373],
          [105.983016301024435, 20.897703032956407],
          [105.982977034101154, 20.897770658095595],
          [105.982772724613667, 20.898109642651558],
          [105.982535788545462, 20.898502661712612],
          [105.982298755721402, 20.898895771373073],
          [105.982064299867716, 20.899286155493314],
          [105.981849317728688, 20.899699556421204],
          [105.981679734487543, 20.900115948837382],
          [105.981511661821841, 20.90054299343695],
          [105.981369836260825, 20.900970067853468],
          [105.981235656902797, 20.901405048842644],
          [105.981101950487798, 20.901838942844865],
          [105.981056753492979, 20.901985565409966],
          [105.980922949974371, 20.902419459835791],
          [105.980789145150098, 20.902853263821395],
          [105.980655436338438, 20.903287157503417],
          [105.980628787228184, 20.903373411680164],
          [105.980551735776473, 20.90381149750565],
          [105.980531638531914, 20.904269765370564],
          [105.980511969695385, 20.904719989821675],
          [105.98048193652231, 20.905173255195354],
          [105.980381029957201, 20.905609941880613],
          [105.980193961683085, 20.906030047133722],
          [105.979987273873547, 20.906434724950369],
          [105.97979852951012, 20.906804335131127],
          [105.979566300461997, 20.907199853147489],
          [105.979334166374741, 20.907595370327119],
          [105.979102982015036, 20.907989255515673],
          [105.978854848218148, 20.908379171887219],
          [105.978603213766576, 20.908763235384942],
          [105.978353195575352, 20.90914466920308],
          [105.978120672454125, 20.909451465773191],
          [105.97780352561162, 20.909801300132539],
          [105.977451572177358, 20.910092065087753],
          [105.977067633497484, 20.910373345105764],
          [105.97667535342616, 20.910628832581367],
          [105.976280199824032, 20.910886232914752],
          [105.975884565861008, 20.911143906158536],
          [105.975495863191256, 20.911403074851535],
          [105.975117219666771, 20.911686488781225],
          [105.974739627678019, 20.911969173128831],
          [105.974378238764942, 20.912259714845366],
          [105.974031018197522, 20.91257059360515],
          [105.973699828365696, 20.912907310082737],
          [105.973396964145266, 20.913252989649052],
          [105.973093294987365, 20.913608250145021],
          [105.972817952769915, 20.913972654608553],
          [105.972769729987888, 20.914039515451691],
          [105.972528139896269, 20.914419357392497],
          [105.972338748819908, 20.914827180672585],
          [105.9722289608506, 20.915277827167781],
          [105.972121894287895, 20.915718158472867]
        ]
      }
    },
    {
      "type": "Feature",
      "properties": {
        "ID": "HYE329029hkkhongd",
        "Ten_duong": "Tỉnh lộ 200D",
        "Thuoc_huyen": "H. Ân Thi",
        "Thuoc_tinh": "Hưng Yên",
        "Cap_duong": "Tỉnh lộ",
        "Loai_duong": "Nhựa",
        "Chieu_dai": "4.515",
        "Gap_de": "F",
        "Tin_khac": "",
        "layer": "HYE_Tinhlo",
        "path": "D:/_Project/4.HungYen/De/De Hung Yen/BD Hung Yen/HYE_Tinhlo.TAB"
      },
      "geometry": {
        "type": "LineString",
        "coordinates": [
          [106.097953135521834, 20.810570542279599],
          [106.098341380058358, 20.810552064945135],
          [106.099129154714561, 20.810428393527779],
          [106.102971651282232, 20.809587990418269],
          [106.107467025381553, 20.808514984284397],
          [106.10846655234154, 20.80823396633059],
          [106.109316138213018, 20.807946594545218],
          [106.110511344852043, 20.807464002677648],
          [106.111753692346596, 20.806951373447436],
          [106.115626825356642, 20.804930489344201],
          [106.119453142802257, 20.802998726853883],
          [106.123295212583841, 20.801066869552979],
          [106.127766452251336, 20.798923000551522],
          [106.132110991598026, 20.796735405503348],
          [106.136078440674126, 20.794757815184564],
          [106.137359146007995, 20.79413362853581]
        ]
      }
    },
    {
      "type": "Feature",
      "properties": {
        "ID": "HYE329029btamb",
        "Ten_duong": "Tỉnh lộ 38B",
        "Thuoc_huyen": "H. Ân Thi",
        "Thuoc_tinh": "Hưng Yên",
        "Cap_duong": "Tỉnh lộ",
        "Loai_duong": "Nhựa",
        "Chieu_dai": "3.453",
        "Gap_de": "F",
        "Tin_khac": "",
        "layer": "HYE_Tinhlo",
        "path": "D:/_Project/4.HungYen/De/De Hung Yen/BD Hung Yen/HYE_Tinhlo.TAB"
      },
      "geometry": {
        "type": "LineString",
        "coordinates": [
          [106.070856332406095, 20.80026058635212],
          [106.071044097251942, 20.799678936639495],
          [106.071275283027347, 20.798906022665225],
          [106.071585439627711, 20.798132615209582],
          [106.072131069202101, 20.797194479548782],
          [106.07263090125484, 20.796479152553683],
          [106.072973931557044, 20.795913334763274],
          [106.073276268038029, 20.795163734624158],
          [106.073414999310089, 20.794687914197539],
          [106.073505640219807, 20.794123312647095],
          [106.073501439474995, 20.79352948992732],
          [106.073362336735357, 20.792825203792869],
          [106.073055669585898, 20.791847491802237],
          [106.072412312828618, 20.790114686784374],
          [106.071955319062369, 20.789071054646126],
          [106.071696868548926, 20.788211663438648],
          [106.07150165118901, 20.787381601047041],
          [106.071346705148216, 20.78666259424843],
          [106.071263644465972, 20.786069353154893],
          [106.071195291461038, 20.785327489946578],
          [106.071238367313185, 20.784733551924276],
          [106.071335780219798, 20.783998062623471],
          [106.071520105480985, 20.783299253718106],
          [106.071814903225416, 20.782599754981096],
          [106.072251575598344, 20.781884462551922],
          [106.072478670627618, 20.781638204105953],
          [106.073027287552407, 20.78114491556839],
          [106.073670399627346, 20.780606403156582],
          [106.073998266139299, 20.780129399222265],
          [106.074091500511557, 20.779905478598515],
          [106.074135815846802, 20.779474879325775],
          [106.074068820078239, 20.778926260571005],
          [106.073810704010384, 20.778126588561683],
          [106.07318368644394, 20.776468396633554],
          [106.072637225920445, 20.775047310896287],
          [106.072145459488581, 20.773575106390215],
          [106.071933556386, 20.772596525907449],
          [106.071623401062993, 20.771143513517444]
        ]
      }
    },
    {
      "type": "Feature",
      "properties": {
        "ID": "HYE328029mctama",
        "Ten_duong": "Tỉnh lộ 198A",
        "Thuoc_huyen": "H. Mỹ Hào",
        "Thuoc_tinh": "Hưng Yên",
        "Cap_duong": "Tỉnh lộ",
        "Loai_duong": "Nhựa",
        "Chieu_dai": "6.026",
        "Gap_de": "F",
        "Tin_khac": "",
        "layer": "HYE_Tinhlo",
        "path": "D:/_Project/4.HungYen/De/De Hung Yen/BD Hung Yen/HYE_Tinhlo.TAB"
      },
      "geometry": {
        "type": "LineString",
        "coordinates": [
          [106.088673164778143, 20.924564400054738],
          [106.089210525364351, 20.924980625437847],
          [106.089858632107976, 20.925392437924593],
          [106.09083695757181, 20.926004149591304],
          [106.092119906778848, 20.926732800802366],
          [106.093415195931954, 20.92743760209094],
          [106.094729251597059, 20.928103153355433],
          [106.096430510924307, 20.92896035849553],
          [106.09931785207435, 20.930279704148973],
          [106.100117495844898, 20.93064324920314],
          [106.103703392570893, 20.932338635999063],
          [106.107200549885675, 20.933986817825939],
          [106.108615864544788, 20.934649522285717],
          [106.109110653001778, 20.934848498444218],
          [106.109706787071772, 20.935058739626875],
          [106.110087022830143, 20.935163234609973],
          [106.11079053522289, 20.935354975548297],
          [106.111728752039724, 20.935646099442081],
          [106.11261569047123, 20.935842600394011],
          [106.113705399611618, 20.936085204261481],
          [106.114750922145035, 20.936334052396056],
          [106.115524453043562, 20.936590634893424],
          [106.116070012160463, 20.936812928544281],
          [106.116882325662289, 20.937176399358407],
          [106.118641747939677, 20.938169683531385],
          [106.119988986939717, 20.939029054070325],
          [106.122486790502748, 20.940624109259733],
          [106.12260179208026, 20.940789766518321],
          [106.122577920145403, 20.940980278625059],
          [106.121950227295258, 20.942476982443907],
          [106.121327318651666, 20.943765409559809],
          [106.120164446298148, 20.946442898401354],
          [106.119758233898906, 20.947117454541381],
          [106.119383002285019, 20.94769080177678],
          [106.119120473601441, 20.948120665156409],
          [106.118958943462303, 20.948514179718014],
          [106.118867701375109, 20.948996402738111],
          [106.118845149511074, 20.949365244999022],
          [106.118862255750741, 20.949971612792673],
          [106.118984077210058, 20.951041120147135],
          [106.119191089479315, 20.952508485561587],
          [106.119387911233105, 20.953458607153923],
          [106.119525111504288, 20.954034553317392],
          [106.119656532187904, 20.954699616463003],
          [106.119776594612176, 20.955531258043543],
          [106.120024880003186, 20.957450341181907],
          [106.120128168747044, 20.958392402289512]
        ]
      }
    },
    {
      "type": "Feature",
      "properties": {
        "ID": "HYE327029hksau",
        "Ten_duong": "Tỉnh lộ 206",
        "Thuoc_huyen": "H. Yên  Mỹ",
        "Thuoc_tinh": "Hưng Yên",
        "Cap_duong": "Tỉnh lộ",
        "Loai_duong": "Nhựa",
        "Chieu_dai": "1.42",
        "Gap_de": "F",
        "Tin_khac": "",
        "layer": "HYE_Tinhlo",
        "path": "D:/_Project/4.HungYen/De/De Hung Yen/BD Hung Yen/HYE_Tinhlo.TAB"
      },
      "geometry": {
        "type": "LineString",
        "coordinates": [
          [106.030767737962648, 20.941565589561744],
          [106.030234788070388, 20.941316652283888],
          [106.029809427484551, 20.941162198465758],
          [106.029268544463946, 20.941032562891753],
          [106.028599170621604, 20.940915806597374],
          [106.027942601958159, 20.940786954446885],
          [106.027286267245103, 20.940706343204351],
          [106.02672013701627, 20.9406251866472],
          [106.026127974246833, 20.940520062295342],
          [106.025638792390168, 20.94042642327889],
          [106.025213424175476, 20.940283973827498],
          [106.024672397284164, 20.940118095415727],
          [106.024253118710234, 20.93992338677096],
          [106.023801350608821, 20.939660118449243],
          [106.023452467874776, 20.939408428560444],
          [106.023051823409745, 20.939096606555459],
          [106.022560840610254, 20.938736808926482],
          [106.022069847348135, 20.938389296954838],
          [106.021682258111554, 20.938101515788272],
          [106.021055653062504, 20.937651998403219],
          [106.020383760421581, 20.937160467239032],
          [106.019944402455991, 20.936824656055265],
          [106.019453190348955, 20.936428802009598],
          [106.019026529533491, 20.936092822090963],
          [106.018856556379021, 20.935943952174071]
        ]
      }
    },
    {
      "type": "Feature",
      "properties": {
        "ID": "HYE331029hktamb",
        "Ten_duong": "Tỉnh lộ 208B",
        "Thuoc_huyen": "H. Kim Động",
        "Thuoc_tinh": "Hưng Yên",
        "Cap_duong": "Tỉnh lộ",
        "Loai_duong": "Nhựa",
        "Chieu_dai": "3.36",
        "Gap_de": "F",
        "Tin_khac": "",
        "layer": "HYE_Tinhlo",
        "path": "D:/_Project/4.HungYen/De/De Hung Yen/BD Hung Yen/HYE_Tinhlo.TAB"
      },
      "geometry": {
        "type": "LineString",
        "coordinates": [
          [106.03510601067228, 20.787904799929422],
          [106.035316216423524, 20.785453394847824],
          [106.03539165132635, 20.784695465242557],
          [106.035507109303623, 20.78318542096822],
          [106.034852569422796, 20.782407769877135],
          [106.034839836274983, 20.78201953228103],
          [106.034857363069264, 20.781631021929702],
          [106.034929384441241, 20.781133223773764],
          [106.035095956670972, 20.780469248268531],
          [106.035194145107226, 20.780089738068916],
          [106.035257917783085, 20.779847763825273],
          [106.035256949636533, 20.779705743078409],
          [106.035245570882012, 20.779516262205743],
          [106.035214373557224, 20.779364846850164],
          [106.034583215925821, 20.77833615714102],
          [106.033723521468346, 20.777010421934627],
          [106.033184548381271, 20.776199090013154],
          [106.031817369572906, 20.774251099082317],
          [106.030460537454914, 20.772322006552557],
          [106.02917383089833, 20.770345229521052],
          [106.02788661336146, 20.768302038501361],
          [106.026599783664523, 20.766296779972123],
          [106.025312669371587, 20.764244169440062],
          [106.024057216762245, 20.762309082440115],
          [106.023461202359755, 20.7608994080957]
        ]
      }
    },
    {
      "type": "Feature",
      "properties": {
        "ID": "HYE328029mctamb",
        "Ten_duong": "Tỉnh lộ 198B",
        "Thuoc_huyen": "H. Mỹ Hào",
        "Thuoc_tinh": "Hưng Yên",
        "Cap_duong": "Tỉnh lộ",
        "Loai_duong": "Nhựa",
        "Chieu_dai": "2.492",
        "Gap_de": "F",
        "Tin_khac": "",
        "layer": "HYE_Tinhlo",
        "path": "D:/_Project/4.HungYen/De/De Hung Yen/BD Hung Yen/HYE_Tinhlo.TAB"
      },
      "geometry": {
        "type": "LineString",
        "coordinates": [
          [106.122444370835993, 20.940597014052614],
          [106.122693837460432, 20.939953026103975],
          [106.122954085220059, 20.939220429636819],
          [106.12325195287697, 20.938451989592142],
          [106.123560060097574, 20.937535407641032],
          [106.123808763856061, 20.93679041851053],
          [106.124050095195003, 20.936075833236821],
          [106.124311715351894, 20.935193796662624],
          [106.124636423817947, 20.934222626060237],
          [106.124840619798888, 20.933597002411158],
          [106.125099585831478, 20.932721215965486],
          [106.125339968104896, 20.931881147275089],
          [106.125683242825176, 20.930835408870639],
          [106.125943761787028, 20.930155748141562],
          [106.126279442852862, 20.929368714024122],
          [106.126671014192937, 20.928456364488095],
          [106.127184108919039, 20.927284556502983],
          [106.127612353332751, 20.926211421330652],
          [106.128022947555891, 20.925298943355827],
          [106.128400223238543, 20.924342145040569],
          [106.128557294042807, 20.923860295323585],
          [106.128850902577625, 20.923108317245248],
          [106.129242539875918, 20.922195961965397],
          [106.129699285017011, 20.921131668001767],
          [106.13003479364265, 20.920326649895301],
          [106.130240458759474, 20.919914945628509],
          [106.130466999034823, 20.919402098189096]
        ]
      }
    },
    {
      "type": "Feature",
      "properties": {
        "ID": "HYE325029mcsau",
        "Ten_duong": "Tỉnh Lộ 196",
        "Thuoc_huyen": "H. Văn Lâm",
        "Thuoc_tinh": "Hưng Yên",
        "Cap_duong": "Tỉnh lộ",
        "Loai_duong": "Nhựa",
        "Chieu_dai": "4.495",
        "Gap_de": "F",
        "Tin_khac": "",
        "layer": "HYE_Tinhlo",
        "path": "D:/_Project/4.HungYen/De/De Hung Yen/BD Hung Yen/HYE_Tinhlo.TAB"
      },
      "geometry": {
        "type": "LineString",
        "coordinates": [
          [106.031615469615502, 20.985317335863421],
          [106.031358730302188, 20.984450668540145],
          [106.031125882608322, 20.983742774117594],
          [106.03079454594517, 20.982700473305698],
          [106.030366642441479, 20.981378954885617],
          [106.029763751813007, 20.97952165811137],
          [106.029110533602221, 20.977280060147464],
          [106.028508166690784, 20.975494307683078],
          [106.027584757025807, 20.972699517953604],
          [106.02650426309286, 20.969207835185319],
          [106.025423578887271, 20.965680366537825],
          [106.024381254219691, 20.962170545878998],
          [106.023357685406907, 20.958624826102728],
          [106.022314882024645, 20.955043344931084],
          [106.021234169333141, 20.951480060076747],
          [106.019929811909989, 20.947193344373932],
          [106.019605402449187, 20.946311064203904]
        ]
      }
    },
    {
      "type": "Feature",
      "properties": {
        "ID": "HYE332029hkba",
        "Ten_duong": "Tỉnh lộ 203",
        "Thuoc_huyen": "H. Tiên Lữ",
        "Thuoc_tinh": "Hưng Yên",
        "Cap_duong": "Tỉnh lộ",
        "Loai_duong": "Nhựa",
        "Chieu_dai": "3.721",
        "Gap_de": "F",
        "Tin_khac": "",
        "layer": "HYE_Tinhlo",
        "path": "D:/_Project/4.HungYen/De/De Hung Yen/BD Hung Yen/HYE_Tinhlo.TAB"
      },
      "geometry": {
        "type": "LineString",
        "coordinates": [
          [106.148590941514655, 20.670732180287175],
          [106.150021206292024, 20.672098800766701],
          [106.151508446785542, 20.673557632417943],
          [106.152380956056248, 20.674318931957256],
          [106.15388848936675, 20.675675152850197],
          [106.154242722544666, 20.676030280945842],
          [106.155092436738485, 20.676845654607856],
          [106.156161968942143, 20.677897701548016],
          [106.156318222954013, 20.678108605188264],
          [106.156588789222724, 20.678556984056097],
          [106.156902603034609, 20.679150709841426],
          [106.157854282548811, 20.681355717150989],
          [106.158032565419518, 20.681685546827627],
          [106.158432181817517, 20.682464172717651],
          [106.158716677515855, 20.682899172994794],
          [106.15917114845297, 20.683492038315624],
          [106.160383012196021, 20.684768329970463],
          [106.161402584309684, 20.685714881190677],
          [106.162287017688726, 20.686450386146724],
          [106.162428772509088, 20.686608257837268],
          [106.162528586228717, 20.686793064326839],
          [106.163000929789334, 20.68787574245254],
          [106.163322806160949, 20.688601756161724],
          [106.163937128247994, 20.689882052222391],
          [106.163472701144471, 20.690745912057594],
          [106.163250793661987, 20.69114466028595],
          [106.163182139314571, 20.691370265201918],
          [106.163141305660417, 20.691542649373229],
          [106.163115195829761, 20.69180771914435],
          [106.163116911450203, 20.692032758625853],
          [106.163252568953226, 20.692296736263877],
          [106.163465610511992, 20.69257329133438],
          [106.163974777223743, 20.692967101981278],
          [106.164610678543511, 20.693373335147747],
          [106.16516108157991, 20.693634416609235],
          [106.165696463108944, 20.693776432036202],
          [106.166189193685668, 20.693852601509271],
          [106.166428955530975, 20.693943672921751],
          [106.169219507573303, 20.695699142282617]
        ]
      }
    },
    {
      "type": "Feature",
      "properties": {
        "ID": "HYE333029hkmot",
        "Ten_duong": "Tỉnh lộ 201",
        "Thuoc_huyen": "H. Phù Cừ",
        "Thuoc_tinh": "Hưng Yên",
        "Cap_duong": "Tỉnh lộ",
        "Loai_duong": "Nhựa",
        "Chieu_dai": "1.25",
        "Gap_de": "T",
        "Tin_khac": "",
        "layer": "HYE_Tinhlo",
        "path": "D:/_Project/4.HungYen/De/De Hung Yen/BD Hung Yen/HYE_Tinhlo.TAB"
      },
      "geometry": {
        "type": "LineString",
        "coordinates": [
          [106.192666804345777, 20.654581441027233],
          [106.192942056540417, 20.655622755509604],
          [106.193188847622238, 20.657001525052351],
          [106.193598697296167, 20.659396724387033],
          [106.194071035591548, 20.661826814002161],
          [106.194466248526268, 20.663929753193603],
          [106.194743066982213, 20.665179477944253],
          [106.194835721846729, 20.665685672429024]
        ]
      }
    },
    {
      "type": "Feature",
      "properties": {
        "ID": "HYE330029mcchinb",
        "Ten_duong": "Tỉnh lộ 199B",
        "Thuoc_huyen": "H. Khoái Châu",
        "Thuoc_tinh": "Hưng Yên",
        "Cap_duong": "Tỉnh lộ",
        "Loai_duong": "Nhựa",
        "Chieu_dai": "0.853",
        "Gap_de": "F",
        "Tin_khac": "",
        "layer": "HYE_Tinhlo",
        "path": "D:/_Project/4.HungYen/De/De Hung Yen/BD Hung Yen/HYE_Tinhlo.TAB"
      },
      "geometry": {
        "type": "LineString",
        "coordinates": [
          [105.93324704938594, 20.886397894695783],
          [105.932406124645425, 20.887517475553803],
          [105.931158325356293, 20.889447438030967],
          [105.929176814368503, 20.893075238916886]
        ]
      }
    },
    {
      "type": "Feature",
      "properties": {
        "ID": "HYE326029hknam",
        "Ten_duong": "Tỉnh lộ 205",
        "Thuoc_huyen": "H. Văn Giang",
        "Thuoc_tinh": "Hưng Yên",
        "Cap_duong": "Tỉnh lộ",
        "Loai_duong": "Nhựa",
        "Chieu_dai": "0.666",
        "Gap_de": "F",
        "Tin_khac": "",
        "layer": "HYE_Tinhlo",
        "path": "D:/_Project/4.HungYen/De/De Hung Yen/BD Hung Yen/HYE_Tinhlo.TAB"
      },
      "geometry": {
        "type": "LineString",
        "coordinates": [
          [105.945388460470824, 20.91028407601144],
          [105.94625417843254, 20.909143606100628],
          [105.947509993400587, 20.907257042050759],
          [105.948860663932649, 20.905230806442056]
        ]
      }
    },
    {
      "type": "Feature",
      "properties": {
        "ID": "HYE325029mctama",
        "Ten_duong": "Tỉnh lộ 198A",
        "Thuoc_huyen": "H. Văn Lâm",
        "Thuoc_tinh": "Hưng Yên",
        "Cap_duong": "Tỉnh lộ",
        "Loai_duong": "Nhựa",
        "Chieu_dai": "0.924",
        "Gap_de": "F",
        "Tin_khac": "",
        "layer": "HYE_Tinhlo",
        "path": "D:/_Project/4.HungYen/De/De Hung Yen/BD Hung Yen/HYE_Tinhlo.TAB"
      },
      "geometry": {
        "type": "LineString",
        "coordinates": [
          [106.120128168747044, 20.958392402289512],
          [106.120262528953162, 20.959619113593895],
          [106.120525739304668, 20.961835328138022],
          [106.120680240589806, 20.963053323333707],
          [106.120762859140953, 20.963956580812489],
          [106.12097487704149, 20.966089922866715],
          [106.121007373857054, 20.966694561492396]
        ]
      }
    },
    {
      "type": "Feature",
      "properties": {
        "ID": "HYE326029hksau",
        "Ten_duong": "Tỉnh lộ 206",
        "Thuoc_huyen": "H. Khoái Châu",
        "Thuoc_tinh": "Hưng Yên",
        "Cap_duong": "Tỉnh lộ",
        "Loai_duong": "Nhựa",
        "Chieu_dai": "0.476",
        "Gap_de": "F",
        "Tin_khac": "",
        "layer": "HYE_Tinhlo",
        "path": "D:/_Project/4.HungYen/De/De Hung Yen/BD Hung Yen/HYE_Tinhlo.TAB"
      },
      "geometry": {
        "type": "LineString",
        "coordinates": [
          [105.960480591102353, 20.904750192038637],
          [105.963846186540678, 20.901831433658419]
        ]
      }
    },
    {
      "type": "Feature",
      "properties": {
        "ID": "HYE326029mcchinb",
        "Ten_duong": "Tỉnh lộ 199B",
        "Thuoc_huyen": "H. Văn Giang",
        "Thuoc_tinh": "Hưng Yên",
        "Cap_duong": "Tỉnh lộ",
        "Loai_duong": "Nhựa",
        "Chieu_dai": "4.032",
        "Gap_de": "T",
        "Tin_khac": "",
        "layer": "HYE_Tinhlo",
        "path": "D:/_Project/4.HungYen/De/De Hung Yen/BD Hung Yen/HYE_Tinhlo.TAB"
      },
      "geometry": {
        "type": "MultiLineString",
        "coordinates": [
          [
            [105.928418807723077, 20.894462686371178],
            [105.928244445462695, 20.894782022116097],
            [105.926341805688182, 20.898860113677291],
            [105.925190671869373, 20.901215505661973],
            [105.925038388254393, 20.90181371557517],
            [105.925211282144176, 20.902193418597115],
            [105.925802120686171, 20.902962970805632],
            [105.925726274144495, 20.903153384944545],
            [105.925569632245995, 20.904341956911807],
            [105.925457827801097, 20.905457645497535],
            [105.925359963984988, 20.905883627282609],
            [105.925125222290703, 20.906504419069002],
            [105.92501518185702, 20.906983320540682],
            [105.924916439709719, 20.908003439409214],
            [105.924729212205548, 20.909552847571867],
            [105.92508998280114, 20.910086932642944],
            [105.925283037621469, 20.910428488993016],
            [105.926024021893028, 20.911560787988176],
            [105.92642207683069, 20.912105148132518],
            [105.926600572441458, 20.912517524608798],
            [105.926662089468522, 20.912780014816558],
            [105.926715070339284, 20.915799807602106],
            [105.926761848681409, 20.917184054249198],
            [105.926766395728805, 20.917923803030334],
            [105.926945237304835, 20.921409379784347],
            [105.926696859449351, 20.923693561982649],
            [105.926228579373117, 20.924386364936915],
            [105.925025254763511, 20.925083241023199],
            [105.92333186649951, 20.925967432235542]
          ],
          [
            [105.929176814368503, 20.893075238916886],
            [105.928332862608443, 20.894620088834312]
          ]
        ]
      }
    },
    {
      "type": "Feature",
      "properties": {
        "ID": "HYE323029mcnam",
        "Ten_duong": "Tỉnh lộ 195",
        "Thuoc_huyen": "TX. Hưng Yên",
        "Thuoc_tinh": "Hưng Yên",
        "Cap_duong": "Tỉnh lộ",
        "Loai_duong": "Nhựa",
        "Chieu_dai": "7.2",
        "Gap_de": "T",
        "Tin_khac": "",
        "layer": "HYE_Tinhlo",
        "path": "D:/_Project/4.HungYen/De/De Hung Yen/BD Hung Yen/HYE_Tinhlo.TAB"
      },
      "geometry": {
        "type": "LineString",
        "coordinates": [
          [106.046657766669256, 20.655867792763999],
          [106.046584659766239, 20.656209663989173],
          [106.046146056031517, 20.657720334169994],
          [106.045524743923565, 20.659395190055903],
          [106.044946170682152, 20.661019009045845],
          [106.044717699430066, 20.661621482697996],
          [106.044068497353194, 20.663194770052364],
          [106.043884007616271, 20.663898889800436],
          [106.043832193081315, 20.664225362131646],
          [106.043801836191875, 20.664531195441921],
          [106.044176129882274, 20.664701224912442],
          [106.044713039378365, 20.66501157397207],
          [106.04510465212924, 20.665215196481441],
          [106.045192448808891, 20.666977547107976],
          [106.045255589425466, 20.667507059140725],
          [106.045301661845372, 20.668081397120048],
          [106.045270806821222, 20.668510469004083],
          [106.045188371746406, 20.668780930277574],
          [106.045072352043462, 20.669067586743651],
          [106.044905646576439, 20.669354459906497],
          [106.044755292910153, 20.6695619077773],
          [106.044370746566727, 20.670056456304337],
          [106.043659575924934, 20.67085501657694],
          [106.043207852111934, 20.671381862320843],
          [106.043141656854431, 20.671556997018424],
          [106.043125533229031, 20.671684124725562],
          [106.043126834542463, 20.671874662105012],
          [106.043299175195656, 20.672397822150103],
          [106.043718540118675, 20.673316478620322],
          [106.044011252885355, 20.674188287021341],
          [106.044081466099612, 20.67460084521441],
          [106.044117537682865, 20.674934193711849],
          [106.044083719480255, 20.675407825016165],
          [106.044093945345409, 20.675583581401877],
          [106.044130666653857, 20.67575917732502],
          [106.044293080847567, 20.676093025405482],
          [106.04438277649075, 20.676209664157316],
          [106.045252043005576, 20.677158567039662],
          [106.04581674502549, 20.677791376550964],
          [106.046754603229587, 20.679010267879068],
          [106.047781822078164, 20.680294022509695],
          [106.048844273329664, 20.681519100397971],
          [106.049135559054406, 20.681827222714265],
          [106.049332591946666, 20.682027048500316],
          [106.049888058654446, 20.682610117310016],
          [106.05037233345297, 20.683185125256227],
          [106.051578698629157, 20.684627046677228],
          [106.052722375144995, 20.686010615140734],
          [106.053741111463566, 20.68734470542638],
          [106.054528452610896, 20.688646685838833],
          [106.054812051652476, 20.689130842709108],
          [106.055505881487036, 20.690416675719781],
          [106.055709495028239, 20.690926437522602],
          [106.055827270977119, 20.691227388355621],
          [106.05588215777064, 20.691444791055275],
          [106.055883317562959, 20.691612379761249],
          [106.055883944396939, 20.692341124039576],
          [106.055772544308155, 20.692961685277421],
          [106.055771026408891, 20.693380548524221],
          [106.05585761144647, 20.694335087938097],
          [106.055877082132923, 20.695206105129298],
          [106.055817206784226, 20.695558287633343],
          [106.055576399539646, 20.696112693741373],
          [106.055261846188728, 20.696943926171137],
          [106.055197958669979, 20.697354859314736],
          [106.055060922611474, 20.698101160877556],
          [106.054999654714649, 20.698252417455194],
          [106.054664846827748, 20.699376952500963],
          [106.054534555345555, 20.699821720760312],
          [106.054311189816858, 20.700317292208904],
          [106.05388956577373, 20.701107346530243],
          [106.053544637693648, 20.702047631392908],
          [106.053397293048775, 20.702609865349647],
          [106.053157045396389, 20.70324801762872],
          [106.052990604734049, 20.703617655563228],
          [106.052683140355811, 20.704172375181233],
          [106.052319395629766, 20.704962072206794],
          [106.052073875535527, 20.705491295533015],
          [106.05183454266691, 20.706263426757115],
          [106.05152004634887, 20.707094652583546],
          [106.05130601581341, 20.707665694476589],
          [106.051200976637034, 20.707917593780756],
          [106.05111287265774, 20.708035403438767],
          [106.051024306357547, 20.708086177597476],
          [106.050279961604062, 20.708534780316178],
          [106.049089761015253, 20.709455094157441],
          [106.048230928877103, 20.710055086624404],
          [106.046580093407357, 20.711271457850451],
          [106.045637432063515, 20.711972414727427]
        ]
      }
    },
    {
      "type": "Feature",
      "properties": {
        "ID": "HYE330029mcnam",
        "Ten_duong": "Tỉnh lộ 195",
        "Thuoc_huyen": "H. Khoái Châu",
        "Thuoc_tinh": "Hưng Yên",
        "Cap_duong": "Tỉnh lộ",
        "Loai_duong": "Nhựa",
        "Chieu_dai": "17.853",
        "Gap_de": "T",
        "Tin_khac": "",
        "layer": "HYE_Tinhlo",
        "path": "D:/_Project/4.HungYen/De/De Hung Yen/BD Hung Yen/HYE_Tinhlo.TAB"
      },
      "geometry": {
        "type": "MultiLineString",
        "coordinates": [
          [
            [105.927011048359276, 20.834992385056534],
            [105.92724813061686, 20.833672543917579],
            [105.927084581624996, 20.833220597955012],
            [105.92688837455357, 20.832708475068639],
            [105.926644207371638, 20.832226787938463],
            [105.926433065292201, 20.831880626607838],
            [105.926302172338083, 20.831519123546357],
            [105.926251530158424, 20.831126919548041],
            [105.926265736613516, 20.830809897092053],
            [105.926255435802005, 20.830586970464154],
            [105.926358153940583, 20.830160237125718],
            [105.926517421177451, 20.829897453207476],
            [105.926821166667551, 20.829593772706762],
            [105.927317594193639, 20.829258691793882],
            [105.927782478910146, 20.829014581396802],
            [105.928600446077951, 20.828677846217662],
            [105.92943483510615, 20.82837119486414],
            [105.930172832076778, 20.828080241427688],
            [105.931023170402256, 20.827758497973033],
            [105.931696775600244, 20.8274677975811],
            [105.932033391818933, 20.827292315935608],
            [105.932144478857822, 20.8272290997133],
            [105.932316324032371, 20.827091556831981],
            [105.93259328286824, 20.826794788465197],
            [105.932812898676033, 20.826471588381271],
            [105.932954195192892, 20.826195615311072],
            [105.933194783556473, 20.825798394872457],
            [105.933414422298952, 20.825479350012706],
            [105.933727080717375, 20.825175428611654],
            [105.934018392195199, 20.824885175391778],
            [105.934337704578965, 20.824507491645754],
            [105.934536048162769, 20.824210968144577],
            [105.934712899468678, 20.823904442507786],
            [105.9348607209633, 20.823534378770589],
            [105.934979657085876, 20.823124176681251],
            [105.935091813404611, 20.822767769332469],
            [105.935197886142603, 20.8225623687939],
            [105.935410986217093, 20.82235304127417],
            [105.935652970354909, 20.822183851639611],
            [105.935916520707266, 20.822021320131256],
            [105.936089508858245, 20.82193029733379],
            [105.936407638423077, 20.821689585959266],
            [105.936834385139676, 20.821344830536855],
            [105.937168520061491, 20.821050995315474],
            [105.937674004332308, 20.82071249328401],
            [105.938257619465617, 20.820313118568034],
            [105.938756196156987, 20.820008261205896],
            [105.938877211845337, 20.819920321114836],
            [105.939304247110655, 20.819639344812746],
            [105.939603243254979, 20.819429541690479],
            [105.939674327300779, 20.819378827555678],
            [105.94014374208831, 20.818990191701925],
            [105.940406894317306, 20.81878067414349],
            [105.940698775911656, 20.818570817869652],
            [105.940911863276824, 20.818361574264127],
            [105.941323918640151, 20.817959878430525],
            [105.942111094087466, 20.81724459670372],
            [105.942606511713109, 20.816728238450452],
            [105.94295815273577, 20.816378821823935],
            [105.943374172567488, 20.816029140669428],
            [105.943803895730071, 20.815750849350703],
            [105.944271759022271, 20.815533151975323],
            [105.944801234362103, 20.81533381616757],
            [105.945185714379193, 20.815105101455107],
            [105.945401975576544, 20.814959711926573],
            [105.945873871625906, 20.814557495056185],
            [105.946704941184336, 20.813706879100959],
            [105.947200424555916, 20.813220774863897],
            [105.947552142879729, 20.812871348861794],
            [105.947871763581588, 20.812552366565935],
            [105.948479521848682, 20.812012693597488],
            [105.948539952983353, 20.811919028676289],
            [105.949054566576791, 20.81139007840855],
            [105.949805743948829, 20.810645689215413],
            [105.95036530038017, 20.810113866193849],
            [105.951020850016363, 20.809490888998656],
            [105.95148478016668, 20.809110566145012],
            [105.952316784853025, 20.808418572343903],
            [105.952844610710315, 20.807962449690823],
            [105.953308437948635, 20.807551946113367],
            [105.95391568165779, 20.806936725882803],
            [105.954426834184659, 20.806382572220897],
            [105.954938884149442, 20.805986794082777],
            [105.955338800798074, 20.805652263278258],
            [105.955946504743579, 20.805112565515341],
            [105.956634005904775, 20.804474301627256],
            [105.957193706016824, 20.803972633284271],
            [105.957641368441159, 20.803547120499413],
            [105.958008226797944, 20.803076792997096],
            [105.958343086800141, 20.802621641459332],
            [105.958773932458115, 20.802090511442934],
            [105.959108931314717, 20.801673213984362],
            [105.959300331901986, 20.801415371846954],
            [105.959643754835341, 20.800993599202883],
            [105.959969940150074, 20.800490066131012],
            [105.96037339515442, 20.799807841315186],
            [105.960728660663122, 20.799163380313185],
            [105.960914487051042, 20.798784861388683],
            [105.96109226984521, 20.798486617284357],
            [105.961236108875127, 20.798244850626091],
            [105.961455659005026, 20.797790791126051],
            [105.961667031511851, 20.797395865471994],
            [105.961886341523467, 20.796904311953842],
            [105.96202945825469, 20.796533891689393],
            [105.96232421947137, 20.795804838727459],
            [105.962509520380223, 20.795329557319214],
            [105.962668670991377, 20.794806356729939],
            [105.962794095696125, 20.794343517687349],
            [105.962844073898282, 20.794134259923307],
            [105.962876645123345, 20.793876943766342],
            [105.962943463296767, 20.793611304023308],
            [105.962983162250367, 20.793144880122238],
            [105.963040645331404, 20.792770873842088],
            [105.963106137270543, 20.792296354430597],
            [105.963112392806863, 20.791934652004489],
            [105.963100221260049, 20.791364075559507],
            [105.963121461826475, 20.790668810547476],
            [105.963144665267734, 20.790282889747871],
            [105.963132749110727, 20.789752517111243],
            [105.963104956197469, 20.789415128848763],
            [105.963136480712095, 20.788993021670329],
            [105.96317780459411, 20.788767730178176],
            [105.963336572850395, 20.788442937663614],
            [105.963626160703882, 20.787961558456651],
            [105.963956912109609, 20.787517623213667],
            [105.964150934210963, 20.787086562181571],
            [105.964345389120652, 20.786723802433755],
            [105.964497806598175, 20.786473763306763],
            [105.964751964261765, 20.786102626604826],
            [105.965057512337268, 20.785715208868044],
            [105.965320083870623, 20.78530788444408],
            [105.965590609588844, 20.784791915297632],
            [105.965869485837317, 20.784259906985945],
            [105.96611415363833, 20.783712008625191],
            [105.96633290158627, 20.783152329754476],
            [105.966467035795915, 20.782717537663547],
            [105.966592363951435, 20.782242680049492],
            [105.966684111516912, 20.781880496049812],
            [105.9667925547908, 20.781454792919359],
            [105.966849143480871, 20.780927196886854],
            [105.966923585195858, 20.780532945918022],
            [105.966929372199601, 20.780098966540464],
            [105.966908664713316, 20.779532413481448],
            [105.966915525744724, 20.779267109822761],
            [105.966965027666731, 20.778969492096845],
            [105.96704049230253, 20.77873605671903],
            [105.967200737042603, 20.778389478437084],
            [105.96736197366738, 20.778183658368004],
            [105.967651071569492, 20.777916764478466],
            [105.968059346295291, 20.777552795811289],
            [105.968501920404748, 20.777204714924732],
            [105.968970084266886, 20.776832455699868],
            [105.96924238470541, 20.776613810122846],
            [105.969599585475393, 20.776286356228688],
            [105.969802930002984, 20.775995910196691],
            [105.969929936162742, 20.775786215456794],
            [105.970082180570671, 20.775512139858602],
            [105.970242004882778, 20.775101323125895],
            [105.970342693894622, 20.774787333222772],
            [105.970451546517353, 20.774412943933971],
            [105.970525822261394, 20.773994569263053],
            [105.970550888410713, 20.773903265366194],
            [105.970556272568501, 20.773407760432264],
            [105.970511779248696, 20.773134705793328],
            [105.970467389414736, 20.772877823036353],
            [105.970489007710626, 20.772246792975821],
            [105.970519868440434, 20.771724219954109],
            [105.970521420178471, 20.771140013703466],
            [105.970540664794896, 20.770663765016128],
            [105.970459522764926, 20.770172362741729],
            [105.970368036682601, 20.769790973736345],
            [105.970163618763308, 20.769174682248064],
            [105.969914460499112, 20.768516811369306],
            [105.969721193342721, 20.767916176945],
            [105.969507270293192, 20.767540718623298],
            [105.969270966311925, 20.767165295912239],
            [105.96923649972922, 20.766987592796536],
            [105.969257421346967, 20.766788706510656],
            [105.969333751155361, 20.766526624547449],
            [105.969376219486321, 20.766196791016366],
            [105.969329579735202, 20.765872610162806],
            [105.969284141584325, 20.765736800612473],
            [105.969115630927931, 20.765507541442147],
            [105.96873393724492, 20.76501792324574],
            [105.968363258538616, 20.764522911402164],
            [105.968059907816865, 20.764116513326442],
            [105.967789253206902, 20.763594825510928],
            [105.967619014952319, 20.763093442379926],
            [105.967516331907831, 20.762701633704467],
            [105.967413149774373, 20.762231314211796],
            [105.967376726102273, 20.761760618778478],
            [105.967373396640056, 20.761237424750458],
            [105.967426410848987, 20.760813297718666],
            [105.967579308984909, 20.760341536275813],
            [105.967842295777814, 20.759659905707526]
          ],
          [
            [105.927011048359276, 20.834992385056534],
            [105.926292244573816, 20.836604942656223],
            [105.925439113074376, 20.838271980978934],
            [105.925086049878018, 20.839126966285477],
            [105.924162673104888, 20.842138143497326],
            [105.923641368396247, 20.843838167285565],
            [105.923641784393197, 20.844126831082551],
            [105.923740989618381, 20.844287388874456],
            [105.923839031502567, 20.844367541997006],
            [105.924457895152472, 20.844698766169508],
            [105.92488133272596, 20.844945753737665],
            [105.925791225657704, 20.845669594834348],
            [105.926551251444295, 20.846230438483989],
            [105.927133482388044, 20.846541522094675],
            [105.928183248837954, 20.84701613211859],
            [105.929508356601715, 20.847720806107404],
            [105.930994719460031, 20.848607188354528],
            [105.931465327840272, 20.848925368517698],
            [105.931706946410259, 20.849126436061994],
            [105.931898542530092, 20.849335997240594],
            [105.932044411138534, 20.849564780391024],
            [105.932157552693141, 20.849816870921572],
            [105.932442067860876, 20.850661802358903],
            [105.932560935126745, 20.850891364446117],
            [105.932833879475879, 20.851215134312614],
            [105.933117256891023, 20.851422567611266],
            [105.933299720391489, 20.85150641090874],
            [105.934440792734776, 20.851862848415266],
            [105.934816653961803, 20.852041946523471],
            [105.935072556784405, 20.852266602390859],
            [105.935147773294062, 20.85239972742324],
            [105.935233245932963, 20.852745929678235],
            [105.935444602426173, 20.854688452698287],
            [105.935514065977628, 20.855740548230852],
            [105.935661015041831, 20.856126529030444],
            [105.936034652758622, 20.856876280048166],
            [105.936390972612955, 20.857886691087341],
            [105.936899794112279, 20.859029350419334],
            [105.93758374281208, 20.860386982459392],
            [105.937863821358036, 20.861035056383276],
            [105.938097565177699, 20.861697568455597],
            [105.938349709421544, 20.862769078734086],
            [105.938413417689603, 20.863400719483696],
            [105.938439778424112, 20.864085870745729],
            [105.938455153924124, 20.864487838659556],
            [105.938546434677775, 20.864869061804111],
            [105.938722752344006, 20.865167510676294],
            [105.93944823457042, 20.865946582529769],
            [105.939673607803456, 20.866296079076335],
            [105.939748786579486, 20.866483139937323],
            [105.939828434289055, 20.866909690780219],
            [105.939796914166109, 20.86769969272979],
            [105.939622861743032, 20.868601606320325],
            [105.939503506194541, 20.868978112490254],
            [105.93943458725623, 20.869195237532374],
            [105.939172467821166, 20.869770481353047],
            [105.937710450347765, 20.872524560201025],
            [105.936636133474678, 20.874590125700387],
            [105.934575394578843, 20.878662121282144],
            [105.934300699706768, 20.879028088823809],
            [105.934162539921715, 20.879134190094444],
            [105.933475757779618, 20.879490661225077],
            [105.933240372891291, 20.879762540255641],
            [105.933132433156729, 20.880076729718766],
            [105.933127881062831, 20.880242454170258],
            [105.933326026081573, 20.880929288364801],
            [105.933334185390066, 20.8810829270483],
            [105.933305764689862, 20.881228633965772],
            [105.933129853529607, 20.881511120518287],
            [105.932534686989953, 20.882009748975307],
            [105.93184913103444, 20.882458634091886],
            [105.926423100976834, 20.885770577327861],
            [105.92314737664968, 20.887872009318492],
            [105.922738153605863, 20.888098735206249],
            [105.922266422917048, 20.888307095108434]
          ]
        ]
      }
    },
    {
      "type": "Feature",
      "properties": {
        "ID": "HYE330029mcchinc",
        "Ten_duong": "Tỉnh lộ 199C",
        "Thuoc_huyen": "H. Khoái Châu",
        "Thuoc_tinh": "Hưng Yên",
        "Cap_duong": "Tỉnh lộ",
        "Loai_duong": "Nhựa",
        "Chieu_dai": "2.08",
        "Gap_de": "T",
        "Tin_khac": "",
        "layer": "HYE_Tinhlo",
        "path": "D:/_Project/4.HungYen/De/De Hung Yen/BD Hung Yen/HYE_Tinhlo.TAB"
      },
      "geometry": {
        "type": "MultiLineString",
        "coordinates": [
          [
            [105.926423100976834, 20.885770577327861],
            [105.923169649589681, 20.883038494425346]
          ],
          [
            [105.92317004521648, 20.883024578556576],
            [105.924392131385247, 20.882130841312499]
          ],
          [
            [105.924393470043682, 20.882129659541121],
            [105.925149428956999, 20.881321466657329]
          ],
          [
            [105.925149428403699, 20.881321376311423],
            [105.925905465872177, 20.880542994977596]
          ],
          [
            [105.925906900635511, 20.880541812674696],
            [105.926726888614013, 20.879971968293042]
          ],
          [
            [105.926728229451868, 20.879971147887989],
            [105.927422589788264, 20.879640230937504]
          ],
          [
            [105.927424218455172, 20.879639318617603],
            [105.928275552103102, 20.879009666876705]
          ],
          [
            [105.928276795128596, 20.879008575944233],
            [105.9288435681202, 20.878410009727787]
          ],
          [
            [105.92884366424957, 20.878410009205769],
            [105.929946795450235, 20.877271492505191]
          ],
          [
            [105.929947369441592, 20.877271037640398],
            [105.931019767965608, 20.876311572170849]
          ],
          [
            [105.931019959108198, 20.87631139043285],
            [105.931789848733629, 20.875574650178955]
          ],
          [
            [105.931800314372182, 20.875572605497901],
            [105.933238736107668, 20.876120319005818]
          ],
          [
            [105.933240278616253, 20.876121033380844],
            [105.935182226374195, 20.877302308555585]
          ]
        ]
      }
    },
    {
      "type": "Feature",
      "properties": {
        "ID": "HYE330029hksau",
        "Ten_duong": "Tỉnh lộ 206",
        "Thuoc_huyen": "H. Khoái Châu",
        "Thuoc_tinh": "Hưng Yên",
        "Cap_duong": "Tỉnh lộ",
        "Loai_duong": "Nhựa",
        "Chieu_dai": "3.037",
        "Gap_de": "F",
        "Tin_khac": "",
        "layer": "HYE_Tinhlo",
        "path": "D:/_Project/4.HungYen/De/De Hung Yen/BD Hung Yen/HYE_Tinhlo.TAB"
      },
      "geometry": {
        "type": "MultiLineString",
        "coordinates": [
          [
            [106.006525771704204, 20.842704919858598],
            [106.005975412339879, 20.843623826793589],
            [106.005118393896197, 20.845329111233813],
            [106.004762864143217, 20.846021092233741],
            [106.003994411405529, 20.847520130227768],
            [106.003600637141844, 20.848272775812287],
            [106.002959889905739, 20.849625872347698],
            [106.002617523941666, 20.850378214735187],
            [106.001887906255376, 20.851913336392698],
            [106.001557848645177, 20.852580949041243],
            [106.000827810525422, 20.854055626408183],
            [106.000472705234216, 20.854832162144021],
            [105.999999985053918, 20.855875729189375],
            [105.999733816477914, 20.85625060033885],
            [105.999615353840539, 20.856505349751998],
            [105.999423163905462, 20.856919360740449],
            [105.999230780732134, 20.857333372658015],
            [105.999038492064855, 20.857747293477104],
            [105.998912352896056, 20.85801889190936],
            [105.998848516294899, 20.858162284773083]
          ],
          [
            [105.998848515698228, 20.858162194428893],
            [105.998662972138931, 20.858578966625743],
            [105.998477523118751, 20.858995647737967]
          ],
          [
            [105.998469736522622, 20.859010058437221],
            [105.996983930239878, 20.861342461333575],
            [105.99642261335751, 20.862323653351474],
            [105.996249600017563, 20.862659850412442],
            [105.996028280394327, 20.86306101738565],
            [105.995807055154941, 20.863462093197949],
            [105.995585732658952, 20.863863169312179],
            [105.995364504547723, 20.864264154265673],
            [105.995152867928056, 20.864647555731477],
            [105.994924501002984, 20.865044967765094],
            [105.994696036791609, 20.865442380082779],
            [105.994467572006883, 20.865839882469789],
            [105.994341649862065, 20.866058984536487],
            [105.993690171309979, 20.867177297843018],
            [105.993617742296934, 20.867301675446033]
          ]
        ]
      }
    },
    {
      "type": "Feature",
      "properties": {
        "ID": "HYE330029hkchin",
        "Ten_duong": "Tỉnh lộ 209",
        "Thuoc_huyen": "H. Yên  Mỹ",
        "Thuoc_tinh": "Hưng Yên",
        "Cap_duong": "Tỉnh lộ",
        "Loai_duong": "Nhựa",
        "Chieu_dai": "0.533",
        "Gap_de": "F",
        "Tin_khac": "",
        "layer": "HYE_Tinhlo",
        "path": "D:/_Project/4.HungYen/De/De Hung Yen/BD Hung Yen/HYE_Tinhlo.TAB"
      },
      "geometry": {
        "type": "LineString",
        "coordinates": [
          [106.010720360011319, 20.857746930045515],
          [106.011750452091079, 20.857861729687354],
          [106.012793248147005, 20.857964431706506],
          [106.013590463421536, 20.857923574124911],
          [106.013731825123742, 20.857862113954152],
          [106.013924091957605, 20.857752106670642],
          [106.014333801186226, 20.857459483729485],
          [106.014845715807979, 20.857057385420912],
          [106.015325150842344, 20.856613918523379]
        ]
      }
    },
    {
      "type": "Feature",
      "properties": {
        "ID": "HYE330029hkchin",
        "Ten_duong": "Tỉnh lộ 209",
        "Thuoc_huyen": "H. Khoái Châu",
        "Thuoc_tinh": "Hưng Yên",
        "Cap_duong": "Tỉnh lộ",
        "Loai_duong": "Nhựa",
        "Chieu_dai": "12.491",
        "Gap_de": "T",
        "Tin_khac": "",
        "layer": "HYE_Tinhlo",
        "path": "D:/_Project/4.HungYen/De/De Hung Yen/BD Hung Yen/HYE_Tinhlo.TAB"
      },
      "geometry": {
        "type": "LineString",
        "coordinates": [
          [105.928271271056829, 20.791584717505025],
          [105.928337008562551, 20.791917933233837],
          [105.928384902732375, 20.792302654445283],
          [105.928479573836796, 20.792905046132098],
          [105.928582195476963, 20.793314949752631],
          [105.928693727490142, 20.793673576760842],
          [105.928916889178566, 20.794437902137975],
          [105.92898283866262, 20.794805268468821],
          [105.929040490767463, 20.795292483378365],
          [105.929161920860167, 20.79579218255876],
          [105.929292094801525, 20.796244762058095],
          [105.929352140516301, 20.797138175937601],
          [105.929392316954676, 20.797736615281739],
          [105.929459684585908, 20.798334997622899],
          [105.929591084505233, 20.798971431575829],
          [105.929713235999813, 20.799603669028173],
          [105.92987344506993, 20.800487956238737],
          [105.930076926991759, 20.801017205591343],
          [105.930458186224428, 20.801988474682162],
          [105.930752078586792, 20.802719796423517],
          [105.931351220595317, 20.80391810378482],
          [105.931719110847965, 20.804540511852601],
          [105.932289394964243, 20.805465393559597],
          [105.932684518963555, 20.806061991914369],
          [105.933263382129354, 20.80692692147537],
          [105.933739989636095, 20.807428839153012],
          [105.934261838422586, 20.807896447198114],
          [105.934792791737522, 20.808359667129988],
          [105.935351863778308, 20.808972440969058],
          [105.935838352721291, 20.809594192062139],
          [105.936040944010102, 20.809973638244369],
          [105.936179857576647, 20.810357678172196],
          [105.936255638701041, 20.810819130659546],
          [105.936331888225965, 20.81138746385572],
          [105.936390840203416, 20.812079941127116],
          [105.936413463766485, 20.812802431982046],
          [105.936354565058252, 20.813581113499296],
          [105.936333113036753, 20.814526285056104],
          [105.936310746243862, 20.815338919005278],
          [105.936377877363668, 20.815877305616919],
          [105.93649882219492, 20.816291438937064],
          [105.936829237058106, 20.816734423717044],
          [105.937305359646246, 20.817150861730497],
          [105.938256908610839, 20.817885527602279],
          [105.93894391430301, 20.818557398506321],
          [105.939686681060294, 20.819402973442866],
          [105.940057804445345, 20.819884036256962],
          [105.940494046086101, 20.820390129066652],
          [105.940799742036489, 20.820795203904012],
          [105.941116075780727, 20.821179891153246],
          [105.941486576677619, 20.821559311060646],
          [105.94187892108836, 20.821974117301398],
          [105.942108710220111, 20.822379606563562],
          [105.94222982614184, 20.822694169130823],
          [105.942275251554477, 20.823029566584275],
          [105.942265689661312, 20.823238145013033],
          [105.942202500386585, 20.823523182560361],
          [105.942117341349146, 20.823767774063739],
          [105.941989730461543, 20.824124360737986],
          [105.942011605059989, 20.824164987992674],
          [105.942120312553712, 20.824245614421553],
          [105.942337668899498, 20.824366481311937],
          [105.942685102523413, 20.824527289686969],
          [105.943206082068514, 20.824717680433846],
          [105.943683786066018, 20.824933695916499],
          [105.944259059449308, 20.825154232080138],
          [105.944877862094515, 20.825435602276745],
          [105.945453583261397, 20.825727326899369],
          [105.94608359911166, 20.826049287794767],
          [105.946496350418187, 20.826265653653117],
          [105.947169995059795, 20.826648355041478],
          [105.948039068311161, 20.827101258115754],
          [105.948647504024308, 20.827443566710063],
          [105.949049596457925, 20.827660075485163],
          [105.949462323902964, 20.827871284115211],
          [105.949929856928676, 20.828194130304322],
          [105.950581513906442, 20.828515953962931],
          [105.951255210979298, 20.828888519149757],
          [105.951755167808969, 20.829185701716792],
          [105.952417755379003, 20.829517576455853],
          [105.953047577601382, 20.829819273522141],
          [105.953493085652198, 20.830060827620414],
          [105.953807870020043, 20.83019125625805],
          [105.954122591168698, 20.830311565577443],
          [105.954198124578326, 20.830265428490257],
          [105.954316356740321, 20.830132499391745],
          [105.954595744780875, 20.829785178249885],
          [105.954917734685367, 20.829335976844771],
          [105.95520698492426, 20.828846210029607],
          [105.955357471419617, 20.828677503031475],
          [105.955563279565823, 20.828686565032417],
          [105.955964806661697, 20.828826715497343],
          [105.956550874050791, 20.829047149000619],
          [105.9570068270787, 20.829237859539919],
          [105.957549846057162, 20.829488977449952],
          [105.95793001314469, 20.829685258762037],
          [105.958537965746174, 20.829946219851141],
          [105.959080861498151, 20.830177095286093],
          [105.959710826949944, 20.830499004616552],
          [105.960264779045403, 20.83076035210933],
          [105.960753738584387, 20.831032181194704],
          [105.961166317934982, 20.831216166569135],
          [105.961829642192725, 20.831659580346649],
          [105.962525033528848, 20.832052125675599],
          [105.963128330603766, 20.832409497989481],
          [105.963861881646153, 20.832832270626877],
          [105.964448977375355, 20.833210057623202],
          [105.964955260171678, 20.833649282934534],
          [105.96548295720946, 20.834175843400381],
          [105.966120594776683, 20.834821945797326],
          [105.966891322377052, 20.835479943359168],
          [105.96728366885479, 20.835818433085134],
          [105.967528065460741, 20.836029372155203],
          [105.96757261469709, 20.836067699391478],
          [105.968758873321491, 20.837034772023944],
          [105.96991101688532, 20.837909873540006],
          [105.971355664281305, 20.839000686775666],
          [105.973377915532623, 20.84038707825632],
          [105.973793270480741, 20.840622785483585],
          [105.974188688286219, 20.840806835437551],
          [105.974612736668007, 20.84100418344725],
          [105.975663762685429, 20.841479937403783],
          [105.976189594541509, 20.841811591585561],
          [105.976537802512311, 20.842080922674143],
          [105.976673737992172, 20.84219109531994],
          [105.976800398609271, 20.842293731486848],
          [105.978066301571261, 20.843105695246031],
          [105.978828724698886, 20.843594550831934],
          [105.97918940767903, 20.843859558514254],
          [105.979487010973884, 20.844134322355316],
          [105.979855022130167, 20.844684696576479],
          [105.980181721655143, 20.845073854117555],
          [105.980464736715462, 20.845351138970344],
          [105.981840259057535, 20.84653467972117],
          [105.982477962504689, 20.847083320536889],
          [105.982996240319537, 20.847519257481395],
          [105.984413860980979, 20.848711659404724],
          [105.985728385162062, 20.849817185297109],
          [105.987211711498048, 20.850997438759645],
          [105.987447936435515, 20.851185355641064],
          [105.987623777367162, 20.851325284316331],
          [105.988090626524738, 20.85169672177863],
          [105.989144689585203, 20.852457689646982],
          [105.989564277492747, 20.85271465397679],
          [105.990030962079743, 20.85294207217401],
          [105.991015251571227, 20.853349086871198],
          [105.992295637494294, 20.853881770296766],
          [105.993271872980813, 20.854319265448851],
          [105.993425630007735, 20.854388121846402],
          [105.993574278382738, 20.854454749053115],
          [105.996442480911355, 20.855739809840937],
          [105.998461423880244, 20.85610560965787],
          [105.999070384454683, 20.856143797499985],
          [105.999388326951575, 20.856141941701363],
          [105.9996729772473, 20.856149224144453],
          [105.999809633621567, 20.856204080249295],
          [106.000000028459382, 20.856347524440238],
          [106.00077304438507, 20.856470216646329],
          [106.00204810134754, 20.856668479447542],
          [106.003625398159372, 20.856858907649322],
          [106.004307870570045, 20.856951757716772],
          [106.005363697523904, 20.857078642112661],
          [106.007198635728528, 20.857303843448786],
          [106.008357566617846, 20.85745440599776],
          [106.009336219342813, 20.857581629867944],
          [106.010720360011319, 20.857746930045515]
        ]
      }
    },
    {
      "type": "Feature",
      "properties": {
        "ID": "HYE329029hkbon",
        "Ten_duong": "Tỉnh lộ 204",
        "Thuoc_huyen": "H. Ân Thi",
        "Thuoc_tinh": "Hưng Yên",
        "Cap_duong": "Tỉnh lộ",
        "Loai_duong": "Nhựa",
        "Chieu_dai": "7.996",
        "Gap_de": "F",
        "Tin_khac": "",
        "layer": "HYE_Tinhlo",
        "path": "D:/_Project/4.HungYen/De/De Hung Yen/BD Hung Yen/HYE_Tinhlo.TAB"
      },
      "geometry": {
        "type": "LineString",
        "coordinates": [
          [106.03717699798618, 20.831119984950316],
          [106.039970137562733, 20.831538258038286],
          [106.041580030416881, 20.831750733597534],
          [106.042266753644242, 20.831846933486204],
          [106.042999615269039, 20.832000310449789],
          [106.043671752596538, 20.832196968912186],
          [106.04522280950971, 20.832710984851708],
          [106.046934522795866, 20.833317242778318],
          [106.047958818331992, 20.833726847781211],
          [106.048945114528621, 20.834143906825556],
          [106.049859326798455, 20.834559143014005],
          [106.051163507000325, 20.834999176396753],
          [106.052248013595033, 20.835343787471711],
          [106.05267423566778, 20.835510750087202],
          [106.053520060275659, 20.835804508431526],
          [106.054385412562326, 20.83611431435121],
          [106.055354376984781, 20.836508222724152],
          [106.056103564375007, 20.836806628754026],
          [106.05713061268996, 20.837218418665309],
          [106.058164147330785, 20.837636215351228],
          [106.058655288612385, 20.837863384125306],
          [106.059327139566093, 20.838150146982077],
          [106.060315487942376, 20.83855004994037],
          [106.060871458450961, 20.838825326920944],
          [106.0614529081396, 20.839088247356742],
          [106.062022016091845, 20.839399939021497],
          [106.062474780338292, 20.839675850366021],
          [106.06301147377782, 20.839969399274207],
          [106.063502800128475, 20.840220855589845],
          [106.064201117641545, 20.840592269517661],
          [106.064770054090175, 20.84089166552836],
          [106.065351870990739, 20.841191069790913],
          [106.066011211794745, 20.841526308780832],
          [106.066741947999233, 20.841927685767764],
          [106.067181690372209, 20.842167345848029],
          [106.067711652841524, 20.842430655185161],
          [106.068138434957206, 20.84265828706372],
          [106.068642484875241, 20.842885435750986],
          [106.069275666675964, 20.843148095991381],
          [106.070121890585227, 20.843488114467412],
          [106.0706639695657, 20.843642380948971],
          [106.071206155462491, 20.843784448255906],
          [106.071631744409373, 20.843842317906393],
          [106.072044359696974, 20.843900267693417],
          [106.072643929274662, 20.84397529564632],
          [106.073160266138231, 20.84411751853327],
          [106.073728459493736, 20.844307930641428],
          [106.074271155595923, 20.844534729561413],
          [106.074743868614505, 20.844691315165036],
          [106.075472540968022, 20.844999880763197],
          [106.076254236013241, 20.845303954014799],
          [106.076926236797576, 20.845602750547847],
          [106.078154180101933, 20.846164566248074],
          [106.0792008704301, 20.846618557739916],
          [106.080409296616438, 20.847150213650192],
          [106.081145876633002, 20.84747279822426],
          [106.082128289084991, 20.847927086532462],
          [106.083071986080498, 20.848369507473528],
          [106.084745628174616, 20.849104357881348],
          [106.086490863832637, 20.849929444236313],
          [106.088073779425244, 20.850579911296901],
          [106.088694224678179, 20.85086688096813],
          [106.089392290465085, 20.851201689445769],
          [106.089831918460135, 20.851416986453035],
          [106.090653698269705, 20.851926905238177],
          [106.09139040838339, 20.852261459004076],
          [106.091894522527411, 20.852488536057681],
          [106.092320667240529, 20.852619168084711],
          [106.092798151076579, 20.852725168352737],
          [106.093140183943788, 20.852813872657265],
          [106.093707213693335, 20.852822357683628],
          [106.094428865058759, 20.85285415549081],
          [106.095331094735485, 20.852896811041738],
          [106.095956201580535, 20.852935273163158],
          [106.096562210256181, 20.853004121086663],
          [106.097103738408833, 20.853061183390718],
          [106.097735329234709, 20.853105650573333],
          [106.098199323323655, 20.853126887570163],
          [106.098753554930411, 20.853159650518844],
          [106.099178818224857, 20.853181223749914],
          [106.09955248704172, 20.853178824335743],
          [106.100061424074994, 20.853181608171074],
          [106.100383129796739, 20.853131025272994],
          [106.100717721788513, 20.853068252633349],
          [106.101272458488523, 20.852866738294562],
          [106.102042529854373, 20.852631763645299],
          [106.102684828453505, 20.852510359719211],
          [106.103643100640042, 20.852304160508638],
          [106.104285797491357, 20.85210604482965],
          [106.105134562491756, 20.851882474603734],
          [106.10566809969248, 20.8517275207513],
          [106.106491362249983, 20.851552624104162],
          [106.107263197387923, 20.85139007208538],
          [106.10795775344738, 20.851240123009756],
          [106.108784205632034, 20.851055347243776]
        ]
      }
    },
    {
      "type": "Feature",
      "properties": {
        "ID": "HYE330029hkbon",
        "Ten_duong": "Tỉnh lộ 204",
        "Thuoc_huyen": "H. Khoái Châu",
        "Thuoc_tinh": "Hưng Yên",
        "Cap_duong": "Tỉnh lộ",
        "Loai_duong": "Nhựa",
        "Chieu_dai": "9.091",
        "Gap_de": "T",
        "Tin_khac": "",
        "layer": "HYE_Tinhlo",
        "path": "D:/_Project/4.HungYen/De/De Hung Yen/BD Hung Yen/HYE_Tinhlo.TAB"
      },
      "geometry": {
        "type": "MultiLineString",
        "coordinates": [
          [
            [105.984854461178983, 20.820225140288198],
            [105.984756023467185, 20.820204654603891],
            [105.986057889739001, 20.820496856776195],
            [105.986903544632199, 20.820751199817693],
            [105.987521995850685, 20.821014436810653],
            [105.988157132266807, 20.821330880787389],
            [105.988694241933032, 20.821571814484109],
            [105.98934532343668, 20.821842355352064],
            [105.989947490865163, 20.822082909489044],
            [105.990484007022573, 20.822232227711964],
            [105.990955662053352, 20.822381919185194],
            [105.991312890114727, 20.822402802146527],
            [105.991864746564929, 20.822399609868267],
            [105.992562562717367, 20.822380301885993],
            [105.993276917765101, 20.8224066113976],
            [105.994218935229242, 20.822507941806098],
            [105.995518531516566, 20.822683263790882],
            [105.99654199590384, 20.822806966343357],
            [105.997532735366292, 20.822907904760172],
            [105.998133119143446, 20.822904409826609],
            [105.998492127336817, 20.822961858330633],
            [105.999999988550897, 20.82322718420734],
            [106.00175669826983, 20.823427527867064],
            [106.004267233730914, 20.823735921580692],
            [106.005784109690836, 20.823923714965971],
            [106.006740683553403, 20.824058590228432],
            [106.0078167020759, 20.824192757829284],
            [106.009273067230296, 20.824268483121262],
            [106.010199008571448, 20.824305130525687],
            [106.011752053415265, 20.824324068543191],
            [106.013149902956471, 20.824357462036449],
            [106.014292619727939, 20.824204701899262],
            [106.015786668436775, 20.824239311565073],
            [106.016889760633873, 20.824225452672145],
            [106.018912360291125, 20.824277588115226],
            [106.019875023372506, 20.824601631515897],
            [106.022167636683591, 20.825476632914285],
            [106.023971243634819, 20.82615377279566],
            [106.027754240525141, 20.827589065427066],
            [106.031460405315002, 20.828936464889743],
            [106.035656175287926, 20.830510214794394],
            [106.03717699798618, 20.831119984950316]
          ],
          [
            [105.983250844633744, 20.820181852891736],
            [105.983312595147325, 20.820131536061396],
            [105.983490640026247, 20.820069529585393],
            [105.983652838234121, 20.820053330128985],
            [105.983863853531886, 20.82005211923893],
            [105.984302519507153, 20.820110586306942],
            [105.984756023467185, 20.820204654603891]
          ],
          [
            [105.983250653038226, 20.820181944338998],
            [105.982959468098613, 20.819779034111477],
            [105.982674923064522, 20.819466252956918],
            [105.982323263145005, 20.81914689902122],
            [105.981881844911925, 20.818737258227134],
            [105.981515181513203, 20.818400551170878],
            [105.981081308234565, 20.817997912116148],
            [105.980729745685849, 20.817692558079681],
            [105.980258503376817, 20.817276126508126],
            [105.979846855366489, 20.816876790226456],
            [105.979382881402842, 20.816439353652509],
            [105.978814259554881, 20.815911622539616],
            [105.978343237241432, 20.815512711608008],
            [105.977774346321908, 20.814957060584767],
            [105.977213996305252, 20.814548084878393],
            [105.97608829554882, 20.813534099634818]
          ],
          [
            [105.976085205539619, 20.813546675677575],
            [105.974095811555671, 20.811911203515542],
            [105.972524919582654, 20.810484569071011],
            [105.971500378398602, 20.809592671057167],
            [105.970715564483129, 20.808982382055977],
            [105.969183436748821, 20.807793021991877],
            [105.96768931933552, 20.806729198397203],
            [105.966083715011663, 20.805672855404939],
            [105.965097872070316, 20.805007745105659],
            [105.963677732550579, 20.80387353804208],
            [105.961996446488527, 20.802601103443187],
            [105.961033042010868, 20.801953279808011],
            [105.96012195691354, 20.801357650435239],
            [105.959643754835341, 20.800993599202883]
          ]
        ]
      }
    },
    {
      "type": "Feature",
      "properties": {
        "ID": "HYE329029mcchin",
        "Ten_duong": "Tỉnh lộ 199",
        "Thuoc_huyen": "H. Ân Thi",
        "Thuoc_tinh": "Hưng Yên",
        "Cap_duong": "Tỉnh lộ",
        "Loai_duong": "Nhựa",
        "Chieu_dai": "7.903",
        "Gap_de": "F",
        "Tin_khac": "",
        "layer": "HYE_Tinhlo",
        "path": "D:/_Project/4.HungYen/De/De Hung Yen/BD Hung Yen/HYE_Tinhlo.TAB"
      },
      "geometry": {
        "type": "MultiLineString",
        "coordinates": [
          [
            [106.135435133297307, 20.893323637122354],
            [106.13519503892222, 20.893382329346544],
            [106.134668883089276, 20.893434066587602],
            [106.133911709458474, 20.893511547113363],
            [106.133205422049087, 20.89351623081081],
            [106.132730514819315, 20.89354350042877],
            [106.132499587177804, 20.893581258626032],
            [106.131986582084735, 20.893669038290017],
            [106.131448724068093, 20.893865755581853],
            [106.130642108803599, 20.894196965062779],
            [106.130027689664487, 20.894466550288008],
            [106.129413719093492, 20.894796390146642],
            [106.12860152843156, 20.895244713556501],
            [106.128218129927248, 20.895476629201074],
            [106.127514538695934, 20.89584364355753],
            [106.1271243687099, 20.896057532632941],
            [106.126791935819028, 20.896252971336786],
            [106.126498322505213, 20.896484381706063],
            [106.126026370900476, 20.896922229276687],
            [106.125733115590961, 20.897201970349585],
            [106.125566938263944, 20.897311658883211],
            [106.125438777977578, 20.89733671517612],
            [106.125181453425867, 20.897277968971615],
            [106.124525043510261, 20.897089132540579],
            [106.123997431061554, 20.896947690527515],
            [106.123431634420285, 20.896842635650064],
            [106.122724521113255, 20.89673868790393],
            [106.121882395395318, 20.896617373849111],
            [106.121457734269214, 20.896499370040068],
            [106.121174744349346, 20.896440786077033],
            [106.120774945898432, 20.896214023215887],
            [106.120258339435566, 20.895818899858956],
            [106.119482893231165, 20.895159676345454],
            [106.118584252852017, 20.894338363782897],
            [106.117976603603509, 20.893798825486879],
            [106.117459565908078, 20.893343345508381],
            [106.116496462086403, 20.892486123750377],
            [106.11583731542926, 20.891922881781916],
            [106.115255627896602, 20.891407375851546],
            [106.11444834079424, 20.890778510324786],
            [106.113841537301425, 20.890323603575524],
            [106.11335053975445, 20.889928290744187],
            [106.112685292932227, 20.889395160137312],
            [106.112026440629222, 20.888868128588701],
            [106.111393710860199, 20.888389168665356],
            [106.110889674112855, 20.88795770463479],
            [106.110553682586925, 20.887669970489664],
            [106.109888625576673, 20.887173055191216],
            [106.109307952654476, 20.88679041811832],
            [106.108817517509166, 20.886455438008543],
            [106.108249723283336, 20.886084729468351],
            [106.107669324266396, 20.885738313037873],
            [106.106927905961854, 20.885326443015735],
            [106.106179918668289, 20.88489654308685],
            [106.10550920669121, 20.884490262267946],
            [106.104877125785151, 20.884107851201751],
            [106.104193804429855, 20.883737874779158],
            [106.104006686606283, 20.883600222471419],
            [106.103722491236795, 20.883372580374534],
            [106.103347976986797, 20.883085169976987],
            [106.102766541630231, 20.88259373861521],
            [106.102120185064962, 20.882018250763824],
            [106.101616203461347, 20.881574650636971],
            [106.100937977388455, 20.881017432240313],
            [106.100278857747412, 20.880429912698869],
            [106.09968403430257, 20.879866099167547],
            [106.099063286409745, 20.87926622149817],
            [106.098526024159298, 20.878671948642854],
            [106.098228710360161, 20.878396046134437],
            [106.097995864364719, 20.878168154309982],
            [106.097737360810726, 20.877928139842204],
            [106.097595180342466, 20.8778081702396],
            [106.097220946289497, 20.87756907822763],
            [106.09661483566579, 20.877234983272302],
            [106.096060241502158, 20.876912662231316],
            [106.095480071205586, 20.876602428682272],
            [106.094950962675554, 20.876267834336549],
            [106.094473291262375, 20.875920893207521],
            [106.093989326352045, 20.875593957237236],
            [106.093446913982078, 20.875186714937481],
            [106.093059636563765, 20.874923393696996],
            [106.092685773999591, 20.874720426951896],
            [106.092079944201203, 20.874422270710063],
            [106.091751453414091, 20.874285506442927],
            [106.091274665709051, 20.874059071054035],
            [106.090669538845347, 20.873857574813943],
            [106.090012909954439, 20.87363219192439],
            [106.089201939823866, 20.87337165095111],
            [106.088391667872003, 20.873207681003723],
            [106.087697099847944, 20.873079200126856],
            [106.087394714830651, 20.873002702438367],
            [106.087059746680282, 20.872859826529041]
          ],
          [
            [106.072235145069328, 20.864892262427432],
            [106.07281225614534, 20.865041510964488],
            [106.073445721796446, 20.865316346340002],
            [106.073898165460733, 20.865519586855722],
            [106.074538117157402, 20.865800340153157],
            [106.075087731632479, 20.866069642520241],
            [106.075579519075347, 20.866357556401095],
            [106.076033358449251, 20.866742558249896],
            [106.076474310423208, 20.86713974621771],
            [106.076915275228671, 20.867524916859622],
            [106.077343016017593, 20.867861563440563],
            [106.078139790865563, 20.86845662216572],
            [106.07902043023131, 20.869057110877403],
            [106.079836676536758, 20.869658001162076],
            [106.080290536524544, 20.870042990666501],
            [106.081009706825441, 20.870590009316178],
            [106.081515440103658, 20.871023183221958],
            [106.081982189197973, 20.871408176731759],
            [106.082474873747657, 20.871817127075822],
            [106.08286338236968, 20.872081459386195],
            [106.08343896709296, 20.872374691237283],
            [106.083812712087322, 20.872550304940834],
            [106.084214520696975, 20.872684903691589],
            [106.084614696401516, 20.872779398344065],
            [106.085040719966401, 20.872885834422647],
            [106.085492252237088, 20.872943591949351],
            [106.085892176809409, 20.872989569538611],
            [106.086210775240303, 20.872994864958173],
            [106.086684391147855, 20.872942076739808],
            [106.087059746680282, 20.872859826529041],
            [106.087072026141371, 20.872856405714451]
          ]
        ]
      }
    },
    {
      "type": "Feature",
      "properties": {
        "ID": "HYE330029mcchin",
        "Ten_duong": "Tỉnh lộ 199",
        "Thuoc_huyen": "H. Khoái Châu",
        "Thuoc_tinh": "Hưng Yên",
        "Cap_duong": "Tỉnh lộ",
        "Loai_duong": "Nhựa",
        "Chieu_dai": "4.193",
        "Gap_de": "T",
        "Tin_khac": "",
        "layer": "HYE_Tinhlo",
        "path": "D:/_Project/4.HungYen/De/De Hung Yen/BD Hung Yen/HYE_Tinhlo.TAB"
      },
      "geometry": {
        "type": "MultiLineString",
        "coordinates": [
          [
            [105.926423100976834, 20.885770577327861],
            [105.926900734519393, 20.885821385090846],
            [105.927378367772761, 20.885872101161361],
            [105.927856097425263, 20.885922815363575],
            [105.928333635074353, 20.885973529262408],
            [105.928528247849059, 20.885994156304456],
            [105.929005881449271, 20.886044777440514],
            [105.929077647041126, 20.886052428566597],
            [105.929556375054972, 20.886093374888279],
            [105.930035103828288, 20.886134410205276],
            [105.930513736114335, 20.886175354349245],
            [105.930992465294636, 20.886216386965607],
            [105.931471194121272, 20.886257327885808],
            [105.931887497426246, 20.886293006058612],
            [105.932366875030596, 20.886329965575424],
            [105.932845868833496, 20.886367016182604],
            [105.933803085664593, 20.886440756161456],
            [105.934284824300548, 20.886470740527123],
            [105.93476371645643, 20.886491252480685],
            [105.935243954566033, 20.886511755726502],
            [105.935724096614109, 20.886532258144456],
            [105.936204334869345, 20.886552758682647],
            [105.936684477062997, 20.886573258393501],
            [105.937164715463723, 20.886593756224048],
            [105.937644857802795, 20.886614253227787],
            [105.938125000214512, 20.886634748878105],
            [105.93860523883319, 20.886655242647276],
            [105.939085477524443, 20.886675735062493],
            [105.939472822410536, 20.886692219109658],
            [105.93971880769395, 20.886702703071766],
            [105.940198950418818, 20.886723192875987],
            [105.940679093216147, 20.88674368132677],
            [105.941639475162333, 20.886784653638536],
            [105.942119137505074, 20.886805140677083],
            [105.94260146686949, 20.886821636328822],
            [105.943080651149714, 20.886827125446434],
            [105.943561277986106, 20.886832695607602],
            [105.944041904799661, 20.886838264416234],
            [105.945003158358119, 20.886849397975858],
            [105.94548397680586, 20.886854871318409],
            [105.945962689330884, 20.886861800532863],
            [105.946444658071954, 20.88688208194873],
            [105.946927493225232, 20.886902537899932],
            [105.947399294766612, 20.886941846086348],
            [105.947878201331605, 20.887010296107785],
            [105.948023018450726, 20.887030996162459],
            [105.948484128923212, 20.887158902023671],
            [105.94894514342549, 20.887286716797682],
            [105.949406159227024, 20.88741462064193],
            [105.949867175192068, 20.887542432865949],
            [105.950257888509938, 20.887650757913107],
            [105.950718906394698, 20.887778658126649],
            [105.950826769555235, 20.88780859607289]
          ],
          [
            [105.958985170164155, 20.89014488126552],
            [105.959434204679951, 20.890306163117941],
            [105.959881603498602, 20.890467091546959],
            [105.960338265809469, 20.890618118790673],
            [105.960547668360633, 20.890680186076992],
            [105.961023520495758, 20.890764607422085],
            [105.961496798822807, 20.890822208516344],
            [105.961855005679936, 20.890865909695872],
            [105.962331652771198, 20.890924031591453],
            [105.962793771474153, 20.890980336655517],
            [105.963269506228315, 20.891046050284871],
            [105.963745144626444, 20.891111672770734],
            [105.964220687244548, 20.891177294458714],
            [105.96517177412737, 20.891308624160679],
            [105.965647414529187, 20.891374331631589],
            [105.96603847316058, 20.891428318757605]
          ],
          [
            [105.950829562582385, 20.887809393675898],
            [105.952828141468373, 20.888413178366111],
            [105.954425236013819, 20.888861071355944],
            [105.956224118709486, 20.889382267553408],
            [105.956926823530097, 20.889568247860396],
            [105.956990301200989, 20.889587498118871],
            [105.957208888327685, 20.889642922768459],
            [105.958191157571946, 20.889902953765194],
            [105.958979293244681, 20.89014292657108]
          ]
        ]
      }
    },
    {
      "type": "Feature",
      "properties": {
        "ID": "HYE333029hkhaib",
        "Ten_duong": "Tỉnh lộ 202B",
        "Thuoc_huyen": "H. Phù Cừ",
        "Thuoc_tinh": "Hưng Yên",
        "Cap_duong": "Tỉnh lộ",
        "Loai_duong": "Nhựa",
        "Chieu_dai": "7.266",
        "Gap_de": "F",
        "Tin_khac": "",
        "layer": "HYE_Tinhlo",
        "path": "D:/_Project/4.HungYen/De/De Hung Yen/BD Hung Yen/HYE_Tinhlo.TAB"
      },
      "geometry": {
        "type": "MultiLineString",
        "coordinates": [
          [
            [106.153321034311872, 20.758968875582802],
            [106.154941175250585, 20.756356503999662],
            [106.156031501809949, 20.754469812273925],
            [106.157549269297618, 20.751530425025937],
            [106.158584384484712, 20.750763738531962],
            [106.159461813210811, 20.750227947941234],
            [106.160310115985894, 20.750042346814535],
            [106.16136722279812, 20.749970340368883],
            [106.161326575356938, 20.748609113781431],
            [106.161518272856128, 20.748180395810607],
            [106.162359525634457, 20.747777914074344],
            [106.162877835521215, 20.747621725627035],
            [106.163168915603649, 20.747467073215493],
            [106.163296288712772, 20.747130398609336],
            [106.163292087082482, 20.746580948062064],
            [106.163208110274951, 20.74640055498568],
            [106.163192974255537, 20.746367952459078],
            [106.162996808307511, 20.746186149981202],
            [106.162863134631465, 20.745698558037233],
            [106.162860568638777, 20.745362852864204],
            [106.16289092952384, 20.745087907946843],
            [106.162984441107909, 20.744568332954806],
            [106.163233019164679, 20.743101253135258],
            [106.163877755617591, 20.73824309644526],
            [106.164130521090399, 20.737325556527612],
            [106.164258119009531, 20.737019506757555],
            [106.164079153193072, 20.734853336718],
            [106.163979580142524, 20.734579180425396],
            [106.163652895218277, 20.734306651000626],
            [106.163866358947075, 20.728260928437162],
            [106.163951748408962, 20.724280188393571]
          ],
          [
            [106.1793391152152, 20.704157753807173],
            [106.178616146810086, 20.705056578422241],
            [106.177789929189487, 20.706089275273659],
            [106.177139824103946, 20.707075592050057],
            [106.17687779728675, 20.707424760356687],
            [106.176575149358882, 20.707698767647912],
            [106.176191999273499, 20.707943058733662],
            [106.174708517199676, 20.709040761776222],
            [106.172765579347811, 20.710565754003955],
            [106.172438701692769, 20.710824831876121],
            [106.169070288583498, 20.712977538377682],
            [106.168871078880144, 20.713145036129124],
            [106.167258169748493, 20.714107497236562],
            [106.167131066816552, 20.714274594483655],
            [106.166926332880323, 20.714774508111255],
            [106.166503831059813, 20.716166973574435],
            [106.165894623691486, 20.71793256432818],
            [106.165837022200151, 20.718135147376159],
            [106.165460279570468, 20.719210188433831],
            [106.164542320703049, 20.7219051699749],
            [106.163964841025063, 20.723668733003432],
            [106.163955038494478, 20.724346298915666]
          ]
        ]
      }
    },
    {
      "type": "Feature",
      "properties": {
        "ID": "HYE333029hkbab",
        "Ten_duong": "Tỉnh lộ 203B",
        "Thuoc_huyen": "H. Phù Cừ",
        "Thuoc_tinh": "Hưng Yên",
        "Cap_duong": "Tỉnh lộ",
        "Loai_duong": "Nhựa",
        "Chieu_dai": "3.396",
        "Gap_de": "F",
        "Tin_khac": "",
        "layer": "HYE_Tinhlo",
        "path": "D:/_Project/4.HungYen/De/De Hung Yen/BD Hung Yen/HYE_Tinhlo.TAB"
      },
      "geometry": {
        "type": "MultiLineString",
        "coordinates": [
          [
            [106.14133501587483, 20.711359805669961],
            [106.137337625246431, 20.718037536232615]
          ],
          [
            [106.124859985054371, 20.728508813273109],
            [106.123921046308396, 20.730457303028693]
          ],
          [
            [106.12525051839765, 20.727685554551307],
            [106.124859984387001, 20.728508722931263]
          ],
          [
            [106.127539323887518, 20.725501810435063],
            [106.126277062486182, 20.726705718909351],
            [106.125252419597487, 20.727682922077069]
          ],
          [
            [106.137337149859775, 20.718038171796088],
            [106.136670314494381, 20.719012441565926]
          ],
          [
            [106.13042000622923, 20.722867208518881],
            [106.128803436307436, 20.724446681305327]
          ],
          [
            [106.131724090123711, 20.721924277616893],
            [106.13042105646737, 20.722866388504663]
          ],
          [
            [106.134494198684337, 20.720411172381805],
            [106.131725141690595, 20.721923638278664]
          ],
          [
            [106.136667644747931, 20.719014988886492],
            [106.134494772131603, 20.720410807217373]
          ],
          [
            [106.123920577496506, 20.730458841977136],
            [106.123418006172955, 20.73232985192044],
            [106.122644940469542, 20.735249738588617]
          ],
          [
            [106.12880296019577, 20.724447226505557],
            [106.127539800675848, 20.725501355579834]
          ]
        ]
      }
    },
    {
      "type": "Feature",
      "properties": {
        "ID": "HYE333029hkba",
        "Ten_duong": "Tỉnh lộ 203",
        "Thuoc_huyen": "H. Phù Cừ",
        "Thuoc_tinh": "Hưng Yên",
        "Cap_duong": "Tỉnh lộ",
        "Loai_duong": "Nhựa",
        "Chieu_dai": "3.219",
        "Gap_de": "F",
        "Tin_khac": "",
        "layer": "HYE_Tinhlo",
        "path": "D:/_Project/4.HungYen/De/De Hung Yen/BD Hung Yen/HYE_Tinhlo.TAB"
      },
      "geometry": {
        "type": "MultiLineString",
        "coordinates": [
          [
            [106.169219507573303, 20.695699142282617],
            [106.170843452693887, 20.696588495236846],
            [106.172094105440706, 20.697400958828503],
            [106.172249485595287, 20.697492595869807],
            [106.173156587987449, 20.698413363844644],
            [106.173964278746212, 20.699215548247704],
            [106.174608871961581, 20.699833542555787],
            [106.174977023565958, 20.700162056692104],
            [106.176492305670308, 20.701542126489567],
            [106.178267598570102, 20.702893841399764],
            [106.178692648191685, 20.703314651705217],
            [106.179118614982087, 20.703841339093206],
            [106.1793391152152, 20.704157753807173],
            [106.179707703079927, 20.70455238646937],
            [106.179990970198432, 20.704815247292906],
            [106.180231167352787, 20.704959327925419],
            [106.180485375868386, 20.705090031420166],
            [106.181810769448532, 20.705557601171204],
            [106.182896573454428, 20.705934202689853],
            [106.183890264513096, 20.706231836484033],
            [106.184256599941122, 20.706322011426547],
            [106.184566158574597, 20.70634644361925],
            [106.18497391643848, 20.706330357371531],
            [106.186159171778101, 20.706221100858457],
            [106.186168873947864, 20.706221666440236]
          ],
          [
            [106.186159171778101, 20.706221100858457],
            [106.186489992832236, 20.706756825896896],
            [106.186656696811568, 20.707178401135035],
            [106.186890332464657, 20.70773638737359],
            [106.186932658914046, 20.707956085508457],
            [106.18698724872344, 20.708443571776254],
            [106.186906419976438, 20.709802464789526],
            [106.186781206082046, 20.711355724429488],
            [106.186595977317168, 20.713032356885147],
            [106.186445940423894, 20.714000171592406],
            [106.186066414626367, 20.715228044229491]
          ]
        ]
      }
    },
    {
      "type": "Feature",
      "properties": {
        "ID": "HYE333029hkmot",
        "Ten_duong": "Tỉnh lộ 201",
        "Thuoc_huyen": "H. Tiên Lữ",
        "Thuoc_tinh": "Hưng Yên",
        "Cap_duong": "Tỉnh lộ",
        "Loai_duong": "Nhựa",
        "Chieu_dai": "1.463",
        "Gap_de": "F",
        "Tin_khac": "",
        "layer": "HYE_Tinhlo",
        "path": "D:/_Project/4.HungYen/De/De Hung Yen/BD Hung Yen/HYE_Tinhlo.TAB"
      },
      "geometry": {
        "type": "LineString",
        "coordinates": [
          [106.192039059119963, 20.678410535199298],
          [106.192434627009135, 20.677261320173848],
          [106.192667355872715, 20.676490512087529],
          [106.193195477601975, 20.675057417593433],
          [106.193414695059843, 20.674511661423637],
          [106.193471632261378, 20.674402491799544],
          [106.193991493004347, 20.672896814871194],
          [106.194478015210251, 20.671572870817197],
          [106.194933868752017, 20.670256275335433],
          [106.195191488291428, 20.669209648812949],
          [106.195212424755198, 20.668940998034657],
          [106.195115361909615, 20.667528311634097],
          [106.194937702722882, 20.666242756858228],
          [106.194835721846729, 20.665685672429024]
        ]
      }
    },
    {
      "type": "Feature",
      "properties": {
        "ID": "HYE332029mcnam",
        "Ten_duong": "Tỉnh lộ 195",
        "Thuoc_huyen": "H. Tiên Lữ",
        "Thuoc_tinh": "Hưng Yên",
        "Cap_duong": "Tỉnh lộ",
        "Loai_duong": "Nhựa",
        "Chieu_dai": "13.941",
        "Gap_de": "T",
        "Tin_khac": "",
        "layer": "HYE_Tinhlo",
        "path": "D:/_Project/4.HungYen/De/De Hung Yen/BD Hung Yen/HYE_Tinhlo.TAB"
      },
      "geometry": {
        "type": "MultiLineString",
        "coordinates": [
          [
            [106.107192701226808, 20.635335438803867],
            [106.106149421234775, 20.636924201247581],
            [106.106059278963642, 20.637147033699723],
            [106.106054358751919, 20.637369229882513],
            [106.106082700503237, 20.637665297993401],
            [106.106191606359261, 20.638232344367296],
            [106.106394851449991, 20.639156743067666],
            [106.106552760426169, 20.640155607230874],
            [106.106625803567823, 20.641204344802627],
            [106.106748480440459, 20.642758709979717],
            [106.106835033362202, 20.6438567805152],
            [106.107065917807532, 20.645879534965527],
            [106.107198709767289, 20.647026547554766],
            [106.107252007160611, 20.647149620262159],
            [106.107331685869241, 20.647297278897096],
            [106.107722560337223, 20.647805504770261],
            [106.107736120122169, 20.64788862771865],
            [106.108790862543529, 20.647966329927954],
            [106.110733386359357, 20.647996032094092],
            [106.112087997073488, 20.6479704143117],
            [106.112393261731853, 20.648002237029154],
            [106.112901414835491, 20.648176493645671],
            [106.113567204886223, 20.648434206429535],
            [106.11435859835359, 20.648699507914404],
            [106.115351995688457, 20.64897199296988],
            [106.116295350503464, 20.64916032119832],
            [106.116618874175387, 20.64923421034927],
            [106.116897884789935, 20.649350669439489],
            [106.117023981612718, 20.649426016037605],
            [106.11771372434329, 20.649886296313539],
            [106.118580015330508, 20.650573646318175],
            [106.119478353128244, 20.651336946346138],
            [106.120354267552344, 20.652117191414213],
            [106.120571471569718, 20.652377697315238],
            [106.120757725034139, 20.65269767160256],
            [106.120912221216116, 20.652967076886263],
            [106.121039657054183, 20.653211270278764],
            [106.121113186797857, 20.653447501861848],
            [106.121168423798963, 20.653649972110191],
            [106.121319436279038, 20.65404615647213],
            [106.121401644718631, 20.654248451339583],
            [106.121546597662061, 20.654433443445768],
            [106.121636988575773, 20.654534225271867],
            [106.121763559853704, 20.654660249698903],
            [106.12197999803827, 20.654802494244375],
            [106.122187255959204, 20.654936305585814],
            [106.122925940564969, 20.655337248242894],
            [106.123106293956923, 20.655414766636451],
            [106.123458093457131, 20.655689931964169],
            [106.123763982168839, 20.655974068848334],
            [106.124226579555142, 20.656291877358889],
            [106.124586927185362, 20.656488924740465],
            [106.12475348762122, 20.656609265316941],
            [106.124950670937565, 20.656769068362152],
            [106.125005106493461, 20.656861770765563],
            [106.125059699277898, 20.656962784040235],
            [106.125164436355419, 20.657173332147085],
            [106.125337053171691, 20.657451197628355],
            [106.125608709021733, 20.657804308185558],
            [106.125726110231469, 20.657896509160707],
            [106.125852217674833, 20.657971758365861],
            [106.126005109754701, 20.658021445186936],
            [106.126087644633756, 20.658032380555245],
            [106.128173271038719, 20.65877143453918],
            [106.130511759564286, 20.659589214227601],
            [106.131096965219356, 20.659855786182639],
            [106.131821410360317, 20.660155322620934],
            [106.132415046192165, 20.660354255252233],
            [106.132784833983379, 20.660514270839375],
            [106.133841472710898, 20.661261904668532],
            [106.134096352673708, 20.661433423767658],
            [106.134720951157476, 20.661819523507198],
            [106.134999997515919, 20.661935951453589],
            [106.13522475634305, 20.66199355915991],
            [106.135476141099787, 20.662017292009626],
            [106.135920199305261, 20.662043640732936],
            [106.136265565830968, 20.662003691585415],
            [106.136565658689165, 20.661942537565832],
            [106.137219222380736, 20.661743894614577],
            [106.137935935784668, 20.661595426768681],
            [106.13845627558868, 20.66159199348618],
            [106.138681035642421, 20.6616496869954],
            [106.138955225875904, 20.661732441225503],
            [106.139189071614979, 20.66179847629494],
            [106.139458595047003, 20.661847470915514],
            [106.139745878010288, 20.661870870045512],
            [106.140051111105848, 20.661894240408422],
            [106.140499812668764, 20.661899676586557],
            [106.140925990061916, 20.66189676800213],
            [106.141661249016735, 20.661841309353633],
            [106.142010897915128, 20.661796712761859],
            [106.142423352342462, 20.661768684673831],
            [106.142960788563599, 20.661638278125817],
            [106.143564655914759, 20.661406151196296],
            [106.14416312325244, 20.661055613861038],
            [106.145775523358751, 20.66011533778001],
            [106.146713999894445, 20.659627465551189],
            [106.146964398914719, 20.659507447198653],
            [106.148058911832734, 20.658900086388744],
            [106.148774551122159, 20.658624915968105],
            [106.149679016701242, 20.658390676196213],
            [106.150686936775514, 20.658205070893086],
            [106.151350344789307, 20.658133065866615],
            [106.151897545685472, 20.658129413245135],
            [106.152615596184802, 20.658150004851898],
            [106.153396642183495, 20.658212364017825],
            [106.153802458606904, 20.658285812368923],
            [106.154171336991055, 20.658374233299579],
            [106.156454181359805, 20.658393910082417],
            [106.15760063554265, 20.658326773628968],
            [106.158579088479925, 20.658320205625671],
            [106.159357758861645, 20.658334850867281],
            [106.160226897042335, 20.658469496221926],
            [106.160796075680437, 20.658604439066302],
            [106.161196393731061, 20.658661192800462],
            [106.161543715758341, 20.658678640498824],
            [106.161807031976707, 20.658706591298227],
            [106.162344785241643, 20.658861616683865],
            [106.162936515819197, 20.659184681446842],
            [106.163337871856896, 20.659390132615705],
            [106.163612028651201, 20.659467517089507],
            [106.163875401821187, 20.659515340387241],
            [106.164191092421589, 20.659513210290587],
            [106.164570070100851, 20.659540285881299],
            [106.164960060588456, 20.659626914593034],
            [106.165287024059126, 20.659743601614803],
            [106.165550947442256, 20.659850866217845],
            [106.16655498694027, 20.660428798394932],
            [106.166913552156871, 20.660535330449228],
            [106.167498030602928, 20.660610699498196],
            [106.168371847074269, 20.660664321387323],
            [106.169224167203467, 20.660668394312953],
            [106.170560193025437, 20.66064948609548],
            [106.171238669097178, 20.660615066805832],
            [106.17138577702714, 20.660584344192099],
            [106.172498356085853, 20.660229948451228],
            [106.172834763297132, 20.660187999881309],
            [106.173687232333137, 20.660211925896224],
            [106.173965512834016, 20.660150584880665],
            [106.174542751566307, 20.659958284892831],
            [106.174805462252024, 20.659906986586552],
            [106.175215640138475, 20.659884407086331],
            [106.176446477356194, 20.659856232092398],
            [106.176903592583656, 20.659783728731981],
            [106.177816695625054, 20.65948016953276],
            [106.178812423101519, 20.658987670472161],
            [106.178912208734701, 20.658957355249278],
            [106.17928057178186, 20.65896477564927],
            [106.179607256446474, 20.659031837302759],
            [106.179976671031639, 20.659187867508724],
            [106.180251218166973, 20.659314912592283],
            [106.180441051918649, 20.659373061146976],
            [106.180609406288113, 20.659371909097231],
            [106.18075658749207, 20.65935111612195],
            [106.180829516881388, 20.659261355534724],
            [106.18112010638913, 20.658744035201138],
            [106.181297084306834, 20.658505033954498],
            [106.181469892950929, 20.658384865505109],
            [106.18179496834054, 20.658243868246309],
            [106.182174023757369, 20.658132314552279],
            [106.183024412828701, 20.657963502072],
            [106.183580202904324, 20.657805470273306],
            [106.183789597698222, 20.657675200942553],
            [106.184034774200157, 20.657405915114584],
            [106.184389273077485, 20.656987260176951],
            [106.184608628226925, 20.656767660188819],
            [106.184943314378742, 20.656517634583562],
            [106.186106657005809, 20.655934863150915],
            [106.186750065706761, 20.655454679715039],
            [106.187231459024659, 20.655124317486003],
            [106.18753534839108, 20.654963669986092],
            [106.187797410047637, 20.654842971565696],
            [106.187996797201393, 20.654772213589499],
            [106.188017816812206, 20.654772068866702],
            [106.188522401124786, 20.654709146681451]
          ],
          [
            [106.107197616103392, 20.635351489156658],
            [106.107192701226808, 20.635335438803867],
            [106.107119312080101, 20.634729586833252],
            [106.106941826492772, 20.633637609289952],
            [106.106786478289351, 20.632474385904228],
            [106.106670644658792, 20.631559364874569],
            [106.106590595823718, 20.630921120150415],
            [106.106431103664207, 20.630219327781735],
            [106.106311688499687, 20.629843885167574],
            [106.10623497607672, 20.629666933748315],
            [106.106151136836729, 20.629539628781668],
            [106.106052275999829, 20.629405372843483],
            [106.105923135562307, 20.629264353947885],
            [106.105423221128916, 20.628905440643699],
            [106.105083044423324, 20.628751496597157],
            [106.104630177922076, 20.628647873435138],
            [106.103857322027949, 20.628567616357294],
            [106.102997713206932, 20.628487909784173],
            [106.102168232980915, 20.628393912403922],
            [106.101146321719398, 20.6282584033377],
            [106.10034631849696, 20.628085968008616],
            [106.099806794520333, 20.627968880077635],
            [106.098312307126477, 20.627616274956285],
            [106.096767816181895, 20.62711499045551],
            [106.096027626438214, 20.626864094305287],
            [106.09539710590839, 20.626676556157193],
            [106.09521600746109, 20.626649244847492],
            [106.093670073907958, 20.626467320997662],
            [106.091848596454227, 20.626202107498425],
            [106.090479169090429, 20.625940887993629],
            [106.089641216971131, 20.625719130895455],
            [106.088005513448962, 20.625097636307604],
            [106.087015699020014, 20.624720520225956],
            [106.086664521355857, 20.624594886927511],
            [106.086506226022067, 20.62458883539507],
            [106.086355561880339, 20.62458978288506],
            [106.085543339149055, 20.624800791951209],
            [106.08440824270221, 20.625169945966149],
            [106.083532653468964, 20.625608569255736]
          ]
        ]
      }
    },
    {
      "type": "Feature",
      "properties": {
        "ID": "HYE323029mcnam",
        "Ten_duong": "Tỉnh lộ 195",
        "Thuoc_huyen": "TX. Hưng Yên",
        "Thuoc_tinh": "Hưng Yên",
        "Cap_duong": "Tỉnh lộ",
        "Loai_duong": "Nhựa",
        "Chieu_dai": "4.966",
        "Gap_de": "T",
        "Tin_khac": "",
        "layer": "HYE_Tinhlo",
        "path": "D:/_Project/4.HungYen/De/De Hung Yen/BD Hung Yen/HYE_Tinhlo.TAB"
      },
      "geometry": {
        "type": "MultiLineString",
        "coordinates": [
          [
            [106.069435411974737, 20.630350807973592],
            [106.068697995762648, 20.6308236484827],
            [106.068299938630133, 20.63113175997287],
            [106.068042500266074, 20.631428882039252],
            [106.067753308779388, 20.631838232187963],
            [106.067404543287438, 20.632237740718185],
            [106.067060156997769, 20.632494741958752],
            [106.066629299162372, 20.632752095930844],
            [106.065130606573263, 20.633433900003439],
            [106.064176725403101, 20.633918718182038],
            [106.063767948091126, 20.634247304593366],
            [106.063403160260691, 20.634677532386299],
            [106.063124795074785, 20.635086808660692],
            [106.062424633172967, 20.636273057667879],
            [106.062071505743219, 20.636835752472084],
            [106.061669105607564, 20.637296746044065],
            [106.061249751560439, 20.637666139145715],
            [106.060765472333998, 20.638015601734256],
            [106.059730379566773, 20.638490686196729],
            [106.05902422706329, 20.638831296336473],
            [106.058721896324414, 20.638914644883339],
            [106.05845174802775, 20.638946839005207],
            [106.058159557615113, 20.638928301518408],
            [106.057781008923456, 20.63894074010862],
            [106.057608178924795, 20.638972427031646],
            [106.057306551269434, 20.639157682102901],
            [106.057156607836873, 20.639362426791614],
            [106.056938471070268, 20.639893657098728],
            [106.056821222040767, 20.64014915801032],
            [106.056670828494674, 20.640302858083981],
            [106.056509334151244, 20.640405759675378],
            [106.055613900850943, 20.640747424224802],
            [106.055161028879652, 20.640964228616831],
            [106.054940449588884, 20.641128655950912],
            [106.054747049583895, 20.64132345482551],
            [106.054650924001706, 20.641497240487247],
            [106.054425996142015, 20.641824682791377],
            [106.05419045868409, 20.642172608414846],
            [106.05404006111462, 20.642326396706554],
            [106.053405701762046, 20.642880492194095],
            [106.052260419379621, 20.643865682404158],
            [106.051883329844017, 20.644092226084002],
            [106.051732253115631, 20.644133893867902],
            [106.05154863982537, 20.644175759722863],
            [106.051375355524442, 20.644156396390432],
            [106.051147921890689, 20.644106824745894],
            [106.049705159324077, 20.643524632700803],
            [106.048907732157858, 20.643172782754803],
            [106.048604129331849, 20.643072713732096],
            [106.048387796719652, 20.643074027644623],
            [106.048214959687826, 20.643105705433555],
            [106.048128903298604, 20.643167394084657],
            [106.048075958782391, 20.643340914189622],
            [106.047991411864928, 20.643636958414888],
            [106.047943030768835, 20.644462588419401],
            [106.047873866231598, 20.645420886195001],
            [106.047838467618803, 20.645787917158703],
            [106.047741773180306, 20.645880208126961],
            [106.047612149445115, 20.645901413705577],
            [106.047395603021997, 20.645872099578039],
            [106.047211219195759, 20.645801933094845],
            [106.046669584350724, 20.645703304769505],
            [106.04655122410081, 20.645785517051976],
            [106.046476193984674, 20.645887885403866],
            [106.046395197486262, 20.646100244402312]
          ],
          [
            [106.083532653468964, 20.625608569255736],
            [106.08222710226886, 20.626262652488958],
            [106.081689805367276, 20.626471830999563],
            [106.081253729906749, 20.626609450976453],
            [106.080817353208971, 20.626704517740038],
            [106.080110125276988, 20.626850788034325],
            [106.07836939232233, 20.627351532056444],
            [106.076689517296941, 20.627951262767841],
            [106.076005979206499, 20.628260718733856],
            [106.074080267274852, 20.629252351310871],
            [106.073281296453416, 20.629689725171147],
            [106.072824913229354, 20.629931170591625],
            [106.071771368515968, 20.63041664820776],
            [106.07098628099024, 20.630755174886797],
            [106.070760721339553, 20.630820449742888],
            [106.07065535081496, 20.630835287665956],
            [106.070489516660544, 20.630836315584919],
            [106.070376362952842, 20.630808647463869],
            [106.070172313378308, 20.630724713322845],
            [106.06986175245774, 20.630492363779563],
            [106.069532581488929, 20.630288588642458]
          ]
        ]
      }
    },
    {
      "type": "Feature",
      "properties": {
        "ID": "HYE326029hknamb",
        "Ten_duong": "Tỉnh lộ 205B",
        "Thuoc_huyen": "H. Văn Giang",
        "Thuoc_tinh": "Hưng Yên",
        "Cap_duong": "Tỉnh lộ",
        "Loai_duong": "Nhựa",
        "Chieu_dai": "7.744",
        "Gap_de": "F",
        "Tin_khac": "",
        "layer": "HYE_Tinhlo",
        "path": "D:/_Project/4.HungYen/De/De Hung Yen/BD Hung Yen/HYE_Tinhlo.TAB"
      },
      "geometry": {
        "type": "MultiLineString",
        "coordinates": [
          [
            [105.960051095749748, 20.904886320763477],
            [105.960287594970126, 20.905410816953939],
            [105.961512373883778, 20.90811608348023],
            [105.962318696294432, 20.911070256046198],
            [105.962433034563261, 20.912548877347632],
            [105.962440901312306, 20.913781538975464],
            [105.962240032325298, 20.91521269616123],
            [105.961411052992048, 20.916943188704611],
            [105.959653061555443, 20.921193912966586],
            [105.957943716112126, 20.924852478919348],
            [105.957637161440999, 20.926185563957162],
            [105.95771468237524, 20.927186453737487],
            [105.957751664206143, 20.927664186069411],
            [105.958077247471891, 20.929338942755233],
            [105.958136118719437, 20.930324848434456],
            [105.958001247809037, 20.930922352304844],
            [105.957805394206375, 20.93179015732666],
            [105.957503901898633, 20.932499452389429],
            [105.957043576256964, 20.934274205034171],
            [105.956857249573503, 20.934629683914004],
            [105.956076243429052, 20.935867849557525],
            [105.956017262729446, 20.936029902411608],
            [105.9559033962543, 20.936650777422727],
            [105.956053845192031, 20.938066135147842],
            [105.956058776210682, 20.938842917116229],
            [105.955881625281137, 20.940660350022114],
            [105.955767896061403, 20.941303359162831],
            [105.95555930595215, 20.941880403608369],
            [105.955160632941528, 20.942435383038703],
            [105.95505405240047, 20.942583698133632]
          ],
          [
            [105.95555930595215, 20.941880403608369],
            [105.955327621004756, 20.942243362772501],
            [105.955160632941528, 20.942435383038703],
            [105.95492451787436, 20.942706663591427],
            [105.954623197747395, 20.942993306400265],
            [105.953499769388657, 20.943596244765207],
            [105.953148842651558, 20.943765077864335],
            [105.951874683033736, 20.944061484917697],
            [105.951135403178768, 20.944062987902097],
            [105.950792454739471, 20.944094714245278],
            [105.950094223996572, 20.944291677213371],
            [105.949206946671055, 20.944600817062504],
            [105.948895260105431, 20.944664168124739],
            [105.948579514070133, 20.944678572694055],
            [105.948097891156522, 20.944620445827663],
            [105.946966866358792, 20.944343035340392],
            [105.946704675621305, 20.944278717232923],
            [105.946044933643819, 20.944143060518865],
            [105.945515722208654, 20.944087358495803],
            [105.945014546121911, 20.944115974785131],
            [105.944533171847269, 20.9442350085512],
            [105.944102624299489, 20.944422966201007],
            [105.943743796404618, 20.944652899232384],
            [105.943156252774983, 20.945111321070122],
            [105.942875172514903, 20.945286433079218],
            [105.942416013275263, 20.945436869667613],
            [105.941959035606558, 20.945474990547503],
            [105.941403719049291, 20.945397826858347],
            [105.939897856968457, 20.945035612913529],
            [105.938616895253347, 20.944802791418308],
            [105.93768730575762, 20.944684939618245],
            [105.936224737028539, 20.944585638558973],
            [105.935579036277858, 20.944495309113158],
            [105.935278716379045, 20.944407782236635],
            [105.93461462108435, 20.944127276904833],
            [105.934375385907387, 20.944026313281331],
            [105.933923467462265, 20.943903023178798],
            [105.933219967312382, 20.943796738383259],
            [105.932486598396338, 20.943774637650165],
            [105.930981222499625, 20.943920910730057],
            [105.929823310883023, 20.943972037972415],
            [105.929502994313239, 20.944165502211948],
            [105.929253019749979, 20.944380898748477],
            [105.929067348664532, 20.944621513301847],
            [105.928876386004532, 20.944971026021332],
            [105.928653634495163, 20.94549951061224],
            [105.928422377435709, 20.946208556856302],
            [105.928298664835793, 20.946749512116842],
            [105.928269020885921, 20.947057941353087]
          ],
          [
            [105.957332125971931, 20.933161761392533],
            [105.957043576256964, 20.934274205034171]
          ]
        ]
      }
    },
    {
      "type": "Feature",
      "properties": {
        "ID": "HYE326029hkbay",
        "Ten_duong": "Tỉnh lộ 207",
        "Thuoc_huyen": "H. Văn Giang",
        "Thuoc_tinh": "Hưng Yên",
        "Cap_duong": "Tỉnh lộ",
        "Loai_duong": "Nhựa",
        "Chieu_dai": "5.704",
        "Gap_de": "F",
        "Tin_khac": "",
        "layer": "HYE_Tinhlo",
        "path": "D:/_Project/4.HungYen/De/De Hung Yen/BD Hung Yen/HYE_Tinhlo.TAB"
      },
      "geometry": {
        "type": "MultiLineString",
        "coordinates": [
          [
            [105.964784677886357, 20.922904641669337],
            [105.964339104672163, 20.92306011739176],
            [105.963942035691957, 20.923297082831962],
            [105.963607698661619, 20.923630004022058],
            [105.963340532291582, 20.924001124095351],
            [105.963083931833282, 20.924385645988895],
            [105.962825902151209, 20.924772434275923],
            [105.96260937537042, 20.925168384369741],
            [105.962568627229984, 20.925247487662503],
            [105.962461379626959, 20.925559430505459],
            [105.962389140825167, 20.926007872032368],
            [105.962333683330272, 20.926448991112014],
            [105.962320251413644, 20.926905593778677],
            [105.962306883905214, 20.927357226936799],
            [105.962293611959026, 20.927808769186967],
            [105.962290452106231, 20.927916300753949],
            [105.962282924826809, 20.929267402485035],
            [105.962210040942551, 20.93017228390833],
            [105.962172719170667, 20.930622516025775],
            [105.962135494550253, 20.931072928267099],
            [105.962098269189099, 20.931523250141112],
            [105.962064164741975, 20.931935246994428],
            [105.962008945655768, 20.932383953633938],
            [105.961953533972192, 20.93283266132903],
            [105.961898314343173, 20.933281367911775],
            [105.961843095019873, 20.933730164810562],
            [105.961795455569273, 20.934116037008039],
            [105.961747259767847, 20.934565426706477],
            [105.961699155287235, 20.935014093082188],
            [105.96164359528764, 20.935469938903314],
            [105.961569403862399, 20.935764077072996],
            [105.961460926929632, 20.935960110152273],
            [105.961273112561997, 20.936126323612495],
            [105.960840983671673, 20.936300507962212],
            [105.960391383236839, 20.936449582577868],
            [105.959937943879865, 20.936600032843998],
            [105.959484503570721, 20.936750481937541],
            [105.959303222885865, 20.936810588430504],
            [105.958853784433515, 20.936970499895207],
            [105.958402905942094, 20.937130960377782],
            [105.957976464696969, 20.937293179819417],
            [105.957619723369135, 20.937603177318422],
            [105.957382465559576, 20.937904643568459],
            [105.957272154474396, 20.938100684457183],
            [105.957098416981268, 20.938530991193979],
            [105.9570022303391, 20.938952189480172],
            [105.956986988327927, 20.939413951617247],
            [105.956972066082812, 20.939865502651084],
            [105.95695714323314, 20.940316963319074],
            [105.956956016762248, 20.940351572794668],
            [105.956936185849202, 20.940802518879266],
            [105.956930047383182, 20.940941327320441],
            [105.956894990156911, 20.941387389647744],
            [105.956819863597659, 20.94183891682232],
            [105.956777186406114, 20.942069633018274],
            [105.956629022168144, 20.942499434479835],
            [105.956480760388487, 20.942929146018638],
            [105.956454035025345, 20.943006543084785],
            [105.95622298608447, 20.943408981764172],
            [105.955954978047998, 20.943776843397735],
            [105.955683250185672, 20.944149784943765],
            [105.955415065557588, 20.944520537898761],
            [105.955164993718085, 20.944911697969911],
            [105.954930381262301, 20.945299157260113],
            [105.954723239616854, 20.945711579165163],
            [105.954663214839883, 20.945831083639341],
            [105.954501905164676, 20.946252012533613],
            [105.954395360752002, 20.946694770076601],
            [105.954351068565401, 20.947141787023114],
            [105.954337412376347, 20.947597034884527],
            [105.954323925027651, 20.948048577525977],
            [105.954310533830267, 20.948500119607878],
            [105.954306789200686, 20.948622471260158],
            [105.953579575771826, 20.949256893695487],
            [105.95243324020602, 20.950214659250118],
            [105.951550658717608, 20.950860421270171],
            [105.951009466890042, 20.951408958930671],
            [105.94933435875501, 20.952543029349989],
            [105.948515550937842, 20.953499307812272],
            [105.947798610926782, 20.954260678543861],
            [105.947368543414029, 20.95474254346675],
            [105.946645978649912, 20.955299664680645],
            [105.946188775634567, 20.955658262427573]
          ],
          [
            [105.972121894287895, 20.915718158472867],
            [105.97201463543189, 20.916158581151734],
            [105.971907471573417, 20.916598912873944],
            [105.971800399802007, 20.917038701918138],
            [105.971688142764322, 20.917479694915158],
            [105.971566909679055, 20.917915589089155],
            [105.971445298897947, 20.918352659846306],
            [105.971343801646, 20.91871778976985],
            [105.971178836500485, 20.919142096876801],
            [105.971015101276478, 20.919563415370519],
            [105.970821937198181, 20.919984178244253],
            [105.970600720206491, 20.920379170603983],
            [105.970365407984403, 20.92078056712807],
            [105.970094673735048, 20.921146748328123],
            [105.969849008577512, 20.921478816043564],
            [105.96954253844423, 20.921820986230962],
            [105.96920860000867, 20.922138646917428],
            [105.968785246993562, 20.922383903789786],
            [105.968568177128148, 20.922467893657362],
            [105.96833760701486, 20.922516091809385],
            [105.967874737811272, 20.922612858384003],
            [105.967389834499485, 20.922662677435959],
            [105.966912009299165, 20.922706672789278],
            [105.966224102493769, 20.922770105969992],
            [105.96574722877466, 20.922812647137551],
            [105.965268337173939, 20.922855469431969],
            [105.964814542141809, 20.92289814858476]
          ]
        ]
      }
    },
    {
      "type": "Feature",
      "properties": {
        "ID": "HYE331029hktamc",
        "Ten_duong": "Tỉnh lộ 208C",
        "Thuoc_huyen": "H. Kim Động",
        "Thuoc_tinh": "Hưng Yên",
        "Cap_duong": "Tỉnh lộ",
        "Loai_duong": "Nhựa",
        "Chieu_dai": "4.849",
        "Gap_de": "T",
        "Tin_khac": "",
        "layer": "HYE_Tinhlo",
        "path": "D:/_Project/4.HungYen/De/De Hung Yen/BD Hung Yen/HYE_Tinhlo.TAB"
      },
      "geometry": {
        "type": "MultiLineString",
        "coordinates": [
          [
            [106.018521200671799, 20.752721341340202],
            [106.01816466970169, 20.752392869025986],
            [106.017672657378881, 20.751783943630237],
            [106.016562397955255, 20.749999988771549],
            [106.016372430082299, 20.749470766890344],
            [106.016122513621752, 20.749025471357267],
            [106.015939181599634, 20.748597761253158],
            [106.015754835968423, 20.748018090814089],
            [106.015589329994498, 20.747411565659878],
            [106.015373123058055, 20.746331733066899],
            [106.015312568890792, 20.745778164221122],
            [106.015251131449986, 20.745092149651494],
            [106.015287053778579, 20.744804448676721],
            [106.015361138874979, 20.744536037606238],
            [106.015416637682932, 20.744303423917955],
            [106.015434163492216, 20.74407997896736],
            [106.01542370090975, 20.743937019101875],
            [106.015355654287362, 20.743714169819263],
            [106.01527835033761, 20.743500138961178],
            [106.01517254626917, 20.743304255669276],
            [106.014922667489799, 20.742876846380035],
            [106.01455733712227, 20.742217831822021],
            [106.014432257798816, 20.741968485027606],
            [106.014373816453443, 20.741745397863529],
            [106.014285184531815, 20.741272403995211],
            [106.014183771123427, 20.740308170018892],
            [106.014138768979421, 20.739954178736554],
            [106.014099468128279, 20.739504474678256],
            [106.0140955960875, 20.738923375558446],
            [106.01405327127091, 20.738192705195047],
            [106.01394351442633, 20.737171961595266],
            [106.013760706473732, 20.73573812277947],
            [106.013709957818151, 20.734434239660146],
            [106.013711692439401, 20.734002453377389],
            [106.013797639288626, 20.732847472094395],
            [106.013905316698569, 20.731436946974259],
            [106.013956951448222, 20.730061897569279],
            [106.013939762577849, 20.729586222826008],
            [106.013890647368541, 20.729233971783721],
            [106.013846389153315, 20.728212027698529],
            [106.013672294042721, 20.726670891685753],
            [106.013507496870275, 20.72511208234048],
            [106.013389410968088, 20.723544143196825],
            [106.013356249089725, 20.722081592307212],
            [106.013293558930371, 20.719297954520197]
          ],
          [
            [106.018562623198036, 20.752796717437288],
            [106.018960517446047, 20.753521121008621],
            [106.020173916628593, 20.755637378937116],
            [106.02185774780223, 20.758471266581271],
            [106.023476374844151, 20.760870225622615]
          ]
        ]
      }
    },
    {
      "type": "Feature",
      "properties": {
        "ID": "HYE331029hktamb",
        "Ten_duong": "Tỉnh lộ 208B",
        "Thuoc_huyen": "H. Kim Động",
        "Thuoc_tinh": "Hưng Yên",
        "Cap_duong": "Tỉnh lộ",
        "Loai_duong": "Nhựa",
        "Chieu_dai": "2.451",
        "Gap_de": "F",
        "Tin_khac": "",
        "layer": "HYE_Tinhlo",
        "path": "D:/_Project/4.HungYen/De/De Hung Yen/BD Hung Yen/HYE_Tinhlo.TAB"
      },
      "geometry": {
        "type": "LineString",
        "coordinates": [
          [106.04530226110505, 20.790926114441582],
          [106.044360055115874, 20.790688273803234],
          [106.03925206416136, 20.789242730367505],
          [106.038366240777762, 20.789042460613743],
          [106.036089774990884, 20.788197282760812],
          [106.029636285340715, 20.78634549894943],
          [106.029099224288984, 20.786201000875934],
          [106.028538587656442, 20.785994031329526],
          [106.027663870258053, 20.785641583161453],
          [106.026630678879982, 20.785252403136809],
          [106.025921086983587, 20.784924074868666],
          [106.023986444543524, 20.784317284716408],
          [106.023560735453884, 20.784214658471278],
          [106.022935325711344, 20.784344602210382]
        ]
      }
    },
    {
      "type": "Feature",
      "properties": {
        "ID": "HYE332029bchinb",
        "Ten_duong": "Tỉnh lộ 39B",
        "Thuoc_huyen": "H. Phù Cừ",
        "Thuoc_tinh": "TX. Hưng Yên",
        "Cap_duong": "Tỉnh lộ",
        "Loai_duong": "Nhựa",
        "Chieu_dai": "8.823",
        "Gap_de": "F",
        "Tin_khac": "",
        "layer": "HYE_Tinhlo",
        "path": "D:/_Project/4.HungYen/De/De Hung Yen/BD Hung Yen/HYE_Tinhlo.TAB"
      },
      "geometry": {
        "type": "LineString",
        "coordinates": [
          [106.202751367697857, 20.75764309079667],
          [106.202732770418194, 20.757635541714716],
          [106.202398877372062, 20.757340917387232],
          [106.201952304123736, 20.756764845634962],
          [106.200932190290743, 20.755539503221012],
          [106.200406329443553, 20.754919441243374],
          [106.200119309110306, 20.754660170498614],
          [106.199774343459111, 20.754348452414774],
          [106.199503796772035, 20.754083012478358],
          [106.199171088286363, 20.753936808362788],
          [106.198838711479468, 20.753820414836806],
          [106.198537134131669, 20.753614636164855],
          [106.198028210550703, 20.753142973842145],
          [106.195817522940942, 20.751203680214758],
          [106.195055623299183, 20.750535281548121],
          [106.194518272325084, 20.750000022323512],
          [106.191806181896979, 20.747858351307023],
          [106.189092440732665, 20.745508039763923],
          [106.188247559211931, 20.744807386883078],
          [106.187069059517967, 20.743838722172001],
          [106.184300191724546, 20.741469826391114],
          [106.183966672323777, 20.741201721500271],
          [106.182477149779942, 20.739984908853547],
          [106.182310264762563, 20.739840510962299],
          [106.181465279344536, 20.739118410705228],
          [106.179129675342693, 20.737054793290447],
          [106.177095525124656, 20.735404845512392],
          [106.175316218797164, 20.733844378822038],
          [106.172836734311659, 20.731719222486749],
          [106.17088082553056, 20.730172738583654],
          [106.170068980945487, 20.729450351534258],
          [106.167178976117341, 20.727057494702077],
          [106.163965862574145, 20.724292470230683],
          [106.162542665152429, 20.723054241151218],
          [106.161835377293954, 20.72244521135725],
          [106.161293771408594, 20.721928025846676],
          [106.160545921873137, 20.721337875123254],
          [106.15854000086145, 20.719595706724391],
          [106.156813579055779, 20.718210125611453],
          [106.156409833458824, 20.717924817096691],
          [106.156050580261919, 20.717694229192979],
          [106.155098317321233, 20.717253863478273],
          [106.15201234601993, 20.715919540879732],
          [106.150298711059079, 20.715171554787378],
          [106.148878784710647, 20.714570571115217],
          [106.146403240545496, 20.713440496100514],
          [106.143523883787807, 20.712223804807628],
          [106.14133501587483, 20.711359805669961],
          [106.137250008251712, 20.709629787352718],
          [106.136505793479515, 20.709300782143892]
        ]
      }
    },
    {
      "type": "Feature",
      "properties": {
        "ID": "HYE332029hkbac",
        "Ten_duong": "Tỉnh lộ 203C",
        "Thuoc_huyen": "H. Tiên Lữ",
        "Thuoc_tinh": "Hưng Yên",
        "Cap_duong": "Tỉnh lộ",
        "Loai_duong": "Nhựa",
        "Chieu_dai": "5.784",
        "Gap_de": "T",
        "Tin_khac": "",
        "layer": "HYE_Tinhlo",
        "path": "D:/_Project/4.HungYen/De/De Hung Yen/BD Hung Yen/HYE_Tinhlo.TAB"
      },
      "geometry": {
        "type": "LineString",
        "coordinates": [
          [106.119785694449789, 20.70189214736304],
          [106.120251594269504, 20.701451569033942],
          [106.121683141869113, 20.700269463050013],
          [106.122536587671405, 20.699586394184532],
          [106.125561182207875, 20.697547682760931],
          [106.125834356844237, 20.697393754064311],
          [106.126752618388693, 20.6968723234252],
          [106.12871804890888, 20.695606441623461],
          [106.129984404016184, 20.694900213657991],
          [106.131407096569291, 20.694264504502101],
          [106.132698499925908, 20.693534241465677],
          [106.133943911968743, 20.692844114623181],
          [106.134899861653082, 20.692298542973461],
          [106.136707050652419, 20.691279448886672],
          [106.13711784722571, 20.691030996328486],
          [106.137863672830747, 20.690558169162351],
          [106.138148514731284, 20.690350027328421],
          [106.138621282278493, 20.689941068402913],
          [106.138746285954369, 20.689773914839716],
          [106.138837982782263, 20.689646462650131],
          [106.138953709603257, 20.68936842503874],
          [106.139226787811324, 20.688716759103773],
          [106.139476035843529, 20.688255519612348],
          [106.139689872914872, 20.687449481577506],
          [106.139661653830913, 20.687090451403265],
          [106.139361878706282, 20.686917613586001],
          [106.13875403842907, 20.686824508997791],
          [106.138173736941567, 20.68649758477045],
          [106.13811243433554, 20.686426435347006],
          [106.137880783210264, 20.685912990964354],
          [106.137726137218039, 20.685542146440422],
          [106.137479640574114, 20.685071713882106],
          [106.137301809093771, 20.684655487327547],
          [106.137128485837081, 20.683813337995868],
          [106.136892374418963, 20.68270002126491],
          [106.136766474298597, 20.682114684255946],
          [106.136624545818862, 20.681594231147944],
          [106.136573810154019, 20.681175448707609],
          [106.136553013198679, 20.680832088770323],
          [106.136560502431124, 20.680600120135622],
          [106.136576728434832, 20.680342435504954],
          [106.136789593586101, 20.679508128169076],
          [106.136949719559198, 20.678965987388718],
          [106.137247691083275, 20.678100129374219],
          [106.137510445602288, 20.677674851758994],
          [106.138408830996099, 20.676787773006939],
          [106.13871969504612, 20.676480891201237],
          [106.138506444057271, 20.675883935291278],
          [106.138349500371959, 20.675023247398176],
          [106.138199132409241, 20.674271744650301],
          [106.137913833977848, 20.673280991306132],
          [106.137594595140271, 20.671625240017139],
          [106.137312455662155, 20.670696441890481],
          [106.137148064473649, 20.669981168579163],
          [106.137043570015024, 20.669174792167759],
          [106.13675512519174, 20.667758704893],
          [106.136775595748489, 20.667387787743856],
          [106.136940760391028, 20.667059734850806],
          [106.137426166521777, 20.665610808867303],
          [106.137771293912465, 20.664519404884217],
          [106.137881559677894, 20.664206078421035],
          [106.138109187281501, 20.663488399504409],
          [106.138220917242066, 20.663010993840661],
          [106.138602338275433, 20.661922239947351],
          [106.138681035642421, 20.6616496869954]
        ]
      }
    },
    {
      "type": "Feature",
      "properties": {
        "ID": "HYE332029hkkhong",
        "Ten_duong": "Tỉnh lộ 200",
        "Thuoc_huyen": "H. Tiên Lữ",
        "Thuoc_tinh": "Hưng Yên",
        "Cap_duong": "Tỉnh lộ",
        "Loai_duong": "Nhựa",
        "Chieu_dai": "8.334",
        "Gap_de": "T",
        "Tin_khac": "",
        "layer": "HYE_Tinhlo",
        "path": "D:/_Project/4.HungYen/De/De Hung Yen/BD Hung Yen/HYE_Tinhlo.TAB"
      },
      "geometry": {
        "type": "LineString",
        "coordinates": [
          [106.132415046192165, 20.660354255252233],
          [106.132034165165024, 20.661067964474515],
          [106.131024081344705, 20.662848006068899],
          [106.130741338227494, 20.663425278085459],
          [106.130588426790936, 20.663827961975475],
          [106.130430372086323, 20.66440486794119],
          [106.13037068388978, 20.664757792041662],
          [106.130347205394884, 20.664957792860683],
          [106.130361857472622, 20.665251504372453],
          [106.13057444949861, 20.666155113970703],
          [106.130664234619459, 20.666483568078512],
          [106.130743890600087, 20.667129476453677],
          [106.130808473684255, 20.668280792535697],
          [106.130798440289581, 20.668598246200048],
          [106.130774787483517, 20.668774667654144],
          [106.13073795966389, 20.668857124603349],
          [106.130559974495569, 20.669257894871869],
          [106.129672981080446, 20.670803395842483],
          [106.128817253488961, 20.672360252390114],
          [106.128263595840693, 20.673433490534595],
          [106.127555934317328, 20.674777870908589],
          [106.126928432826404, 20.67598078387746],
          [106.125765428803462, 20.678186155992975],
          [106.124590007990264, 20.680391511708006],
          [106.123411768723386, 20.682244436061531],
          [106.123000837765844, 20.682879269899676],
          [106.122493517983273, 20.68380176215452],
          [106.122000286472868, 20.684604180901804],
          [106.120911082561904, 20.686679756861952],
          [106.120056046106185, 20.688354201134295],
          [106.119951515246711, 20.688566472576966],
          [106.119583913672827, 20.689497354700165],
          [106.119231632780753, 20.690815904741573],
          [106.118898422543595, 20.692169655828099],
          [106.118595106207223, 20.69335860050192],
          [106.118552630106052, 20.693523487987534],
          [106.118296551496982, 20.694529715459581],
          [106.118129779605624, 20.695407432018968],
          [106.118007042015279, 20.696031620838735],
          [106.117930675044363, 20.696314811256904],
          [106.117686547242442, 20.696869678554307],
          [106.116988341867611, 20.69877121702709],
          [106.116354857014542, 20.700583974408978],
          [106.11636336718955, 20.700854597929997],
          [106.116445411190782, 20.701346184515678],
          [106.116486252699076, 20.702465586099034],
          [106.11642618313418, 20.703191910966844],
          [106.116274804540396, 20.703918827656377],
          [106.116082893909805, 20.704473715827316],
          [106.115923897844354, 20.705065432645664],
          [106.11565687163008, 20.706075973571807],
          [106.115357828230486, 20.707173002546828],
          [106.114872934105563, 20.708775639811464],
          [106.114485261332959, 20.710254684749977],
          [106.114257394139628, 20.711265060498729],
          [106.113793150434958, 20.71300290053366],
          [106.113521817808717, 20.714321186794066],
          [106.1133199735456, 20.715306818711348],
          [106.113238051228507, 20.715725653349232],
          [106.113162844392534, 20.716156822002848],
          [106.112845885343845, 20.717487689375091],
          [106.11222848732919, 20.719731010945818],
          [106.111778874125875, 20.721690100387054],
          [106.111407429715086, 20.723624290253134],
          [106.111146159686413, 20.724536490276137],
          [106.111019782134719, 20.725115614684643],
          [106.110906456362883, 20.725706851521075],
          [106.110774886404016, 20.726482784077387],
          [106.110638042540629, 20.727431131784101],
          [106.110577672435795, 20.728120594605823],
          [106.110448073193126, 20.729167192361736],
          [106.110274384636227, 20.730423407425537],
          [106.110145320336258, 20.731543814497041]
        ]
      }
    },
    {
      "type": "Feature",
      "properties": {
        "ID": "HYE332029bchinb",
        "Ten_duong": "Tỉnh lộ 39B",
        "Thuoc_huyen": "H. Tiên Lữ",
        "Thuoc_tinh": "TX. Hưng Yên",
        "Cap_duong": "Tỉnh lộ",
        "Loai_duong": "Nhựa",
        "Chieu_dai": "5.538",
        "Gap_de": "F",
        "Tin_khac": "",
        "layer": "HYE_Tinhlo",
        "path": "D:/_Project/4.HungYen/De/De Hung Yen/BD Hung Yen/HYE_Tinhlo.TAB"
      },
      "geometry": {
        "type": "LineString",
        "coordinates": [
          [106.136505793479515, 20.709300782143892],
          [106.133223673970576, 20.70784968181227],
          [106.129297104136953, 20.706148147825044],
          [106.126147851817365, 20.704754218358865],
          [106.125623930158, 20.704474769036658],
          [106.122061973439429, 20.702860031813785],
          [106.119785694449789, 20.70189214736304],
          [106.117367275394855, 20.700954787464511],
          [106.116368336277375, 20.700589036803947],
          [106.113956294485462, 20.69942824869981],
          [106.112790489291555, 20.698929571288541],
          [106.111187933782574, 20.698195368717681],
          [106.109665251610863, 20.697550079461237],
          [106.108324326409701, 20.69690351652741],
          [106.108054298684223, 20.696726547445959],
          [106.105737988823989, 20.695669283496276],
          [106.103461384743767, 20.694641547225025],
          [106.100923302635167, 20.693511280396049],
          [106.098265531379255, 20.692247662315896],
          [106.096774104975964, 20.6915275185121],
          [106.095734968892103, 20.69105763856663],
          [106.093704760592274, 20.690177092863305],
          [106.092626195071915, 20.689722350947218],
          [106.092317166226124, 20.689605232403625],
          [106.089827434459977, 20.688608383381922],
          [106.088384685189041, 20.688066563156941]
        ]
      }
    },
    {
      "type": "Feature",
      "properties": {
        "ID": "HYE323029bchinb",
        "Ten_duong": "Tỉnh lộ 39B",
        "Thuoc_huyen": "TX. Hưng Yên",
        "Thuoc_tinh": "TX. Hưng Yên",
        "Cap_duong": "Tỉnh lộ",
        "Loai_duong": "Nhựa",
        "Chieu_dai": "7.997",
        "Gap_de": "T",
        "Tin_khac": "",
        "layer": "HYE_Tinhlo",
        "path": "D:/_Project/4.HungYen/De/De Hung Yen/BD Hung Yen/HYE_Tinhlo.TAB"
      },
      "geometry": {
        "type": "MultiLineString",
        "coordinates": [
          [
            [106.057464825864358, 20.676577867496476],
            [106.051198444606385, 20.674020660355232],
            [106.051757266499308, 20.671414223913967],
            [106.051487854195898, 20.668842562092642],
            [106.048701960912155, 20.656064718423096],
            [106.047322862060057, 20.655935764921825],
            [106.04703230845881, 20.655908616716683],
            [106.031846094518883, 20.656390860713824]
          ],
          [
            [106.088384685189041, 20.688066563156941],
            [106.084729789162168, 20.686615497915767],
            [106.084436314060056, 20.686483269122519],
            [106.082611355995937, 20.685556664020194],
            [106.080388849605882, 20.684290023170796],
            [106.077873346607021, 20.682965645458889],
            [106.077175199341369, 20.682612684619883],
            [106.07568355706006, 20.68186244624891],
            [106.075263657797734, 20.681716263342995],
            [106.074931180666766, 20.681673614912043],
            [106.074440783326949, 20.681632040634838],
            [106.073919220829524, 20.681650198356934],
            [106.072970647133303, 20.681671013133485],
            [106.072006328166339, 20.681691830274385],
            [106.071586867037453, 20.681634899254473],
            [106.071285644562337, 20.681517602758326],
            [106.07041356519855, 20.681165694535171],
            [106.069779027495414, 20.680871846971826],
            [106.068525269137737, 20.680194605081216],
            [106.067645130935887, 20.679827824802441],
            [106.066804964594184, 20.679520331840145],
            [106.066377318344536, 20.679403808774886],
            [106.065917889452223, 20.679272664069291],
            [106.06491867542681, 20.678817161035234],
            [106.063783832748115, 20.678198868525499],
            [106.063292514406285, 20.678023191040644],
            [106.062786193968705, 20.67798159087684],
            [106.062422958119512, 20.678028552134517],
            [106.062169905476267, 20.678030111461453],
            [106.061790311134388, 20.678002634959313],
            [106.060205585723452, 20.677476352372238],
            [106.057535549652172, 20.676629022542514]
          ]
        ]
      }
    },
    {
      "type": "Feature",
      "properties": {
        "ID": "HYE332029smot",
        "Ten_duong": "Tỉnh lộ 61",
        "Thuoc_huyen": "H. Tiên Lữ",
        "Thuoc_tinh": "Hưng Yên",
        "Cap_duong": "Tỉnh lộ",
        "Loai_duong": "Nhựa",
        "Chieu_dai": "2.799",
        "Gap_de": "F",
        "Tin_khac": "",
        "layer": "HYE_Tinhlo",
        "path": "D:/_Project/4.HungYen/De/De Hung Yen/BD Hung Yen/HYE_Tinhlo.TAB"
      },
      "geometry": {
        "type": "LineString",
        "coordinates": [
          [106.092526940170714, 20.689684763363527],
          [106.091528061827944, 20.691738726308163],
          [106.090619162961488, 20.693731401021811],
          [106.089706269139683, 20.695907230751217],
          [106.088793122926546, 20.698051165089044],
          [106.088570620635551, 20.698530418474757],
          [106.088163479688646, 20.698915521676604],
          [106.087861831073226, 20.699068036084697],
          [106.087151119991091, 20.699471497218763],
          [106.086107939350072, 20.700149901421081],
          [106.084509990336144, 20.701209897596147],
          [106.083433549234613, 20.70192680310511],
          [106.081040523671462, 20.70339182680004],
          [106.078977352258121, 20.704894505247438],
          [106.078521690727214, 20.705186110229533],
          [106.076180789252376, 20.706758346999848],
          [106.074986407762893, 20.7075916745058]
        ]
      }
    },
    {
      "type": "Feature",
      "properties": {
        "ID": "HYE331029smot",
        "Ten_duong": "Tỉnh lộ 61",
        "Thuoc_huyen": "H. Kim Động",
        "Thuoc_tinh": "Hưng Yên",
        "Cap_duong": "Tỉnh lộ",
        "Loai_duong": "Nhựa",
        "Chieu_dai": "4.814",
        "Gap_de": "T",
        "Tin_khac": "",
        "layer": "HYE_Tinhlo",
        "path": "D:/_Project/4.HungYen/De/De Hung Yen/BD Hung Yen/HYE_Tinhlo.TAB"
      },
      "geometry": {
        "type": "MultiLineString",
        "coordinates": [
          [
            [106.05232136655664, 20.721240150918494],
            [106.052788099726698, 20.721188327819029],
            [106.053215508516331, 20.720657358124317],
            [106.054524218597237, 20.718578480215086],
            [106.054810521830646, 20.718140706898254],
            [106.055066844985987, 20.717852913733719],
            [106.055801661377856, 20.716953512095525],
            [106.056089328384729, 20.716574906322027],
            [106.056511789426693, 20.716150931317639],
            [106.057331641100873, 20.715261391671142],
            [106.058137277983505, 20.714483425026035],
            [106.059375248089992, 20.713240846352825],
            [106.059882609103738, 20.71276628843049],
            [106.060523165896726, 20.712017606449283],
            [106.060943001600364, 20.711523527528101],
            [106.060882675796421, 20.710830479607143],
            [106.060701996562273, 20.710214878412586],
            [106.061020770786911, 20.709811589124392],
            [106.061683813309102, 20.70966059633291],
            [106.061880295859609, 20.70963589423047],
            [106.063000475706644, 20.709205973598564],
            [106.064014385065519, 20.708753212199337],
            [106.064860434098534, 20.708395535253604],
            [106.065295973107894, 20.70822831788276],
            [106.065768807629951, 20.708025632976323],
            [106.066277019377182, 20.707540752402995],
            [106.066830917022983, 20.706779032920505],
            [106.067049469019992, 20.706478447020054],
            [106.072851003418904, 20.708166231895916],
            [106.073609582085112, 20.708371923258309],
            [106.074986407762893, 20.7075916745058]
          ],
          [
            [106.038852765463233, 20.715741348941588],
            [106.039595998404536, 20.716203329938491],
            [106.040068777259251, 20.716546236673793],
            [106.040541727659914, 20.716899892420898],
            [106.040991464362435, 20.717242845382348],
            [106.041568679598512, 20.717747200732358],
            [106.042070178319491, 20.718089837426568],
            [106.042381432050675, 20.718304065551127],
            [106.042819550441024, 20.718603897320694],
            [106.04310765663044, 20.718775077871751],
            [106.043731613476382, 20.719007645982742],
            [106.04440744371604, 20.719242517082733],
            [106.045390185884557, 20.719463414917218],
            [106.047654113443485, 20.719957495472642],
            [106.048912668347199, 20.720263066362371],
            [106.049429742959759, 20.720367970439511],
            [106.050188587902937, 20.720579453994258],
            [106.05086676252499, 20.720748150042354],
            [106.051804196789988, 20.721066501527133],
            [106.052319456725471, 20.721255612091461]
          ]
        ]
      }
    },
    {
      "type": "Feature",
      "properties": {
        "ID": "HYE331029btamb",
        "Ten_duong": "Tỉnh lộ 38B",
        "Thuoc_huyen": "H. Kim Động",
        "Thuoc_tinh": "Hưng Yên",
        "Cap_duong": "Tỉnh lộ",
        "Loai_duong": "Nhựa",
        "Chieu_dai": "3.5",
        "Gap_de": "F",
        "Tin_khac": "",
        "layer": "HYE_Tinhlo",
        "path": "D:/_Project/4.HungYen/De/De Hung Yen/BD Hung Yen/HYE_Tinhlo.TAB"
      },
      "geometry": {
        "type": "LineString",
        "coordinates": [
          [106.071623401062993, 20.771143513517444],
          [106.071517399999237, 20.770646724260793],
          [106.07112765021121, 20.769075400511237],
          [106.070532707474797, 20.766369510907715],
          [106.069775994865537, 20.763085590314137],
          [106.06893984298388, 20.759727892765408],
          [106.068024563945542, 20.756326229421536],
          [106.067774656945758, 20.755563173651499],
          [106.067662317449219, 20.755281717129819],
          [106.067407195492336, 20.754897247989923],
          [106.067057260854867, 20.754483733165578],
          [106.066849292764246, 20.754084153351307],
          [106.066703594879783, 20.753565380107243],
          [106.066484465563775, 20.752683324109821],
          [106.066130999802297, 20.751764968160131],
          [106.066003236329337, 20.751543144760387],
          [106.065701191047225, 20.751218321715641],
          [106.064677397288278, 20.750311525184813],
          [106.064282860017471, 20.750000011204101],
          [106.063372326658794, 20.749382249033243],
          [106.06265722311619, 20.748718371134434],
          [106.061916991599603, 20.747962490802223],
          [106.061558528691606, 20.747492277783234],
          [106.061040010605907, 20.746919332876484],
          [106.060726088388719, 20.746692781193808],
          [106.060221649763079, 20.746361426241414],
          [106.05993819220447, 20.746109568545268],
          [106.059690298303011, 20.745695949794019],
          [106.05924407399938, 20.744937702235678],
          [106.058742245469134, 20.744110589457375],
          [106.058396220762504, 20.743686008219129],
          [106.058211309469911, 20.74350274692992],
          [106.058027452150199, 20.743360496735509]
        ]
      }
    },
    {
      "type": "Feature",
      "properties": {
        "ID": "HYE327029hmkhong",
        "Ten_duong": "Tỉnh lộ 210",
        "Thuoc_huyen": "H. Ân Thi",
        "Thuoc_tinh": "Hưng Yên",
        "Cap_duong": "Tỉnh lộ",
        "Loai_duong": "Nhựa",
        "Chieu_dai": "1.661",
        "Gap_de": "F",
        "Tin_khac": "",
        "layer": "HYE_Tinhlo",
        "path": "D:/_Project/4.HungYen/De/De Hung Yen/BD Hung Yen/HYE_Tinhlo.TAB"
      },
      "geometry": {
        "type": "LineString",
        "coordinates": [
          [106.090458335447281, 20.875307521309058],
          [106.089802181961176, 20.875122248257632],
          [106.089222339139639, 20.875054839404903],
          [106.088491488378736, 20.874988389514019],
          [106.087640805364217, 20.874860359974289],
          [106.087396492690232, 20.874852788263457],
          [106.086639520946022, 20.874869885420946],
          [106.085229626766548, 20.874949937643056],
          [106.083870268552545, 20.875053328664372],
          [106.082636488915753, 20.875108482727203],
          [106.081427649432968, 20.875116129097698],
          [106.080080793131643, 20.875207575812812],
          [106.07895491745559, 20.875350922305095],
          [106.078224901064019, 20.875414701777661],
          [106.077833330773331, 20.87547598458568],
          [106.077608625368356, 20.875468185017198],
          [106.076588468788785, 20.87555528737666],
          [106.076109606061536, 20.875534539551651],
          [106.075505172137966, 20.875550266541516],
          [106.07458129218503, 20.875496444507597]
        ]
      }
    },
    {
      "type": "Feature",
      "properties": {
        "ID": "HYE328029hmkhong",
        "Ten_duong": "Tỉnh Lộ 210",
        "Thuoc_huyen": "H. Mỹ Hào",
        "Thuoc_tinh": "Hưng Yên",
        "Cap_duong": "Tỉnh lộ",
        "Loai_duong": "Nhựa",
        "Chieu_dai": "5.266",
        "Gap_de": "F",
        "Tin_khac": "",
        "layer": "HYE_Tinhlo",
        "path": "D:/_Project/4.HungYen/De/De Hung Yen/BD Hung Yen/HYE_Tinhlo.TAB"
      },
      "geometry": {
        "type": "LineString",
        "coordinates": [
          [106.097847008347244, 20.919646819206971],
          [106.09783700409271, 20.918510706044668],
          [106.097749023847697, 20.916807276122533],
          [106.097736619300719, 20.915103450372861],
          [106.097702890247376, 20.913943909020595],
          [106.097687512541825, 20.913508906524637],
          [106.09762826876343, 20.912278337043187],
          [106.097536065533319, 20.910006481997648],
          [106.097517809224556, 20.907497447223388],
          [106.097477167643149, 20.903628952695122],
          [106.097409839669822, 20.89956683750253],
          [106.097324910640964, 20.896547145253535],
          [106.09726393603539, 20.895102646709752],
          [106.097092267884534, 20.890543756094203],
          [106.096920885707789, 20.886008621542057],
          [106.096724831369244, 20.881568414563212],
          [106.096643383774733, 20.879022553930639],
          [106.096364804307939, 20.878811034542824],
          [106.095528901527231, 20.878153165395407],
          [106.094617699473488, 20.877543114723768],
          [106.093036463600313, 20.876570268299961],
          [106.091973928890596, 20.875913738253306],
          [106.09111466200018, 20.875516551539505],
          [106.090458335447281, 20.875307521309058]
        ]
      }
    },
    {
      "type": "Feature",
      "properties": {
        "ID": "HYE327029hmkhong",
        "Ten_duong": "Tỉnh lộ 210",
        "Thuoc_huyen": "H. Yên  Mỹ",
        "Thuoc_tinh": "Hưng Yên",
        "Cap_duong": "Tỉnh lộ",
        "Loai_duong": "Nhựa",
        "Chieu_dai": "5.641",
        "Gap_de": "F",
        "Tin_khac": "",
        "layer": "HYE_Tinhlo",
        "path": "D:/_Project/4.HungYen/De/De Hung Yen/BD Hung Yen/HYE_Tinhlo.TAB"
      },
      "geometry": {
        "type": "LineString",
        "coordinates": [
          [106.07458129218503, 20.875496444507597],
          [106.074297821156293, 20.875470669520531],
          [106.073466018988853, 20.875428550172163],
          [106.0726591729033, 20.875327003353121],
          [106.072157546254459, 20.875254528594471],
          [106.071637745077652, 20.875167530161605],
          [106.070294040083439, 20.874850245470235],
          [106.069271212358885, 20.8745193803292],
          [106.068134614358542, 20.874058127218593],
          [106.066810388061398, 20.873175307209909],
          [106.066403323545472, 20.872934362475156],
          [106.065749902905239, 20.872586265243456],
          [106.065319676822625, 20.872304625636595],
          [106.064901209021741, 20.871904377585139],
          [106.064450424211216, 20.8713919388913],
          [106.064119854575665, 20.870955726132337],
          [106.063444890663206, 20.86989365739435],
          [106.062904629437824, 20.869204059255136],
          [106.062536805768517, 20.868827160822011],
          [106.062257695679122, 20.868544574311905],
          [106.061953154023826, 20.868226639072788],
          [106.061686720830124, 20.867955808210503],
          [106.061148412846833, 20.867514914919937],
          [106.060666916493915, 20.867115136593085],
          [106.060211199737324, 20.866786209247724],
          [106.059768409517829, 20.866504722694462],
          [106.059300519716672, 20.866235044974161],
          [106.05866851619534, 20.865919130159774],
          [106.057980109431796, 20.865633195218951],
          [106.057449173036346, 20.8653639923055],
          [106.056627975138213, 20.865001806769151],
          [106.055958138853285, 20.864662444337071],
          [106.055313474555632, 20.864334759315501],
          [106.054409941459554, 20.863907930619952],
          [106.053689487438902, 20.863545019293969],
          [106.053221783233198, 20.86329917444743],
          [106.052653433346407, 20.863065782719367],
          [106.052123091336853, 20.862879406595837],
          [106.051460550514875, 20.86268796848718],
          [106.0506024166733, 20.862456349813634],
          [106.049390993567599, 20.862120284333251],
          [106.048829516987098, 20.861975648029109],
          [106.048185959162694, 20.861789953121157],
          [106.04774450411287, 20.861709808322171],
          [106.04739154271634, 20.861652701306422],
          [106.04702597691427, 20.861607596412782],
          [106.046534567422043, 20.86158684072684],
          [106.046093782874507, 20.8615895353763],
          [106.045653080721308, 20.86160415414405],
          [106.044916643529803, 20.861650120897117],
          [106.044425724986183, 20.86170045897892],
          [106.043960248446353, 20.8617744016559],
          [106.043469834140083, 20.861884001371191],
          [106.042727744864948, 20.862030639458496],
          [106.041910352908204, 20.862213419766793],
          [106.041111673734164, 20.862378103406648],
          [106.040319540808142, 20.862572467666109],
          [106.039665679128419, 20.862718556373128],
          [106.038866914295099, 20.862871575493596],
          [106.037571583315668, 20.863163754748204],
          [106.03644012593935, 20.863454932017671],
          [106.03496897752143, 20.863831094981272],
          [106.033517312317926, 20.864260342188619],
          [106.032436673582666, 20.864634125053378],
          [106.031619980336657, 20.864923462228155],
          [106.030595823912904, 20.865279094925278],
          [106.029804708759528, 20.865627356519035],
          [106.029139263452166, 20.865939352489939],
          [106.028429995113825, 20.866281333486977],
          [106.027953782090407, 20.866490276258286],
          [106.02776406052331, 20.866522224158878],
          [106.027600450385989, 20.866535042186246],
          [106.027465843915934, 20.866529977904822],
          [106.02732366170612, 20.866584136273318],
          [106.026960259842937, 20.866858713746357],
          [106.026220700993889, 20.867384452767315]
        ]
      }
    },
    {
      "type": "Feature",
      "properties": {
        "ID": "HYE329029hkkhongi",
        "Ten_duong": "Tỉnh lộ 200",
        "Thuoc_huyen": "H. Yên  Mỹ",
        "Thuoc_tinh": "Hưng Yên",
        "Cap_duong": "Tỉnh lộ",
        "Loai_duong": "Nhựa",
        "Chieu_dai": "9.756",
        "Gap_de": "F",
        "Tin_khac": "",
        "layer": "HYE_Tinhlo",
        "path": "D:/_Project/4.HungYen/De/De Hung Yen/BD Hung Yen/HYE_Tinhlo.TAB"
      },
      "geometry": {
        "type": "MultiLineString",
        "coordinates": [
          [
            [106.046141543701822, 20.889024130351991],
            [106.045922206710003, 20.889447299431129],
            [106.045680187559114, 20.889885423788343],
            [106.04543741139473, 20.890214414064307],
            [106.044433965077275, 20.891512319605809],
            [106.044433965077275, 20.891512319605809],
            [106.04414014673246, 20.89192654559081],
            [106.043872689952593, 20.892413338963721],
            [106.043618113002111, 20.892899962976099],
            [106.043319315410258, 20.893526441680841],
            [106.043000647777177, 20.894074259116895],
            [106.04270723946405, 20.894549102751903],
            [106.042464281769853, 20.894853787067301],
            [106.041960337731609, 20.895651275446209],
            [106.041448972835994, 20.896321509627658],
            [106.040797986885096, 20.897295795133587],
            [106.040056740847035, 20.898371544565524],
            [106.039558994242725, 20.899151009775476],
            [106.039092835847185, 20.899827196356597],
            [106.038428483597173, 20.90077752266518],
            [106.037815153935583, 20.901654717527734],
            [106.036672139305551, 20.903341827714986],
            [106.035918561943959, 20.904450431134737],
            [106.034826290355127, 20.906028083806849],
            [106.033995788010373, 20.907209783808302],
            [106.033299703989968, 20.908239156165269],
            [106.032750759626808, 20.909091731960746],
            [106.032106774469895, 20.910205710528984],
            [106.031558658512424, 20.911167325944664],
            [106.03102922677904, 20.912050044873798],
            [106.030530631300905, 20.912732458883482],
            [106.030108035707542, 20.913196045858562],
            [106.029370430857583, 20.913813131911159],
            [106.028305479025164, 20.914693016308433],
            [106.027664448914052, 20.915303460721919],
            [106.026671081934779, 20.916249580462477],
            [106.025786586678123, 20.917116258727052],
            [106.025081444946068, 20.917775685493812],
            [106.023653338851844, 20.919318877703649],
            [106.019563794271946, 20.923370361407656],
            [106.018871710374853, 20.924077840791554],
            [106.018025694613854, 20.924931693454855],
            [106.017153899214549, 20.92578569576888],
            [106.01652584006446, 20.92643667952408],
            [106.015808192115557, 20.92719335765662],
            [106.015218436152338, 20.927779240113125],
            [106.014837592945597, 20.92818725119767]
          ],
          [
            [106.066094434000249, 20.862652639037872],
            [106.066337007960655, 20.862348287432933],
            [106.066803569969636, 20.861830406679925],
            [106.067109938682535, 20.861440731001185],
            [106.067326846181786, 20.861136538119727],
            [106.067479601448298, 20.860881080305127],
            [106.067721666364065, 20.860491804657759],
            [106.068032972203795, 20.859890054196175],
            [106.068247982552052, 20.85933145726597],
            [106.068538991102372, 20.858578322109661],
            [106.068729642789791, 20.858055202036596]
          ],
          [
            [106.066116371930661, 20.862669487464387],
            [106.066081651222561, 20.863020879362999],
            [106.065749307748789, 20.86343546995678],
            [106.065239093506449, 20.864239113733959],
            [106.064844395878538, 20.864945005553622],
            [106.064334182879222, 20.865736540462315],
            [106.06370835572352, 20.866613718116078],
            [106.063178428457192, 20.867350893644989],
            [106.062807416460288, 20.867777735266486],
            [106.06238522359159, 20.868253409835479],
            [106.0619891289099, 20.868777437371151],
            [106.061484689719009, 20.869477949985402],
            [106.060871977273621, 20.870379249489631],
            [106.060335710732048, 20.871134615789462],
            [106.059742274202563, 20.872017632514364],
            [106.059154622185247, 20.872821739271433],
            [106.05866926544897, 20.873491860103332],
            [106.057960543159751, 20.87449691952984],
            [106.057423908504788, 20.875203763756808],
            [106.056912509366484, 20.875849737824446],
            [106.056586680042088, 20.876282340972736],
            [106.056266664730913, 20.876611822564126],
            [106.055997565830765, 20.876868170178557],
            [106.055817976141881, 20.877002720228869],
            [106.05548379425494, 20.877162436902744],
            [106.0551497807255, 20.877346364709716],
            [106.054758088987285, 20.877585397418667],
            [106.054450004783106, 20.877793467170839],
            [106.054052588861737, 20.878135528395571],
            [106.053719417588297, 20.878440783415535],
            [106.053412768309045, 20.878855103155516],
            [106.053080439917622, 20.879281686902338],
            [106.052825660304933, 20.879732005509748],
            [106.052595965152491, 20.880085137460313],
            [106.05219408385625, 20.880712264730498],
            [106.051874713460066, 20.881150873000372],
            [106.05149134635549, 20.881662693333261],
            [106.05112137521354, 20.882234962566066],
            [106.050603781206689, 20.882923510290386],
            [106.050194727041358, 20.883447592149057],
            [106.049708959650928, 20.88406908563039],
            [106.049069262649255, 20.884812947720821],
            [106.048499702708483, 20.885441005257491],
            [106.047808960368442, 20.886270011160178],
            [106.04750843791507, 20.886629714368151],
            [106.047150973651725, 20.887165579818813],
            [106.046794275651408, 20.887798471871054],
            [106.045680187559114, 20.889885423788343]
          ]
        ]
      }
    },
    {
      "type": "Feature",
      "properties": {
        "ID": "HYE325029hksau",
        "Ten_duong": "Tỉnh lộ 206",
        "Thuoc_huyen": "H. Văn Lâm",
        "Thuoc_tinh": "Hưng Yên",
        "Cap_duong": "Tỉnh lộ",
        "Loai_duong": "Nhựa",
        "Chieu_dai": "0.473",
        "Gap_de": "F",
        "Tin_khac": "",
        "layer": "HYE_Tinhlo",
        "path": "D:/_Project/4.HungYen/De/De Hung Yen/BD Hung Yen/HYE_Tinhlo.TAB"
      },
      "geometry": {
        "type": "LineString",
        "coordinates": [
          [106.018856556379021, 20.935943952174071],
          [106.018567495356208, 20.935690629595022],
          [106.018063063048245, 20.935258530856011],
          [106.017713479375473, 20.934885948988125],
          [106.017363964800865, 20.934537578777743],
          [106.017001743370599, 20.93420129958546],
          [106.016555087590106, 20.933750692045962],
          [106.016128063323563, 20.933330232435665],
          [106.015920823774053, 20.933101714852935],
          [106.015777496117153, 20.932824661928443]
        ]
      }
    },
    {
      "type": "Feature",
      "properties": {
        "ID": "HYE327029hksau",
        "Ten_duong": "Tỉnh lộ 206",
        "Thuoc_huyen": "H. Yên  Mỹ",
        "Thuoc_tinh": "Hưng Yên",
        "Cap_duong": "Tỉnh lộ",
        "Loai_duong": "Nhựa",
        "Chieu_dai": "3.586",
        "Gap_de": "F",
        "Tin_khac": "",
        "layer": "HYE_Tinhlo",
        "path": "D:/_Project/4.HungYen/De/De Hung Yen/BD Hung Yen/HYE_Tinhlo.TAB"
      },
      "geometry": {
        "type": "LineString",
        "coordinates": [
          [105.984983768393491, 20.894075996179222],
          [105.987657034033504, 20.897170152131974],
          [105.987815039868281, 20.897352915471821],
          [105.988803873594719, 20.898497411247867],
          [105.998675411616802, 20.909413765883077],
          [105.999394259489137, 20.910215548854769],
          [105.999793206659461, 20.910551474064633],
          [106.000000044147043, 20.910742341350037],
          [106.000201728000803, 20.911054936079726],
          [106.000694311265931, 20.911692160335445],
          [106.001277791031043, 20.912449463524609],
          [106.001848376988463, 20.913218946581974],
          [106.002419290155657, 20.914036761200702],
          [106.003035186416071, 20.914851056968168],
          [106.003826099299829, 20.915897687893814],
          [106.004818465416392, 20.917275606263114],
          [106.005415291139428, 20.917836039253793],
          [106.007145310411119, 20.918639057812989]
        ]
      }
    },
    {
      "type": "Feature",
      "properties": {
        "ID": "HYE327029hksau",
        "Ten_duong": "Tỉnh lộ 206",
        "Thuoc_huyen": "H. Yên  Mỹ",
        "Thuoc_tinh": "Hưng Yên",
        "Cap_duong": "Tỉnh lộ",
        "Loai_duong": "Nhựa",
        "Chieu_dai": "4.128",
        "Gap_de": "F",
        "Tin_khac": "",
        "layer": "HYE_Tinhlo",
        "path": "D:/_Project/4.HungYen/De/De Hung Yen/BD Hung Yen/HYE_Tinhlo.TAB"
      },
      "geometry": {
        "type": "LineString",
        "coordinates": [
          [105.963846186540678, 20.901831433658419],
          [105.972183308707969, 20.894600472767529],
          [105.972884239941507, 20.893982661711082],
          [105.97290547370477, 20.893965645816298],
          [105.973927862029868, 20.892985061272832],
          [105.97486188100342, 20.891929534477601],
          [105.975701422894929, 20.890805968128923],
          [105.976440866495409, 20.889622075228264],
          [105.977075263513981, 20.888385474494889],
          [105.97760063159231, 20.887104411431366],
          [105.977590310362686, 20.887128774001702],
          [105.977900681357738, 20.886273935250447],
          [105.97982995949711, 20.880807239099571],
          [105.980199225607819, 20.87987679927739],
          [105.98019666588624, 20.879882325164626],
          [105.980337391679356, 20.879569366868573],
          [105.980507233313233, 20.879269432338539],
          [105.980704860689741, 20.878984968511237],
          [105.980928557476872, 20.878718153486091],
          [105.981176703512844, 20.878471164806065],
          [105.981447195106, 20.878245731046587],
          [105.981738123799445, 20.878044031404073],
          [105.982046806877364, 20.877867436393647],
          [105.982371138431304, 20.877717313229343],
          [105.982708339111696, 20.87759494265639],
          [105.982714289016556, 20.877593372560394],
          [105.983716616057308, 20.877278711972608],
          [105.987281193010332, 20.876256851188661],
          [105.987285899659398, 20.876256281937266],
          [105.987535573538011, 20.876201174181745],
          [105.987779351481578, 20.876126494660507],
          [105.988015505498268, 20.876032614772715],
          [105.988242405507634, 20.875920176403106],
          [105.988458327683063, 20.875790183375653],
          [105.988661739286954, 20.875643457720603],
          [105.988851204317598, 20.875480911260802],
          [105.988985760391415, 20.875344882891728]
        ]
      }
    },
    {
      "type": "Feature",
      "properties": {
        "ID": "HYE330029hkbon",
        "Ten_duong": "Tỉnh lộ 204",
        "Thuoc_huyen": "H. Khoái Châu",
        "Thuoc_tinh": "Hưng Yên",
        "Cap_duong": "Tỉnh lộ",
        "Loai_duong": "Nhựa",
        "Chieu_dai": "2.269",
        "Gap_de": "T",
        "Tin_khac": "",
        "layer": "HYE_Tinhlo",
        "path": "D:/_Project/4.HungYen/De/De Hung Yen/BD Hung Yen/HYE_Tinhlo.TAB"
      },
      "geometry": {
        "type": "LineString",
        "coordinates": [
          [105.960602828172838, 20.799275033488104],
          [105.958117604260607, 20.797559738123002],
          [105.957783746655892, 20.797335006425012],
          [105.955669270340593, 20.795911147837234],
          [105.954024885115231, 20.794813700748215],
          [105.952773043120075, 20.793906230931977],
          [105.951338806387923, 20.792944197753787],
          [105.9498219144877, 20.791867233237419],
          [105.948323634323344, 20.790828640464486],
          [105.948108240026912, 20.79047638367625],
          [105.947643478135049, 20.78996206150553],
          [105.947109898430554, 20.789689169918866],
          [105.946469213732215, 20.789372867064174],
          [105.945455338909241, 20.788665236230525],
          [105.945135822992484, 20.788346074587771],
          [105.945005109456318, 20.787967416862418],
          [105.944904374534588, 20.78706438631033],
          [105.944786090960577, 20.7862590296014],
          [105.944779894715381, 20.786143326005099]
        ]
      }
    },
    {
      "type": "Feature",
      "properties": {
        "ID": "HYE329029hkkhong",
        "Ten_duong": "Tỉnh lộ 200C",
        "Thuoc_huyen": "H. Ân Thi",
        "Thuoc_tinh": "Hưng Yên",
        "Cap_duong": "Tỉnh lộ",
        "Loai_duong": "Nhựa",
        "Chieu_dai": "6.633",
        "Gap_de": "F",
        "Tin_khac": "",
        "layer": "HYE_Tinhlo",
        "path": "D:/_Project/4.HungYen/De/De Hung Yen/BD Hung Yen/HYE_Tinhlo.TAB"
      },
      "geometry": {
        "type": "MultiLineString",
        "coordinates": [
          [
            [106.106243046759957, 20.846851478493658],
            [106.105879849074725, 20.847206081209478],
            [106.105380946935043, 20.847705840918874],
            [106.10502300125043, 20.848095823456337],
            [106.104627560626099, 20.848655535264449],
            [106.104321837888705, 20.849129923606057],
            [106.103965645584864, 20.849774215286875],
            [106.103361922969995, 20.850913568494967],
            [106.102968769744535, 20.851788838797482],
            [106.102542681904623, 20.852537204298855],
            [106.102058045022474, 20.85323110602377],
            [106.101458814283731, 20.854119896224315],
            [106.101033144727637, 20.854940803036875],
            [106.100791345589016, 20.855366620371107],
            [106.100511173205106, 20.855829002969521],
            [106.100256235716856, 20.856206388551431],
            [106.099841045493562, 20.856712100259436],
            [106.099444341601824, 20.857090395503775],
            [106.099085824993622, 20.857420109861565],
            [106.098547793655584, 20.857859932346329],
            [106.098208202325949, 20.858122667843038],
            [106.097925825658294, 20.858269935541475],
            [106.097655888071557, 20.85835659152627],
            [106.097308130868015, 20.858395049737926],
            [106.097024601589823, 20.858396867072621],
            [106.096689301417911, 20.858350590424607],
            [106.09626295321651, 20.858207865115762],
            [106.095823998377924, 20.858089432028848],
            [106.095513649657661, 20.857958068459642],
            [106.095113772388899, 20.857900095634189],
            [106.094668949935624, 20.857860478409734],
            [106.094114771775793, 20.857864021461108],
            [106.09367687180449, 20.857891122808397],
            [106.09325201631124, 20.85795436832657],
            [106.092608481383039, 20.858055418058015],
            [106.091926475347165, 20.858193120110947],
            [106.091186548098023, 20.858349438557202],
            [106.090620195722906, 20.858437792216261],
            [106.090040780882219, 20.858514211230723],
            [106.089397058177525, 20.858603234263892],
            [106.088753342907609, 20.858680058183051],
            [106.088425128427772, 20.858736714328874],
            [106.088090255761415, 20.858763056011565],
            [106.087716571716001, 20.858765431017815],
            [106.087149257293746, 20.858720519441057],
            [106.086684888989041, 20.858662936459485],
            [106.086233050906358, 20.858556666660373],
            [106.085832477894257, 20.85840164510876],
            [106.085484291813856, 20.858367534449165],
            [106.08507870628975, 20.858424674823489],
            [106.084731562183507, 20.858535832090855],
            [106.084243522541954, 20.858769305980331],
            [106.083858435167926, 20.858977733283975],
            [106.083473260620337, 20.859174144311567],
            [106.08316492611165, 20.859309536557213],
            [106.082714736761616, 20.85943353859215],
            [106.082225562730613, 20.859509360579736],
            [106.081510256734504, 20.85949563185406],
            [106.081058949188971, 20.859450057440014],
            [106.080672113682809, 20.859428197143309],
            [106.080259703246497, 20.859418694073749],
            [106.07994392941815, 20.859414633501967],
            [106.079647959927925, 20.859465016364755],
            [106.079365465103209, 20.859612254927505],
            [106.078800819838975, 20.859955244302515],
            [106.078224080040684, 20.860395249279566],
            [106.077635148414373, 20.860932270379763],
            [106.07734115143171, 20.861273550928107],
            [106.076971689811486, 20.861869810435273],
            [106.076557612257389, 20.862545131537821],
            [106.076162817803151, 20.863202261279358],
            [106.075703784072303, 20.863896022714439],
            [106.075290223499351, 20.864632050249384],
            [106.074843457517332, 20.865240807281793],
            [106.074538117157402, 20.865800340153157]
          ],
          [
            [106.10623566162603, 20.846840413710439],
            [106.106874608742515, 20.846409222212099],
            [106.10824353604599, 20.845393469258234],
            [106.10970528190947, 20.844298775108818],
            [106.1106200481928, 20.843633776043657],
            [106.112577951570657, 20.8421466327753],
            [106.113414299795465, 20.841511762217337],
            [106.114098768893513, 20.841003817096265],
            [106.114678865003256, 20.840613455459192],
            [106.116446740719653, 20.839289224978657],
            [106.117758432092373, 20.838309640166852],
            [106.118328662808139, 20.837874429586943],
            [106.119820822694777, 20.836740787464755],
            [106.121284294088596, 20.835616355346325],
            [106.122063599990298, 20.835035844625814],
            [106.123023219646413, 20.83426577904785]
          ]
        ]
      }
    },
    {
      "type": "Feature",
      "properties": {
        "ID": "HYE328029mchsau",
        "Ten_duong": "Tỉnh Lộ 196",
        "Thuoc_huyen": "H. Mỹ Hào",
        "Thuoc_tinh": "Hưng Yên",
        "Cap_duong": "Tỉnh lộ",
        "Loai_duong": "Nhựa",
        "Chieu_dai": "3.082",
        "Gap_de": "F",
        "Tin_khac": "",
        "layer": "HYE_Tinhlo",
        "path": "D:/_Project/4.HungYen/De/De Hung Yen/BD Hung Yen/HYE_Tinhlo.TAB"
      },
      "geometry": {
        "type": "LineString",
        "coordinates": [
          [106.055533603632099, 20.934495415446506],
          [106.055722751538553, 20.934987984641374],
          [106.056134568030586, 20.936158665408648],
          [106.05652187449067, 20.937412433833785],
          [106.056901807818875, 20.938532715819605],
          [106.057108304325794, 20.939207402531601],
          [106.057192621351405, 20.939532937423195],
          [106.057232828556991, 20.939876633984301],
          [106.057209881100107, 20.940196960939502],
          [106.057099986349087, 20.940707642654782],
          [106.05695286622246, 20.941313237071739],
          [106.056569030945028, 20.943242685645856],
          [106.056026043932206, 20.945860828953805],
          [106.055420036011881, 20.948491286003033],
          [106.05481400838201, 20.951121650659836],
          [106.054246033843867, 20.953763703522444],
          [106.053665166650561, 20.956393908483175],
          [106.053035304133914, 20.959213507120413],
          [106.052715869008992, 20.9604481534735],
          [106.052537960363651, 20.961180779219465],
          [106.052414927460319, 20.961632272310862]
        ]
      }
    },
    {
      "type": "Feature",
      "properties": {
        "ID": "HYE331029mcnam",
        "Ten_duong": "Tỉnh lộ 195",
        "Thuoc_huyen": "H. Kim Động",
        "Thuoc_tinh": "Hưng Yên",
        "Cap_duong": "Tỉnh lộ",
        "Loai_duong": "Nhựa",
        "Chieu_dai": "10.778",
        "Gap_de": "T",
        "Tin_khac": "",
        "layer": "HYE_Tinhlo",
        "path": "D:/_Project/4.HungYen/De/De Hung Yen/BD Hung Yen/HYE_Tinhlo.TAB"
      },
      "geometry": {
        "type": "MultiLineString",
        "coordinates": [
          [
            [106.045637432063515, 20.711972414727427],
            [106.044831270735628, 20.712471603991272],
            [106.044344186566747, 20.712801258449282],
            [106.04312578919874, 20.713512367407464],
            [106.042656232612927, 20.713808391911957],
            [106.041547924822723, 20.71435962979151],
            [106.039513192180834, 20.715410572319865],
            [106.038852765463233, 20.715741348941588],
            [106.037841496121686, 20.716191420524225],
            [106.037122892265842, 20.716497334315896],
            [106.035627509410347, 20.717042464745575],
            [106.034589508927453, 20.71747596419512],
            [106.033688597580166, 20.717791271812338],
            [106.03331566497755, 20.717910783244868],
            [106.033129067804438, 20.717937110552651],
            [106.032880110192451, 20.717972033590058],
            [106.03198166315191, 20.717985825098957],
            [106.031612504623936, 20.717996440446402],
            [106.030793478505728, 20.717925906394893],
            [106.030481730301275, 20.717877539358099],
            [106.02970692110631, 20.717756501626393],
            [106.029408633860285, 20.717724766554753],
            [106.029150711442526, 20.717726308899053],
            [106.028839433526286, 20.717761689069437],
            [106.028537504059912, 20.717830532103118],
            [106.028128715374834, 20.717916727413051],
            [106.027489150170496, 20.718071338133445],
            [106.026924895548106, 20.718158458620557],
            [106.02652492262618, 20.718227883108515],
            [106.025929136814582, 20.718281669115928],
            [106.025342095352755, 20.718293569611479],
            [106.024003006647334, 20.718284736693672],
            [106.022712570086156, 20.718242175291522],
            [106.021417868374982, 20.718207941568007],
            [106.020038849160898, 20.718216119564076],
            [106.019776131383523, 20.718175754529817],
            [106.019606679454753, 20.71810990039954],
            [106.019410643272479, 20.718060737352346],
            [106.019232428077245, 20.718019870976118],
            [106.019036464673945, 20.717995914342605],
            [106.018823000632466, 20.717997178006286],
            [106.018458200823275, 20.717999336934138],
            [106.017551601588693, 20.718130373993496],
            [106.016853169288709, 20.71814290401284],
            [106.016666456014391, 20.718152409400609],
            [106.016479813641396, 20.718186940764866],
            [106.016346769434605, 20.718237960312742],
            [106.016169504940947, 20.718339565078217],
            [106.015672680610564, 20.718560328342917],
            [106.015086376285851, 20.718697774323694],
            [106.013749996686613, 20.719082585695975],
            [106.012551130268591, 20.719424836821943],
            [106.012102768470129, 20.71956977334521],
            [106.01173852091155, 20.719655758610433],
            [106.009952481133922, 20.719992949815442],
            [106.008091539335766, 20.7204478343345],
            [106.007389507620999, 20.720586022727801],
            [106.006772185006781, 20.720740427337589],
            [106.00621239325946, 20.720852661878084],
            [106.005118948341021, 20.720992948413532],
            [106.004029919554114, 20.721133383002002],
            [106.003531893620959, 20.721161404745352],
            [106.003247116849096, 20.721154752951065],
            [106.003077942177043, 20.721130531688683],
            [106.002609540616348, 20.720932234586471],
            [106.002484772911544, 20.720899532265449],
            [106.002262277120266, 20.720900828137708],
            [106.002111143100578, 20.720918332432607],
            [106.001969105986845, 20.720961081355259],
            [106.001800331743979, 20.721012297909166],
            [106.001338662375588, 20.721165867496612],
            [106.001276656713955, 20.72119974773722],
            [106.00121488514219, 20.721283860646441],
            [106.000879894579782, 20.721746589159952],
            [106.000664001595922, 20.722066144202824],
            [106.000611050195346, 20.72213349105682],
            [106.00052236183646, 20.722184240749144],
            [106.000398088311002, 20.722226885150679],
            [105.99999996833742, 20.722304459734421],
            [105.999521144794727, 20.722347266032038],
            [105.999086490306937, 20.722477091767573],
            [105.998637496824728, 20.722778211093626],
            [105.997711030038516, 20.723431658727854],
            [105.996645787463407, 20.723923728804028],
            [105.995442215995794, 20.724351902796084],
            [105.993722455977831, 20.724912610930662],
            [105.992347124914261, 20.725438790593827],
            [105.99152223739641, 20.725800063584607],
            [105.990604628320114, 20.726213636650613],
            [105.989412582803439, 20.726884200461345],
            [105.988598692645496, 20.7273589656069],
            [105.987616574617462, 20.727883119958189],
            [105.985555435888841, 20.728964041548178],
            [105.983598114022698, 20.730109126241899],
            [105.98258460727898, 20.730656110031902],
            [105.981850866340039, 20.731011667678036],
            [105.981314282593345, 20.731440816670005],
            [105.980835256313455, 20.731994408331726],
            [105.980391119307711, 20.732612399678672],
            [105.979877608582967, 20.733166095024139],
            [105.97857703341991, 20.734599030601505],
            [105.977618936225596, 20.735705927598801],
            [105.977073007130997, 20.736583792125479],
            [105.976767087761218, 20.73725312109821],
            [105.976562186656651, 20.737545751653766],
            [105.976155308639861, 20.738617255713702],
            [105.975989038706231, 20.739557742254533],
            [105.975857980301683, 20.740627589750471],
            [105.975798579033835, 20.742118239036511],
            [105.975705001980103, 20.743641517422049],
            [105.975669663973875, 20.744855831893862],
            [105.975509342120759, 20.745392061148568],
            [105.975167548038584, 20.745847553503804],
            [105.974790968732506, 20.746270897398571],
            [105.97445071914791, 20.746953156416879],
            [105.97407641618058, 20.747732733254452],
            [105.973359571463007, 20.748838422392424],
            [105.972712230127996, 20.750000003113879],
            [105.972266261344515, 20.751155834915611],
            [105.971727054056004, 20.752151642044137],
            [105.971051559388286, 20.753180291608192],
            [105.970680167846282, 20.753758817955276]
          ],
          [
            [105.971012151582258, 20.753807990153515],
            [105.970811629984809, 20.753798642327265],
            [105.970644934870734, 20.753851986364058],
            [105.970468766449216, 20.754166854633613],
            [105.970238424705769, 20.754722809458759],
            [105.969963409582149, 20.755247574560116],
            [105.969699734399754, 20.755803626483239],
            [105.969436261986218, 20.756406839226379],
            [105.969217788438399, 20.757077740502869],
            [105.969052956491055, 20.757424075405297],
            [105.968821467435362, 20.757786416380128],
            [105.968402262025734, 20.758416616473863],
            [105.968072590415673, 20.759109194380656],
            [105.967842295777814, 20.759659905707526]
          ]
        ]
      }
    },
    {
      "type": "Feature",
      "properties": {
        "ID": "HYE329029hkkhong",
        "Ten_duong": "Tỉnh lộ 200",
        "Thuoc_huyen": "H. Ân Thi",
        "Thuoc_tinh": "Hưng Yên",
        "Cap_duong": "Tỉnh lộ",
        "Loai_duong": "Nhựa",
        "Chieu_dai": "7.923",
        "Gap_de": "T",
        "Tin_khac": "",
        "layer": "HYE_Tinhlo",
        "path": "D:/_Project/4.HungYen/De/De Hung Yen/BD Hung Yen/HYE_Tinhlo.TAB"
      },
      "geometry": {
        "type": "LineString",
        "coordinates": [
          [106.137815530101463, 20.79538061979299],
          [106.137771509123553, 20.795185946669235],
          [106.137481195301859, 20.794471523911024],
          [106.137359146007995, 20.79413362853581],
          [106.13713010327416, 20.793235940023546],
          [106.136887908523065, 20.792711102770944],
          [106.136720145841821, 20.792439280964643],
          [106.136552602984906, 20.792196729381548],
          [106.13633833500505, 20.791949608350031],
          [106.135238377789491, 20.790996788173178],
          [106.134351788280085, 20.790143917725395],
          [106.134007369327577, 20.789835134616283],
          [106.133063048718583, 20.788929966901211],
          [106.132759521555343, 20.788512857963436],
          [106.13251822283857, 20.788105004787699],
          [106.132422858003963, 20.787813276162904],
          [106.132410301369973, 20.787520910825389],
          [106.132402314360988, 20.787145668558818],
          [106.13241955096214, 20.786687413098328],
          [106.132385686272357, 20.786307462854893],
          [106.132342101802735, 20.786015392481353],
          [106.13227196160986, 20.785640560112505],
          [106.13214329283538, 20.785056512214201],
          [106.132026744655747, 20.784706379001182],
          [106.131806689961337, 20.784376442744183],
          [106.131576284076445, 20.784036726726892],
          [106.131350668141764, 20.783643494243112],
          [106.131267064902744, 20.783227642739273],
          [106.131274133863442, 20.783041755445606],
          [106.13130084087949, 20.78251314855639],
          [106.131426133328191, 20.781961576633996],
          [106.131627164699111, 20.781131692958787],
          [106.131789747212721, 20.780711508422833],
          [106.131936898753622, 20.780296213793203],
          [106.132507102173406, 20.77897657125013],
          [106.132930294881561, 20.778091645872859],
          [106.133003674881138, 20.777922486617971],
          [106.133215396695434, 20.777664508220628],
          [106.133589132771803, 20.777246090629632],
          [106.134113867447567, 20.776774726424215],
          [106.134334675351639, 20.776524727492465],
          [106.134514283714751, 20.776199200616961],
          [106.134718327420458, 20.775788496994434],
          [106.134892435530404, 20.775524170011266],
          [106.13509771482461, 20.77527906111829],
          [106.135504237964597, 20.774930350379432],
          [106.136383944194236, 20.774232756154788],
          [106.137795354812752, 20.773126526930518],
          [106.138999549525593, 20.772085264278111],
          [106.140558628292922, 20.770744401066583],
          [106.140723810439681, 20.770675093325277],
          [106.140972326436994, 20.770663685361026],
          [106.141169558498859, 20.770730585854952],
          [106.141387707879346, 20.770807104418161],
          [106.141584670472085, 20.770825310044707],
          [106.141760592008595, 20.77080462610661],
          [106.141956821963134, 20.770725353507245],
          [106.142204070255431, 20.770558106412008],
          [106.142378744934533, 20.770371646383026],
          [106.142506639284562, 20.770159748927952],
          [106.142649703394099, 20.769895801882296],
          [106.142751124995584, 20.769612617176062],
          [106.142800919400955, 20.769349200160125],
          [106.142850274709744, 20.769027422935881],
          [106.142899776616943, 20.768725159321065],
          [106.142960163776763, 20.768490853334406],
          [106.143051746688272, 20.768266277737684],
          [106.14313354078773, 20.768119554612539],
          [106.143193832697634, 20.767885429876443],
          [106.143230403049799, 20.767600869577716],
          [106.143222012214736, 20.767455921076756],
          [106.143138905759884, 20.76673858965496],
          [106.143040535053373, 20.766047830870871],
          [106.142985906152475, 20.765668291904149],
          [106.142911286269637, 20.765376611285237],
          [106.142753848061503, 20.765095238821452],
          [106.142534850318384, 20.764892062999007],
          [106.142388226160833, 20.764669071715595],
          [106.142303211823716, 20.764387217158415],
          [106.142193195144557, 20.764063247091851],
          [106.142065021706074, 20.763572710261538],
          [106.141958156183748, 20.763220531241753],
          [106.141840991811662, 20.762878268222039],
          [106.141734789677656, 20.762614261766078],
          [106.14160534883419, 20.762325474277258],
          [106.141180651932586, 20.761692986085702],
          [106.141054492232129, 20.76154674148167],
          [106.140225643631098, 20.760816560202777],
          [106.139837728578641, 20.760514940504752],
          [106.13934523664247, 20.760165136354139],
          [106.138952470033189, 20.759907815993031],
          [106.138575470114617, 20.759665026187701],
          [106.138251191360979, 20.759510334609448],
          [106.137655521683328, 20.759298443679288],
          [106.136840008354156, 20.758960527502666],
          [106.135684993388409, 20.758512009632479],
          [106.134755197637944, 20.758214138782215],
          [106.134159536700324, 20.758002144897951],
          [106.13331826531963, 20.757698803079382],
          [106.132461449874071, 20.757410105094095],
          [106.131855715144638, 20.757237560083109],
          [106.130899990593136, 20.756964231844758],
          [106.130179457830394, 20.756763073782889],
          [106.129615388320858, 20.756600003994716],
          [106.129061643373802, 20.75641725942867],
          [106.128481543375514, 20.756190506959946],
          [106.127342045537134, 20.755717345417764],
          [106.126494994038538, 20.755330527367303],
          [106.125496590399706, 20.754920212420135],
          [106.124816862372583, 20.754610800529299],
          [106.124569436866864, 20.75448069524322],
          [106.120884469559343, 20.753017851578832],
          [106.118607874024832, 20.751914378608198],
          [106.116564178149503, 20.750909103563664],
          [106.11164263381103, 20.749756471174845],
          [106.11159539383307, 20.749745393019111]
        ]
      }
    },
    {
      "type": "Feature",
      "properties": {
        "ID": "HYE333029hkbab",
        "Ten_duong": "Tỉnh lộ 203B",
        "Thuoc_huyen": "H. Phù Cừ",
        "Thuoc_tinh": "Hưng Yên",
        "Cap_duong": "Tỉnh lộ",
        "Loai_duong": "Nhựa",
        "Chieu_dai": "1.019",
        "Gap_de": "F",
        "Tin_khac": "",
        "layer": "HYE_Tinhlo",
        "path": "D:/_Project/4.HungYen/De/De Hung Yen/BD Hung Yen/HYE_Tinhlo.TAB"
      },
      "geometry": {
        "type": "LineString",
        "coordinates": [
          [106.155169529130063, 20.717286723095562],
          [106.155655826414062, 20.715694821626922],
          [106.15574297971618, 20.715411454720954],
          [106.156336325063805, 20.713413723015698],
          [106.1568685658292, 20.711805428313248],
          [106.157077224068289, 20.711160765247989],
          [106.158134806238081, 20.709846895394616],
          [106.158902074154994, 20.708920749576976]
        ]
      }
    },
    {
      "type": "Feature",
      "properties": {
        "ID": "HYE330029hknamb",
        "Ten_duong": "Tỉnh lộ 205B",
        "Thuoc_huyen": "H. Khoái Châu",
        "Thuoc_tinh": "Hưng Yên",
        "Cap_duong": "Tỉnh lộ",
        "Loai_duong": "Nhựa",
        "Chieu_dai": "0.98",
        "Gap_de": "F",
        "Tin_khac": "",
        "layer": "HYE_Tinhlo",
        "path": "D:/_Project/4.HungYen/De/De Hung Yen/BD Hung Yen/HYE_Tinhlo.TAB"
      },
      "geometry": {
        "type": "LineString",
        "coordinates": [
          [105.958128844409188, 20.896429509993784],
          [105.958137859301189, 20.896516826071043],
          [105.958186823008916, 20.896990517694778],
          [105.957989998185496, 20.899062760498012],
          [105.958105001826183, 20.900639954421216],
          [105.958583398373662, 20.901574180885959],
          [105.95922263684389, 20.903049952401794],
          [105.960051095749748, 20.904886320763477]
        ]
      }
    },
    {
      "type": "Feature",
      "properties": {
        "ID": "HYE326029hknam",
        "Ten_duong": "Tỉnh lộ 205",
        "Thuoc_huyen": "H. Văn Giang",
        "Thuoc_tinh": "Hưng Yên",
        "Cap_duong": "Tỉnh lộ",
        "Loai_duong": "Nhựa",
        "Chieu_dai": "5.709",
        "Gap_de": "F",
        "Tin_khac": "",
        "layer": "HYE_Tinhlo",
        "path": "D:/_Project/4.HungYen/De/De Hung Yen/BD Hung Yen/HYE_Tinhlo.TAB"
      },
      "geometry": {
        "type": "LineString",
        "coordinates": [
          [105.950414821217748, 20.905368352079577],
          [105.950187004609745, 20.908949483692318],
          [105.950179683270065, 20.909023609876023],
          [105.950094710493801, 20.909470311848427],
          [105.950009203938521, 20.909694941057634],
          [105.949870030704389, 20.909825816234129],
          [105.949542388334876, 20.909970297357415],
          [105.949402631021727, 20.909993209400312],
          [105.948934082215757, 20.910054538985122],
          [105.948448960969316, 20.910079910394028],
          [105.947971716905954, 20.910104152541081],
          [105.947488289250586, 20.91010837036205],
          [105.947007553682425, 20.910112571891911],
          [105.946527298774285, 20.910116769406137],
          [105.946039756283824, 20.910124168114702],
          [105.945720574460978, 20.910161893962396],
          [105.945579778575137, 20.910203330032257],
          [105.945127404025314, 20.910375778364479],
          [105.944701595670026, 20.910568226271014],
          [105.944280625358289, 20.910796424300706],
          [105.944251498266297, 20.910812938330668],
          [105.943840362664872, 20.911045688710971],
          [105.943429462147151, 20.911285484000544],
          [105.940945270253749, 20.912861216853532],
          [105.940642044705754, 20.913053431422952],
          [105.940243522475257, 20.913306251667951],
          [105.93984509391197, 20.913558889806879],
          [105.939446665117458, 20.913811707749922],
          [105.939236290423551, 20.913937183923398],
          [105.939058335352129, 20.914049742505966],
          [105.938659515915944, 20.914302018740639],
          [105.938260694561208, 20.914554203741904],
          [105.937861872412384, 20.914806478200134],
          [105.937463048907148, 20.915058751770097],
          [105.937064223484015, 20.915310934106518],
          [105.936665397827284, 20.915563296245065],
          [105.936266569691696, 20.915815476804738],
          [105.935867740760841, 20.916067746821245],
          [105.935468910473489, 20.916320015949296],
          [105.935070078829668, 20.916572284188856],
          [105.93467153261021, 20.916824278925382],
          [105.934273678266962, 20.917079521523085],
          [105.933879976204182, 20.917337812368576],
          [105.933485794238933, 20.917596466358493],
          [105.933091610901158, 20.917855119481647],
          [105.93296854729671, 20.917935750117888],
          [105.931158131738073, 20.9190945912591],
          [105.930221086114358, 20.91964305331209],
          [105.929955810184623, 20.920021431672293],
          [105.929506941860978, 20.922095925784653],
          [105.929240635155608, 20.923181555936516],
          [105.92914814365038, 20.923558450648276],
          [105.929050025338512, 20.923958595459826],
          [105.928942056012389, 20.924398727794223],
          [105.928822918143808, 20.92482112218633],
          [105.928700294693044, 20.925255371093328],
          [105.928596491269133, 20.925700811099741],
          [105.928511901429843, 20.926143255399072],
          [105.928508174713016, 20.926162700566639],
          [105.928423213685107, 20.926607405543241],
          [105.928359538704996, 20.926917194961668],
          [105.928268320785179, 20.927345400124533],
          [105.928134470421128, 20.927784136732196],
          [105.928001937763838, 20.928218348656834],
          [105.927869404391259, 20.92865256048534],
          [105.927745246938699, 20.929088443312263],
          [105.927334083884048, 20.930704027924634],
          [105.926811080199897, 20.931852214439072],
          [105.926400187168014, 20.932748080516014],
          [105.926841143436562, 20.933909553788894],
          [105.927235632580292, 20.935004510615929],
          [105.928470269529868, 20.937769773571436],
          [105.928554093316336, 20.938075778743276],
          [105.928579354118568, 20.938288953496066],
          [105.928570566177967, 20.938860182897415],
          [105.928275925414113, 20.940471701170072],
          [105.928219803984845, 20.941040387160079],
          [105.928216606077214, 20.941254891234792],
          [105.928280842491603, 20.941612591760958],
          [105.928444577044814, 20.941994777301378],
          [105.928764533336704, 20.942523018493983],
          [105.92923397423553, 20.943227256292001],
          [105.929823310883023, 20.943972037972415]
        ]
      }
    },
    {
      "type": "Feature",
      "properties": {
        "ID": "HYE331029hktam",
        "Ten_duong": "Tỉnh lộ 208",
        "Thuoc_huyen": "H. Kim Động",
        "Thuoc_tinh": "Hưng Yên",
        "Cap_duong": "Tỉnh lộ",
        "Loai_duong": "Nhựa",
        "Chieu_dai": "7.765",
        "Gap_de": "F",
        "Tin_khac": "",
        "layer": "HYE_Tinhlo",
        "path": "D:/_Project/4.HungYen/De/De Hung Yen/BD Hung Yen/HYE_Tinhlo.TAB"
      },
      "geometry": {
        "type": "MultiLineString",
        "coordinates": [
          [
            [105.998932966926901, 20.740896159683036],
            [105.999999962238988, 20.740917424417361],
            [106.000433878540946, 20.740872075279686],
            [106.002288219357197, 20.740612999053802],
            [106.002788153353691, 20.74055876645798],
            [106.003852094637125, 20.740466908502487],
            [106.004907137855014, 20.740409518872656],
            [106.006585107195221, 20.740307007743223],
            [106.007821988420247, 20.740239772045516],
            [106.010291669808765, 20.740156706411376],
            [106.011142024501112, 20.740126049696528],
            [106.012906447738189, 20.740012849735454],
            [106.013620424790332, 20.739982984003113],
            [106.014138768979421, 20.739954178736554],
            [106.014566203231382, 20.739917415501377],
            [106.015893434440756, 20.73974686264858],
            [106.018315302706441, 20.739338619765345],
            [106.020474123248434, 20.739034540060139],
            [106.022623580827869, 20.738696337524239],
            [106.023282479520603, 20.738589601926162],
            [106.02530013988995, 20.738277809402788],
            [106.027667692726922, 20.737912494959534],
            [106.030026263890989, 20.737555875525008],
            [106.033011763056052, 20.737083970163095],
            [106.033843511761205, 20.736976156334752],
            [106.035879312506211, 20.736655639374693],
            [106.038873953150812, 20.736192161466636],
            [106.041904992111384, 20.735745577673587],
            [106.044945054041037, 20.735273227436466],
            [106.046667216114187, 20.735005716691607],
            [106.046821752198326, 20.734979117455364],
            [106.048155594299601, 20.73470763051748],
            [106.048912267140039, 20.734551775633474],
            [106.051514578281271, 20.734002202518035],
            [106.054691815439057, 20.733641959001083]
          ],
          [
            [105.984424351484833, 20.748614236226597],
            [105.989960387612456, 20.742098731254824],
            [105.990183321702304, 20.741820437564229],
            [105.990371542853524, 20.74159501701148],
            [105.99047621232981, 20.741488796150961],
            [105.990609012026354, 20.74139569449494],
            [105.990763198745682, 20.741342132745384],
            [105.991008805391672, 20.741301144655136],
            [105.991380929755636, 20.741279122975822],
            [105.991682891803862, 20.741264190944168],
            [105.99241669088957, 20.741237912585852],
            [105.992831063237588, 20.741228925261492],
            [105.993252264321185, 20.741206706547622],
            [105.993547171869352, 20.741185216523085],
            [105.994140465353723, 20.741145467418573],
            [105.994730216968222, 20.741122270621897],
            [105.995200642312341, 20.741093076590236],
            [105.996011572070827, 20.741038870477443],
            [105.996496019239245, 20.741009682053658],
            [105.996903196877781, 20.740987535693673],
            [105.997405293107875, 20.740954899496391],
            [105.997924890308965, 20.740925503191626],
            [105.998402229523421, 20.74089635066769],
            [105.998921536358736, 20.740895955034386]
          ]
        ]
      }
    },
    {
      "type": "Feature",
      "properties": {
        "ID": "",
        "Ten_duong": "Tỉnh lộ 5A",
        "Thuoc_huyen": "",
        "Thuoc_tinh": "",
        "Cap_duong": "Tỉnh lộ",
        "Loai_duong": "Nhựa",
        "Chieu_dai": "1.916",
        "Gap_de": "",
        "Tin_khac": "",
        "layer": "HYE_Tinhlo",
        "path": "D:/_Project/4.HungYen/De/De Hung Yen/BD Hung Yen/HYE_Tinhlo.TAB"
      },
      "geometry": {
        "type": "LineString",
        "coordinates": [
          [106.150355111088359, 20.967713688835307],
          [106.148193586879458, 20.967642166500756],
          [106.144988429738447, 20.967490720323116],
          [106.1418599035988, 20.967398417216113],
          [106.138629541694357, 20.967270960805624],
          [106.135399278279024, 20.967143442266195],
          [106.132130749783741, 20.966992175360289],
          [106.131942358524654, 20.966983940474705]
        ]
      }
    },
    {
      "type": "Feature",
      "properties": {
        "ID": "HYE325029nA",
        "Ten_duong": "Tỉnh lộ 5A",
        "Thuoc_huyen": "H. Văn Lâm",
        "Thuoc_tinh": "Hưng Yên",
        "Cap_duong": "Tỉnh lộ",
        "Loai_duong": "Nhựa",
        "Chieu_dai": "17.776",
        "Gap_de": "F",
        "Tin_khac": "",
        "layer": "HYE_Tinhlo",
        "path": "D:/_Project/4.HungYen/De/De Hung Yen/BD Hung Yen/HYE_Tinhlo.TAB"
      },
      "geometry": {
        "type": "LineString",
        "coordinates": [
          [106.131942358524654, 20.966983940474705],
          [106.131419904907517, 20.966961119245997],
          [106.128481636161894, 20.966855471658231],
          [106.127326819416936, 20.966839262551819],
          [106.125423077459814, 20.966780200260626],
          [106.124046047657387, 20.966747547844331],
          [106.122586547253974, 20.966709464746938],
          [106.121419123406, 20.966705223946352],
          [106.120682977193113, 20.966686214743099],
          [106.119667716933449, 20.96666903602614],
          [106.117329244270223, 20.966625928408927],
          [106.115165469034494, 20.96658634368535],
          [106.114315253322928, 20.966568053159126],
          [106.111504555845372, 20.966556681346411],
          [106.10982993836727, 20.966603279027051],
          [106.108230376866061, 20.967359206507631],
          [106.107041853410664, 20.967939350813349],
          [106.104544482404791, 20.969130389589637],
          [106.103317842210998, 20.969710846235671],
          [106.102230324441791, 20.970218751653103],
          [106.100972239856745, 20.970829208995021],
          [106.099821398844426, 20.971361359548425],
          [106.097247731125222, 20.972552697240957],
          [106.096400697868859, 20.972975630347207],
          [106.094427641110073, 20.973870887944411],
          [106.092562861157404, 20.974831019337845],
          [106.090621626898056, 20.97574391858506],
          [106.089938641339685, 20.976058351064331],
          [106.089078351950164, 20.97640987138308],
          [106.087263245608156, 20.977238358784682],
          [106.086326762808142, 20.977696958426652],
          [106.084032452300235, 20.978827327140159],
          [106.082818269581395, 20.979383711199986],
          [106.081464828917262, 20.98001252391315],
          [106.080155869044674, 20.980634991131737],
          [106.079397265175345, 20.981021415226746],
          [106.077772163209687, 20.981801079744695],
          [106.077089463235438, 20.982163162701443],
          [106.076141591306708, 20.982705891325224],
          [106.074465918876101, 20.983521531088666],
          [106.073643797919118, 20.983908331140348],
          [106.072657468996027, 20.984403581463404],
          [106.071696783547679, 20.984934441489649],
          [106.070925522380193, 20.98533283440679],
          [106.070293398035744, 20.985682647649433],
          [106.069515568049013, 20.986051261898968],
          [106.068768757708767, 20.986318401483405],
          [106.068173360202394, 20.986477168310625],
          [106.067583840752192, 20.986556302408868],
          [106.066974992413193, 20.986595894161955],
          [106.066111948104464, 20.986589372928659],
          [106.065058631130597, 20.986584037231975],
          [106.064208453122831, 20.986601276957416],
          [106.0631171269427, 20.986608092271187],
          [106.062318658690003, 20.986591843186783],
          [106.060828317448255, 20.986587580298757],
          [106.057169573060079, 20.986640142771016],
          [106.053574143656022, 20.986668383932727],
          [106.049991227452068, 20.98668454649312],
          [106.049217627640161, 20.98668931375903],
          [106.046383007577333, 20.986700789130417],
          [106.045647403845805, 20.986705306745485],
          [106.04472170510688, 20.986722912880655],
          [106.042762264492325, 20.986728957587736],
          [106.041519326154685, 20.98673656266131],
          [106.039407771346831, 20.986767350088883],
          [106.038152064950026, 20.986751157294712],
          [106.037327423676146, 20.986720404821664],
          [106.036489934125555, 20.986653949687675],
          [106.036109220859558, 20.986632414832645],
          [106.035620071362672, 20.986510351431679],
          [106.032805198965761, 20.985687138536729],
          [106.031877276531105, 20.985394712151052],
          [106.029348189253554, 20.984647135341504],
          [106.026145554174221, 20.983689097865096],
          [106.022961232398771, 20.98261759489165],
          [106.019675551390293, 20.981558563028358],
          [106.016314228878002, 20.980559455324752],
          [106.013169140848973, 20.979666325024894],
          [106.010113545442593, 20.978844158886599],
          [106.009388972149253, 20.978610119836826],
          [106.008194494276552, 20.97824767611877],
          [106.006497967240165, 20.977739209277633],
          [106.005697173868811, 20.977469736861025],
          [106.004591543184574, 20.977142519916619],
          [106.003702451040766, 20.976945203106101],
          [106.003010966938604, 20.97689560926289],
          [106.0023768817681, 20.976899340684621],
          [106.001717561217689, 20.976927069554737],
          [106.000690743378627, 20.976992731763037],
          [106.00000004272934, 20.977031931604451],
          [105.999785983235725, 20.97705667784615],
          [105.999242563708719, 20.97709717868171],
          [105.99846032153539, 20.977156333619057],
          [105.994652874424048, 20.977580102477269],
          [105.991080595207819, 20.977886594824003],
          [105.989963141134879, 20.977995002138158],
          [105.989781453242841, 20.977998677745234],
          [105.987216648225171, 20.978180428173751],
          [105.986022245330673, 20.978510785736326],
          [105.984937794425463, 20.978988848801876],
          [105.984891576728714, 20.979011521963887],
          [105.983649444928872, 20.979620587789054],
          [105.983540378846882, 20.979682472538762],
          [105.982953931092652, 20.980015170931431],
          [105.981740486067238, 20.980703472594282],
          [105.981131816249388, 20.981140462823035],
          [105.980613399609311, 20.981595813961377],
          [105.980432576282453, 20.981791732711979],
          [105.97975713944605, 20.982524175091189],
          [105.978584555056685, 20.983716445694892],
          [105.977587474274713, 20.984887463853585],
          [105.977349919888411, 20.985147851333146],
          [105.976986527580536, 20.985688131951051],
          [105.975510442987527, 20.987882172061802],
          [105.973846868406355, 20.990692534341132]
        ]
      }
    },
    {
      "type": "Feature",
      "properties": {
        "ID": "HYE325029mchsau",
        "Ten_duong": "Tỉnh Lộ 196",
        "Thuoc_huyen": "H. Văn Lâm",
        "Thuoc_tinh": "Hưng Yên",
        "Cap_duong": "Tỉnh lộ",
        "Loai_duong": "Nhựa",
        "Chieu_dai": "6.194",
        "Gap_de": "F",
        "Tin_khac": "",
        "layer": "HYE_Tinhlo",
        "path": "D:/_Project/4.HungYen/De/De Hung Yen/BD Hung Yen/HYE_Tinhlo.TAB"
      },
      "geometry": {
        "type": "MultiLineString",
        "coordinates": [
          [
            [106.060417690829922, 21.000000042155758],
            [106.059949126178438, 20.999790740058284],
            [106.059303328070925, 20.999510263597529],
            [106.058252644745338, 20.999113679001528],
            [106.057556346167416, 20.998833509579772],
            [106.057049960171369, 20.998635094846566],
            [106.056771222344722, 20.998494531934767],
            [106.056466863649732, 20.998294951556524],
            [106.055984852060774, 20.997977849595046],
            [106.055198666478319, 20.997472997451919],
            [106.054411473132376, 20.996837599071579],
            [106.052360276125967, 20.995066967589398],
            [106.051394558215364, 20.994171288912625],
            [106.050587586165662, 20.99339921091201],
            [106.049977065490765, 20.992750503547189],
            [106.049493439466232, 20.992184129347347],
            [106.04869808214417, 20.991281421010289],
            [106.048106335466954, 20.990591031739655],
            [106.046477543075753, 20.988726654208349],
            [106.045002348266962, 20.987169756036252],
            [106.044556975413215, 20.986662307662073],
            [106.044480184387609, 20.986520484598547],
            [106.044543283991175, 20.984693132977377],
            [106.044583393215277, 20.983198031770122],
            [106.044879355308822, 20.980384576474464],
            [106.044872427559241, 20.979388198987458],
            [106.044838656115346, 20.977270166272874],
            [106.0448085780273, 20.976582640903466],
            [106.044764333632017, 20.975669880661226],
            [106.044717961674749, 20.974437039202066],
            [106.044661117997009, 20.973524265564127],
            [106.044646415234823, 20.972322037423499],
            [106.044615759458011, 20.971550945482928],
            [106.044547922685382, 20.969955407115609],
            [106.044506771714779, 20.968573281789162],
            [106.044477203464439, 20.967944567416254],
            [106.044498530428058, 20.967386823781762],
            [106.04455923541083, 20.967042235091],
            [106.044788205576282, 20.966370467514416],
            [106.044974441710693, 20.965930336691393],
            [106.045186219294777, 20.96552555489485],
            [106.04536100773818, 20.965251549072125],
            [106.045498656408498, 20.965072724087534],
            [106.045605293731739, 20.964971244351574],
            [106.045794178820643, 20.964898802998743],
            [106.046046324389323, 20.964849824498842],
            [106.046361152225685, 20.964741194191156],
            [106.046625483336115, 20.964632692667866],
            [106.046826554659575, 20.964500908689462],
            [106.047090472387268, 20.96433314231901],
            [106.047367169029343, 20.964177313004527],
            [106.047618816282522, 20.964057052655587],
            [106.047920944762282, 20.963948407252722],
            [106.048210734923842, 20.963863598072724],
            [106.048538240471515, 20.963766630827394],
            [106.049010439644306, 20.96359161758026],
            [106.049526591776328, 20.963374954225131],
            [106.050030045355015, 20.963158186878726],
            [106.050319666738702, 20.963049614373777],
            [106.05063490073789, 20.963000150193899],
            [106.051127729569686, 20.963080230107543],
            [106.051482102919707, 20.96320859398072],
            [106.051776712923825, 20.963290888248348],
            [106.052000806854466, 20.962862442499247],
            [106.052205177547975, 20.962309622152191],
            [106.052316525365413, 20.961988750539387],
            [106.052414927460319, 20.961632272310862]
          ],
          [
            [106.065994032691094, 21.001744013237968],
            [106.063306196715217, 21.000920346205913],
            [106.060424521253154, 20.999999999607851]
          ],
          [
            [106.051776712923825, 20.963290888248348],
            [106.051924480228294, 20.963336233398124]
          ]
        ]
      }
    },
    {
      "type": "Feature",
      "properties": {
        "ID": "HYE325029hkbayb",
        "Ten_duong": "Tỉnh lộ 207B",
        "Thuoc_huyen": "H. Văn Lâm",
        "Thuoc_tinh": "Hưng Yên",
        "Cap_duong": "Tỉnh lộ",
        "Loai_duong": "Nhựa",
        "Chieu_dai": "0.537",
        "Gap_de": "F",
        "Tin_khac": "",
        "layer": "HYE_Tinhlo",
        "path": "D:/_Project/4.HungYen/De/De Hung Yen/BD Hung Yen/HYE_Tinhlo.TAB"
      },
      "geometry": {
        "type": "LineString",
        "coordinates": [
          [105.995067310954667, 20.960840341210929],
          [105.993408672037347, 20.9592603626987],
          [105.991327327477279, 20.957501950270402]
        ]
      }
    },
    {
      "type": "Feature",
      "properties": {
        "ID": "HYE326029hkbayb",
        "Ten_duong": "Tỉnh lộ 207B",
        "Thuoc_huyen": "H. Văn Giang",
        "Thuoc_tinh": "Hưng Yên",
        "Cap_duong": "Tỉnh lộ",
        "Loai_duong": "Nhựa",
        "Chieu_dai": "4.156",
        "Gap_de": "F",
        "Tin_khac": "",
        "layer": "HYE_Tinhlo",
        "path": "D:/_Project/4.HungYen/De/De Hung Yen/BD Hung Yen/HYE_Tinhlo.TAB"
      },
      "geometry": {
        "type": "LineString",
        "coordinates": [
          [105.991327327477279, 20.957501950270402],
          [105.990766642221871, 20.957028177769537],
          [105.990558137031513, 20.956869926960273],
          [105.990315509157099, 20.956685673468286],
          [105.989704168991793, 20.956303622395133],
          [105.989151155821759, 20.956029827621357],
          [105.98855053330918, 20.955828945862503],
          [105.988266131992802, 20.955785782237101],
          [105.987362601417274, 20.955740421802528],
          [105.986482244869606, 20.955708835930089],
          [105.983437892194445, 20.955599572601894],
          [105.980826648995873, 20.955505923987218],
          [105.979971415858301, 20.955447688206416],
          [105.979284824887571, 20.955350805034836],
          [105.976959347125515, 20.954843653518452],
          [105.970776400943777, 20.953294722975972],
          [105.96839591849438, 20.952720547178021],
          [105.963493603053351, 20.951509107215287],
          [105.963037846550066, 20.951424134535898],
          [105.962757825879962, 20.951371958677335],
          [105.961727058708561, 20.951247944642841],
          [105.956512598800401, 20.95090693272093],
          [105.955648383793331, 20.950868229502525],
          [105.953915700847872, 20.950605259644767],
          [105.952674513870548, 20.949980937658566]
        ]
      }
    },
    {
      "type": "Feature",
      "properties": {
        "ID": "HYE325029hkbayc",
        "Ten_duong": "Tỉnh Lộ 207C",
        "Thuoc_huyen": "H. Văn Lâm",
        "Thuoc_tinh": "Hưng Yên",
        "Cap_duong": "Tỉnh lộ",
        "Loai_duong": "Nhựa",
        "Chieu_dai": "0.673",
        "Gap_de": "F",
        "Tin_khac": "",
        "layer": "HYE_Tinhlo",
        "path": "D:/_Project/4.HungYen/De/De Hung Yen/BD Hung Yen/HYE_Tinhlo.TAB"
      },
      "geometry": {
        "type": "MultiLineString",
        "coordinates": [
          [
            [106.002986708674442, 20.949501426644506],
            [106.004194154995204, 20.953775395963433]
          ],
          [
            [106.002339197467805, 20.947962653906991],
            [106.002669068153594, 20.94884177592067],
            [106.002986414136657, 20.949500524909983]
          ]
        ]
      }
    },
    {
      "type": "Feature",
      "properties": {
        "ID": "HYE326029hkbayc",
        "Ten_duong": "Tỉnh lộ 207C",
        "Thuoc_huyen": "H. Văn Giang",
        "Thuoc_tinh": "Hưng Yên",
        "Cap_duong": "Tỉnh lộ",
        "Loai_duong": "Nhựa",
        "Chieu_dai": "5.088",
        "Gap_de": "F",
        "Tin_khac": "",
        "layer": "HYE_Tinhlo",
        "path": "D:/_Project/4.HungYen/De/De Hung Yen/BD Hung Yen/HYE_Tinhlo.TAB"
      },
      "geometry": {
        "type": "LineString",
        "coordinates": [
          [105.962568627229984, 20.925247487662503],
          [105.964948752085448, 20.925401827836382],
          [105.966816782373186, 20.925610443125358],
          [105.968456945310848, 20.926033550833516],
          [105.970556189974673, 20.926575189271645],
          [105.974238077418818, 20.927649681154868],
          [105.978798984218244, 20.929321580389143],
          [105.982311691600771, 20.931273322296395],
          [105.985357094142756, 20.933118186068384],
          [105.989101562018348, 20.934794510870578],
          [105.992320691171244, 20.936419055548676],
          [105.994095503922964, 20.937253922123983],
          [105.995705777965412, 20.938436029342995],
          [105.996911867257325, 20.939166760188751],
          [105.997607615706031, 20.939639725473004],
          [105.99802612321001, 20.940027757267277],
          [105.99853848879377, 20.940632342140415],
          [105.999282714044384, 20.941408852715448],
          [106.000261399960451, 20.942704473105238],
          [106.000636168477726, 20.943440408586007],
          [106.001056805520591, 20.944218265848416],
          [106.001811940071178, 20.946557246329576],
          [106.002339197467805, 20.947962653906991]
        ]
      }
    },
    {
      "type": "Feature",
      "properties": {
        "ID": "HYE327029hksau",
        "Ten_duong": "Tỉnh lộ 206",
        "Thuoc_huyen": "H. Yên  Mỹ",
        "Thuoc_tinh": "Hưng Yên",
        "Cap_duong": "Tỉnh lộ",
        "Loai_duong": "Nhựa",
        "Chieu_dai": "6.986",
        "Gap_de": "F",
        "Tin_khac": "",
        "layer": "HYE_Tinhlo",
        "path": "D:/_Project/4.HungYen/De/De Hung Yen/BD Hung Yen/HYE_Tinhlo.TAB"
      },
      "geometry": {
        "type": "LineString",
        "coordinates": [
          [106.015777496117153, 20.932824661928443],
          [106.015685695741354, 20.932559227983873],
          [106.015580929106463, 20.932281855028716],
          [106.015401080494101, 20.931579757706764],
          [106.015166913537044, 20.930936618070525],
          [106.015100790907738, 20.93067112130877],
          [106.015054459258849, 20.930459895465905],
          [106.014985084685875, 20.930154123387137],
          [106.014947253245268, 20.929819975574809],
          [106.014931533278542, 20.929384959807841],
          [106.014942367860286, 20.929094702093593],
          [106.014989696650147, 20.928711712459432],
          [106.014989743045007, 20.928490182294038],
          [106.014943804226007, 20.928351411989325],
          [106.014787938136081, 20.928110661403416],
          [106.014620020607737, 20.927836644373283],
          [106.014358804347523, 20.927387909064723],
          [106.014124356927965, 20.926929979601717],
          [106.01391566649886, 20.926484003226825],
          [106.013651426986655, 20.925985413206945],
          [106.013440525089607, 20.92561055207123],
          [106.013167753339559, 20.925201183968056],
          [106.01289540470097, 20.924840238675685],
          [106.012507203848713, 20.924467873502696],
          [106.011996115687367, 20.923981405101632],
          [106.011569050712197, 20.923548735637926],
          [106.011271425397851, 20.923260395286022],
          [106.011051470734941, 20.923068355835607],
          [106.010767395380029, 20.922864498852775],
          [106.010289771069949, 20.92257731244505],
          [106.009676635489356, 20.922200217809205],
          [106.009044377809602, 20.921853409680988],
          [106.008334684308593, 20.92145881117882],
          [106.007831475417362, 20.921183694388844],
          [106.007508835352567, 20.920992256095069],
          [106.007250749404847, 20.920848681609773],
          [106.007011612310123, 20.920662712641068],
          [106.006856170759107, 20.920482393431666],
          [106.006803678524022, 20.920325499384159],
          [106.006789276068659, 20.920083906427323],
          [106.006812527791752, 20.919721207348097],
          [106.006887381920635, 20.919382236274981],
          [106.007038801507434, 20.918946232870827],
          [106.007145310411119, 20.918639057812989],
          [106.00722163312966, 20.918419335814072],
          [106.007334559428941, 20.918007772152126],
          [106.007434534546661, 20.917571981505613],
          [106.007515951144995, 20.917251311865765],
          [106.007706231003979, 20.916875430368393],
          [106.007960835817386, 20.916499259402411],
          [106.008278794262736, 20.915977616995768],
          [106.008634953333527, 20.915431625836558],
          [106.008876603494997, 20.915031317147331],
          [106.009264538624194, 20.914406535293221],
          [106.009620690581187, 20.913860542275522],
          [106.010053010687002, 20.91314487849186],
          [106.010377503158466, 20.912653369693967],
          [106.010592891125583, 20.912180755913216],
          [106.01077019293875, 20.911792931919585],
          [106.010871046079302, 20.911490124843695],
          [106.010945402709964, 20.911078787231915],
          [106.011000245455165, 20.910625192386028],
          [106.010998058114964, 20.910298872400759],
          [106.010970523502451, 20.910021037991541],
          [106.010917464433447, 20.909779583712169],
          [106.010799613385487, 20.909454038432184],
          [106.01055943768857, 20.909110876252104],
          [106.010157363999781, 20.908569365745702],
          [106.00984607995359, 20.908160308214473],
          [106.009677116917459, 20.907883218998389],
          [106.009559836105424, 20.907642234013164],
          [106.009468144921286, 20.907388900895384],
          [106.00941445765919, 20.907038671947838],
          [106.009430169012234, 20.90651285021794],
          [106.009451958116728, 20.905932603682277],
          [106.009524551998609, 20.905243188853824],
          [106.009548524337063, 20.904989262590448],
          [106.009743163579486, 20.904305089404517],
          [106.009906863130965, 20.903796462340932],
          [106.010204211309585, 20.903087649301241],
          [106.010394145034113, 20.902663521823005],
          [106.010546349330383, 20.902348395028646],
          [106.010736765965405, 20.901996632269064],
          [106.010978213885906, 20.901584305989065],
          [106.011156409629891, 20.901317360556149],
          [106.011411127799008, 20.900977413459984],
          [106.011748798941795, 20.900534250423544],
          [106.012118619749884, 20.900096949614376],
          [106.012424945704936, 20.899768711609223],
          [106.012654475795486, 20.899501460609851],
          [106.012986728082709, 20.899197371365968],
          [106.013350451035876, 20.898826599561598],
          [106.013784904578202, 20.898437157406814],
          [106.014129679960973, 20.898108778801657],
          [106.014654034933898, 20.897706784944685],
          [106.015165246090589, 20.897280744996902],
          [106.015938723747198, 20.896653658906374],
          [106.016808485102544, 20.896020033847787],
          [106.017524915025916, 20.895532233830902],
          [106.018062053216255, 20.895118137794618],
          [106.018522479173981, 20.894776955467595],
          [106.019091406759216, 20.894344507208366],
          [106.019705147280504, 20.893857310669812],
          [106.020242013654595, 20.893418996784607],
          [106.020714969945757, 20.893041414619336],
          [106.021200820906202, 20.892651738051946],
          [106.021577486135328, 20.892280872406957],
          [106.022036831791539, 20.891782574388412],
          [106.0225219238216, 20.891296137350892],
          [106.023096422274094, 20.89072468971241],
          [106.023536803950449, 20.890280890190901],
          [106.024213911544265, 20.889672505255653],
          [106.024674060326134, 20.889294989461924],
          [106.025223189096579, 20.888784038808918],
          [106.025753307064463, 20.888291360253859],
          [106.026366412668807, 20.887731686769445],
          [106.026909062425815, 20.88720270054845],
          [106.027483363381293, 20.886606936939934],
          [106.02798113870422, 20.886096286528673],
          [106.028441021021038, 20.885682624055626],
          [106.028926402794667, 20.885244594048991],
          [106.029399476616234, 20.884891201397302],
          [106.029955728776926, 20.884470901671694],
          [106.031737731852104, 20.883353683030958]
        ]
      }
    },
    {
      "type": "Feature",
      "properties": {
        "ID": "HYE329029hknam",
        "Ten_duong": "Tỉnh lộ 205",
        "Thuoc_huyen": "H. Ân Thi",
        "Thuoc_tinh": "Hưng Yên",
        "Cap_duong": "Tỉnh lộ",
        "Loai_duong": "Nhựa",
        "Chieu_dai": "1.402",
        "Gap_de": "F",
        "Tin_khac": "",
        "layer": "HYE_Tinhlo",
        "path": "D:/_Project/4.HungYen/De/De Hung Yen/BD Hung Yen/HYE_Tinhlo.TAB"
      },
      "geometry": {
        "type": "LineString",
        "coordinates": [
          [106.108520896832971, 20.746682808259663],
          [106.108519558848968, 20.746683720350674],
          [106.108508757619319, 20.746690837013247],
          [106.108359032671999, 20.746744835664661],
          [106.108077730627201, 20.746773120430539],
          [106.107655600704888, 20.74678469455867],
          [106.107110566190855, 20.746655666969929],
          [106.106644540292535, 20.746429096984389],
          [106.106144481545044, 20.746052498464891],
          [106.105294995188117, 20.745342598226184],
          [106.104771798551951, 20.74499270601379],
          [106.103584393855613, 20.744276023346167],
          [106.102667093383744, 20.743919889799866],
          [106.102131293408917, 20.74376440539449],
          [106.101924650053931, 20.743730404299033],
          [106.10167104378786, 20.743696703854539],
          [106.101445864650785, 20.743689292488774],
          [106.101333275173729, 20.743698867644728],
          [106.101221164882503, 20.743761382768085],
          [106.101081426349054, 20.743894725792376],
          [106.100811520571852, 20.744196766115508],
          [106.100592483694768, 20.744401267486431],
          [106.100377545804079, 20.744508619753024],
          [106.100208995990116, 20.744562731819467],
          [106.099928143218406, 20.744626325809332],
          [106.099647098763867, 20.744690010921332],
          [106.099403476268918, 20.744735567669615],
          [106.099122336163404, 20.744772780984711],
          [106.098493565139776, 20.744750237373783],
          [106.097765238708874, 20.744587115260753],
          [106.096470818156661, 20.744262266467189]
        ]
      }
    },
    {
      "type": "Feature",
      "properties": {
        "ID": "HYE332029hkkhong",
        "Ten_duong": "Tỉnh lộ 200",
        "Thuoc_huyen": "H. Ân Thi",
        "Thuoc_tinh": "Hưng Yên",
        "Cap_duong": "Tỉnh lộ",
        "Loai_duong": "Nhựa",
        "Chieu_dai": "15.834",
        "Gap_de": "F",
        "Tin_khac": "",
        "layer": "HYE_Tinhlo",
        "path": "D:/_Project/4.HungYen/De/De Hung Yen/BD Hung Yen/HYE_Tinhlo.TAB"
      },
      "geometry": {
        "type": "LineString",
        "coordinates": [
          [106.110145320336258, 20.731543814497041],
          [106.110079253371381, 20.73218994741358],
          [106.109865804512836, 20.733538933302338],
          [106.109638955502049, 20.73469692246886],
          [106.109344663973872, 20.73645822847277],
          [106.109064599838106, 20.738367158634464],
          [106.108836222875638, 20.740226516114735],
          [106.108660098308391, 20.74206087165846],
          [106.108416603638716, 20.743612786420321],
          [106.108354158883998, 20.744019205845355],
          [106.108301388201923, 20.744843957210751],
          [106.1082945105059, 20.745692896559522],
          [106.108338894315963, 20.746406347141289],
          [106.108411992930485, 20.746565698689352],
          [106.108477928413905, 20.746651464060069],
          [106.108519558848968, 20.746683720350674],
          [106.108556841803534, 20.74671248115293],
          [106.108701062831386, 20.746773077063796],
          [106.109054901750937, 20.746906043415777],
          [106.109343883546359, 20.74710113410217],
          [106.109750963608136, 20.747356807168178],
          [106.110065974233194, 20.747551728541914],
          [106.110473769173581, 20.747918159796992],
          [106.110855725272188, 20.748297134406105],
          [106.11112601198738, 20.748627681473057],
          [106.111389857498452, 20.74897037610592],
          [106.111509043288052, 20.74916647014571],
          [106.111562459325995, 20.749326128078664],
          [106.111616323784958, 20.749547128230041],
          [106.11164263381103, 20.749756471174845],
          [106.111645063417399, 20.749839212676644],
          [106.111658291849622, 20.749993348267964],
          [106.111607712225322, 20.750405835167943],
          [106.111500798085075, 20.750850849600255],
          [106.111503287121593, 20.751191439032709],
          [106.111553137216148, 20.751546448638244],
          [106.111691105564432, 20.752130548566374],
          [106.111821336726848, 20.752707199611866],
          [106.111919658941787, 20.75325460402944],
          [106.11192647994433, 20.754187475348274],
          [106.111861162772669, 20.754935784155581],
          [106.111832366789187, 20.755306209352],
          [106.111696316983299, 20.756062384012367],
          [106.111592214246102, 20.756892345481951],
          [106.111542213430937, 20.757581287853512],
          [106.111546544233249, 20.758173660027747],
          [106.111535123310276, 20.758766134049427],
          [106.111475242798178, 20.759181120141527],
          [106.111352354820411, 20.759596604063461],
          [106.111159474597613, 20.760121498050129],
          [106.111083839985227, 20.760536495531809],
          [106.111055039757233, 20.760906649469291],
          [106.111073929027555, 20.761335762131591],
          [106.111142359019709, 20.762090162078639],
          [106.111291512171277, 20.763125377810709],
          [106.111423494626109, 20.763848196911564],
          [106.111506166949695, 20.764395521207366],
          [106.111603834587427, 20.764839121347844],
          [106.111733019628915, 20.765297243859369],
          [106.111909896914739, 20.765814324612961],
          [106.111999757082756, 20.766280200057256],
          [106.112082637054442, 20.766842248868194],
          [106.112117296608474, 20.767286166005924],
          [106.112182142297982, 20.768625759645158],
          [106.112218091814157, 20.769232652647997],
          [106.112207648977588, 20.769958199364147],
          [106.11208439793846, 20.771387820661801],
          [106.112042774335748, 20.772158109725183],
          [106.11203134337066, 20.772735585437086],
          [106.112174105022817, 20.773970956408284],
          [106.112292305857011, 20.775065907655062],
          [106.112357918790806, 20.776509121784194],
          [106.112411915538502, 20.777441594559885],
          [106.112399480853881, 20.77895722923251],
          [106.112372092123366, 20.779519810445297],
          [106.112344377723929, 20.780037943513531],
          [106.112302305449518, 20.78073369941259],
          [106.112242419472054, 20.781148414003873],
          [106.112104846473216, 20.781711708844348],
          [106.111842176510493, 20.782364623852878],
          [106.111668789253187, 20.782996451857237],
          [106.111421342000583, 20.783590271796168],
          [106.110848822554829, 20.784896675905113],
          [106.110492794139731, 20.785698360534386],
          [106.11021316646432, 20.786188669909961],
          [106.10986310346064, 20.786716476148214],
          [106.109255156431971, 20.787490243974847],
          [106.108638838219164, 20.788197298207216],
          [106.107748537286568, 20.789091328167828],
          [106.105803570553462, 20.790991379183566],
          [106.105178752491568, 20.791617165217126],
          [106.104584266951463, 20.792094767093875],
          [106.103707412652795, 20.792677629491259],
          [106.102400594859532, 20.79364089678019],
          [106.101650102660727, 20.794282294789635],
          [106.101431746042451, 20.794550127052158],
          [106.101214570751068, 20.794980845469773],
          [106.100742254037002, 20.796012737136802],
          [106.09995071155862, 20.797527857613442],
          [106.09954699724571, 20.798270650756827],
          [106.099274063666897, 20.798605415335889],
          [106.098867984338995, 20.799022524505105],
          [106.098320611237185, 20.799484987632297],
          [106.097429433634133, 20.80027525604341],
          [106.096484415511526, 20.801221349918986],
          [106.095969620139144, 20.801846401520415],
          [106.095783932536222, 20.802276912533618],
          [106.095723461757274, 20.802617723017494],
          [106.095757445552152, 20.802972837278688],
          [106.095959612006936, 20.803719159946141],
          [106.096803506013941, 20.806178588150658],
          [106.097254629825798, 20.807641296545054],
          [106.097696744459498, 20.808946587725362],
          [106.097906333568346, 20.809640549078971],
          [106.098004530881468, 20.810157783724126],
          [106.097975898090326, 20.810542660323257],
          [106.097757512782863, 20.810810488745364],
          [106.097208700822236, 20.811080250631935],
          [106.096440320694811, 20.811455041706083],
          [106.095327666602401, 20.812083642529245],
          [106.094450234133305, 20.812607108389862],
          [106.093518337193473, 20.813227045514562],
          [106.092388299967112, 20.814047091967129],
          [106.090040430660068, 20.815963819619679],
          [106.087860158645768, 20.817998078079633],
          [106.086687470559042, 20.819231331986646],
          [106.086349815345883, 20.819661712823958],
          [106.085789742433448, 20.820553273617609],
          [106.085138007141438, 20.821822879343955],
          [106.084150361122795, 20.823971598133522],
          [106.083174967001924, 20.826197932046185],
          [106.082421504673647, 20.828097884140096],
          [106.081911348762574, 20.829365952050821],
          [106.081213529607496, 20.83081264265407],
          [106.080398738399012, 20.832393238522101],
          [106.079308635499757, 20.834221306984798],
          [106.079022709749395, 20.834824723145566],
          [106.078636380111803, 20.835741910889702],
          [106.078357474060383, 20.836373650549039],
          [106.078040894116498, 20.837126961790467],
          [106.077565533467606, 20.838202271304436],
          [106.077362686321734, 20.838651844885998],
          [106.077109104238275, 20.839210785104868],
          [106.076867526057313, 20.839660601681562],
          [106.076556293821795, 20.840262366269062],
          [106.076289054095554, 20.840712433725031],
          [106.07609889550794, 20.841149819832516],
          [106.075870619275747, 20.841660083505047],
          [106.075757744503605, 20.84207277104403],
          [106.075574839547272, 20.842625212098739],
          [106.075334381215256, 20.843220477029078],
          [106.074897627646578, 20.844283431037503],
          [106.074745836750537, 20.844684255812592],
          [106.074632764175817, 20.845096853562861],
          [106.074234634864979, 20.84615956366844],
          [106.07404464618142, 20.846609053023645],
          [106.073790514103976, 20.84710746029377],
          [106.073459207039605, 20.847606260664588],
          [106.073063068065522, 20.848057131511155],
          [106.072609284757831, 20.848538538212196],
          [106.072225761119711, 20.848952918722613],
          [106.071996345473451, 20.849305711430137],
          [106.071690527299253, 20.84976802990785],
          [106.071404754793519, 20.850333307464155],
          [106.071088789039791, 20.851195560707222],
          [106.070773162624391, 20.852106236852357],
          [106.070546322059968, 20.852810458365209],
          [106.070300375671536, 20.85354506501324],
          [106.070004444314904, 20.854510185822029],
          [106.069803268413381, 20.855202049280258],
          [106.069512956728971, 20.856052033148689],
          [106.069184101254635, 20.856902257305642],
          [106.068886540864355, 20.857625078059932],
          [106.068729642789791, 20.858055202036596]
        ]
      }
    },
    {
      "type": "Feature",
      "properties": {
        "ID": "HYE329029hkhhai",
        "Ten_duong": "Tỉnh lộ 202",
        "Thuoc_huyen": "H. Ân Thi",
        "Thuoc_tinh": "Hưng Yên",
        "Cap_duong": "Tỉnh lộ",
        "Loai_duong": "Nhựa",
        "Chieu_dai": "1.896",
        "Gap_de": "T",
        "Tin_khac": "",
        "layer": "HYE_Tinhlo",
        "path": "D:/_Project/4.HungYen/De/De Hung Yen/BD Hung Yen/HYE_Tinhlo.TAB"
      },
      "geometry": {
        "type": "LineString",
        "coordinates": [
          [106.147717241845285, 20.783963092301004],
          [106.146900002893659, 20.784650930812496],
          [106.146736787806759, 20.784804162367433],
          [106.145847237160297, 20.785598725088768],
          [106.145499282043247, 20.785892320124155],
          [106.145190119911931, 20.785865201445127],
          [106.144848364991873, 20.785605389750188],
          [106.144242192359215, 20.785123826066577],
          [106.139042451921156, 20.781328939503304],
          [106.138004160616461, 20.780520277048698],
          [106.136662709097735, 20.779623179239437],
          [106.132930294881561, 20.778091645872859]
        ]
      }
    },
    {
      "type": "Feature",
      "properties": {
        "ID": "HYE333029hkhai",
        "Ten_duong": "Tỉnh lộ 202",
        "Thuoc_huyen": "H. Phù Cừ",
        "Thuoc_tinh": "Hưng Yên",
        "Cap_duong": "Tỉnh lộ",
        "Loai_duong": "Nhựa",
        "Chieu_dai": "17.479",
        "Gap_de": "T",
        "Tin_khac": "",
        "layer": "HYE_Tinhlo",
        "path": "D:/_Project/4.HungYen/De/De Hung Yen/BD Hung Yen/HYE_Tinhlo.TAB"
      },
      "geometry": {
        "type": "LineString",
        "coordinates": [
          [106.233356816239734, 20.667397110595587],
          [106.231846954735204, 20.670229350963325],
          [106.230357306937606, 20.673241852737444],
          [106.230033114065776, 20.673788128190743],
          [106.228355554804494, 20.676970627785668],
          [106.226717740028874, 20.680149577709106],
          [106.225481013256839, 20.682426827887884],
          [106.22434304741796, 20.684609500966005],
          [106.224037043557956, 20.685011176778403],
          [106.223661560370431, 20.685524197818978],
          [106.223393530292526, 20.685908889279712],
          [106.223191855263437, 20.686140066255703],
          [106.222396750533903, 20.687134796885367],
          [106.221726059990672, 20.688045796450115],
          [106.221558478423532, 20.688279078912686],
          [106.221028864082825, 20.689016789380162],
          [106.22044206128885, 20.689819047883809],
          [106.219562609415405, 20.691123973897742],
          [106.218629054528876, 20.692400368392125],
          [106.218450137372486, 20.692670046709527],
          [106.218305528903144, 20.6928959363016],
          [106.217742181889292, 20.693741566590759],
          [106.217471601266254, 20.69409898379131],
          [106.216770523002225, 20.695083449910928],
          [106.215891973178032, 20.696497036900102],
          [106.214995987313472, 20.697664283539531],
          [106.214304510036456, 20.698387397057616],
          [106.213715347035077, 20.698913920542349],
          [106.212677368530407, 20.69967578769203],
          [106.212424968061868, 20.699895294510917],
          [106.211796717091005, 20.700349540476434],
          [106.210980843091761, 20.700935651242546],
          [106.209807695134785, 20.70165490644424],
          [106.208047090215942, 20.702625006497509],
          [106.207045432442214, 20.703118173427185],
          [106.205879336252593, 20.703750261654633],
          [106.204057327800257, 20.704756980880447],
          [106.203079925795961, 20.705395049501512],
          [106.202199139865456, 20.706061438974366],
          [106.2007091598134, 20.707160125950615],
          [106.199617555214957, 20.707980293955753],
          [106.199204270576431, 20.708331451365073],
          [106.19844283455042, 20.708989763941304],
          [106.198236312522766, 20.709187068493229],
          [106.197731775008336, 20.709705724195175],
          [106.197008542364941, 20.710327446551439],
          [106.195959920851465, 20.711234386258127],
          [106.194616780586443, 20.712397322910327],
          [106.193303305012293, 20.713414950543104],
          [106.19301953711485, 20.713583693713947],
          [106.191871085146843, 20.71403424790541],
          [106.190779765630936, 20.714411852637799],
          [106.18932347956266, 20.714915293302052],
          [106.189039025341216, 20.71499703287536],
          [106.187387627659149, 20.715182616926352],
          [106.186517275591683, 20.715232164643226],
          [106.186066414626367, 20.715228044229491],
          [106.185382924656366, 20.71622826266243],
          [106.184688929178137, 20.717199911619769],
          [106.184558816026339, 20.717459283856925],
          [106.184349658423258, 20.718025469113709],
          [106.18427999642023, 20.718217479619948],
          [106.184039037907539, 20.7186211722065],
          [106.183546780659512, 20.719371168226285],
          [106.182558214281158, 20.721043743064119],
          [106.181991016414187, 20.721976204657874],
          [106.18183117631277, 20.722341031050728],
          [106.181480365035171, 20.722994375045811],
          [106.18058417616362, 20.724771466945249],
          [106.180459489394948, 20.725088348899607],
          [106.180077113481801, 20.72559825846788],
          [106.179825086536411, 20.725877616719124],
          [106.179572316958996, 20.72606121410039],
          [106.178955499488737, 20.726505782839272],
          [106.178607311923173, 20.726843257687047],
          [106.178365755361767, 20.727160848489113],
          [106.178195056048295, 20.727439557170907],
          [106.178074636800488, 20.727651066165983],
          [106.17796419433644, 20.7278240198304],
          [106.177684088753125, 20.728409927157827],
          [106.17711962494171, 20.729715660909516],
          [106.176830052137248, 20.730406973989989],
          [106.176187587802374, 20.732134426748466],
          [106.175562956036174, 20.733536423345527],
          [106.175437164001707, 20.733699903904593],
          [106.175316218797164, 20.733844378822038],
          [106.174502464425444, 20.735132655006243],
          [106.173462997271429, 20.736805440186338],
          [106.172585502539931, 20.738400593222888],
          [106.17154864589719, 20.740417925948933],
          [106.171393042949163, 20.74067746294946],
          [106.171224306001832, 20.741214629054991],
          [106.171155921041304, 20.741588400262643],
          [106.17103011307843, 20.742412661162803],
          [106.170765578464326, 20.744367268968027],
          [106.170706185369212, 20.745248355992267],
          [106.17066429494794, 20.746407044107436],
          [106.170468389736627, 20.748045247495938],
          [106.170183481371538, 20.74999999259925],
          [106.170096886662776, 20.752339521301742],
          [106.170075238885246, 20.753632955726562],
          [106.170109902984521, 20.755067215626287],
          [106.169992184718339, 20.756183053340965],
          [106.169792193570771, 20.757916235235665],
          [106.169640813261324, 20.75876460993668],
          [106.16928554417126, 20.760840712788312],
          [106.169149682233368, 20.761659257960336],
          [106.168953934620504, 20.762909335920696],
          [106.168684992445009, 20.763884811586514],
          [106.168422152873248, 20.764629956443777],
          [106.167592808851097, 20.766679556041332],
          [106.166466818051887, 20.769192106024157],
          [106.166062826917823, 20.770071916480497],
          [106.165581927880666, 20.771219849356829],
          [106.165186316648814, 20.772166546614955],
          [106.164252256187737, 20.774989832442536],
          [106.163143714002757, 20.777738044686561],
          [106.162741272552339, 20.778825450055976],
          [106.162244809900642, 20.780017387576621],
          [106.161747527064591, 20.781090525949526],
          [106.161092688695106, 20.782238992094666],
          [106.160700305656789, 20.783489307212729],
          [106.160377343801173, 20.784346062038786],
          [106.16015287677692, 20.78457795842656],
          [106.159944378729278, 20.784485860485667],
          [106.1596332329284, 20.784098215028017],
          [106.159304054265476, 20.783399452730421],
          [106.158804109681554, 20.782239818723923],
          [106.158518382104049, 20.781581597062743],
          [106.15826791292379, 20.781288581995629],
          [106.157790278296119, 20.780936296428933],
          [106.157155797028722, 20.780549561040729],
          [106.156437707179052, 20.780246503661107],
          [106.156030316729257, 20.780160980093864],
          [106.155436201446889, 20.780103996388615],
          [106.154460255257931, 20.780227467679712],
          [106.153792488627303, 20.780414724297614],
          [106.152910087736075, 20.780776159449395],
          [106.151699907162921, 20.78132770697832],
          [106.150721590573511, 20.781862514404342],
          [106.150055273693098, 20.78224281462634],
          [106.149222420472412, 20.782730834455911],
          [106.148439207231377, 20.783355752577421],
          [106.147717241845285, 20.783963092301004]
        ]
      }
    },
    {
      "type": "Feature",
      "properties": {
        "ID": "HYE333029hkhmot",
        "Ten_duong": "Tỉnh lộ 201",
        "Thuoc_huyen": "H. Phù Cừ",
        "Thuoc_tinh": "Hưng Yên",
        "Cap_duong": "Tỉnh lộ",
        "Loai_duong": "Nhựa",
        "Chieu_dai": "10.248",
        "Gap_de": "T",
        "Tin_khac": "",
        "layer": "HYE_Tinhlo",
        "path": "D:/_Project/4.HungYen/De/De Hung Yen/BD Hung Yen/HYE_Tinhlo.TAB"
      },
      "geometry": {
        "type": "LineString",
        "coordinates": [
          [106.19841517014811, 20.753470393858173],
          [106.198549136261633, 20.753138890343731],
          [106.198808466948435, 20.752347473597389],
          [106.198991807204507, 20.752041373499981],
          [106.199181211576544, 20.751810126249037],
          [106.199370834946095, 20.751618899751453],
          [106.199582471563303, 20.751527530438725],
          [106.199699335870321, 20.751536743022303],
          [106.199795605253087, 20.751625963528401],
          [106.19986048016807, 20.751765453796512],
          [106.199978527199576, 20.751924538892158],
          [106.200192371772459, 20.752112949267271],
          [106.200341831558873, 20.752211826219444],
          [106.200554905104653, 20.752290292662849],
          [106.200724705436471, 20.752289106569282],
          [106.200925619196511, 20.752177754111578],
          [106.201104519257129, 20.751966724992641],
          [106.201336194867892, 20.751725151916578],
          [106.201426021524668, 20.751679532707552],
          [106.201659688046519, 20.751677899305534],
          [106.201968716575863, 20.751805653448574],
          [106.202437929501812, 20.752052263467487],
          [106.202704097547041, 20.752140383966129],
          [106.203118699746824, 20.752197470882823],
          [106.203681718563743, 20.752233461117186],
          [106.203983992052201, 20.752174879019258],
          [106.204534907830919, 20.752028817631153],
          [106.206130419412261, 20.75101110651784],
          [106.206805955601936, 20.75049691523413],
          [106.207209803822323, 20.750022393480812],
          [106.207807177842966, 20.749221182505266],
          [106.208657607923598, 20.748200823022753],
          [106.209683253496195, 20.747186093034497],
          [106.210654149415646, 20.746196497175958],
          [106.211466487301053, 20.745136912889347],
          [106.212189389967193, 20.744051936619066],
          [106.212470558939017, 20.743565078226769],
          [106.212658853722417, 20.743065955272655],
          [106.212951123155079, 20.742249172196246],
          [106.213037703234235, 20.741905886889011],
          [106.213153562722979, 20.741368336198327],
          [106.21321097591192, 20.740811954532745],
          [106.213189044053976, 20.740217284724171],
          [106.213165761362276, 20.73987477437235],
          [106.213122707540577, 20.739642261724761],
          [106.212878434000757, 20.738732323771334],
          [106.212765018667739, 20.738287005058812],
          [106.212480016006651, 20.73743553495467],
          [106.212207749781086, 20.736868467677436],
          [106.211930233553261, 20.736088044263713],
          [106.211852289946265, 20.735791180938346],
          [106.2117717573134, 20.735591274941441],
          [106.211618849767575, 20.73535962592732],
          [106.211341079890829, 20.73499306906681],
          [106.210856344279676, 20.734492181675201],
          [106.210133525475598, 20.733844171214894],
          [106.209760452649206, 20.733568806715123],
          [106.209546169362852, 20.733395678499647],
          [106.209293634945666, 20.733158313214613],
          [106.209217231559805, 20.733042396764358],
          [106.209175015117864, 20.732926330303012],
          [106.209153489916702, 20.732803703948971],
          [106.209129659527065, 20.732402924222491],
          [106.209138695285603, 20.732234730282748],
          [106.209123686275632, 20.732086129341063],
          [106.209081412702147, 20.731950729586842],
          [106.209011314433837, 20.731770082277137],
          [106.208843143149807, 20.731344568749158],
          [106.208727367173182, 20.73103505012595],
          [106.208712762450489, 20.730925203908413],
          [106.208725467298677, 20.73079574180996],
          [106.208765841689257, 20.730692014063784],
          [106.209356851373471, 20.729873227143269],
          [106.210237878929476, 20.728826086397696],
          [106.211208659866386, 20.727836400966318],
          [106.212336823164222, 20.726774591133466],
          [106.213574931686296, 20.72573783742844],
          [106.214820032202013, 20.724700935697783],
          [106.215798600247609, 20.723827624783532],
          [106.216003174869016, 20.723651634545504],
          [106.216156487426616, 20.723501844778895],
          [106.216224472423875, 20.723417344323646],
          [106.216325954560659, 20.723222568034313],
          [106.216366166843784, 20.723099415898524],
          [106.216574658977137, 20.722548469583874],
          [106.216806998406398, 20.721977749770911],
          [106.217139006555001, 20.721406415134947],
          [106.217759001840292, 20.720367589906711],
          [106.218399676407003, 20.719322021175351],
          [106.219134706541794, 20.718068984522283],
          [106.219815422597009, 20.716893754819232],
          [106.220306958259897, 20.716101477117178],
          [106.220536795725167, 20.715640809616282],
          [106.221087213155187, 20.714492518389257],
          [106.221582952737833, 20.713363947241106],
          [106.222064859223067, 20.712235473035147],
          [106.222628413694025, 20.711015983481502],
          [106.223199234316368, 20.709841522336855],
          [106.223790638477809, 20.708660589142347],
          [106.22436196237183, 20.707550897662934],
          [106.224953617072316, 20.70641522149722],
          [106.225228019937674, 20.70594772666492],
          [106.225377797460951, 20.705791449921847],
          [106.225609328653974, 20.705557076066221],
          [106.225800233732897, 20.705381082301834],
          [106.226186184715544, 20.705126274812581],
          [106.226589586853777, 20.704916423841471],
          [106.227178532177376, 20.704711844941897],
          [106.227904516688227, 20.704486772704204],
          [106.228763851964672, 20.704176816538556],
          [106.229407090236037, 20.703907066262989],
          [106.229783235591739, 20.703723421731134],
          [106.230052896223754, 20.703527437165299],
          [106.230304797594528, 20.703260568783687],
          [106.230467922953281, 20.703046011084204],
          [106.230773547749664, 20.702642971364863],
          [106.230947101507482, 20.702447762659819],
          [106.231090419204847, 20.702336880081237],
          [106.231288913838497, 20.702257855675779],
          [106.231487564390548, 20.702198163521803],
          [106.232015707193071, 20.702123285557629],
          [106.232475725679464, 20.702113489372771],
          [106.232684858698235, 20.702079739872698],
          [106.232828444635317, 20.70201411625214],
          [106.233013103507062, 20.701922179441389],
          [106.233224750630256, 20.701771958112236],
          [106.233578980081333, 20.701420332749326],
          [106.233967272749297, 20.701042533990986],
          [106.234706426805644, 20.700313040716182],
          [106.235203603052142, 20.699818095976003],
          [106.235759305273021, 20.69934215393522],
          [106.236161822265743, 20.699003006029944],
          [106.236291203245941, 20.698879300243743],
          [106.236447297634498, 20.698651778301866],
          [106.236762374930066, 20.698138712596702],
          [106.236856589178799, 20.697905310554685],
          [106.236903062117563, 20.697704504020354],
          [106.236992036398959, 20.697251242799318],
          [106.237004603100203, 20.697096032295757],
          [106.236989152632134, 20.696895670409468],
          [106.236946647919083, 20.696721521796217],
          [106.236671922840515, 20.69629029584522],
          [106.236248383240522, 20.695704926733711],
          [106.236043204282083, 20.695396068058802],
          [106.235973556661662, 20.695260690673038],
          [106.235916765696601, 20.695041291603189],
          [106.235858813503341, 20.694666690137279],
          [106.235835186223198, 20.693871562874914],
          [106.235824598838846, 20.693406097019231],
          [106.235791223937653, 20.692249031728068],
          [106.235843107087049, 20.691459777017187],
          [106.235882135943385, 20.691181509003876],
          [106.235999824125287, 20.690883252795214],
          [106.236257297512623, 20.690454711548707],
          [106.236515300919578, 20.690103590841737],
          [106.237090661788272, 20.689511141753588],
          [106.237302235338262, 20.689354411897394],
          [106.238032997650095, 20.688877206780322],
          [106.238425587965011, 20.688596397694866],
          [106.238520738964041, 20.688479350972997],
          [106.238567898312013, 20.688375477987201],
          [106.238614787689144, 20.688226525363788],
          [106.238665395451221, 20.687695933689145],
          [106.238735233389775, 20.687417353373519],
          [106.23878248976672, 20.68731366032755],
          [106.238918350043335, 20.687138048997141],
          [106.239047771232805, 20.687020755633807],
          [106.239157269071683, 20.686968201278162],
          [106.239301091790509, 20.686921995105507],
          [106.239821844491317, 20.686795381674571],
          [106.24041882966533, 20.68675223772027],
          [106.24066901695349, 20.686705174432799],
          [106.240874555903886, 20.686645513133339],
          [106.241031640652423, 20.686553857477943],
          [106.24116806750726, 20.686436512154071],
          [106.241365694642624, 20.686254039747411],
          [106.241542471605641, 20.686045879027915],
          [106.242014340603035, 20.685658156499297]
        ]
      }
    },
    {
      "type": "Feature",
      "properties": {
        "ID": "HYE333029hkmot",
        "Ten_duong": "Tỉnh lộ 201",
        "Thuoc_huyen": "H. Phù Cừ",
        "Thuoc_tinh": "Hưng Yên",
        "Cap_duong": "Tỉnh lộ",
        "Loai_duong": "Nhựa",
        "Chieu_dai": "6.253",
        "Gap_de": "F",
        "Tin_khac": "",
        "layer": "HYE_Tinhlo",
        "path": "D:/_Project/4.HungYen/De/De Hung Yen/BD Hung Yen/HYE_Tinhlo.TAB"
      },
      "geometry": {
        "type": "LineString",
        "coordinates": [
          [106.222628413694025, 20.711015983481502],
          [106.221455974667336, 20.710627605057958],
          [106.220948067195934, 20.710500118546118],
          [106.220618261195398, 20.710466680874113],
          [106.220212795323519, 20.710457629648488],
          [106.219832581086578, 20.710448398553666],
          [106.219388902303919, 20.710427690705053],
          [106.218944937473665, 20.710371207467787],
          [106.218627233744613, 20.7102661277269],
          [106.218411208292324, 20.710184269035409],
          [106.218259027231554, 20.710173420512781],
          [106.218069205937084, 20.710198524089556],
          [106.21780391405143, 20.710295804204875],
          [106.217525584230629, 20.710359658451381],
          [106.217322802982949, 20.710349076588042],
          [106.217145274119105, 20.710338406306793],
          [106.216954977029147, 20.710303975237046],
          [106.216318811442989, 20.70998639380408],
          [106.216141188015072, 20.70995178192636],
          [106.216039797586646, 20.709952498081655],
          [106.215862364326568, 20.709953751209834],
          [106.215609270266896, 20.709991405022262],
          [106.214560578382162, 20.710368585051103],
          [106.21409316834125, 20.710550944045931],
          [106.213992062381351, 20.710587433319251],
          [106.213395918077865, 20.710508157817024],
          [106.213040479743725, 20.710439019532334],
          [106.21197455002293, 20.710243613264215],
          [106.210768832292601, 20.710001571928398],
          [106.208694491321964, 20.709682143982761],
          [106.205734220532676, 20.70949998689461],
          [106.204110753608333, 20.709308525086307],
          [106.200755068248768, 20.708795042783883],
          [106.198918827788589, 20.708578182765788],
          [106.197581466325076, 20.708209849210643],
          [106.19638592244155, 20.707094272441172],
          [106.195155739296837, 20.705979378638709],
          [106.193840406918497, 20.704803088959217],
          [106.192820520036094, 20.703968504151231],
          [106.192742667845849, 20.70386017786462],
          [106.192672060698385, 20.703708345498821],
          [106.192442496619336, 20.702432730208706],
          [106.192232157004, 20.701650535173915],
          [106.192057029021939, 20.70092618777203],
          [106.191695801907684, 20.699571797681564],
          [106.191365286511072, 20.698202648415531],
          [106.191034873697745, 20.696833497349523],
          [106.190704276153298, 20.695464436815186],
          [106.190373876489858, 20.694095283477758],
          [106.190091812748847, 20.693001618458638],
          [106.189995900081641, 20.692066216357038],
          [106.190006958756229, 20.6915145836705],
          [106.189984403703789, 20.690099846036727],
          [106.189977209278453, 20.688684911738381],
          [106.189977566306752, 20.687241014647164],
          [106.189931991181581, 20.685840890462959],
          [106.189934572065383, 20.684694303227616],
          [106.18994450855287, 20.684491138865731],
          [106.190041580128891, 20.684098641964933],
          [106.190289542565566, 20.683284275559839],
          [106.190640221763132, 20.682309469179096],
          [106.19076048208386, 20.681924039333325],
          [106.190817366619967, 20.681807552892106],
          [106.191225206760734, 20.680752575817774],
          [106.191643428583347, 20.679552431899925],
          [106.192039059119963, 20.678410535199298]
        ]
      }
    },
    {
      "type": "Feature",
      "properties": {
        "ID": "HYE332029hkbab",
        "Ten_duong": "Tỉnh lộ 203B",
        "Thuoc_huyen": "H. Tiên Lữ",
        "Thuoc_tinh": "Hưng Yên",
        "Cap_duong": "Tỉnh lộ",
        "Loai_duong": "Nhựa",
        "Chieu_dai": "6.2",
        "Gap_de": "T",
        "Tin_khac": "",
        "layer": "HYE_Tinhlo",
        "path": "D:/_Project/4.HungYen/De/De Hung Yen/BD Hung Yen/HYE_Tinhlo.TAB"
      },
      "geometry": {
        "type": "MultiLineString",
        "coordinates": [
          [
            [106.146964398914719, 20.659507447198653],
            [106.147517068690846, 20.660576544652091],
            [106.148089250426636, 20.661686346576388],
            [106.148404374506299, 20.662412711371587],
            [106.149017387360942, 20.663806105649169],
            [106.149376600125677, 20.664522236340364],
            [106.149776321009099, 20.665467394857995],
            [106.149884153655009, 20.665841612921653],
            [106.149953068924859, 20.666184920914421],
            [106.149988240102459, 20.66644497393073],
            [106.149978438297893, 20.66662211791888],
            [106.149860287242205, 20.667070752000143],
            [106.149687202435445, 20.667592661636181],
            [106.149644614471427, 20.667801193614427],
            [106.148590941514655, 20.670732180287175],
            [106.148181819195941, 20.671576751139121],
            [106.147575776263807, 20.673069420522257],
            [106.14861148138948, 20.675007677849788],
            [106.148987119114338, 20.675874485804599],
            [106.149034110313124, 20.675982859066767],
            [106.149391751838806, 20.676741099375327],
            [106.150274844858018, 20.678332619271821],
            [106.1504037168705, 20.67859258853181],
            [106.150497688204325, 20.67882008531252],
            [106.150835991365341, 20.680067494256427],
            [106.151042291769414, 20.680766750621054],
            [106.151446278120588, 20.682193327040075],
            [106.151701464348051, 20.682881685140053],
            [106.152045295362186, 20.684362688234227],
            [106.152888263002794, 20.685944882037806],
            [106.153262737219706, 20.686637859702717],
            [106.153402895641335, 20.686865135568038],
            [106.153888076300149, 20.68769858129594],
            [106.155165569449522, 20.689934395049423],
            [106.155437227936247, 20.690372286979294],
            [106.155864555065776, 20.691195272363881],
            [106.156647889298355, 20.692537433267422],
            [106.15698166398559, 20.693176376393446],
            [106.157141060185708, 20.693381475014647],
            [106.157999860652126, 20.694897850328161],
            [106.158538106417097, 20.695872224177634],
            [106.159133646450172, 20.696791822317337],
            [106.159441660402834, 20.697083192297274],
            [106.160670745952672, 20.697982979541894],
            [106.161587749078038, 20.698686734232183],
            [106.161871708075338, 20.6988441887611],
            [106.162811570387888, 20.699522395114467],
            [106.163444208326126, 20.699988371764192]
          ],
          [
            [106.158902074154994, 20.708920749576976],
            [106.159139655501619, 20.708634019596325],
            [106.159621606369029, 20.708094934686322],
            [106.16008219886892, 20.707588607188342],
            [106.160291519994388, 20.707348865155037],
            [106.160486625342003, 20.707095937895453],
            [106.160820670662829, 20.706603651863514],
            [106.161210065519157, 20.705978635739342],
            [106.161550121212258, 20.705355848889429],
            [106.161771130137168, 20.704810929385204],
            [106.162061606150004, 20.704146375074725],
            [106.162267382674116, 20.703442639925534],
            [106.162367241655346, 20.70269977705329],
            [106.162406961043075, 20.702368211728714],
            [106.162475821738013, 20.702168986666209],
            [106.162558694562222, 20.701956386194382],
            [106.163129556932859, 20.701157400431143],
            [106.163455226435985, 20.699997873970084]
          ]
        ]
      }
    },
    {
      "type": "Feature",
      "properties": {
        "ID": "HYE323029smot",
        "Ten_duong": "Tỉnh lộ 61",
        "Thuoc_huyen": "TX. Hưng Yên",
        "Thuoc_tinh": "Hưng Yên",
        "Cap_duong": "Tỉnh lộ",
        "Loai_duong": "Nhựa",
        "Chieu_dai": "4.866",
        "Gap_de": "T",
        "Tin_khac": "",
        "layer": "HYE_Tinhlo",
        "path": "D:/_Project/4.HungYen/De/De Hung Yen/BD Hung Yen/HYE_Tinhlo.TAB"
      },
      "geometry": {
        "type": "LineString",
        "coordinates": [
          [106.054665291450377, 20.642370011272245],
          [106.054764890598406, 20.642045683490689],
          [106.054893676457908, 20.641820109114025],
          [106.055080334273711, 20.641594000285288],
          [106.055260169765106, 20.641422503565455],
          [106.056118499410246, 20.640946990276522],
          [106.057291017376997, 20.640368087604234],
          [106.058063841378527, 20.640104233359345],
          [106.059411610867997, 20.63973448386238],
          [106.060242632276839, 20.639504324405404],
          [106.062399760495083, 20.638924940605335],
          [106.064195001924091, 20.638354627727775],
          [106.0654076809884, 20.638009878403171],
          [106.06630068088154, 20.637682815828111],
          [106.067161232871769, 20.637396515757505],
          [106.068286296860151, 20.636973142946669],
          [106.06933317722509, 20.636446165838347],
          [106.070848772848123, 20.635751029415594],
          [106.071686936816633, 20.635422834290264],
          [106.072567848443668, 20.635059585600608],
          [106.0742493356057, 20.634361582902674],
          [106.075605701695267, 20.633821892164399],
          [106.075676654078237, 20.633675537741016],
          [106.075708592279682, 20.633508646202998],
          [106.075807454965485, 20.633414339191962],
          [106.075972779044363, 20.633340398168613],
          [106.076193477119816, 20.63326602158272],
          [106.077088580489203, 20.633177140209348],
          [106.077597221979971, 20.633173967169142],
          [106.07892278323898, 20.633073626086393],
          [106.079934668482863, 20.633077781872196],
          [106.080587439536785, 20.633125739253547],
          [106.081212525049665, 20.633235213892434],
          [106.081617178922897, 20.633306855847422],
          [106.0818445011557, 20.63340969374023],
          [106.081966853573505, 20.633502618268306],
          [106.082145222171746, 20.633699453466878],
          [106.082668291100731, 20.634175381512808],
          [106.082890733742914, 20.634361459155766],
          [106.08332438576808, 20.634692123847252],
          [106.083890598044846, 20.63501156535138],
          [106.084495067027007, 20.635257673044588],
          [106.084904783281345, 20.635338490722834],
          [106.085214534381038, 20.635357414804595],
          [106.085535026133883, 20.63533453000834],
          [106.085811245198585, 20.635280662581344],
          [106.086362782503173, 20.635100201919528],
          [106.087377188198076, 20.634687522295138],
          [106.088220280310694, 20.634275826176051],
          [106.088738923451103, 20.63412682583413],
          [106.08901511693243, 20.634083343579348],
          [106.089401921197961, 20.634060123886364],
          [106.089678411512153, 20.634058379472915],
          [106.090176462581965, 20.634117756876314],
          [106.090947071370351, 20.634404533592143],
          [106.09141228923113, 20.634516155188997],
          [106.091808618978675, 20.634644202638839],
          [106.092885544529949, 20.634871481900777],
          [106.093278585365539, 20.63494190475301],
          [106.094996526490121, 20.635570682621637],
          [106.095803539658263, 20.635993450631606],
          [106.096539885659112, 20.636317822959317],
          [106.097293853094087, 20.636663221414032]
        ]
      }
    },
    {
      "type": "Feature",
      "properties": {
        "ID": "HYE332029smot",
        "Ten_duong": "Tỉnh lộ 61",
        "Thuoc_huyen": "H. Tiên Lữ",
        "Thuoc_tinh": "Hưng Yên",
        "Cap_duong": "Tỉnh lộ",
        "Loai_duong": "Nhựa",
        "Chieu_dai": "6.648",
        "Gap_de": "F",
        "Tin_khac": "",
        "layer": "HYE_Tinhlo",
        "path": "D:/_Project/4.HungYen/De/De Hung Yen/BD Hung Yen/HYE_Tinhlo.TAB"
      },
      "geometry": {
        "type": "MultiLineString",
        "coordinates": [
          [
            [106.101146837197703, 20.646907515593291],
            [106.101021790469233, 20.647496656751265],
            [106.10094167815798, 20.647887921050575],
            [106.100695030419786, 20.64935872642598],
            [106.100322949974981, 20.651846470140722],
            [106.100214927988063, 20.652988248394895],
            [106.099955563208837, 20.654987937648407],
            [106.099910159391158, 20.657909071871156],
            [106.099919488566016, 20.659205408570539],
            [106.099964256040096, 20.660797497432352],
            [106.099941001613871, 20.661260857172902],
            [106.100001969631464, 20.663276300799268],
            [106.10025807847137, 20.664689417788033],
            [106.10034172876648, 20.665214796491021],
            [106.100583600825459, 20.666502872127356],
            [106.101528909609314, 20.672034226202435],
            [106.101563578670479, 20.672222469232956],
            [106.101808925227644, 20.673110551615046],
            [106.102125879029217, 20.673903943520024],
            [106.102619188907497, 20.675282470310698],
            [106.102892461963222, 20.676180852091445],
            [106.103087507155138, 20.677027422734408],
            [106.10307737957784, 20.677246760270307],
            [106.103156800892734, 20.677476547163106],
            [106.103771318904151, 20.678686699543814],
            [106.104018984024492, 20.679135223316329],
            [106.104194247688341, 20.679435408629239],
            [106.104446383412707, 20.67986456872217],
            [106.104377140414257, 20.680232725352699],
            [106.103517501275476, 20.680667379880791],
            [106.100780296076621, 20.682151849652747],
            [106.098448238601435, 20.6835511187126],
            [106.097782157294532, 20.683978910588969],
            [106.097514839203214, 20.684187237306087],
            [106.097054247900715, 20.6857295068802],
            [106.096890242161251, 20.686567437699694],
            [106.096560888615073, 20.688057192004614],
            [106.096396061695629, 20.688781470698949],
            [106.096099087565378, 20.690208949520972],
            [106.095869828066952, 20.691119572240115]
          ],
          [
            [106.101351069720039, 20.646984995636018],
            [106.101464375992279, 20.646351839572088],
            [106.101462407116998, 20.646078460353401],
            [106.101442885775967, 20.645873405557555],
            [106.101405253105796, 20.645685722707785],
            [106.101274241766006, 20.645139684626916],
            [106.100997226388557, 20.644457791394572],
            [106.100247187527316, 20.642343289059429],
            [106.099858889821476, 20.641320317365764],
            [106.099475725914914, 20.640463370834112],
            [106.098633222415756, 20.638644884793901],
            [106.098310373851547, 20.637912140643056],
            [106.097948738821799, 20.636963259469621],
            [106.097293853094087, 20.636663221414032]
          ]
        ]
      }
    },
    {
      "type": "Feature",
      "properties": {
        "ID": "",
        "Ten_duong": "Tỉnh lộ 179",
        "Thuoc_huyen": "",
        "Thuoc_tinh": "",
        "Cap_duong": "Tỉnh lộ",
        "Loai_duong": "Nhựa",
        "Chieu_dai": "0.769",
        "Gap_de": "T",
        "Tin_khac": "",
        "layer": "HYE_Tinhlo",
        "path": "D:/_Project/4.HungYen/De/De Hung Yen/BD Hung Yen/HYE_Tinhlo.TAB"
      },
      "geometry": {
        "type": "LineString",
        "coordinates": [
          [105.955558778876821, 20.974477970681892],
          [105.954459962394623, 20.971735671038338],
          [105.953956786478187, 20.970129039464496],
          [105.953737762098356, 20.969446877270492],
          [105.95374830604139, 20.96894060157781],
          [105.953753176236248, 20.968555874918483],
          [105.953706147344036, 20.968071785404302],
          [105.953662147449549, 20.967822582274867]
        ]
      }
    },
    {
      "type": "Feature",
      "properties": {
        "ID": "HYE326029mbchin",
        "Ten_duong": "Tỉnh lộ 179",
        "Thuoc_huyen": "H. Văn Giang",
        "Thuoc_tinh": "Hưng Yên",
        "Cap_duong": "Tỉnh lộ",
        "Loai_duong": "Nhựa",
        "Chieu_dai": "4.739",
        "Gap_de": "T",
        "Tin_khac": "",
        "layer": "HYE_Tinhlo",
        "path": "D:/_Project/4.HungYen/De/De Hung Yen/BD Hung Yen/HYE_Tinhlo.TAB"
      },
      "geometry": {
        "type": "MultiLineString",
        "coordinates": [
          [
            [105.922115515765739, 20.947914839513363],
            [105.922805813290296, 20.94798329486083],
            [105.923407883056996, 20.947999190597887],
            [105.923996541037269, 20.947961038262513],
            [105.924787887539495, 20.947851765315246],
            [105.925274101384389, 20.947764291736732],
            [105.926710547590304, 20.947505958683617],
            [105.92825753556437, 20.947176179243126],
            [105.928458449099253, 20.947129550381018],
            [105.929509427837147, 20.946889915676092],
            [105.931729215611043, 20.946383692324595],
            [105.932417883789157, 20.946298435660804],
            [105.93301466977627, 20.946316404550217],
            [105.934215466745556, 20.946462701803558],
            [105.934799022298662, 20.946533771172984],
            [105.935727612787119, 20.946644054643759],
            [105.93882095887345, 20.947005165192124],
            [105.939454966590489, 20.94703835607433],
            [105.939709339448385, 20.947051681733001],
            [105.940071560998931, 20.947070646724296],
            [105.941156674179197, 20.94864837186935],
            [105.942598836058423, 20.950903803175976],
            [105.942685871513177, 20.951117807935347],
            [105.943308581085788, 20.953028383631306],
            [105.943527038271611, 20.953708578310255],
            [105.943756254811078, 20.954279030839366],
            [105.943909563633881, 20.954539197115515],
            [105.944071946279095, 20.954681860889515]
          ],
          [
            [105.944056858691852, 20.95466857294053],
            [105.944462819750711, 20.954910806214137],
            [105.944605220646693, 20.954995847886252],
            [105.944885152223833, 20.955125482045613],
            [105.945148202629127, 20.955247168339117],
            [105.945321465679413, 20.955314872265077],
            [105.945765471246219, 20.955488407814531],
            [105.946209477796074, 20.955661942165349],
            [105.946652346536396, 20.955837921027481],
            [105.947093320000448, 20.956018245917683],
            [105.947534293343864, 20.956198388934318],
            [105.947975268841773, 20.956378711455518],
            [105.948392522198276, 20.956549136140701],
            [105.948412910993696, 20.956564110806575],
            [105.948638634677209, 20.956729456344121],
            [105.94875076468476, 20.956879080683201]
          ],
          [
            [105.953662147449549, 20.967822582274867],
            [105.953613457415202, 20.967546662514557],
            [105.953454526113603, 20.966738309360689],
            [105.953163721007058, 20.965261850928506],
            [105.952842195723221, 20.963778606512275],
            [105.952682817934203, 20.963065390461601],
            [105.952492556506996, 20.962213934280214],
            [105.952307213764243, 20.961607292106585],
            [105.952136065050311, 20.961312992208303],
            [105.951782173150377, 20.960822212588699],
            [105.950460944744847, 20.959111533191166],
            [105.950321589533601, 20.958931162982129],
            [105.950039193913526, 20.958565473592124],
            [105.949756800255017, 20.958199874010923],
            [105.949474407417227, 20.957834183549657],
            [105.949191920361343, 20.957468583432647]
          ],
          [
            [105.948750668505909, 20.956879081218318],
            [105.949027693938689, 20.957248326464853],
            [105.949223824372424, 20.957509785058825]
          ]
        ]
      }
    },
    {
      "type": "Feature",
      "properties": {
        "ID": "HYE327029hksau",
        "Ten_duong": "Tỉnh lộ 206",
        "Thuoc_huyen": "H. Yên  Mỹ",
        "Thuoc_tinh": "Hưng Yên",
        "Cap_duong": "Tỉnh lộ",
        "Loai_duong": "Nhựa",
        "Chieu_dai": "0.034",
        "Gap_de": "F",
        "Tin_khac": "",
        "layer": "HYE_Tinhlo",
        "path": "D:/_Project/4.HungYen/De/De Hung Yen/BD Hung Yen/HYE_Tinhlo.TAB"
      },
      "geometry": {
        "type": "LineString",
        "coordinates": [
          [105.984983768393491, 20.894075996179222],
          [105.984700280228736, 20.893918888741251]
        ]
      }
    },
    {
      "type": "Feature",
      "properties": {
        "ID": "HYE327029mcchin",
        "Ten_duong": "Tỉnh lộ 199",
        "Thuoc_huyen": "H. Yên  Mỹ",
        "Thuoc_tinh": "Hưng Yên",
        "Cap_duong": "Tỉnh lộ",
        "Loai_duong": "Nhựa",
        "Chieu_dai": "13.831",
        "Gap_de": "F",
        "Tin_khac": "",
        "layer": "HYE_Tinhlo",
        "path": "D:/_Project/4.HungYen/De/De Hung Yen/BD Hung Yen/HYE_Tinhlo.TAB"
      },
      "geometry": {
        "type": "LineString",
        "coordinates": [
          [105.96603847316058, 20.891428318757605],
          [105.966250533440302, 20.891454495765199],
          [105.966727188179746, 20.891513328019233],
          [105.967203842075435, 20.891571978239774],
          [105.967680401305174, 20.891630808349792],
          [105.968156960848589, 20.891689637116222],
          [105.968633616842396, 20.891748463994357],
          [105.969110177013107, 20.891807290073316],
          [105.969586833634168, 20.891866114263415],
          [105.970063393851518, 20.891924847310246],
          [105.970426131006235, 20.891969679163804],
          [105.97091019335484, 20.892028818979473],
          [105.971176038573702, 20.892061370085308],
          [105.971653666641629, 20.892121538154043],
          [105.972130140807309, 20.892181621088483],
          [105.972606614712333, 20.892241612334843],
          [105.9730829933834, 20.892301693129447],
          [105.973559468512704, 20.892361772033528],
          [105.973793472381814, 20.892391247838173],
          [105.974269850686895, 20.892451144597757],
          [105.974743728581984, 20.892510873577727],
          [105.975225273092022, 20.892551855500464],
          [105.975703918510064, 20.892590503561511],
          [105.976182851940948, 20.892629058280967],
          [105.976661785557042, 20.892667611648605],
          [105.977140719943066, 20.892706254008836],
          [105.97761965392975, 20.892744804672805],
          [105.978098588101545, 20.892783353984932],
          [105.978577618595523, 20.892821901394889],
          [105.97876192043897, 20.892836747471666],
          [105.979241991703489, 20.892872666964823],
          [105.979721197902023, 20.892908590059172],
          [105.980077188032311, 20.892935280026023],
          [105.980556971347241, 20.892971197454063],
          [105.981033800996869, 20.89301119612314],
          [105.98151281281983, 20.893061480557414],
          [105.982470837244719, 20.893162045359734],
          [105.982941220180166, 20.893230625571128],
          [105.983006477728111, 20.893241995516561],
          [105.983339217391219, 20.893300434008026],
          [105.983743392271293, 20.893388727215232],
          [105.984700184091068, 20.893918889295051],
          [105.984700280228736, 20.893918888741251],
          [105.985355047235515, 20.893911050060733],
          [105.985746472567456, 20.893960472117996],
          [105.98622170263819, 20.894049343406383],
          [105.986693082977496, 20.894137512794188],
          [105.987163597980341, 20.894225595511692],
          [105.987638204844757, 20.894307148250132],
          [105.988111421881712, 20.894381931622238],
          [105.988589452141269, 20.894457589305556],
          [105.989052188115963, 20.894561341853326],
          [105.990475896116763, 20.89491963786136],
          [105.991771648470916, 20.895263756904161],
          [105.992228373728835, 20.895403132441047],
          [105.99267243289799, 20.895575376395396],
          [105.993236240502938, 20.89582832636362],
          [105.993623367791344, 20.895924826071948],
          [105.994388794938729, 20.895959766258009],
          [105.995000219688336, 20.895982770231598],
          [105.996441173373285, 20.896036806032122],
          [105.99788212813479, 20.896090919984935],
          [105.998461048353917, 20.89611256539504],
          [105.999441701286329, 20.896054613361038],
          [106.000000010423747, 20.895983677785637],
          [106.000497012226816, 20.895932072191631],
          [106.000958797248074, 20.895832697015774],
          [106.001485075207739, 20.895745139627454],
          [106.001818835106363, 20.895694847995824],
          [106.00225567171951, 20.89570439363413],
          [106.002474338499184, 20.895739340543955],
          [106.002905174536025, 20.895815234552217],
          [106.003535588102551, 20.895932418999749],
          [106.003972762415302, 20.895978187454297],
          [106.004808544620005, 20.896082054220962],
          [106.00612589143843, 20.896140710058383],
          [106.006961353097225, 20.896196232392199],
          [106.007977093272459, 20.896311039424205],
          [106.008851526276558, 20.896414567963539],
          [106.009262857500872, 20.896448459149944],
          [106.009391217644861, 20.89643559465469],
          [106.009538214568209, 20.896319895387176],
          [106.009675739902079, 20.895751251812126],
          [106.009965044081625, 20.894819238985761],
          [106.010235304366077, 20.893929620670935],
          [106.010386354579111, 20.89345756796979],
          [106.010537630707844, 20.893033759141758],
          [106.010714913042435, 20.892646025605998],
          [106.010936580508769, 20.892167592014406],
          [106.01127850152757, 20.891428518327256],
          [106.011842485723392, 20.890271358839549],
          [106.012208851249525, 20.889350902543377],
          [106.01246119947055, 20.888660692646877],
          [106.012618623503769, 20.888194653628638],
          [106.01269264386373, 20.887735161737602],
          [106.012754039366783, 20.88729977690868],
          [106.012891449688055, 20.886731131555848],
          [106.013111236829332, 20.88597461817859],
          [106.013287371471463, 20.885417939931184],
          [106.013475883540394, 20.884800565257148],
          [106.013683204998472, 20.884092551100771],
          [106.014075389979638, 20.883184044538112],
          [106.014585770602153, 20.881725164239697],
          [106.014927424137852, 20.88093784006686],
          [106.015167191115324, 20.880296036803983],
          [106.015438047484636, 20.87950298829708],
          [106.01582980530759, 20.878534128695346],
          [106.016188924123838, 20.877486950539193],
          [106.016530611468809, 20.876735762057525],
          [106.016783506152819, 20.876118182055329],
          [106.01709230969611, 20.875252447171142],
          [106.017294327323057, 20.874731750027664],
          [106.017547621622171, 20.87417442813182],
          [106.017921131046805, 20.873368749196601],
          [106.018403140263018, 20.872459699008093],
          [106.019004897970404, 20.871205621545677],
          [106.019347713998485, 20.87061153480126],
          [106.019791814634573, 20.869799468624123],
          [106.020051299141244, 20.869236053173964],
          [106.020291694660969, 20.86867880444537],
          [106.020595548597655, 20.868024595856014],
          [106.020874225361496, 20.867442995364247],
          [106.021159284527542, 20.866853134781639],
          [106.021438368549823, 20.866332424969993],
          [106.021679477367528, 20.865896325671137],
          [106.022200071253195, 20.864999774234654],
          [106.022606840414426, 20.864357415508302],
          [106.023013836504433, 20.863763299887999],
          [106.023293970229616, 20.863399423591741],
          [106.023582406529442, 20.863140480543635],
          [106.024088992907934, 20.862790065428932],
          [106.024704917639895, 20.862447306217391],
          [106.025141579626705, 20.862275290505032],
          [106.025501550650375, 20.862176191592869],
          [106.025996798325494, 20.862082424651742],
          [106.026774902576747, 20.861928505078463],
          [106.027494840639307, 20.861730390136568],
          [106.02830467189527, 20.861507428821916],
          [106.029191461669001, 20.861223468516428],
          [106.030740260149827, 20.860747777292897],
          [106.031896902657394, 20.86040164553258],
          [106.032758084403397, 20.860141944188978],
          [106.034229914406637, 20.859715112436444],
          [106.034592437673084, 20.859597548607979],
          [106.0354507839712, 20.859332249647597],
          [106.036311608402116, 20.859036303888868],
          [106.036973519740755, 20.85883235764209],
          [106.037578166807705, 20.858743948242807],
          [106.038170113056694, 20.858667720238046],
          [106.038865258063254, 20.8586149865185],
          [106.039727666396004, 20.85853711150445],
          [106.040827950508742, 20.858415322950705],
          [106.041471326067324, 20.85832657409145],
          [106.042217888944549, 20.858273604348067],
          [106.042861764315845, 20.858257576390525],
          [106.043576169925984, 20.858210849889566],
          [106.044142769660255, 20.858195288218923],
          [106.044735294759491, 20.85820377936362],
          [106.045392885055605, 20.858308722749236],
          [106.046230605350829, 20.858400546597142],
          [106.046920102538522, 20.858463006790924],
          [106.047577431262184, 20.858543730383946],
          [106.048724518704972, 20.858657951560591],
          [106.049743234510217, 20.858833303808041],
          [106.050665473752829, 20.859039688902538],
          [106.051632413118554, 20.8591912249972],
          [106.052715520640376, 20.859378450783446],
          [106.053566477977839, 20.859506476203133],
          [106.054694804646985, 20.859699373809203],
          [106.055262505841768, 20.859841242234616],
          [106.055984481832738, 20.859969960248407],
          [106.056901038151707, 20.860255128272019],
          [106.058043004469269, 20.860569073697196],
          [106.058933277210045, 20.860805877016912],
          [106.060184598438312, 20.861100971600813],
          [106.061558405575468, 20.861413456792771],
          [106.06250014253979, 20.861613602730987],
          [106.063119107654884, 20.861730823127637],
          [106.063783450855581, 20.861890312289454],
          [106.064199807865336, 20.862049805073752],
          [106.064661381908138, 20.862187693826584],
          [106.065203513286875, 20.862354081074077],
          [106.065861996310318, 20.862567896505034],
          [106.066727492568518, 20.862913679762077],
          [106.067592735540416, 20.863223050563359],
          [106.068406549346093, 20.86354484430144],
          [106.069330084365021, 20.863886547396053],
          [106.069743440609329, 20.864041527677738],
          [106.070221538261094, 20.864244527566221],
          [106.070648022685845, 20.864447848977182],
          [106.071087302056867, 20.864638982825358],
          [106.071603707911862, 20.864781026389437],
          [106.072235145069328, 20.864892262427432]
        ]
      }
    },
    {
      "type": "Feature",
      "properties": {
        "ID": "HYE331029hknam",
        "Ten_duong": "Tỉnh lộ 205",
        "Thuoc_huyen": "H. Kim Động",
        "Thuoc_tinh": "Hưng Yên",
        "Cap_duong": "Tỉnh lộ",
        "Loai_duong": "Nhựa",
        "Chieu_dai": "10.904",
        "Gap_de": "F",
        "Tin_khac": "",
        "layer": "HYE_Tinhlo",
        "path": "D:/_Project/4.HungYen/De/De Hung Yen/BD Hung Yen/HYE_Tinhlo.TAB"
      },
      "geometry": {
        "type": "LineString",
        "coordinates": [
          [106.096470818156661, 20.744262266467189],
          [106.096289640137726, 20.744216802842086],
          [106.095626435897358, 20.743973660773865],
          [106.095381543455758, 20.743842863092674],
          [106.095230512590248, 20.743702432530572],
          [106.094700635061017, 20.743087564000806],
          [106.094225803229421, 20.742286951771515],
          [106.093727479708008, 20.741477633398318],
          [106.093434456128435, 20.741170330113498],
          [106.09331172711795, 20.74106513364217],
          [106.093132593170864, 20.740942587661369],
          [106.092742052925303, 20.740777295731061],
          [106.092422415908217, 20.740682203701823],
          [106.092225157510185, 20.740656985060159],
          [106.091943481805089, 20.740632211893001],
          [106.091389576083927, 20.740573930917613],
          [106.090995251274521, 20.740523399445333],
          [106.090473714825336, 20.740411876509203],
          [106.090238686019575, 20.740342715437048],
          [106.089777788322408, 20.740169098965119],
          [106.089645966603825, 20.740108046646487],
          [106.08947637496388, 20.740003144217777],
          [106.089259063040146, 20.739792566945784],
          [106.089098345345633, 20.739625810616403],
          [106.088825231871681, 20.739468529423696],
          [106.088424978789007, 20.739380896849063],
          [106.087847330098427, 20.739305498224351],
          [106.087333362278841, 20.739338382416918],
          [106.087060663751885, 20.739359892356763],
          [106.086808997140224, 20.739381268955206],
          [106.086484259793764, 20.739472222283112],
          [106.086275124501469, 20.739572292668491],
          [106.086045662187843, 20.739771330784873],
          [106.085717992722792, 20.74017842535515],
          [106.085573310870942, 20.740495462862061],
          [106.085512943554249, 20.740851540033642],
          [106.08535638572711, 20.741711999118742],
          [106.085151333209609, 20.742385113410471],
          [106.084784151919791, 20.743138213640048],
          [106.08452522351098, 20.743623926106498],
          [106.084390300757391, 20.743842151905536],
          [106.084317700479232, 20.74395120682901],
          [106.084151090855002, 20.744130150644949],
          [106.083754067562424, 20.744389510043437],
          [106.083325285934208, 20.744599648859783],
          [106.08284843368034, 20.744681706295985],
          [106.081987844537821, 20.744677276188305],
          [106.080218527387458, 20.744530293768999],
          [106.077954831707032, 20.744228376011282],
          [106.076766972628818, 20.743959175951527],
          [106.076577739030895, 20.743901093150182],
          [106.075562441984943, 20.743532054574992],
          [106.074751643265955, 20.74315179353664],
          [106.074182639713882, 20.742819438116381],
          [106.073771020549927, 20.742496036185265],
          [106.073443576627099, 20.742191893791631],
          [106.07314735497404, 20.741847893422083],
          [106.072854858954457, 20.741296522256508],
          [106.072496996987468, 20.740409646958604],
          [106.072230471713979, 20.73980860216334],
          [106.071933814131654, 20.739415272421621],
          [106.071569067982153, 20.739022366356661],
          [106.071072903070927, 20.738610582220602],
          [106.069860550641067, 20.737827679216469],
          [106.0693811427073, 20.737544259565357],
          [106.068063979790637, 20.736781871221861],
          [106.067979974992738, 20.736772454648175],
          [106.067780674912939, 20.736783630289832],
          [106.067560412070407, 20.736804783688619],
          [106.066183397540641, 20.737216636364746],
          [106.065272068671106, 20.737449236222986],
          [106.064119122976109, 20.737644025287185],
          [106.062871604770535, 20.737829452979028],
          [106.062184335082364, 20.737952776976066],
          [106.061471079864191, 20.738178622423924],
          [106.060729957185728, 20.738457670885676],
          [106.060177304513189, 20.738797623301846],
          [106.059554763020401, 20.739224918995401],
          [106.058367204041801, 20.740232198768265],
          [106.057787436503716, 20.740749030663082],
          [106.057478427892164, 20.740936776174063],
          [106.056872348541049, 20.741081625100581],
          [106.057422440841194, 20.742471764872928],
          [106.057187903560063, 20.742872814417399],
          [106.056636476780767, 20.743517220060841],
          [106.056142555834668, 20.744297063302394],
          [106.05542112624218, 20.744942419119639],
          [106.054550605033739, 20.745598353796257],
          [106.054151236558454, 20.745901750820327],
          [106.05352644718532, 20.746371683907139],
          [106.053259651241461, 20.746596567582142],
          [106.05293773733213, 20.746851151425055],
          [106.052528394111505, 20.747213060898144],
          [106.052191175870831, 20.74757434735243],
          [106.051773757812427, 20.748185844804823],
          [106.050431864836327, 20.748976369814851],
          [106.048542743989387, 20.749999977726276],
          [106.047096085057049, 20.750673212942583],
          [106.043706686501437, 20.752419829880498],
          [106.041278379222689, 20.753785528707013],
          [106.040265115576091, 20.754330137487358],
          [106.039387334101022, 20.754658170549913],
          [106.038286043760635, 20.755029561400089],
          [106.037140276944541, 20.755429311968356],
          [106.035920256920875, 20.755871604807869],
          [106.035027281398101, 20.756171609569513],
          [106.033056789947267, 20.75684065658421],
          [106.032094773381459, 20.757173857804354],
          [106.030393476086346, 20.757726877605776],
          [106.02985782488058, 20.757917289561533],
          [106.029133622570285, 20.758136746690337],
          [106.027982405346719, 20.758433834979421],
          [106.027099072561526, 20.758673027947349],
          [106.026385041746934, 20.758920601554749],
          [106.024942379159526, 20.759516474994832],
          [106.024347602393476, 20.759772544548809],
          [106.024100629145948, 20.759998441380798],
          [106.023898475587657, 20.760247290294682],
          [106.023898380752911, 20.760247471556045],
          [106.023251298649441, 20.761181640930172],
          [106.022578160802027, 20.7620990680166],
          [106.022000432662779, 20.762778490222495],
          [106.021363535110851, 20.763330329366106],
          [106.02012727895503, 20.764232753372251],
          [106.019332020057007, 20.764692105548065],
          [106.018929494030147, 20.764929579295689],
          [106.017594445028408, 20.765686117329103],
          [106.014942921318863, 20.766894038012389],
          [106.012741135159445, 20.768076771533693]
        ]
      }
    },
    {
      "type": "Feature",
      "properties": {
        "ID": "HYE33029hknam",
        "Ten_duong": "Tỉnh lộ 205",
        "Thuoc_huyen": "H. Khoái Châu",
        "Thuoc_tinh": "Hưng Yên",
        "Cap_duong": "Tỉnh lộ",
        "Loai_duong": "Nhựa",
        "Chieu_dai": "0.13",
        "Gap_de": "F",
        "Tin_khac": "",
        "layer": "HYE_Tinhlo",
        "path": "D:/_Project/4.HungYen/De/De Hung Yen/BD Hung Yen/HYE_Tinhlo.TAB"
      },
      "geometry": {
        "type": "LineString",
        "coordinates": [
          [105.952777499076916, 20.870887501729005],
          [105.952690573730393, 20.871142587749695],
          [105.952544095500599, 20.871572829577328],
          [105.952397519790679, 20.872002981480144]
        ]
      }
    },
    {
      "type": "Feature",
      "properties": {
        "ID": "HYE33029hknam",
        "Ten_duong": "Tỉnh lộ 205",
        "Thuoc_huyen": "H. Khoái Châu",
        "Thuoc_tinh": "Hưng Yên",
        "Cap_duong": "Tỉnh lộ",
        "Loai_duong": "Nhựa",
        "Chieu_dai": "0.333",
        "Gap_de": "F",
        "Tin_khac": "",
        "layer": "HYE_Tinhlo",
        "path": "D:/_Project/4.HungYen/De/De Hung Yen/BD Hung Yen/HYE_Tinhlo.TAB"
      },
      "geometry": {
        "type": "LineString",
        "coordinates": [
          [105.948860663932649, 20.905230806442056],
          [105.949383301067627, 20.904446752902871],
          [105.950561355782781, 20.902682841058837],
          [105.950561355782781, 20.902682841058837]
        ]
      }
    },
    {
      "type": "Feature",
      "properties": {
        "ID": "HYE33029hknam",
        "Ten_duong": "Tỉnh lộ 205",
        "Thuoc_huyen": "H. Khoái Châu",
        "Thuoc_tinh": "Hưng Yên",
        "Cap_duong": "Tỉnh lộ",
        "Loai_duong": "Nhựa",
        "Chieu_dai": "6.416",
        "Gap_de": "F",
        "Tin_khac": "",
        "layer": "HYE_Tinhlo",
        "path": "D:/_Project/4.HungYen/De/De Hung Yen/BD Hung Yen/HYE_Tinhlo.TAB"
      },
      "geometry": {
        "type": "LineString",
        "coordinates": [
          [105.95869215787674, 20.853505303431163],
          [105.958635502112813, 20.853968656865124],
          [105.958581126380935, 20.854412662918044],
          [105.958485442161432, 20.854860152762075],
          [105.958390881604785, 20.855303028483988],
          [105.958296224434847, 20.855745904690604],
          [105.958282967722411, 20.855807777279541],
          [105.958098007894293, 20.856743919604391],
          [105.95807626905038, 20.8568931163048],
          [105.958051582627704, 20.857032210465025],
          [105.958047311843472, 20.857055996023195],
          [105.957901465412817, 20.85785486051947],
          [105.957854163036501, 20.858141349252207],
          [105.957833650983858, 20.858256658361995],
          [105.957633001822799, 20.859341962916623],
          [105.957555020733579, 20.859701895807437],
          [105.957459107670687, 20.860144507482811],
          [105.957363291361858, 20.860587299256608],
          [105.957296425165396, 20.860865946567984],
          [105.957190694163273, 20.861306625329266],
          [105.95708486648023, 20.861747304564229],
          [105.956979134351968, 20.862187983197845],
          [105.956873401660758, 20.862628661767637],
          [105.956724145931389, 20.862981493815244],
          [105.956508053838704, 20.863390263603641],
          [105.95629424062092, 20.863794774027006],
          [105.956080330746317, 20.864199375090884],
          [105.955906599782097, 20.864528039468905],
          [105.95522116650352, 20.865824572674605],
          [105.955026248662577, 20.866193198160158],
          [105.954937316448095, 20.866357857625694],
          [105.954739498228051, 20.866724059584403],
          [105.954521915708924, 20.867126782012676],
          [105.954304140962336, 20.867529685953031],
          [105.954201704481974, 20.867717639932188],
          [105.95409619437757, 20.867921241277777],
          [105.953885646543256, 20.868327266624302],
          [105.953675002061473, 20.8687333826174],
          [105.953465401867064, 20.869137595232669],
          [105.953307175012753, 20.869472404809947],
          [105.953148148114423, 20.869893862890887],
          [105.953095494451858, 20.870034828766354],
          [105.952936497189924, 20.870461165314754],
          [105.952777499076916, 20.870887501729005],
          [105.951358638026107, 20.875052782074071],
          [105.951212056521513, 20.87548302339367],
          [105.951065474229921, 20.87591326459842],
          [105.950918986710192, 20.876343414808648],
          [105.950860844479863, 20.876514135185527],
          [105.950862746135485, 20.876663560944433],
          [105.95091083641897, 20.876774422200615],
          [105.951120202164745, 20.877185518110199],
          [105.951334135457941, 20.877588999035549],
          [105.951548361159581, 20.877992929752555],
          [105.951655144000654, 20.878203479924736],
          [105.95186180178267, 20.878611337251794],
          [105.952142538517151, 20.879165327006291],
          [105.952275119666922, 20.879426870280017],
          [105.95248313583636, 20.879836164700198],
          [105.952702725629948, 20.880235998112163],
          [105.952925820046772, 20.880642587786284],
          [105.9531460965664, 20.881044223655778],
          [105.953366181460297, 20.881445769904406],
          [105.953586363689482, 20.881847315270111],
          [105.953636833080012, 20.881953735240121],
          [105.953832765224831, 20.882366437935548],
          [105.954002959453604, 20.882737452659157],
          [105.954193330609726, 20.883152173523108],
          [105.954383607290794, 20.883566984996616],
          [105.954574077322036, 20.88398179512501],
          [105.954764356175232, 20.884396606054526],
          [105.954954731675741, 20.884811325830203],
          [105.955145595212329, 20.8852270364448],
          [105.955327426745626, 20.885643339342099],
          [105.955504576219283, 20.886064004872782],
          [105.9556814343198, 20.886484039357946],
          [105.955760103418967, 20.886670891567441],
          [105.955936963003396, 20.887090925704019],
          [105.956113919749299, 20.887510959061753],
          [105.956290781388176, 20.887930992715649],
          [105.956467739616883, 20.888350935245438],
          [105.956634159445031, 20.888746181094998],
          [105.956811024104979, 20.88916621403909],
          [105.95689779675125, 20.889372174042961],
          [105.956990301200989, 20.889587498118871],
          [105.957007746043374, 20.889639892770941],
          [105.957059686872356, 20.889780454849397],
          [105.957217464765876, 20.890207189507457],
          [105.957375635017584, 20.890635005950603],
          [105.957523515583318, 20.891062247391179],
          [105.957662784827846, 20.891495861265366],
          [105.957801759059492, 20.891928302105114],
          [105.957940734136699, 20.892360742779548],
          [105.958079805623839, 20.892793092404897],
          [105.958218782392407, 20.893225532748545],
          [105.958358348306987, 20.893659776591097],
          [105.958481876576244, 20.894096730292969],
          [105.958569647141701, 20.894534697516846],
          [105.958566893269378, 20.894630933696256],
          [105.958517960909305, 20.895070661284528],
          [105.958452285458989, 20.895417333836352],
          [105.958128844409188, 20.896429509993784],
          [105.958038918367208, 20.896545659625655],
          [105.957727907903077, 20.896850881861713],
          [105.957364191702879, 20.897153326953656],
          [105.957004300761767, 20.897452768402989],
          [105.956643739407397, 20.897752845320429],
          [105.956280729007005, 20.898045978411584],
          [105.955909419280403, 20.898334459084154],
          [105.955538969964351, 20.898622392087852],
          [105.955168518079915, 20.898910143643565],
          [105.954801222020819, 20.899195437402813],
          [105.954749557460659, 20.899235569558218],
          [105.954379103684516, 20.899523500188135],
          [105.954008551198953, 20.899811249906591],
          [105.953638094002386, 20.900099088674821],
          [105.953267635952031, 20.900387017029704],
          [105.952897079192923, 20.900674764472367],
          [105.952526617722697, 20.900962600965322],
          [105.952156059254733, 20.901250527580515],
          [105.951785594365177, 20.901538272211379],
          [105.95141512919075, 20.901826196773733],
          [105.951044662021872, 20.902114030232546],
          [105.950674575158544, 20.902401409068201],
          [105.950572012445463, 20.90248193776435],
          [105.950561355782781, 20.902682841058837],
          [105.950560404057498, 20.902699651115157],
          [105.950540308643781, 20.903081122575099],
          [105.950516517757052, 20.903532273019884],
          [105.950492727355623, 20.903983513788344],
          [105.950468936301192, 20.904434664190461],
          [105.950445145162917, 20.904885814571262],
          [105.950443515888196, 20.904917174446744],
          [105.950414821217748, 20.905368352079577]
        ]
      }
    },
    {
      "type": "Feature",
      "properties": {
        "ID": "",
        "Ten_duong": "Tỉnh lộ 206",
        "Thuoc_huyen": "",
        "Thuoc_tinh": "",
        "Cap_duong": "Tỉnh lộ",
        "Loai_duong": "Nhựa",
        "Chieu_dai": "0.469",
        "Gap_de": "T",
        "Tin_khac": "",
        "layer": "HYE_Tinhlo",
        "path": "D:/_Project/4.HungYen/De/De Hung Yen/BD Hung Yen/HYE_Tinhlo.TAB"
      },
      "geometry": {
        "type": "LineString",
        "coordinates": [
          [105.926681132262416, 20.977672422211604],
          [105.928220134851614, 20.973834379791818],
          [105.928221369705469, 20.973831843324884],
          [105.928264642716897, 20.97370493988031]
        ]
      }
    },
    {
      "type": "Feature",
      "properties": {
        "ID": "HYE326029hksau",
        "Ten_duong": "Tỉnh lộ 206",
        "Thuoc_huyen": "H. Văn Giang",
        "Thuoc_tinh": "Hưng Yên",
        "Cap_duong": "Tỉnh lộ",
        "Loai_duong": "Nhựa",
        "Chieu_dai": "8.657",
        "Gap_de": "T",
        "Tin_khac": "",
        "layer": "HYE_Tinhlo",
        "path": "D:/_Project/4.HungYen/De/De Hung Yen/BD Hung Yen/HYE_Tinhlo.TAB"
      },
      "geometry": {
        "type": "LineString",
        "coordinates": [
          [105.928264642716897, 20.97370493988031],
          [105.928278625031737, 20.973663755428163],
          [105.92831815337469, 20.973491246686127],
          [105.928339580075502, 20.973315945411965],
          [105.928342722859441, 20.973139478865303],
          [105.928342643406452, 20.973142189734801],
          [105.928187627980577, 20.96839750977907],
          [105.928186387012886, 20.968367882412053],
          [105.928186546773063, 20.968378181207406],
          [105.928175493946625, 20.967818626227103],
          [105.928215428823108, 20.96726023912862],
          [105.928305991744026, 20.966707177859078],
          [105.928446533398187, 20.966163421203014],
          [105.928636115397609, 20.965632859129283],
          [105.928873319041443, 20.965119474532269],
          [105.929156339846486, 20.964627071678787],
          [105.929483179372454, 20.964159184821224],
          [105.929851357796466, 20.963719260467613],
          [105.929858813770792, 20.963711720919406],
          [105.930236543873022, 20.963307973212952],
          [105.937545463418957, 20.95531063819185],
          [105.93754546285605, 20.955310547847052],
          [105.937553971488029, 20.955302279410343],
          [105.937982460844395, 20.954793252173467],
          [105.93836216982082, 20.954251153961678],
          [105.93869004585251, 20.953679977194692],
          [105.938684145425555, 20.953690038286844],
          [105.938697354558798, 20.953664397129693],
          [105.939199914061575, 20.952418804705292],
          [105.939604939780637, 20.951142307153802],
          [105.939910359919111, 20.949841602246508],
          [105.939903415629985, 20.949869286971683],
          [105.939949145671477, 20.949368326868303],
          [105.93992562270806, 20.949005167531745],
          [105.939847570129174, 20.948257336131245],
          [105.93984718148026, 20.947917810766533],
          [105.939869989495691, 20.947658205850249],
          [105.939896757768594, 20.947509164973876],
          [105.939942546815672, 20.947356586066473],
          [105.9399448194293, 20.947350881624519],
          [105.940642876738096, 20.945566908635001],
          [105.948533315387962, 20.917666876223134],
          [105.948527274081229, 20.917684798694381],
          [105.948888935948744, 20.916602317098551],
          [105.949357751625243, 20.915556914352386],
          [105.94992944866847, 20.914557557868822],
          [105.950598986978946, 20.913613399884714],
          [105.951360264724428, 20.912732875657561],
          [105.952206695861491, 20.911923790646355],
          [105.952221907855687, 20.911911689558181],
          [105.960480591102353, 20.904750192038637]
        ]
      }
    },
    {
      "type": "Feature",
      "properties": {
        "ID": "HYE327029hksau",
        "Ten_duong": "Tỉnh lộ 206",
        "Thuoc_huyen": "H. Yên  Mỹ",
        "Thuoc_tinh": "Hưng Yên",
        "Cap_duong": "Tỉnh lộ",
        "Loai_duong": "Nhựa",
        "Chieu_dai": "3.299",
        "Gap_de": "F",
        "Tin_khac": "",
        "layer": "HYE_Tinhlo",
        "path": "D:/_Project/4.HungYen/De/De Hung Yen/BD Hung Yen/HYE_Tinhlo.TAB"
      },
      "geometry": {
        "type": "LineString",
        "coordinates": [
          [105.993617742296934, 20.867301675446033],
          [105.993386763978734, 20.86769783588008],
          [105.993155977318239, 20.868094085261326],
          [105.992925092766001, 20.868490244575334],
          [105.992698960305731, 20.868878335087718],
          [105.992468073422828, 20.869274493845396],
          [105.992237089833523, 20.869670743223651],
          [105.99200629731051, 20.870066991205967],
          [105.991804303862537, 20.870413561429277],
          [105.990807443052745, 20.872124198152672],
          [105.990779590370977, 20.872171882339003],
          [105.98966559360008, 20.874083582404555],
          [105.989300303315858, 20.874773421918018],
          [105.989149538381412, 20.875047143779767],
          [105.988981865358539, 20.875351952530533],
          [105.988760989588357, 20.875753108257193],
          [105.988540113271554, 20.876154354071254],
          [105.988319331943259, 20.876555599073015],
          [105.988098357223961, 20.87695684492865],
          [105.987878889863339, 20.87735356443018],
          [105.987621673345373, 20.877740382695375],
          [105.987552847107182, 20.877843866804781],
          [105.987323878876964, 20.878096355225559],
          [105.987211779818367, 20.878153650266114],
          [105.986789733449314, 20.878369757980003],
          [105.986674472378851, 20.878428697181477],
          [105.98632018925349, 20.87859941970634],
          [105.986031781960932, 20.878685828735311],
          [105.985573744768772, 20.878822996413245],
          [105.985115706695041, 20.878960162895339],
          [105.985013334130443, 20.878990838283471],
          [105.984760190452462, 20.879045420417889],
          [105.984703390622755, 20.879091824783263],
          [105.984697041014869, 20.879135318603524],
          [105.984740077841735, 20.879292908332264],
          [105.984829389002272, 20.879529556915479],
          [105.984875475957452, 20.879653610022448],
          [105.985029961430513, 20.880081330000856],
          [105.985184448415978, 20.880509140128147],
          [105.985338935735641, 20.880936859715653],
          [105.985493423978568, 20.881364579107711],
          [105.985648009864235, 20.88179238809456],
          [105.985672976925272, 20.88186181192517],
          [105.98581367747812, 20.882297741676293],
          [105.985862759107093, 20.882497398171797],
          [105.985918463835901, 20.882724933895112],
          [105.985923274946231, 20.882946529017811],
          [105.98583782409159, 20.883081007246293],
          [105.98567224637226, 20.883311444786365],
          [105.985466660991193, 20.883583763013551],
          [105.98523173113503, 20.883882089514106],
          [105.984951319778546, 20.884238048463356],
          [105.984852225296905, 20.88440341337909],
          [105.984767712533852, 20.884799984342045],
          [105.984686978797484, 20.885245411594489],
          [105.984606244053253, 20.885690748460625],
          [105.984525321336562, 20.886136809146034],
          [105.98443907967102, 20.886578111983209],
          [105.98433313965721, 20.887020973735279],
          [105.984307124190778, 20.887129992441103],
          [105.984205113763338, 20.88757111488497],
          [105.984103105150169, 20.888012598646363],
          [105.984001095407066, 20.888453992003875],
          [105.983898989577014, 20.888895476199284],
          [105.983796978751258, 20.889336869437546],
          [105.983694967972895, 20.889778352960462],
          [105.983592956064683, 20.890219746079502],
          [105.983514787893782, 20.890558095995651],
          [105.983422691144128, 20.891001600312041],
          [105.983330688868961, 20.891444923336156],
          [105.98326497400663, 20.891761789109218],
          [105.983181537062208, 20.892206598690549],
          [105.983177724309797, 20.892226406751664],
          [105.983094287499384, 20.892671306631268],
          [105.982987805329756, 20.893238760027575]
        ]
      }
    },
    {
      "type": "Feature",
      "properties": {
        "ID": "HYE330029hknam",
        "Ten_duong": "Tỉnh lộ 205",
        "Thuoc_huyen": "H. Khoái Châu",
        "Thuoc_tinh": "Hưng Yên",
        "Cap_duong": "Tỉnh lộ",
        "Loai_duong": "Nhựa",
        "Chieu_dai": "15.099",
        "Gap_de": "T",
        "Tin_khac": "",
        "layer": "HYE_Tinhlo",
        "path": "D:/_Project/4.HungYen/De/De Hung Yen/BD Hung Yen/HYE_Tinhlo.TAB"
      },
      "geometry": {
        "type": "MultiLineString",
        "coordinates": [
          [
            [105.958692158449267, 20.853505393776487],
            [105.959032502141667, 20.853186454722145],
            [105.959372941083799, 20.852867604841926],
            [105.959713281905294, 20.852548664522153],
            [105.960053621864702, 20.852229813915105],
            [105.960396253877846, 20.851908871795409],
            [105.960714503419368, 20.851577856453876],
            [105.961018555512055, 20.851236259115787],
            [105.961298772370327, 20.850864799382894],
            [105.961546550909489, 20.850486022456074],
            [105.961779982139319, 20.850088171899468],
            [105.962011984880803, 20.849692587785327],
            [105.962244082550697, 20.849297002845987],
            [105.962370731690157, 20.849080990644829],
            [105.962550682855891, 20.848662207765514],
            [105.962732053439623, 20.848240073835946],
            [105.962882654387371, 20.847815944375277],
            [105.963028113631253, 20.847384435126795],
            [105.963172813577287, 20.846954556304862],
            [105.963253901851374, 20.84675352654514],
            [105.963460153980336, 20.846345346312255],
            [105.963665930248197, 20.845938072011823],
            [105.963879297362197, 20.845530664412383],
            [105.964103490104421, 20.845133043613941],
            [105.96432853687854, 20.844733881810146],
            [105.964553583074661, 20.844334810083915],
            [105.964613075074752, 20.844229219024076],
            [105.96484959390682, 20.843835954975297],
            [105.965084876561946, 20.84344495630134],
            [105.965341816425422, 20.843059256178343],
            [105.965637168730581, 20.842698998118706],
            [105.965978245021049, 20.842380403426493],
            [105.966345452485072, 20.842105570037486],
            [105.96672334753697, 20.841864104518937],
            [105.96714649928839, 20.841681380233759],
            [105.9676278243127, 20.841593372913685],
            [105.968107490098475, 20.841546572535396],
            [105.968592174082033, 20.841533081026274],
            [105.968816469877808, 20.841544822737461],
            [105.968974360260077, 20.841542393715986],
            [105.969528318138529, 20.841555792897644],
            [105.972115522333084, 20.841685777178398],
            [105.97370047656139, 20.841765496870206],
            [105.976135496337633, 20.841843070050789],
            [105.976189594541509, 20.841811591585561],
            [105.976410297269481, 20.841683394284896],
            [105.97659411544366, 20.841469124388713],
            [105.976722419997557, 20.841201052232378],
            [105.976811804138549, 20.840814393928987],
            [105.977001867073341, 20.83906615455621],
            [105.977052940114177, 20.837449170491308],
            [105.977097871893321, 20.836876196188367],
            [105.977129571097564, 20.83647170661337],
            [105.977221469565677, 20.83529873208127],
            [105.977364952567257, 20.834167023391515],
            [105.978576942551356, 20.830765718289687],
            [105.978943979831215, 20.829788492057869],
            [105.97916711531829, 20.82916254866786],
            [105.979326169999325, 20.82864367262766],
            [105.979533518460414, 20.82808838107923],
            [105.979757140114984, 20.827538326821859],
            [105.980045717353008, 20.82697254164777],
            [105.980414607276543, 20.82628432632983],
            [105.980767008364623, 20.825558258315304],
            [105.98116768332639, 20.824778427065784],
            [105.981424166409226, 20.824273898961351],
            [105.981760959605893, 20.823646849890888],
            [105.982016996784765, 20.823088927633851],
            [105.982255949831483, 20.822386274478234],
            [105.982479355379994, 20.821805590075588],
            [105.982751475952213, 20.821209537957301],
            [105.982926899348769, 20.820728330594314],
            [105.983054938076478, 20.820453118046299],
            [105.983199512887481, 20.820223617200391],
            [105.983250844633744, 20.820181852891736],
            [105.983312595147325, 20.820131536061396],
            [105.983490640026247, 20.820069529585393],
            [105.983556421746684, 20.820062918155916],
            [105.983615142634235, 20.819960397244621],
            [105.983747409422207, 20.819715065272288],
            [105.984004140876792, 20.819147740059954],
            [105.98422396854653, 20.818654079579215],
            [105.98435605196758, 20.818380830579446],
            [105.984569004872029, 20.817953434517722],
            [105.984855030646216, 20.817340494667921],
            [105.985067567631745, 20.816864312302624],
            [105.985404947866584, 20.816125311615988],
            [105.985617708316965, 20.815684001808414],
            [105.986029178050899, 20.814916746787834],
            [105.986161532900965, 20.814671412590346],
            [105.986396536171753, 20.814223017141845],
            [105.986748929065996, 20.813577889961294],
            [105.987322111388963, 20.81245725245148],
            [105.98794948282557, 20.811337114140581],
            [105.988071939955546, 20.811122102305191],
            [105.988351025329095, 20.810568736637659],
            [105.988644558090783, 20.80997670851399],
            [105.988953191445248, 20.809402030088354],
            [105.989224565718374, 20.808831179990182],
            [105.98937906499242, 20.808564754954151],
            [105.989635748013299, 20.808025339887326],
            [105.989892594949794, 20.807496584627746],
            [105.990002230593646, 20.807202409997412],
            [105.990229864023291, 20.806747095415904],
            [105.990478846672801, 20.806162368758198],
            [105.99065535828413, 20.805853893907763],
            [105.990875351412697, 20.805391575489239],
            [105.991080249827277, 20.804883898792891],
            [105.991175086220892, 20.804589989670628],
            [105.9912177050672, 20.804289425413113],
            [105.991213984220693, 20.803720071435372],
            [105.991158667607579, 20.80322437842554],
            [105.991117354144535, 20.802592449426999],
            [105.991123473627539, 20.802396719448204],
            [105.991098312463777, 20.801942773757876],
            [105.991057177639064, 20.801352765262184],
            [105.99106183696874, 20.800933521722488],
            [105.990997413338135, 20.800175960989357],
            [105.990987003740031, 20.799714973108181],
            [105.990900199908396, 20.798943537457916],
            [105.99090458670014, 20.798482464041989],
            [105.990848293177066, 20.797836617059716],
            [105.990845464691034, 20.797403502920698],
            [105.990825669000415, 20.796652640856127],
            [105.990845591521122, 20.796275320984744],
            [105.990809809720403, 20.795356864356549],
            [105.99084498899262, 20.795035382051008],
            [105.990875847119298, 20.794081575650502],
            [105.990894897661619, 20.793585452449815],
            [105.990949555849809, 20.79284825452946],
            [105.990955863239193, 20.79266652727965],
            [105.990982680959206, 20.792212280862184],
            [105.991023312715768, 20.791607705087678],
            [105.991079132768959, 20.791048577219531],
            [105.991157174994896, 20.790464475141242],
            [105.991236375088306, 20.790087174086441],
            [105.991417190892321, 20.789293231126582],
            [105.991570568532367, 20.788873218334029],
            [105.991899819115446, 20.788050409292211],
            [105.992067582699093, 20.787553426358226],
            [105.992285880965142, 20.786836152483087],
            [105.992446701913366, 20.786409139096303],
            [105.992790696514191, 20.785565282365322],
            [105.992980514536441, 20.785033296514911],
            [105.993026433186003, 20.784915216414213],
            [105.993206889258815, 20.784450323098131],
            [105.993251107312673, 20.784336679858676],
            [105.993368119459433, 20.784042550780587],
            [105.993588034478762, 20.78355926871285],
            [105.993829794578659, 20.783008459921561],
            [105.994287524047891, 20.78210629963425],
            [105.994754354441085, 20.78079037953081],
            [105.994896977600149, 20.780388405644658],
            [105.995413074829514, 20.779276747503967],
            [105.995834601221148, 20.778160034796421],
            [105.995943383698418, 20.777740367340055],
            [105.995885199374698, 20.77783322170513]
          ],
          [
            [106.012741135159445, 20.768076771533693],
            [106.012157636268299, 20.76839019557756],
            [106.010665403064024, 20.769282407526301],
            [106.007676107583265, 20.770752319739309],
            [106.003489179749693, 20.773117217936964],
            [106.002852941057611, 20.773451067376417],
            [106.001529095532248, 20.774138664618832],
            [106.000360345562783, 20.774733012515377],
            [105.997520702640983, 20.774286674036553],
            [105.997325307783257, 20.774242995944437],
            [105.997274851011255, 20.774473677761165],
            [105.997009926358757, 20.774887024663649],
            [105.99685584116969, 20.775195013868647],
            [105.996680508710469, 20.775661597625032],
            [105.996490347173236, 20.776137663513687],
            [105.996373666586592, 20.776480580856688],
            [105.996139822803045, 20.777093055096262],
            [105.995943383698418, 20.777740367340055]
          ],
          [
            [105.935635231869185, 20.864978152426065],
            [105.936092791521105, 20.864840036596476],
            [105.936550733092687, 20.864701646431374],
            [105.937460472296991, 20.864411072782499],
            [105.937915579978451, 20.864265647354799],
            [105.938439778424112, 20.864085870745729],
            [105.938899683163427, 20.863954781913446],
            [105.939223621570875, 20.863862474947659],
            [105.939989664695105, 20.863574845053787],
            [105.940429641067098, 20.863392904932887],
            [105.940869521345789, 20.863211144937004],
            [105.94106366992591, 20.863130841628578],
            [105.941498776902847, 20.862939167940446],
            [105.941931774311172, 20.862748498624054],
            [105.942356209651308, 20.862541431912501],
            [105.942775067168355, 20.862287865299294],
            [105.943089966550076, 20.861980209565708],
            [105.943351465267455, 20.861587197004546],
            [105.943606107266987, 20.861189252690785],
            [105.943863625338281, 20.860821107249848],
            [105.944181569530926, 20.860493917509491],
            [105.944463140598472, 20.860329917039792],
            [105.944622719217278, 20.860286662880679],
            [105.945084566639181, 20.86016160056117],
            [105.945223226887876, 20.86012415332025],
            [105.945533180405974, 20.859995501453849],
            [105.945640896942066, 20.859943859366389],
            [105.945916183964314, 20.859728392529242],
            [105.94628024042693, 20.859428952341514],
            [105.946630311028798, 20.859121999470425],
            [105.946983725611332, 20.858812045912103],
            [105.94734496668444, 20.858524183778275],
            [105.947617603945858, 20.858331496869376],
            [105.947797626157524, 20.858222623861405],
            [105.948225997575463, 20.858018141479572],
            [105.948659927211935, 20.857811187841723],
            [105.949108448975579, 20.857647519597883],
            [105.94957145723167, 20.857571498405981],
            [105.950043388177363, 20.857508255966227],
            [105.950529435236888, 20.857488843299425],
            [105.951009331859865, 20.857469644122013],
            [105.951491711389195, 20.857447900040405],
            [105.951972108735973, 20.857386141187479],
            [105.952430177206679, 20.857274000357037],
            [105.952611561368087, 20.857229533408695],
            [105.95292339668427, 20.85711169987556],
            [105.953033474358676, 20.857054167465261],
            [105.953458922258193, 20.856829811882463],
            [105.95384184076984, 20.856568016886289],
            [105.954230500876363, 20.856302394424883],
            [105.954619159029278, 20.856036680780157],
            [105.954723477820934, 20.855965446451233],
            [105.954926562721212, 20.85582653217811],
            [105.955011931598634, 20.855768232880383],
            [105.955415706628472, 20.85553757876696],
            [105.955613823880569, 20.855434108073929],
            [105.956033527792911, 20.855214747559209],
            [105.956454747139944, 20.854992034687054],
            [105.956861461888209, 20.854755759250065],
            [105.957270185144921, 20.854518116423716],
            [105.957543209323475, 20.854359383157369],
            [105.9579331620197, 20.854102509202008],
            [105.958309066502892, 20.853813097207269],
            [105.95869215787674, 20.853505303431163]
          ]
        ]
      }
    },
    {
      "type": "Feature",
      "properties": {
        "ID": "HYE331029hknam",
        "Ten_duong": "Tỉnh lộ 205",
        "Thuoc_huyen": "H. Kim Động",
        "Thuoc_tinh": "Hưng Yên",
        "Cap_duong": "Tỉnh lộ",
        "Loai_duong": "Nhựa",
        "Chieu_dai": "2.393",
        "Gap_de": "T",
        "Tin_khac": "",
        "layer": "HYE_Tinhlo",
        "path": "D:/_Project/4.HungYen/De/De Hung Yen/BD Hung Yen/HYE_Tinhlo.TAB"
      },
      "geometry": {
        "type": "LineString",
        "coordinates": [
          [105.985711338311916, 20.759969151846004],
          [105.985654736813117, 20.759802421323016],
          [105.985503599010116, 20.759025474055044],
          [105.985467426525389, 20.758453772593139],
          [105.985366966003141, 20.757981552519805],
          [105.985313622733671, 20.757265029626801],
          [105.985277698731764, 20.756731453818212],
          [105.985322936986776, 20.756197322317501],
          [105.985514415724168, 20.755685300927336],
          [105.985771168932601, 20.755226301220112],
          [105.98585005949819, 20.754890292585017],
          [105.986073653368663, 20.754324690152202],
          [105.986233308695915, 20.753927232410817],
          [105.986279532820447, 20.753545694428677],
          [105.986341640239928, 20.753095490393537],
          [105.986306109780529, 20.75262289795808],
          [105.986199226141821, 20.752167068043939],
          [105.986163564907443, 20.751822320112453],
          [105.986125831408359, 20.751143111971587],
          [105.98606795458312, 20.750808791195624],
          [105.985965541674091, 20.750464426035244],
          [105.985874246055062, 20.75011620236797],
          [105.985817975856392, 20.749999974806514],
          [105.985723119832642, 20.749828494166714],
          [105.985609858251493, 20.749677357176449],
          [105.985415276594296, 20.749457298187941],
          [105.985252755224309, 20.749293342678218],
          [105.985054813372273, 20.749103027337092],
          [105.984652497309384, 20.748781972790216],
          [105.984119817096669, 20.748412152234344],
          [105.983682479607111, 20.748110991834778],
          [105.983223641641843, 20.747737493225298],
          [105.982753526284469, 20.74726828768457],
          [105.98237191232927, 20.746894254814233],
          [105.982025655009139, 20.746566277836941],
          [105.981626532664549, 20.746202281569641],
          [105.981351294911605, 20.745999211913727],
          [105.981146788480814, 20.74586187377178],
          [105.980956474325595, 20.745750746012106],
          [105.980653576096671, 20.745607192397379],
          [105.980287482269745, 20.74546408889222],
          [105.979868778743935, 20.745324627330138],
          [105.979601321546056, 20.745240409943236],
          [105.979284700914803, 20.745143190811657],
          [105.97891198011807, 20.745059481475035],
          [105.978560336204069, 20.744982337206189],
          [105.978086037247081, 20.744934530682169],
          [105.977678419922285, 20.744890590107669],
          [105.977249854596309, 20.744860048961858],
          [105.97682136272357, 20.744855888312479],
          [105.976385955701758, 20.744851765862425],
          [105.97595760212819, 20.744854197771009],
          [105.975669663973875, 20.744855831893862]
        ]
      }
    },
    {
      "type": "Feature",
      "properties": {
        "ID": "HYE330029hknam",
        "Ten_duong": "Tỉnh lộ 205",
        "Thuoc_huyen": "H. Khoái Châu",
        "Thuoc_tinh": "Hưng Yên",
        "Cap_duong": "Tỉnh lộ",
        "Loai_duong": "Nhựa",
        "Chieu_dai": "2.295",
        "Gap_de": "F",
        "Tin_khac": "",
        "layer": "HYE_Tinhlo",
        "path": "D:/_Project/4.HungYen/De/De Hung Yen/BD Hung Yen/HYE_Tinhlo.TAB"
      },
      "geometry": {
        "type": "LineString",
        "coordinates": [
          [105.997325307783257, 20.774242995944437],
          [105.996876892870532, 20.774143053729269],
          [105.996370804412436, 20.774037752963491],
          [105.995819708906012, 20.773866305434975],
          [105.995275696558679, 20.77363211311269],
          [105.994924863100181, 20.773396619341501],
          [105.994655185126817, 20.773070035164086],
          [105.994482574872023, 20.772823208427457],
          [105.994293640484983, 20.772342473024995],
          [105.994008162076156, 20.771876209789795],
          [105.99368599523126, 20.771469607668678],
          [105.993259678641948, 20.771060083565029],
          [105.992878664946943, 20.770761877065851],
          [105.9923563101312, 20.770443706088201],
          [105.991767168862665, 20.770136399509379],
          [105.991082014159133, 20.769909874486842],
          [105.990344570294866, 20.769648773514476],
          [105.989226831969006, 20.769345408159751],
          [105.989026750588607, 20.7692888274096],
          [105.988266483284349, 20.768944185689492],
          [105.987602213949799, 20.768515325584428],
          [105.986843593896907, 20.767935128407892],
          [105.986451507760776, 20.767541110315282],
          [105.986108025587754, 20.76713154329444],
          [105.985943414124691, 20.766781844172375],
          [105.985860364601862, 20.766477483700545],
          [105.98579068517445, 20.765746328700796],
          [105.985836122700377, 20.765243005403931],
          [105.985994702781554, 20.76467813764318],
          [105.98628265429403, 20.764036363020569],
          [105.986409415701587, 20.763542330379803],
          [105.986455149384852, 20.763099809992013],
          [105.986516914820456, 20.762611390642469],
          [105.986514440463623, 20.762230132497194],
          [105.986560961564408, 20.761894219225141],
          [105.986558190503885, 20.761467246209577],
          [105.986474501860584, 20.761078864975371],
          [105.985915507447217, 20.760361901911978],
          [105.985737387427164, 20.760045979716001],
          [105.985711338311916, 20.759969151846004]
        ]
      }
    },
    {
      "type": "Feature",
      "properties": {
        "ID": "HYE326029mcnam",
        "Ten_duong": "Tỉnh lộ 195",
        "Thuoc_huyen": "H. Văn Giang",
        "Thuoc_tinh": "Hưng Yên",
        "Cap_duong": "Tỉnh lộ",
        "Loai_duong": "Nhựa",
        "Chieu_dai": "11.296",
        "Gap_de": "T",
        "Tin_khac": "",
        "layer": "HYE_Tinhlo",
        "path": "D:/_Project/4.HungYen/De/De Hung Yen/BD Hung Yen/HYE_Tinhlo.TAB"
      },
      "geometry": {
        "type": "LineString",
        "coordinates": [
          [105.922266422917048, 20.888307095108434],
          [105.921700608305812, 20.888490121171944],
          [105.921039765043332, 20.888603275547585],
          [105.919012793582681, 20.888686913524349],
          [105.918833197125053, 20.888732962893432],
          [105.918698705598615, 20.888813192670089],
          [105.918482468243809, 20.889078625094005],
          [105.917761956215301, 20.890273835461379],
          [105.917659754665365, 20.89046294230609],
          [105.91710130102669, 20.891496097630984],
          [105.916254383700888, 20.893062772183434],
          [105.916141859217419, 20.893294126466326],
          [105.916100211134051, 20.8933861441906],
          [105.916066247766324, 20.893461225471981],
          [105.915818701705547, 20.894241179053012],
          [105.915668093663598, 20.894597780007029],
          [105.915292552906436, 20.895278673225874],
          [105.915042731352784, 20.895731936165969],
          [105.914654089193434, 20.896457078840772],
          [105.914178420995029, 20.8974978232769],
          [105.913805552639161, 20.897907742678818],
          [105.913455401582553, 20.898258903434879],
          [105.9130720644619, 20.899084482419102],
          [105.912947111413487, 20.899281297489427],
          [105.912736305611304, 20.899590422993466],
          [105.910869968095227, 20.901654644686037],
          [105.909943695173382, 20.902836916738554],
          [105.90951096895607, 20.903401552412245],
          [105.909414235913786, 20.903655586447339],
          [105.909426094926999, 20.903868385490163],
          [105.909492459840592, 20.904127243439188],
          [105.910627528574878, 20.906648438280527],
          [105.910949001012099, 20.907180505926807],
          [105.911111245930385, 20.907361874525126],
          [105.911380933038956, 20.907581790922499],
          [105.914215943512431, 20.90964159555018],
          [105.914407875152733, 20.909817832706189],
          [105.914519960674724, 20.909987540223725],
          [105.914847215160009, 20.910676775615961],
          [105.915246786579132, 20.91143040286234],
          [105.915372931240412, 20.911761577994319],
          [105.915503355652845, 20.912274963518893],
          [105.915739770001196, 20.913711144900567],
          [105.915899265701086, 20.915020888452368],
          [105.916057596796477, 20.915600258827244],
          [105.916213255177539, 20.915945278766383],
          [105.916388251494041, 20.916196954909591],
          [105.916588768868408, 20.916407565926221],
          [105.917021182863294, 20.916754713478284],
          [105.917502265021724, 20.917261605910912],
          [105.917774714232891, 20.917630661915084],
          [105.918014074543947, 20.918029348955823],
          [105.918191822713382, 20.91843198081655],
          [105.918322469080479, 20.918852845111712],
          [105.918635734141233, 20.920222562098512],
          [105.918912640875732, 20.92095867832316],
          [105.918966907187936, 20.921216331560743],
          [105.918887779514236, 20.921817756274688],
          [105.918942402980804, 20.921976204806704],
          [105.919079661961703, 20.922124360555824],
          [105.920147602888377, 20.922908887988008],
          [105.920427293224122, 20.923169662401946],
          [105.920649503403055, 20.923497242789121],
          [105.921001880440699, 20.924196447080138],
          [105.921186970249934, 20.924476071108042],
          [105.921425151229315, 20.924709963087327],
          [105.921710469257263, 20.924899419820701],
          [105.922332996333225, 20.925224836194197],
          [105.922607099997606, 20.9254042329013],
          [105.923143405482705, 20.925844854646957],
          [105.923938863057629, 20.926362133369864],
          [105.924218955179185, 20.92660790103907],
          [105.924472068163283, 20.926891851001209],
          [105.924642027591105, 20.927148875361436],
          [105.924719002940506, 20.927375504046459],
          [105.924713432082029, 20.927595984389008],
          [105.924630525379072, 20.927828899948903],
          [105.924372433004308, 20.928301193643396],
          [105.924299179830811, 20.928508939917823],
          [105.924298797448827, 20.928807182139639],
          [105.924602934716958, 20.929977354037963],
          [105.924692282480905, 20.930433400539453],
          [105.924725800027716, 20.930864903607301],
          [105.924691744493472, 20.931301561180444],
          [105.924575123826983, 20.931776431605762],
          [105.924299829290234, 20.932643550477014],
          [105.924237237850761, 20.932974925891251],
          [105.924234426932799, 20.933284836056739],
          [105.924288469028085, 20.933613321150453],
          [105.924546866998057, 20.934395964744329],
          [105.92468102167588, 20.93475627000101],
          [105.9248881208662, 20.935312326090344],
          [105.925037523663676, 20.935821984492872],
          [105.925099602709309, 20.936299861727999],
          [105.925113393784144, 20.936775922660992],
          [105.925068779134875, 20.937685430020398],
          [105.924902091123201, 20.938401801846407],
          [105.924786405590922, 20.938732019470521],
          [105.924629511778789, 20.939023339494263],
          [105.924198444202929, 20.939598663728784],
          [105.92403102443653, 20.939883264124667],
          [105.923947566953856, 20.940184304885964],
          [105.923816657503124, 20.94196830855271],
          [105.923742631485155, 20.942976092813588],
          [105.923737838984309, 20.943840932534268],
          [105.923780291682917, 20.944850615677137],
          [105.923695566412874, 20.945290347701139],
          [105.923569918492049, 20.945581226590107],
          [105.923417266990967, 20.945860054545257],
          [105.922461242484388, 20.94729787929532],
          [105.922214172090179, 20.947738669150848],
          [105.922125790196347, 20.947896443274555],
          [105.922115515765739, 20.947914839513363],
          [105.922008432874861, 20.948159900749289],
          [105.921936569002384, 20.94836086231949],
          [105.921526843621564, 20.949506072221919],
          [105.921464924197565, 20.949807718189017],
          [105.921451380038079, 20.950077571261783],
          [105.921440500922671, 20.950295730726967],
          [105.921371752873739, 20.950518900904914],
          [105.921251061976989, 20.950725366144479],
          [105.921048969600577, 20.950973469699889],
          [105.920746917064946, 20.951263943920981],
          [105.920400401644756, 20.951597211609837],
          [105.918922316958017, 20.952873310019708],
          [105.918212048885323, 20.953539207698043],
          [105.917964452351526, 20.953850073797472],
          [105.917822208660652, 20.954261381986822],
          [105.917675146375828, 20.954844739120713],
          [105.917577056654906, 20.95508387673215],
          [105.917524951807707, 20.95518272705117],
          [105.917328358945767, 20.955404053772437],
          [105.917076302579247, 20.955615198154838],
          [105.915851005997268, 20.956431484547586],
          [105.915673813091331, 20.956632918986895],
          [105.915596969843151, 20.956855317370206],
          [105.915590257338692, 20.957301222259645],
          [105.915666925301835, 20.958093074737057],
          [105.916015195933753, 20.960239776338923],
          [105.916302349004638, 20.961399208333244],
          [105.916739180207102, 20.962701849829415],
          [105.916822706754218, 20.963055023579461],
          [105.916877783849046, 20.963695747915118],
          [105.916856980899482, 20.964259451883546],
          [105.916831791642693, 20.964939909274612],
          [105.916825798005533, 20.965345243494259],
          [105.916839025091434, 20.965716232357554],
          [105.916899385158786, 20.966024175701413],
          [105.917218376699907, 20.967101487775626],
          [105.917289011636825, 20.967453646198997],
          [105.917345651438026, 20.968034460714421],
          [105.917406670508711, 20.969679823705516],
          [105.917486290048643, 20.970416364806294],
          [105.917580290626205, 20.970987310609996],
          [105.917887737201269, 20.972329402421661],
          [105.917862745568883, 20.973844945526686],
          [105.917829618176796, 20.974563662220071],
          [105.917932255438188, 20.976091346893444]
        ]
      }
    },
    {
      "type": "Feature",
      "properties": {
        "ID": "HYE333029mcnam",
        "Ten_duong": "Tỉnh lộ 195",
        "Thuoc_huyen": "H. Phù Cừ",
        "Thuoc_tinh": "Hưng Yên",
        "Cap_duong": "Tỉnh lộ",
        "Loai_duong": "Nhựa",
        "Chieu_dai": "9.055",
        "Gap_de": "T",
        "Tin_khac": "",
        "layer": "HYE_Tinhlo",
        "path": "D:/_Project/4.HungYen/De/De Hung Yen/BD Hung Yen/HYE_Tinhlo.TAB"
      },
      "geometry": {
        "type": "LineString",
        "coordinates": [
          [106.188435714657302, 20.654719952797677],
          [106.188522401124786, 20.654709146681451],
          [106.189307734299334, 20.65489210560122],
          [106.189981708613317, 20.654986477319376],
          [106.190423773969357, 20.654993365979767],
          [106.191359228231221, 20.654868015077458],
          [106.192320360479485, 20.654663158529438],
          [106.192666804345777, 20.654581441027233],
          [106.194389461316788, 20.654202813776831],
          [106.19624397006811, 20.653882793144628],
          [106.19671178677163, 20.653820102147666],
          [106.196974691560555, 20.653808340641056],
          [106.198321606058329, 20.653828715602746],
          [106.199459204453461, 20.653999152952018],
          [106.199738005648285, 20.654007152660117],
          [106.199937541444669, 20.653956256047518],
          [106.200294088432216, 20.653805158476175],
          [106.200975775826819, 20.653512937068587],
          [106.201375138084856, 20.653460647936242],
          [106.201922216415326, 20.653456838163745],
          [106.2022226767333, 20.653533977710953],
          [106.202507319361104, 20.653601379339143],
          [106.202802423898731, 20.6536687075609],
          [106.203076119716727, 20.653686675435541],
          [106.203339041005236, 20.65366496618428],
          [106.203790530067721, 20.653552770562698],
          [106.204241395020475, 20.653361435883671],
          [106.204450470166663, 20.653181545199732],
          [106.204663556636106, 20.652853008689664],
          [106.204954599081006, 20.652405033547758],
          [106.205068220871837, 20.652146485740037],
          [106.205276747161861, 20.651897303335421],
          [106.206114795569135, 20.651425629102938],
          [106.206580843148629, 20.651164707228581],
          [106.206810775309279, 20.65096488249981],
          [106.206999199215872, 20.650844670714186],
          [106.207146445179447, 20.650833702842384],
          [106.207378175942679, 20.650861805233074],
          [106.207578939363501, 20.650979384850039],
          [106.208151333184674, 20.651520429733221],
          [106.209063477254077, 20.65244567837415],
          [106.210268441201677, 20.653814810470518],
          [106.211106759752155, 20.65471075094608],
          [106.212065804764009, 20.655566267763444],
          [106.212256664884393, 20.655753115156255],
          [106.213506405932563, 20.656794859083785],
          [106.214687353060157, 20.657777630636939],
          [106.215556430724277, 20.658564374761607],
          [106.215890264785358, 20.658780566098759],
          [106.215995336333677, 20.65884866818925],
          [106.21619587942115, 20.658936424745729],
          [106.216491095093744, 20.659003728020764],
          [106.217522918806409, 20.659095557171927],
          [106.217944508795114, 20.659181751465741],
          [106.219087870255393, 20.659490062457941],
          [106.219341726314639, 20.659558466117662],
          [106.221450290919478, 20.660088507920868],
          [106.221846759325942, 20.660333605661329],
          [106.222006075401694, 20.660510726919114],
          [106.222091662249966, 20.660698488938852],
          [106.222209160562343, 20.660915657810051],
          [106.222379337250857, 20.661142391196851],
          [106.222528098145048, 20.661319767378718],
          [106.222687162507228, 20.661477194593278],
          [106.222898508518014, 20.661594589779078],
          [106.223177815675371, 20.661652146468185],
          [106.223577839369327, 20.661669094892041],
          [106.223956730446375, 20.661696130222069],
          [106.224167777040833, 20.661764017156681],
          [106.224336925365932, 20.661861924536371],
          [106.22460182535643, 20.662097921059342],
          [106.22516528778236, 20.662817307725831],
          [106.225652815084445, 20.663259874550988],
          [106.227083969262551, 20.664353526574441],
          [106.22724622765206, 20.664477408713179],
          [106.227818262982055, 20.664958938325441],
          [106.227971420558461, 20.665037170277763],
          [106.228161356654013, 20.66510520232141],
          [106.228308773549273, 20.665114090402216],
          [106.229646415928684, 20.665282898552949],
          [106.229984088682642, 20.665399383847419],
          [106.230501301220059, 20.665603847745086],
          [106.231204451824226, 20.666034921277866],
          [106.231429045780885, 20.666186631965868],
          [106.232336500406774, 20.66679982113784],
          [106.232580016478408, 20.666976510689899],
          [106.232928556994523, 20.667142420872036],
          [106.233218899849817, 20.667269266080474],
          [106.233356816239734, 20.667397110595587],
          [106.234309922601241, 20.668122259907882],
          [106.234965053732381, 20.668618979492951],
          [106.235132029838539, 20.668743271611579],
          [106.235798779251382, 20.669239723857583],
          [106.236773383608636, 20.669890351173482],
          [106.237814737613931, 20.670579702733072],
          [106.23852844053026, 20.670992780394258],
          [106.238707375140834, 20.671158721805789],
          [106.23879729505606, 20.671297476594155],
          [106.238747931228758, 20.671590545744237],
          [106.238677314793577, 20.672009165001391],
          [106.238664019109834, 20.672204403513675],
          [106.238665488167271, 20.672385532638806],
          [106.23869605374459, 20.672496887869993],
          [106.239202282578745, 20.672869532961638],
          [106.23967819237366, 20.673172829600936],
          [106.239931817444145, 20.673421800637421],
          [106.240298220031221, 20.673893109499314],
          [106.240583790918507, 20.674434654257492],
          [106.240704751321445, 20.674754324010458],
          [106.240874006472097, 20.675547499769962],
          [106.240977779069922, 20.676480637545449],
          [106.241009835829445, 20.676786943554593],
          [106.241085658582676, 20.677009456731547],
          [106.241160688461733, 20.677134404192998],
          [106.241621474789866, 20.677381970956056],
          [106.242883571767905, 20.677902471666233],
          [106.243247724475694, 20.678094988404485],
          [106.243546263099972, 20.678399461910338],
          [106.243681108015238, 20.678607544630612],
          [106.243803214230226, 20.67906660381864],
          [106.243804463226382, 20.67921990819821],
          [106.243820591949813, 20.67937319555142],
          [106.243934398719318, 20.679720739895735],
          [106.243965099859167, 20.679859828428356],
          [106.243981019488146, 20.679999204314854],
          [106.243953043430693, 20.680194548743508],
          [106.243895063600604, 20.68034819018354],
          [106.243779786666423, 20.680739307098531],
          [106.243644171304453, 20.680978973857524],
          [106.243225493353592, 20.68171892832072],
          [106.242715674400586, 20.682726143522967],
          [106.242564324817266, 20.683215091097974],
          [106.242551129229241, 20.683410238428969],
          [106.242568182922341, 20.683689006685835],
          [106.242614234318111, 20.683897639786373],
          [106.242601947845159, 20.684204445438223],
          [106.242486080187504, 20.684511907531657],
          [106.24229574405247, 20.684764073929916],
          [106.242113821044683, 20.685141757331653],
          [106.24207039485718, 20.685267467461582],
          [106.242056972897885, 20.685434880842827],
          [106.242014340603035, 20.685658156499297],
          [106.242045705106491, 20.685866985906578],
          [106.242379969113486, 20.686937769767564],
          [106.242890103746987, 20.688690373011681],
          [106.243119660541879, 20.689622419167684],
          [106.243603216957965, 20.691751492120712],
          [106.243721125160107, 20.69260086511273],
          [106.243775418372635, 20.693913979321028]
        ]
      }
    },
    {
      "type": "Feature",
      "properties": {
        "ID": "TBI341029tam",
        "Ten_duong": "Tỉnh lộ 8",
        "Thuoc_huyen": "H. Thái Thụy",
        "Thuoc_tinh": "Thái Bình",
        "Cap_duong": "Tỉnh lộ",
        "Loai_duong": "",
        "Chieu_dai": "3.75632",
        "Gap_de": "F",
        "Tin_khac": "",
        "layer": "TBI_Tinhlo",
        "path": "D:/_Project/4.HungYen/De/De Thai Binh/BD Thai Binh/TBI_Tinhlo.TAB"
      },
      "geometry": {
        "type": "LineString",
        "coordinates": [
          [106.594523720111184, 20.587791105745826],
          [106.594887748464402, 20.588185130442866],
          [106.595508371971448, 20.588927465326094],
          [106.596084994042968, 20.589819706765326],
          [106.596616252380898, 20.590712454899922],
          [106.596846766081981, 20.591052241868333],
          [106.596893695277672, 20.591201402028553],
          [106.596945519222643, 20.591820616100975],
          [106.597043480633118, 20.592503631671317],
          [106.597137118586502, 20.592780634917649],
          [106.597393391311542, 20.593419369696765],
          [106.597557013609276, 20.59386663841336],
          [106.59762925461817, 20.594272023053882],
          [106.597705600440165, 20.595062102775856],
          [106.597793972378909, 20.597006089560466],
          [106.597896872096044, 20.598180475727172],
          [106.597951251210119, 20.599034804688365],
          [106.598051801383434, 20.599974253158617],
          [106.598057148017986, 20.600487120591076],
          [106.597951682575967, 20.601257380264006],
          [106.597689584639937, 20.602242908136667],
          [106.597492030373473, 20.602885834540011],
          [106.597429806177246, 20.603442054320411],
          [106.597414642521088, 20.604168751254285],
          [106.597467369393996, 20.604873592279368],
          [106.597362791180203, 20.605729389707985],
          [106.597354184644701, 20.607075898012894],
          [106.597388407693487, 20.608186780542912],
          [106.597391304216416, 20.608464621201637],
          [106.597483713362237, 20.608613360268169],
          [106.597803357016147, 20.608802726777565],
          [106.598326769733106, 20.608926161639555],
          [106.598577060167571, 20.60898798404175],
          [106.599057007045019, 20.609304049268587],
          [106.599879660943799, 20.609830761447025],
          [106.600292934741702, 20.610275714214012],
          [106.600317584109902, 20.610467806843623],
          [106.600163051791796, 20.610875288541298],
          [106.599784466633722, 20.611584030156386],
          [106.599561944779765, 20.612013549910312],
          [106.599405846525997, 20.612271362272779],
          [106.599136383201184, 20.612551723038891],
          [106.598461667899116, 20.613156337126991],
          [106.597876686343696, 20.613653344409638],
          [106.597359815814656, 20.614149629978272],
          [106.597091905051315, 20.614579566588642],
          [106.596869370714998, 20.615008993188024],
          [106.596760331471245, 20.615437461146271],
          [106.596627884733181, 20.615801917889161],
          [106.596404330657862, 20.61612457867507],
          [106.595887224220675, 20.616599453468208],
          [106.595281709685139, 20.617310372875227],
          [106.595103529366327, 20.617632522934198]
        ]
      }
    },
    {
      "type": "Feature",
      "properties": {
        "ID": "TBI339029hhbon",
        "Ten_duong": "Tỉnh lộ 224",
        "Thuoc_huyen": "H. Hưng Hà",
        "Thuoc_tinh": "Thái Bình",
        "Cap_duong": "Tỉnh lộ",
        "Loai_duong": "",
        "Chieu_dai": "15.5999",
        "Gap_de": "F",
        "Tin_khac": "",
        "layer": "TBI_Tinhlo",
        "path": "D:/_Project/4.HungYen/De/De Thai Binh/BD Thai Binh/TBI_Tinhlo.TAB"
      },
      "geometry": {
        "type": "LineString",
        "coordinates": [
          [106.230471944052212, 20.520044288298873],
          [106.230547763547534, 20.524286745109098],
          [106.230400868602956, 20.52709744663898],
          [106.230306521848476, 20.529703503160011],
          [106.23023563799218, 20.531849533486405],
          [106.230159859413618, 20.533395432420189],
          [106.230152327628005, 20.534804425085948],
          [106.230134330746495, 20.53494061320534],
          [106.230092510510289, 20.535911673000523],
          [106.230107468402977, 20.536822701765352],
          [106.230103308172971, 20.537142012447372],
          [106.230418241955533, 20.53925973521067],
          [106.23068048814801, 20.540701052562987],
          [106.230948431058479, 20.542014580115158],
          [106.231197580703935, 20.543519863079183],
          [106.231411652834566, 20.544872168618681],
          [106.231690212864436, 20.546670953937461],
          [106.231916487508713, 20.547857026090952],
          [106.232338871842771, 20.550676502302498],
          [106.232772960651729, 20.55327870250597],
          [106.233105852097211, 20.555089834554853],
          [106.233218439077447, 20.55561267435699],
          [106.233551951031757, 20.557487674308991],
          [106.233831080182213, 20.55935032161338],
          [106.23399176873437, 20.559949430493422],
          [106.23407475585185, 20.560165938759503],
          [106.234226378948136, 20.560484138295006],
          [106.234350337889566, 20.560725922096154],
          [106.234374373185418, 20.561198256181143],
          [106.234365261147914, 20.561747529558097],
          [106.234368134271307, 20.562105095338474],
          [106.234383300344476, 20.562309257705753],
          [106.234426125969108, 20.562577187297816],
          [106.234789323626671, 20.563928329978868],
          [106.235311901233317, 20.565725362183176],
          [106.235605345552017, 20.566834332695382],
          [106.235686555232633, 20.567091417397606],
          [106.236117503128767, 20.569014588868466],
          [106.236417668964393, 20.570110770426801],
          [106.236797517314585, 20.571844940573556],
          [106.23704287936917, 20.572864989573883],
          [106.237436159003749, 20.574573493565264],
          [106.237712905616178, 20.576129513919057],
          [106.237870115375401, 20.577137362086766],
          [106.238143443681167, 20.579945134216693],
          [106.238340708108595, 20.581718909694871],
          [106.238456737984492, 20.58266308679951],
          [106.23862665631313, 20.584411579588842],
          [106.238711513585088, 20.584845169469155],
          [106.238938839062726, 20.586989141292001],
          [106.239034739510188, 20.587946290240506],
          [106.239128987897601, 20.589542007825962],
          [106.239249473731817, 20.591891012402229],
          [106.239220139778695, 20.592440338027437],
          [106.239158392073392, 20.593181607412554],
          [106.239053908254789, 20.593680426549756],
          [106.23881869364071, 20.594754774641832],
          [106.238683841696584, 20.595675359657818],
          [106.238646876265889, 20.596135388789776],
          [106.23855786941705, 20.596863933782348],
          [106.238499326221003, 20.597170892722232],
          [106.238338973496198, 20.597453013130558],
          [106.238218688055611, 20.597670972803776],
          [106.238152388789231, 20.597837410770143],
          [106.238112844267818, 20.597978270296981],
          [106.238113772192477, 20.598093182154496],
          [106.238104369635877, 20.598604148923023],
          [106.238097655091337, 20.599459851876627],
          [106.238081216537026, 20.601618304679143],
          [106.238074697165914, 20.603329660483087],
          [106.238056407638183, 20.604415282741034],
          [106.238018492798247, 20.607276317844434],
          [106.238014259591097, 20.607595626127154],
          [106.238019933993954, 20.608298015043708],
          [106.238022616189681, 20.608630012356887],
          [106.238052039748752, 20.608910773417971],
          [106.238093960964065, 20.609063787993186],
          [106.238225717478556, 20.609433166831483],
          [106.238376930376546, 20.609752174532385],
          [106.238611186706834, 20.610171230896768],
          [106.239789188276504, 20.611695210019469],
          [106.241207305456825, 20.613575219778095],
          [106.242542424011418, 20.61523862471174],
          [106.243280995998887, 20.616063397375413],
          [106.245546469141246, 20.618620451997579],
          [106.245902601857935, 20.619071413009721],
          [106.246114881478704, 20.61934434825821],
          [106.247292511126048, 20.620804487911006],
          [106.248393931562816, 20.622048162170145],
          [106.248765771892792, 20.622611029707397],
          [106.249067370548758, 20.623197532268197],
          [106.249434489097055, 20.624121899274094],
          [106.249786835940299, 20.625164090522226],
          [106.249999985689158, 20.625612191148264],
          [106.250393839402449, 20.626647756208836],
          [106.25059025166712, 20.627172769524901],
          [106.251574041408801, 20.629290627267171],
          [106.252204626330482, 20.630801849154555],
          [106.253373897857429, 20.633812754201383],
          [106.254687167846967, 20.636822601984274],
          [106.255225537834846, 20.638046914344915],
          [106.256050853921266, 20.640109967385769],
          [106.257399391394188, 20.643485062034134],
          [106.258581316233403, 20.646071753159791],
          [106.259316852240417, 20.64790876720674],
          [106.259667093814755, 20.648644590131699],
          [106.260238593445095, 20.650000180161229],
          [106.261257476077986, 20.65220570331304],
          [106.261780889636, 20.653546279551609],
          [106.261945200095681, 20.654056512839396],
          [106.261994877709682, 20.654260777659161],
          [106.261995386909433, 20.654275951651645]
        ]
      }
    },
    {
      "type": "Feature",
      "properties": {
        "ID": "TBI338029hhbon",
        "Ten_duong": "Tỉnh lộ 224",
        "Thuoc_huyen": "H. Quỳnh Phụ",
        "Thuoc_tinh": "Thái Bình",
        "Cap_duong": "Tỉnh lộ",
        "Loai_duong": "",
        "Chieu_dai": "8.99975",
        "Gap_de": "F",
        "Tin_khac": "",
        "layer": "TBI_Tinhlo",
        "path": "D:/_Project/4.HungYen/De/De Thai Binh/BD Thai Binh/TBI_Tinhlo.TAB"
      },
      "geometry": {
        "type": "MultiLineString",
        "coordinates": [
          [
            [106.261995386909433, 20.654275951651645],
            [106.262006496589422, 20.65462179584831],
            [106.261999462121352, 20.654816085925702],
            [106.261873760298442, 20.655099509551739],
            [106.261726132296715, 20.655319762611327],
            [106.261684582466842, 20.655460641008535],
            [106.261690244296247, 20.655495381872452],
            [106.261701178941323, 20.655529361429732],
            [106.261722984650447, 20.655577987487302],
            [106.261760923288918, 20.655650797976026],
            [106.261889356424319, 20.655872555527047],
            [106.26325372312985, 20.65543768595926],
            [106.264484333411147, 20.65497433424002],
            [106.266500258793798, 20.654231922652134],
            [106.267271651771196, 20.653940141286018],
            [106.26806622502103, 20.653677728533335],
            [106.268737309156037, 20.653512978026015],
            [106.269339279854577, 20.653336085325289],
            [106.269670109035332, 20.653241139753536],
            [106.26982608693784, 20.653172686179019],
            [106.269972667060415, 20.653070603564629],
            [106.270100934539883, 20.652994042106748],
            [106.270210659590774, 20.652892230572185],
            [106.270393604414494, 20.652730976070291],
            [106.270668101395245, 20.652510324078428],
            [106.270979660162041, 20.652314423811376],
            [106.271576396679137, 20.652074592861847],
            [106.272164992304624, 20.651952446927197],
            [106.272408881906244, 20.651929598762006],
            [106.272676260400104, 20.651961234714982],
            [106.272833382177595, 20.652018979667826],
            [106.273036895923639, 20.652126793782287],
            [106.273259143837265, 20.652259765527919],
            [106.27383314061592, 20.652608861740909],
            [106.274249903327103, 20.652875097877121],
            [106.27464753735606, 20.653057184003472],
            [106.275067751399931, 20.653184535011988],
            [106.275353700699142, 20.653232923637855],
            [106.275916315202664, 20.653321275831757],
            [106.27630378159364, 20.653377314089493],
            [106.276589590459508, 20.653408807496064],
            [106.277060375724943, 20.653523040992422],
            [106.277369887966472, 20.653634401687267],
            [106.277665729484312, 20.653775224553311],
            [106.277888124014794, 20.653924992757517],
            [106.278036246543891, 20.654008005159326],
            [106.278174848792531, 20.654065882217079],
            [106.278368688938187, 20.654106546099985],
            [106.278571576653249, 20.654138740808317],
            [106.27877453396404, 20.654179246324219],
            [106.279042295066333, 20.654244567303298],
            [106.279490648901771, 20.654430511958655],
            [106.279749805832978, 20.654580095357076],
            [106.279935347695215, 20.654730043751602],
            [106.28002861235349, 20.654863963056805],
            [106.280112919971799, 20.655040048624638],
            [106.280142040323426, 20.65521645326162],
            [106.280177581245383, 20.656709560248807],
            [106.280157478686476, 20.657609887486995],
            [106.280077520136402, 20.658514814565695],
            [106.279964008955076, 20.659264419819568],
            [106.279928711316387, 20.660000887013286],
            [106.279923608583687, 20.660480375271419],
            [106.279966869090316, 20.660694618944056],
            [106.280097954643523, 20.660954376159882],
            [106.280209793358253, 20.661105051402366],
            [106.280302498595503, 20.661171668897115],
            [106.280413561804266, 20.661229748173604],
            [106.28058909854434, 20.661295750646897],
            [106.280801351191784, 20.661344676526053],
            [106.281078127807817, 20.66138463071275],
            [106.281742130498387, 20.661472209308926],
            [106.281991240300798, 20.661520859821785],
            [106.282645959224823, 20.661600101988768],
            [106.283600528154565, 20.661723456516079],
            [106.284338291760804, 20.661827279852702],
            [106.285039462885365, 20.661939864824344],
            [106.285514826590259, 20.662058285661459],
            [106.286244466046838, 20.662279968299661],
            [106.287020179198578, 20.66250139432093],
            [106.287805391087474, 20.662756262998549],
            [106.288262214113473, 20.662849608828896],
            [106.288539112807783, 20.662914936221437],
            [106.288760608276121, 20.662955290807485],
            [106.289037410586573, 20.663020527757809],
            [106.289369406828499, 20.663051744175196],
            [106.2894706923542, 20.663042585138964],
            [106.289534836609519, 20.663000005882868],
            [106.289635316248109, 20.662906743693558],
            [106.289717249832634, 20.662788324158644],
            [106.289771398110517, 20.66265321826361],
            [106.289834832929486, 20.662526625470981],
            [106.289907907361723, 20.662450371814899],
            [106.290027027557173, 20.662382175641422],
            [106.290228861621543, 20.662288064748562],
            [106.290554980599339, 20.662180466156475],
            [106.291473645537536, 20.661870761701461],
            [106.29286025451745, 20.661347137835474],
            [106.293985596080091, 20.660972812107804],
            [106.294555561445065, 20.660825523272667],
            [106.295226902658854, 20.660702767379899],
            [106.295912860879056, 20.660651269754219],
            [106.296621936972144, 20.660620735815019],
            [106.297423367024408, 20.660614709954015],
            [106.297934757872852, 20.660623510873162],
            [106.298276128631841, 20.660696649034708],
            [106.298774805722999, 20.660835817027749],
            [106.29922724747334, 20.66096711060808],
            [106.299504742434806, 20.661091228806818],
            [106.299690000355938, 20.661215951181671],
            [106.30021940094916, 20.66171670491444],
            [106.300726665570181, 20.662322872702259],
            [106.301342988836296, 20.663302504623022],
            [106.302162266408914, 20.664848493917678],
            [106.302787557155341, 20.666337040582249],
            [106.304389779942369, 20.670357989967709],
            [106.304823652133834, 20.670143306520909],
            [106.305356990140538, 20.669784947682519],
            [106.305765051025404, 20.669448314679592],
            [106.30619478931014, 20.668986482945733],
            [106.306735999589009, 20.668213931782525],
            [106.306957357412671, 20.667844200125629],
            [106.307167844095105, 20.667471750011202],
            [106.308117788103871, 20.665782465689617],
            [106.308413329066553, 20.665378020357799],
            [106.309130212819127, 20.664553989786359],
            [106.309785231949675, 20.663859525288313],
            [106.310145510700352, 20.663404987808192],
            [106.310494479101806, 20.662818274650235],
            [106.310762608058312, 20.662319174700162],
            [106.310882306623029, 20.661995111136875],
            [106.310953187404252, 20.661530213714791],
            [106.311003649680231, 20.661057250305912],
            [106.311069564565386, 20.660807946992978],
            [106.311176474080654, 20.660570889626786],
            [106.311483998172577, 20.65990950576678],
            [106.31177038240061, 20.659167425939895],
            [106.312091849770852, 20.658543156093735],
            [106.312533742743895, 20.65766934793584],
            [106.313021269866397, 20.656577557237153],
            [106.313222184920889, 20.656178070860879],
            [106.313288949843553, 20.656028317420844],
            [106.313342716815939, 20.655940908648546],
            [106.31345069826061, 20.655840529590801],
            [106.313558990577818, 20.655765172881065],
            [106.313749171027666, 20.655713946347529],
            [106.31436156122065, 20.65567206131518],
            [106.315165092905147, 20.655690782266952],
            [106.316737270261982, 20.655622778931601],
            [106.317403540410382, 20.655518226271315],
            [106.318422469412084, 20.655249354742779],
            [106.319325164155075, 20.654925263791515],
            [106.319989496677863, 20.654596939061875],
            [106.321210523065801, 20.653758525412783]
          ],
          [
            [106.304389779942369, 20.670357989967709],
            [106.304408514350357, 20.670404826224576]
          ]
        ]
      }
    },
    {
      "type": "Feature",
      "properties": {
        "ID": "TBI340029tmot",
        "Ten_duong": "Tỉnh lộ T1",
        "Thuoc_huyen": "H. Đông Hưng",
        "Thuoc_tinh": "Thái Bình",
        "Cap_duong": "Tỉnh lộ",
        "Loai_duong": "",
        "Chieu_dai": "0.176497",
        "Gap_de": "F",
        "Tin_khac": "",
        "layer": "TBI_Tinhlo",
        "path": "D:/_Project/4.HungYen/De/De Thai Binh/BD Thai Binh/TBI_Tinhlo.TAB"
      },
      "geometry": {
        "type": "LineString",
        "coordinates": [
          [106.43670352669308, 20.542118974141975],
          [106.436758160306809, 20.542176971045205],
          [106.437329537013667, 20.542778141831992],
          [106.437365373073675, 20.542815606619421],
          [106.437816159131799, 20.543320299122893]
        ]
      }
    },
    {
      "type": "Feature",
      "properties": {
        "ID": "TBI341029tmot",
        "Ten_duong": "Tỉnh lộ T1",
        "Thuoc_huyen": "H. Thái Thụy",
        "Thuoc_tinh": "Thái Bình",
        "Cap_duong": "Tỉnh lộ",
        "Loai_duong": "",
        "Chieu_dai": "14.5922",
        "Gap_de": "F",
        "Tin_khac": "",
        "layer": "TBI_Tinhlo",
        "path": "D:/_Project/4.HungYen/De/De Thai Binh/BD Thai Binh/TBI_Tinhlo.TAB"
      },
      "geometry": {
        "type": "LineString",
        "coordinates": [
          [106.437816159131799, 20.543320299122893],
          [106.438150252485713, 20.543694333791851],
          [106.439481970431046, 20.544978295921275],
          [106.439993124850815, 20.545496212094459],
          [106.441654003413561, 20.546950420176689],
          [106.442982244617625, 20.548062193839577],
          [106.443407431781594, 20.548319101088296],
          [106.443772808180711, 20.548477764572411],
          [106.444321967224994, 20.548668772638433],
          [106.445243251665289, 20.548827947340328],
          [106.445509951880595, 20.548886069235824],
          [106.448816554710803, 20.549371126747641],
          [106.451517654330985, 20.549660008438767],
          [106.453159187793787, 20.549782570025222],
          [106.453532926304618, 20.54982008757754],
          [106.454467037658077, 20.54991433155385],
          [106.456285785363221, 20.550002943700605],
          [106.458836601261083, 20.55016966028893],
          [106.461380233654836, 20.550316886384028],
          [106.463082504486067, 20.550854218831478],
          [106.466947985416411, 20.551853380809195],
          [106.469467382601863, 20.552442176370089],
          [106.471995044329432, 20.553140986695194],
          [106.475448340163865, 20.554104609095447],
          [106.479226057227905, 20.554839092582601],
          [106.480556409056689, 20.555080764369514],
          [106.484476385195109, 20.555832614590891],
          [106.488224301476507, 20.556403911589065],
          [106.490480088591482, 20.556767005920179],
          [106.492344331157895, 20.55725549079887],
          [106.498475257388307, 20.558804425215062],
          [106.499263000592563, 20.559107827305542],
          [106.49956469484718, 20.559239547429062],
          [106.49999998476143, 20.559477702081665],
          [106.50050652517443, 20.559782901122652],
          [106.501259747193771, 20.560223725163521],
          [106.502345280941171, 20.561022922995889],
          [106.503265258007758, 20.561703040359248],
          [106.504019507848568, 20.562247098186948],
          [106.50484751882064, 20.562859167878401],
          [106.505455780835632, 20.5634216515327],
          [106.506266256626574, 20.564102793596174],
          [106.507388626167199, 20.564935964339586],
          [106.507885105410594, 20.565258481872981],
          [106.508417864460412, 20.565563517707496],
          [106.509048027811573, 20.565941327751851],
          [106.50959210450587, 20.566265322217415],
          [106.510364695239971, 20.566767905681484],
          [106.510996865540747, 20.567173243397342],
          [106.511664179012783, 20.56761115449812],
          [106.512331818242842, 20.568081762006354],
          [106.513069935075208, 20.56861760651676],
          [106.513931384415883, 20.569267368197785],
          [106.514493977197304, 20.569706183115958],
          [106.514951930109206, 20.570145821435187],
          [106.515164162428434, 20.570423286166164],
          [106.51543051922431, 20.570897482530228],
          [106.51574957178714, 20.571404099635746],
          [106.516174177531525, 20.571991998182881],
          [106.516492261507565, 20.572400064435133],
          [106.516934069498362, 20.572971188038085],
          [106.517286584428433, 20.573329717178201],
          [106.517709022940565, 20.57368754205471],
          [106.518183153203296, 20.573995498089261],
          [106.518674580358351, 20.57428694996625],
          [106.519113151689155, 20.574529630651099],
          [106.519598904530767, 20.574848320896823],
          [106.519903531464408, 20.57504863299209],
          [106.520413072410904, 20.575405595345888],
          [106.52109806660863, 20.575859661927581],
          [106.521571396977293, 20.576085589095673],
          [106.522113511337736, 20.576195820911238],
          [106.522549647908491, 20.576191984643486],
          [106.52288081227114, 20.576156188403189],
          [106.523106515831032, 20.57603920357548],
          [106.523608728049183, 20.575656814280325],
          [106.524196494544412, 20.575109347747631],
          [106.524854833060274, 20.574627022802112],
          [106.525616899785248, 20.574061665244926],
          [106.52618843629989, 20.57362942453214],
          [106.52681168531258, 20.573130960859658],
          [106.527624469964167, 20.572400644773918],
          [106.528264511974314, 20.571836353399064],
          [106.528835118120796, 20.571321906590168],
          [106.529458349020658, 20.570823434388238],
          [106.529977820391167, 20.570424434414765],
          [106.530479669847963, 20.570009237887188],
          [106.530965042129736, 20.569692652594874],
          [106.531779429500105, 20.569126807425253],
          [106.532558666449276, 20.568528387392231],
          [106.533077957622226, 20.568112939219649],
          [106.533736073175831, 20.567614143974836],
          [106.534307629640509, 20.567198229396702],
          [106.53508790019734, 20.566714788055695],
          [106.535417657122224, 20.566531100761537],
          [106.53562460647349, 20.566421132644528],
          [106.535956197952103, 20.566296327466514],
          [106.536304627442348, 20.566243912416063],
          [106.53771767765754, 20.566231368262887],
          [106.539357980499744, 20.56624967466383],
          [106.541295002532109, 20.566281765509309],
          [106.54290121748609, 20.566382457314599],
          [106.544141717045662, 20.566552160887095],
          [106.545102126767233, 20.566625708184016],
          [106.546568203935109, 20.566678383004845],
          [106.548487701556397, 20.566694108300208],
          [106.549604359154202, 20.56670055864231],
          [106.550092428202078, 20.566646866154027],
          [106.550823758066826, 20.566508787806548],
          [106.552076571934705, 20.566169009784012],
          [106.553119675647139, 20.56579813167339],
          [106.553989075342471, 20.565494480811889],
          [106.554752812383555, 20.565109749655186],
          [106.555551717716824, 20.564741050156218],
          [106.556038350740479, 20.564556005990411],
          [106.556473780861808, 20.564486327911045],
          [106.557032493847558, 20.564514186846775],
          [106.557679790657772, 20.564689036346635],
          [106.558257268142128, 20.564864602037812],
          [106.558886208656958, 20.56494114614555],
          [106.559323402173774, 20.5650357656416],
          [106.559690845570273, 20.56514745341839],
          [106.560181146331871, 20.565323888064135],
          [106.560724146759057, 20.56553254772076],
          [106.561267817993581, 20.565807054200064],
          [106.561810821407107, 20.566015710230971],
          [106.562441271917507, 20.566240106753131],
          [106.563037218211107, 20.566514045245935]
        ]
      }
    },
    {
      "type": "Feature",
      "properties": {
        "ID": "TBI339029hhsau",
        "Ten_duong": "Tỉnh lộ 226",
        "Thuoc_huyen": "H. Hưng Hà",
        "Thuoc_tinh": "Thái Bình",
        "Cap_duong": "Tỉnh lộ",
        "Loai_duong": "",
        "Chieu_dai": "11.0558",
        "Gap_de": "F",
        "Tin_khac": "",
        "layer": "TBI_Tinhlo",
        "path": "D:/_Project/4.HungYen/De/De Thai Binh/BD Thai Binh/TBI_Tinhlo.TAB"
      },
      "geometry": {
        "type": "LineString",
        "coordinates": [
          [106.152635747894479, 20.607023498634863],
          [106.152386359503012, 20.606474949326621],
          [106.151642307879996, 20.605324191070071],
          [106.151303804620625, 20.60472726543567],
          [106.151109585614094, 20.60427917349066],
          [106.15101117519562, 20.603875436199182],
          [106.151055945326647, 20.602438894265706],
          [106.151285001038076, 20.601163297872642],
          [106.15171150405908, 20.599706505612673],
          [106.152146526613208, 20.598324643540757],
          [106.152731640536032, 20.596806801913615],
          [106.153293513419811, 20.595364101404964],
          [106.154427709121535, 20.592838477371707],
          [106.155205867645208, 20.591619201063956],
          [106.155363244869093, 20.591393276652017],
          [106.155425386060926, 20.591197983410375],
          [106.155455431681403, 20.590957911793677],
          [106.155370607761611, 20.590269041367577],
          [106.154927812986315, 20.587439080715956],
          [106.154800663155441, 20.586390640289089],
          [106.154498368925118, 20.58426426431474],
          [106.154323675164264, 20.583246135335994],
          [106.15432142025324, 20.582946379121825],
          [106.154367392739189, 20.582706291572809],
          [106.154430209216812, 20.582600979676041],
          [106.154817893396796, 20.582293381515086],
          [106.155075254503245, 20.582210622604279],
          [106.155455500598848, 20.582138697604368],
          [106.155921982815556, 20.582077669826017],
          [106.157371228051488, 20.582010161064776],
          [106.159022856307644, 20.581885360117433],
          [106.160974800839995, 20.581675409887509],
          [106.162699995419388, 20.581536438161042],
          [106.163117345606977, 20.581487376000908],
          [106.163362245257957, 20.581381559972439],
          [106.165223470030924, 20.58054688240378],
          [106.165584590857392, 20.580370804134901],
          [106.168398598233566, 20.578823433797726],
          [106.168893822457832, 20.578507490349924],
          [106.169126248938795, 20.578390096007652],
          [106.171159587832577, 20.577577503809952],
          [106.172426039616767, 20.576897383299293],
          [106.174089612746073, 20.575948218953222],
          [106.175208414930196, 20.575245951773624],
          [106.177271403121949, 20.573518240505216],
          [106.177997766068287, 20.572911230019987],
          [106.178656678938665, 20.57231633063267],
          [106.179214769385197, 20.57139777183319],
          [106.179847950326973, 20.569865066401675],
          [106.180124049353793, 20.569029557645777],
          [106.180298981130534, 20.568611506523325],
          [106.180988825887269, 20.567252147399124],
          [106.181416085947546, 20.56610300692256],
          [106.181500609068749, 20.56591712958247],
          [106.181908375534363, 20.564629168146777],
          [106.182272359833476, 20.563237244912049],
          [106.18239796928512, 20.562768844250474],
          [106.182611957965364, 20.562316915500357],
          [106.183069033914748, 20.561467608496525],
          [106.183769878241449, 20.560248020809325],
          [106.184551084228957, 20.559138736138006],
          [106.184866447224479, 20.558685840539475],
          [106.185037725523131, 20.558356801451431],
          [106.185408693464368, 20.557589389856687],
          [106.185815607984111, 20.55679435650276],
          [106.186671312989972, 20.555026469596147],
          [106.187408994172287, 20.553901389851376],
          [106.187739243652757, 20.553502956790055],
          [106.188170664772755, 20.553076635039407],
          [106.189337300941219, 20.552139778444424],
          [106.190755955097671, 20.551023651957831],
          [106.192485471443987, 20.549809698603234],
          [106.194422772196845, 20.548293895239567],
          [106.19603616394906, 20.547067066669243],
          [106.198837941290932, 20.544930532036972],
          [106.199392552420932, 20.544503332040851],
          [106.200819310185437, 20.543509943054673],
          [106.204074847258127, 20.541046293193109],
          [106.205589639474084, 20.539973564158608],
          [106.205737747233655, 20.539902515718847],
          [106.205959867597628, 20.539802944944185],
          [106.20678998092761, 20.539544921263644],
          [106.207071672351773, 20.539458938014469],
          [106.209237772604354, 20.539009547097802],
          [106.211425763794466, 20.538503962110262],
          [106.211678051005535, 20.53846027827867],
          [106.211838022805253, 20.538459160014764]
        ]
      }
    },
    {
      "type": "Feature",
      "properties": {
        "ID": "TBI344029hhmuoib",
        "Ten_duong": "Tỉnh lộ 220B",
        "Thuoc_huyen": "H. Vũ Thư",
        "Thuoc_tinh": "Thái Bình",
        "Cap_duong": "Tỉnh lộ",
        "Loai_duong": "",
        "Chieu_dai": "30.5511",
        "Gap_de": "T",
        "Tin_khac": "",
        "layer": "TBI_Tinhlo",
        "path": "D:/_Project/4.HungYen/De/De Thai Binh/BD Thai Binh/TBI_Tinhlo.TAB"
      },
      "geometry": {
        "type": "LineString",
        "coordinates": [
          [106.25677572406758, 20.334150901187751],
          [106.257387613468197, 20.334757877203803],
          [106.257783302117929, 20.335125542308184],
          [106.258203658164248, 20.335593946209578],
          [106.259044288676009, 20.336519728841104],
          [106.260047312474612, 20.337649694153111],
          [106.260599707283717, 20.338263772119607],
          [106.261926727350314, 20.339715099829011],
          [106.262941831216423, 20.340876580300836],
          [106.262944843626201, 20.341247341073984],
          [106.262964763249371, 20.341494385445547],
          [106.262989887788862, 20.341662880971132],
          [106.263062250034352, 20.341785952052021],
          [106.263566158816943, 20.342276775508005],
          [106.264321070160847, 20.34288937525108],
          [106.265813905954616, 20.344249574435096],
          [106.267425465828467, 20.3455527026445],
          [106.268480850807705, 20.34587715604],
          [106.270396423587087, 20.347921868512305],
          [106.27157974377505, 20.349221653886829],
          [106.272483694514051, 20.350187106520483],
          [106.273024136831594, 20.351119607344199],
          [106.273169768911259, 20.351356517831423],
          [106.27320919243725, 20.351526533121394],
          [106.273210515711227, 20.351617863531228],
          [106.273240308970088, 20.351769970106311],
          [106.273261112103242, 20.351993967475568],
          [106.273270064870943, 20.352513573775376],
          [106.273302282816346, 20.352961456204032],
          [106.273343595125908, 20.353373495181398],
          [106.273373976969381, 20.353597332293301],
          [106.273394757485875, 20.353830183676543],
          [106.273449828354231, 20.354179331622696],
          [106.273489546391332, 20.354385121702752],
          [106.273527471011064, 20.354675940625995],
          [106.273538183001293, 20.354720583879285],
          [106.273958612125853, 20.354543058765415],
          [106.276276361333501, 20.353513535518388],
          [106.280914643860484, 20.351838621874197],
          [106.284348070872468, 20.351813406735015],
          [106.288742347536356, 20.351885837790952],
          [106.293723821000626, 20.352519915369587],
          [106.293638736066683, 20.352816608451082],
          [106.29321520337507, 20.35474645731243],
          [106.293074172534233, 20.355319389804947],
          [106.292672587378703, 20.356895100606192],
          [106.293195553804523, 20.358185068338202],
          [106.294044221071573, 20.360828798058566],
          [106.294145251507615, 20.36075532098091],
          [106.294407606417693, 20.360624272197317],
          [106.294782829181599, 20.360483803192071],
          [106.295064676496835, 20.360438708232696],
          [106.295431371897052, 20.360401566109825],
          [106.295826517402503, 20.360398633720337],
          [106.296362981371075, 20.360420489993409],
          [106.297219896054514, 20.360500134013311],
          [106.297889010295705, 20.360632847621378],
          [106.298642733976138, 20.360756256102817],
          [106.299556721798737, 20.360912980347329],
          [106.301120909883238, 20.361185285591358],
          [106.302166978228172, 20.361384015894643],
          [106.302656820590599, 20.361466460696271],
          [106.302930024343013, 20.361498843514951],
          [106.303306684900718, 20.361530453587594],
          [106.303607594471771, 20.361519533775486],
          [106.303833474911087, 20.361517846959529],
          [106.30394639216172, 20.361525676764071],
          [106.304134914941827, 20.361558690143358],
          [106.304276740065177, 20.361643549022688],
          [106.304447308436778, 20.361797216823255],
          [106.30489356333257, 20.362267110456987],
          [106.305340448991899, 20.362823097121606],
          [106.305806642486658, 20.363430434822405],
          [106.306289869058745, 20.364069174088868],
          [106.305274588329098, 20.364595169787307],
          [106.304991688424124, 20.364788997601476],
          [106.304668805431973, 20.365047268970514],
          [106.304016471114053, 20.365614813851273],
          [106.303519348983258, 20.366104584625745],
          [106.30306295945428, 20.366619527392707],
          [106.302344697685939, 20.367392281154213],
          [106.302036396345159, 20.367791106881487],
          [106.301435981130197, 20.368611764568136],
          [106.301106479225339, 20.369179240936347],
          [106.300110617279017, 20.370782883784397],
          [106.299590201610826, 20.371732133681064],
          [106.29904544919323, 20.373013763216289],
          [106.298751261043165, 20.373819032784187],
          [106.298516901317711, 20.374893266497605],
          [106.298354578863737, 20.37549716815937],
          [106.298070971847977, 20.376159522037625],
          [106.297802618060572, 20.376835946278511],
          [106.297502093422679, 20.377297497170233],
          [106.297149888863302, 20.377949428108348],
          [106.296653570017114, 20.378657088535032],
          [106.296156406592061, 20.379264199599362],
          [106.295530861756134, 20.37998709179832],
          [106.295184749195926, 20.380463794331803],
          [106.294913600039905, 20.380796200316343],
          [106.294839210006344, 20.380997951655793],
          [106.29480357336891, 20.38128551446497],
          [106.294806092259776, 20.381587249311412],
          [106.294823004209817, 20.381788232570575],
          [106.294916849942624, 20.382103564027584],
          [106.295272564944398, 20.382776164168511],
          [106.295758462804244, 20.383548350697364],
          [106.296311787462088, 20.384190750339478],
          [106.296802765843566, 20.384675597624344],
          [106.297424120301443, 20.38525993750201],
          [106.297731387685701, 20.385602409018347],
          [106.297777448897179, 20.385645160970672],
          [106.297992932102431, 20.385930945657158],
          [106.298085800797693, 20.386116998086045],
          [106.298225213069102, 20.386403348587976],
          [106.298496277179552, 20.386975926248056],
          [106.298743192769862, 20.387376304541402],
          [106.298991554516391, 20.387949140613699],
          [106.299181060494007, 20.38835870921347],
          [106.299387775783671, 20.388672202737474],
          [106.299574972204553, 20.388863152687854],
          [106.299762074793094, 20.389054283801293],
          [106.30002323211373, 20.389209718368221],
          [106.300358746251803, 20.389399742324255],
          [106.300637956604078, 20.389502641110138],
          [106.300858418212741, 20.38953541814962],
          [106.300888474853537, 20.390137073147539],
          [106.300939303337216, 20.391181535203035],
          [106.301004176878948, 20.392232487489537],
          [106.301069106330957, 20.393289944019607],
          [106.30113403786666, 20.394347490691999],
          [106.301185036454854, 20.395411646009645],
          [106.301236036947429, 20.396475891487359],
          [106.301286942770531, 20.397540137500908],
          [106.301358928549007, 20.398604135629956],
          [106.301391223343373, 20.399106483890048],
          [106.301406270415413, 20.40006520318796],
          [106.301361988328537, 20.400634255621686],
          [106.301351719920561, 20.401077384181345],
          [106.301166588037532, 20.401567984489738],
          [106.300781652113017, 20.402456961512431],
          [106.300403665608997, 20.403352390793636],
          [106.300053736080287, 20.404234510054401],
          [106.299703706250455, 20.405116539116793],
          [106.299367759122688, 20.405998552919666],
          [106.299038707577552, 20.406880514765181],
          [106.298688596712296, 20.407742757130116],
          [106.298345477241483, 20.4086049467988],
          [106.298002257620269, 20.409467046289862],
          [106.297651929541274, 20.410316098116567],
          [106.297301597103399, 20.41116505902659],
          [106.296993272862991, 20.412007111427307],
          [106.296320875184833, 20.413718191101175],
          [106.295949644841002, 20.414579501758062],
          [106.295332060452722, 20.416143811464398],
          [106.294948438967268, 20.417197737662885],
          [106.294362304695483, 20.41831930070984],
          [106.293776162301143, 20.419440862101286],
          [106.293189860853445, 20.420555827770233],
          [106.292603647154408, 20.421670791069747],
          [106.292031361721442, 20.422779054128807],
          [106.291627413208218, 20.42353769657602],
          [106.291374541012459, 20.423841595447165],
          [106.290331926769426, 20.424854141861655],
          [106.289289450436755, 20.42587336706465],
          [106.288321227582657, 20.426799433429299],
          [106.287577434770824, 20.427493093916134],
          [106.287236763180786, 20.427832148401443],
          [106.286876950366704, 20.428232236367432],
          [106.286236661028326, 20.428903805121614],
          [106.285985710927875, 20.429141459690374],
          [106.285450700662594, 20.429715488510535],
          [106.284159900249875, 20.431112445068994],
          [106.282391653412745, 20.432806894020541],
          [106.280822264601099, 20.434329923972655],
          [106.279062991157019, 20.436052011828096],
          [106.278538570493353, 20.436486902049403],
          [106.278354252867388, 20.436718184604093],
          [106.277983550032658, 20.437093129447554],
          [106.276916805553327, 20.438153029930252],
          [106.275363291720438, 20.439626660018686],
          [106.274662262394926, 20.440231960062974],
          [106.273957449442435, 20.440878934396597],
          [106.272534595846253, 20.442093467967602],
          [106.270632656424667, 20.443622729744266],
          [106.269807115561761, 20.444244098853495],
          [106.268969013799435, 20.44485408204029],
          [106.268085813043228, 20.445529077492974],
          [106.267285789298086, 20.446143744575341],
          [106.266810369870342, 20.446484105100996],
          [106.26455115449599, 20.448023494856304],
          [106.264144838323844, 20.448305796145469],
          [106.263347453840709, 20.448918710537679],
          [106.262778623111615, 20.449337345887695],
          [106.262282876027641, 20.4496676333147],
          [106.261890671323826, 20.449941786515776],
          [106.261555898212464, 20.450159146753826],
          [106.261250711503834, 20.450419567414514],
          [106.260784994459499, 20.450859764388923],
          [106.260331517949879, 20.451273219573817],
          [106.259388225616547, 20.452240967563316],
          [106.257983655898798, 20.453667841403302],
          [106.25658683750423, 20.455049114619893],
          [106.255231593993187, 20.456429987119428],
          [106.253900755776755, 20.457749961646201],
          [106.252602435230131, 20.458992537328871],
          [106.251934398298133, 20.459574386286022],
          [106.251182536914101, 20.460080764892215],
          [106.250661840236745, 20.460403431234486],
          [106.250149138573093, 20.460695592093927],
          [106.250000005718917, 20.460770205687449],
          [106.249612177295447, 20.46098720309454],
          [106.248605797633843, 20.461483203377341],
          [106.247957334641669, 20.461845086082587],
          [106.24758948729307, 20.462020467049083],
          [106.247217239273084, 20.462220814290088],
          [106.246869789285356, 20.462405624149927],
          [106.243550923456198, 20.463979547885263],
          [106.241349516401868, 20.465043834814242],
          [106.24020708965314, 20.465568767205635],
          [106.239760025221941, 20.465754364428978],
          [106.238857359949733, 20.466125435695357],
          [106.236374871619518, 20.467389342213021],
          [106.234131611666058, 20.468423483005928],
          [106.233005692110311, 20.468933074689954],
          [106.231896929349915, 20.469503250413126],
          [106.230854105765246, 20.470012059139048],
          [106.229670530201105, 20.470579859951698],
          [106.228412820706154, 20.47124177570489],
          [106.225931813426456, 20.472701851694577],
          [106.225947030678569, 20.473024461304004],
          [106.225882362207543, 20.473380068704049],
          [106.225828467676834, 20.473583366598511],
          [106.225657197625196, 20.473976135330933],
          [106.22552488525578, 20.47428876308577],
          [106.225400912771377, 20.474637560808571],
          [106.225319089794553, 20.474825154542074],
          [106.225146836851252, 20.475094426390307],
          [106.224841289081283, 20.475552919277554],
          [106.224528281309176, 20.476062238867609],
          [106.224168671913148, 20.476715898245835],
          [106.223870028133391, 20.477320340593486],
          [106.223680196750266, 20.477646472428059],
          [106.223574478885183, 20.477819597605819],
          [106.223274337869455, 20.478271996765042],
          [106.223062090651467, 20.478564496282047],
          [106.222768568883367, 20.478884671414846],
          [106.22237498927467, 20.479185222100714],
          [106.222050876058219, 20.479383734129968],
          [106.221778091501719, 20.479514215270108],
          [106.221453484064071, 20.479638374680661],
          [106.221269098960533, 20.479720892124863],
          [106.221090425068766, 20.479798219502847],
          [106.220867328744461, 20.479919947860107],
          [106.220617116163794, 20.480104386116832],
          [106.220374648788592, 20.480322649519749],
          [106.220154273828243, 20.480534071834924],
          [106.219956353011753, 20.480772259449459],
          [106.219780631917615, 20.481017157330836],
          [106.219492120826104, 20.481499644588332],
          [106.219037989612602, 20.482098394854507],
          [106.218602036988585, 20.48265636066883],
          [106.218352555267955, 20.482922102537717],
          [106.218176027429223, 20.483065455273998],
          [106.218013889740064, 20.483161365446421],
          [106.217671034805221, 20.483319435686763],
          [106.217368347610474, 20.483416239992117],
          [106.217028386868122, 20.483479515345856],
          [106.216688212762605, 20.483515777960175],
          [106.216071054491522, 20.483564910905091],
          [106.21527514617398, 20.483536690757827],
          [106.214202199343447, 20.483550968987853],
          [106.213749701509741, 20.48355647996004],
          [106.212563467029895, 20.483636860059409],
          [106.212260509991566, 20.483699867903216],
          [106.211976215733202, 20.483783073002684],
          [106.211622337114733, 20.48395467015618],
          [106.211379425593989, 20.484118807235593],
          [106.211122141879898, 20.484357489752291],
          [106.210593094525834, 20.484834864286384],
          [106.210087558497349, 20.485352006732853],
          [106.209745360075431, 20.485754444760609],
          [106.209364768413238, 20.486298541867054],
          [106.208885800011856, 20.487025913341675],
          [106.208527137029918, 20.487542752209407],
          [106.208142628925415, 20.488053084529504],
          [106.207797761296888, 20.488434396538626],
          [106.207415471246449, 20.488775492787578],
          [106.20702199468802, 20.489096338006302],
          [106.206698200234911, 20.489328610337715],
          [106.206344621480227, 20.489540941674697],
          [106.20604208313938, 20.489671605953394],
          [106.205791615162596, 20.489815460233892],
          [106.205552384366356, 20.489986340164588],
          [106.205295098348984, 20.490190321607784],
          [106.204964333737053, 20.49048832127216],
          [106.204563224612528, 20.490888899968073],
          [106.203856022794525, 20.491579896029162],
          [106.203500986968876, 20.491913838631429],
          [106.202994479966264, 20.492373960017218],
          [106.202527691506162, 20.492726744182601],
          [106.202147851778065, 20.493016044004925],
          [106.201294859928836, 20.49356836351182],
          [106.200485408421528, 20.494048733110535],
          [106.199666686191804, 20.494582919482088],
          [106.198569704637762, 20.495253368688473],
          [106.197897344120094, 20.495732780549265],
          [106.197293377701669, 20.496166906373045],
          [106.1969574222842, 20.496417495521563],
          [106.196816989016057, 20.496570788215802],
          [106.196734578438566, 20.496700913521625],
          [106.196586203153643, 20.496930513477636],
          [106.196306798960762, 20.497450487275689],
          [106.196083642953511, 20.49771872841092],
          [106.195835320041951, 20.497956605399619],
          [106.195478768279415, 20.498210495896],
          [106.194744498414622, 20.498697188968563],
          [106.194371734181274, 20.499012444032019],
          [106.194065310082962, 20.499288935049112],
          [106.193701474643248, 20.499680289749502],
          [106.19342961472789, 20.499999998910663],
          [106.192543626930885, 20.500770782789015],
          [106.19216458976959, 20.501218434688457],
          [106.191921686998214, 20.501613111419683],
          [106.191806374849023, 20.501916203703313],
          [106.191775890506165, 20.502128095684665],
          [106.191704432808223, 20.502571918288542],
          [106.191578788638594, 20.502915466411942],
          [106.191452909253499, 20.503228659524591],
          [106.191432911763698, 20.503420332119514],
          [106.191423747887043, 20.503611749660724],
          [106.191512706098266, 20.504054561429761],
          [106.191814697334394, 20.505062836959052],
          [106.192144271396543, 20.506190089685827],
          [106.192369478139142, 20.506965073527766],
          [106.19244608278558, 20.507186348636651],
          [106.192545553813858, 20.507599092126817],
          [106.192667268010894, 20.508122718863316],
          [106.192687653305455, 20.508687336486165],
          [106.192669704990024, 20.509131152832879],
          [106.192628889934994, 20.509383500806798],
          [106.19250275912735, 20.50967691037733],
          [106.192137619693654, 20.510163497023562],
          [106.191776876009229, 20.510549225780355],
          [106.191341492198305, 20.510955613601308],
          [106.190980120212757, 20.511260575112203],
          [106.190784481337701, 20.511544251409692],
          [106.190732474165671, 20.511726205330113],
          [106.190755320670888, 20.511927702602417],
          [106.190798711561797, 20.512008084536244],
          [106.191307315880934, 20.512760976843527],
          [106.191496523366695, 20.513021864078897],
          [106.191766304364293, 20.513322492356536],
          [106.192724388084414, 20.514112677249265],
          [106.193123493179826, 20.514543597601239],
          [106.193517074422275, 20.514954407603689],
          [106.193833999574707, 20.515175022217335]
        ]
      }
    },
    {
      "type": "Feature",
      "properties": {
        "ID": "TBI343029hhhai",
        "Ten_duong": "Tỉnh lộ 222",
        "Thuoc_huyen": "H. Kiến Xương",
        "Thuoc_tinh": "Thái Bình",
        "Cap_duong": "Tỉnh lộ",
        "Loai_duong": "",
        "Chieu_dai": "27.0305",
        "Gap_de": "T",
        "Tin_khac": "",
        "layer": "TBI_Tinhlo",
        "path": "D:/_Project/4.HungYen/De/De Thai Binh/BD Thai Binh/TBI_Tinhlo.TAB"
      },
      "geometry": {
        "type": "LineString",
        "coordinates": [
          [106.463897617607003, 20.499420274308989],
          [106.464065355171854, 20.497577744117919],
          [106.464369410406306, 20.496137067839935],
          [106.464639356276521, 20.494457098841991],
          [106.464338664451077, 20.492769023805174],
          [106.465750308302887, 20.492463421012644],
          [106.466245345961383, 20.492255165322756],
          [106.466748130141397, 20.491903926055127],
          [106.466943972446117, 20.491588342702247],
          [106.46722713187674, 20.49095791167306],
          [106.467312126863987, 20.490378841273301],
          [106.467445528246429, 20.48920438705786],
          [106.467534544744169, 20.4881211890985],
          [106.467726606975802, 20.487409047347157],
          [106.467923668018713, 20.486275430175379],
          [106.468135731410726, 20.485761323522645],
          [106.46822493324396, 20.485644844868709],
          [106.468252386701693, 20.485638379399678],
          [106.467620032676564, 20.484904115064193],
          [106.466544069915912, 20.483572475355395],
          [106.465733883198823, 20.482635175789685],
          [106.465185111827964, 20.481654472521321],
          [106.464645161084746, 20.480774059864725],
          [106.463557418303225, 20.479013294346203],
          [106.462454076342823, 20.477252651671222],
          [106.461350664606911, 20.475492000921129],
          [106.460518888162852, 20.474088701132189],
          [106.460202272079755, 20.47390878526279],
          [106.459714456167546, 20.473588292834414],
          [106.459280609087244, 20.473318026343634],
          [106.459112097568791, 20.473187996926885],
          [106.458808825245498, 20.472887995101487],
          [106.458176354917342, 20.472141043682583],
          [106.457542455512836, 20.471231941623191],
          [106.456775752744662, 20.470338675305616],
          [106.459239226373924, 20.468798766407705],
          [106.458969382769013, 20.468373272702848],
          [106.458892252753046, 20.468123678857495],
          [106.458869836670672, 20.467780395100689],
          [106.458858116523146, 20.467554553634361],
          [106.45887557895972, 20.467373637144771],
          [106.458902456733753, 20.467174664012354],
          [106.458975467049498, 20.466785499770033],
          [106.459147092433696, 20.466170652007641],
          [106.45931476245508, 20.465644550995279],
          [106.459478056210799, 20.465172780811695],
          [106.459561244698449, 20.464846497758771],
          [106.459607203554881, 20.464638059334323],
          [106.459642892403778, 20.464357254604334],
          [106.459766315555058, 20.463713992639548],
          [106.459811503611746, 20.463424074133282],
          [106.459845995531964, 20.463016713334937],
          [106.45991129932014, 20.462319735373928],
          [106.459947339409766, 20.462066029564181],
          [106.459953579045475, 20.461722234160895],
          [106.459919110189915, 20.460600864301234],
          [106.45990191084617, 20.460302435559875],
          [106.459870581835389, 20.460040442049895],
          [106.459840117252398, 20.459859747121808],
          [106.459751802669643, 20.459643401904835],
          [106.459642951243779, 20.459282504575217],
          [106.45942181373394, 20.458714406528529],
          [106.459293613312013, 20.458344637271189],
          [106.459146595232852, 20.458002037396419],
          [106.458866075271814, 20.457235508177924],
          [106.458669941303839, 20.456766753570932],
          [106.4584565172499, 20.455999570224456],
          [106.458356317567748, 20.455539134838414],
          [106.458152396362749, 20.454762837168069],
          [106.458047235052874, 20.454284284721652],
          [106.458006934003819, 20.454076569665805],
          [106.457995898652314, 20.453922903572781],
          [106.457974584658217, 20.453705904989071],
          [106.457942844531104, 20.453389619834212],
          [106.457943379274823, 20.452928249152389],
          [106.457978131415388, 20.452547987940335],
          [106.458050538721309, 20.452095139089376],
          [106.458248757405357, 20.45125214123329],
          [106.45839809308012, 20.450825749302176],
          [106.458694370816417, 20.450217174140384],
          [106.458836009529676, 20.449980831400698],
          [106.458977806991527, 20.449771498880601],
          [106.459114044370452, 20.449480906930223],
          [106.459179766847981, 20.449335631021675],
          [106.45924548835653, 20.449190264760635],
          [106.459282554979666, 20.449045319539714],
          [106.459308829269929, 20.448782661533738],
          [106.459325777038188, 20.448547364429878],
          [106.459288560680662, 20.448158763055872],
          [106.459264523941727, 20.447643304107032],
          [106.459222173249827, 20.447218429055393],
          [106.459144133812956, 20.446576766295983],
          [106.459082275836849, 20.446116009075766],
          [106.458886242817599, 20.445158693823348],
          [106.458766797328224, 20.444689294870329],
          [106.458642806733522, 20.444256160229269],
          [106.458534482553247, 20.443949460508627],
          [106.458334004258234, 20.44352600069972],
          [106.45809894923427, 20.443003275593231],
          [106.457854909362595, 20.442543953724147],
          [106.457605664830993, 20.442030561302783],
          [106.457401155769233, 20.441697473924652],
          [106.457108605256764, 20.441175228597224],
          [106.456821190785604, 20.440689256375578],
          [106.4566073570616, 20.44038334793623],
          [106.456394048054349, 20.440122875877947],
          [106.456262965696354, 20.439943021566549],
          [106.4561659274585, 20.439826301053735],
          [106.456040318801527, 20.439718763202549],
          [106.455847880743931, 20.439638886393443],
          [106.455645413383849, 20.439532081542112],
          [106.455328219828019, 20.439435179582809],
          [106.455078187176198, 20.439355964201283],
          [106.454991668769964, 20.439338529208559],
          [106.454910379650968, 20.439275880357439],
          [106.454836629920038, 20.439158873979153],
          [106.454748760933683, 20.43898769113024],
          [106.454665163138429, 20.438771302419866],
          [106.454606737418985, 20.438663292187019],
          [106.454490447614788, 20.438537516823999],
          [106.454383573235077, 20.4383937753244],
          [106.45430606505883, 20.438294868120312],
          [106.454227940532277, 20.438150795914016],
          [106.454198169874047, 20.438042546065205],
          [106.454197404439199, 20.437961155917456],
          [106.454266897188404, 20.437707170905671],
          [106.454389111050787, 20.437443891962324],
          [106.454569578751077, 20.437270466314139],
          [106.454950712992755, 20.437023090908262],
          [106.455379347673684, 20.436721023062479],
          [106.455631613425496, 20.436528837624515],
          [106.455764417940216, 20.436383001869366],
          [106.455839978225086, 20.43626483725803],
          [106.45590569824131, 20.436119472194349],
          [106.455942669063148, 20.435974437943468],
          [106.455941136530043, 20.435811657735105],
          [106.455901270002883, 20.435649107843464],
          [106.455719637440382, 20.435189349981933],
          [106.455486052561966, 20.434820366507314],
          [106.455184961331028, 20.434406776915125],
          [106.454723621535834, 20.433768314058508],
          [106.45438206624867, 20.433341961641084],
          [106.453746611222797, 20.432542157232149],
          [106.453639571386958, 20.432380257912598],
          [106.453132714333663, 20.431832871813274],
          [106.452808951378316, 20.431555067430203],
          [106.452451384336825, 20.43125956669428],
          [106.452132935984679, 20.431026977086145],
          [106.451727456416336, 20.430731874368846],
          [106.451172348964008, 20.430311270387172],
          [106.450901894572993, 20.430096526989285],
          [106.450670026030863, 20.429908473386739],
          [106.450495920951155, 20.429738006265822],
          [106.450195955005029, 20.429441930125183],
          [106.449937258382207, 20.429162313020704],
          [106.449538672955597, 20.428732630312592],
          [106.449220939524508, 20.428340035885807],
          [106.448856233565621, 20.427782147223699],
          [106.448593240518818, 20.427350159131269],
          [106.448326315329354, 20.426999600054661],
          [106.448122620660428, 20.426738855132147],
          [106.447823089525414, 20.426488121596055],
          [106.447533140406364, 20.426237127145743],
          [106.447117857223958, 20.425905957699577],
          [106.44634066417828, 20.425324388380101],
          [106.445934979181288, 20.424984011691617],
          [106.445616108550226, 20.424724310136725],
          [106.444721751621529, 20.423899514768948],
          [106.444441648719092, 20.42367562543275],
          [106.443710870901569, 20.422930864191642],
          [106.443057288820384, 20.422221596081052],
          [106.442699014721853, 20.421835647700647],
          [106.442514744082615, 20.421611051286369],
          [106.442263238331435, 20.4213597285673],
          [106.441493478485384, 20.420542916573194],
          [106.441270809151703, 20.420300568298451],
          [106.440403961937974, 20.419357896412031],
          [106.440142797779302, 20.419097706334174],
          [106.439885824805103, 20.418783186314069],
          [106.439788991676977, 20.418675397116001],
          [106.43974015505141, 20.418576335539683],
          [106.439710567102409, 20.418486148922252],
          [106.439681908267573, 20.418330999541308],
          [106.439698208819834, 20.418187764885761],
          [106.439811092174224, 20.417960618271348],
          [106.440129080030047, 20.417623276518562],
          [106.440509519891691, 20.417303576274296],
          [106.440957116798472, 20.416992263456102],
          [106.441500966764764, 20.416716379703658],
          [106.442489554142554, 20.416337346703116],
          [106.442881180091319, 20.416180252760483],
          [106.443119721379503, 20.416069687041531],
          [106.443338857843429, 20.415923235834413],
          [106.443600943230976, 20.415758179604659],
          [106.443800564332648, 20.415584606678891],
          [106.443904798620324, 20.415448141222875],
          [106.44411307248663, 20.415174940738076],
          [106.444207290439678, 20.415002331518366],
          [106.444263179149047, 20.414829949704082],
          [106.444388835166549, 20.414421832430424],
          [106.444434467276693, 20.414177263011059],
          [106.444470950204675, 20.413968905746348],
          [106.444438057299735, 20.413534910464005],
          [106.444348003550104, 20.412612916528488],
          [106.444277291225916, 20.412233619806941],
          [106.444093698501987, 20.411556592076927],
          [106.443975426852404, 20.411204791571745],
          [106.443666419975784, 20.410447495821003],
          [106.443431134242161, 20.409888609421493],
          [106.442965369865576, 20.408761671067921],
          [106.442538107463349, 20.407652480415916],
          [106.442404953178823, 20.407255540781829],
          [106.442335524097231, 20.407002889981378],
          [106.442295091458575, 20.406777011061592],
          [106.442225241413496, 20.406479102879658],
          [106.442141883963316, 20.406006587128886],
          [106.442048626230275, 20.405530720259538],
          [106.44195826645543, 20.4050881651056],
          [106.441863442850959, 20.404690997933326],
          [106.441774611898538, 20.404402280545671],
          [106.441588091876952, 20.403933418298237],
          [106.441396192348876, 20.403401180914358],
          [106.441249695271338, 20.403103905961306],
          [106.441035527889809, 20.402752805121658],
          [106.440845568478778, 20.402428786800353],
          [106.440700250382022, 20.40225806922178],
          [106.440478283227137, 20.402088075360592],
          [106.440179653724741, 20.401927658438741],
          [106.439996757282231, 20.401847772401908],
          [106.439890690873767, 20.401776285551627],
          [106.439823033541515, 20.401713515437084],
          [106.439759482606149, 20.401587382318617],
          [106.439748556533374, 20.401442746263719],
          [106.439784191816116, 20.401152999267733],
          [106.439934308752626, 20.40079897746471],
          [106.440018100564401, 20.400535844549179],
          [106.440134502609666, 20.400173067044925],
          [106.440166618228702, 20.399958332111392],
          [106.440214439039565, 20.399484911399298],
          [106.440278394493376, 20.39863409321492],
          [106.440293352526837, 20.398181632074873],
          [106.440393968601128, 20.396996971751548],
          [106.440501034779473, 20.395630130442118],
          [106.440618533003814, 20.394344600059764],
          [106.440755179591662, 20.393067945396858],
          [106.440872495415306, 20.391773382099046],
          [106.440950410813642, 20.391383729523969],
          [106.441052603109327, 20.391039227504734],
          [106.441173377579901, 20.390622027965613],
          [106.441399366337322, 20.389670313897238],
          [106.441444313152587, 20.389362330968485],
          [106.441668785242172, 20.38824783449974],
          [106.441940988345337, 20.387114874907546],
          [106.442194025769794, 20.385981892766836],
          [106.442476054416474, 20.384875953550321],
          [106.442758079542386, 20.383770013984286],
          [106.442827152855813, 20.383470865271377],
          [106.442854714880212, 20.383343979048444],
          [106.442853873582834, 20.383253554565965],
          [106.442862359411535, 20.383135860254225],
          [106.442832188702781, 20.382982349274027],
          [106.442664530651314, 20.382468069005405],
          [106.442647374007393, 20.382374617510393],
          [106.442646700092325, 20.382302169508833],
          [106.44265320363462, 20.382249446848192],
          [106.44268065300237, 20.382203145848273],
          [106.442749388960721, 20.382084049780158],
          [106.442859471834325, 20.38189866266341],
          [106.443081013600732, 20.381686154492836],
          [106.443253968345317, 20.381513527146105],
          [106.443378676801402, 20.381407067196353],
          [106.443478845998399, 20.381288975550323],
          [106.44355420440651, 20.381130074319746],
          [106.443635785913585, 20.380898667997311],
          [106.443682960292961, 20.380707115808875],
          [106.443730222075288, 20.380535257246486],
          [106.443834302790648, 20.380086123262192],
          [106.443990689110208, 20.379636556268395],
          [106.444292990261744, 20.378724318829615],
          [106.444588329348164, 20.377805543710895],
          [106.44488347451761, 20.376886860130458],
          [106.445178711480622, 20.375968085040398],
          [106.44545293890917, 20.375036293794771],
          [106.445720013098494, 20.374097966565273],
          [106.445981565438615, 20.373317872031624],
          [106.446243149719933, 20.372531182012242],
          [106.446504636640668, 20.371744582820501],
          [106.446766216947196, 20.370957982534321],
          [106.447048581037876, 20.370171119249481],
          [106.447249836282325, 20.369655228807169],
          [106.447365388331335, 20.369318111277341],
          [106.447647384905139, 20.368471896144797],
          [106.447901804844889, 20.367678758961045],
          [106.448149201611145, 20.366872399605501],
          [106.448368503110657, 20.366053173645078],
          [106.448559831985023, 20.365234179604126],
          [106.448779129555021, 20.36441495325035],
          [106.449054206626997, 20.363588488056326],
          [106.4493922155186, 20.362761680684756],
          [106.449658817248306, 20.362146412232981],
          [106.449816648823344, 20.361855016233591],
          [106.44994707184506, 20.361603507503329],
          [106.450050350930496, 20.361450966972278],
          [106.450242713098888, 20.361113209865199],
          [106.450410894377924, 20.360801942732973],
          [106.450472437741738, 20.360663028867627],
          [106.450513372498051, 20.360563765269493],
          [106.450567676840734, 20.360398531924606],
          [106.450608152798694, 20.3602399180253],
          [106.45065765409781, 20.359929727117709],
          [106.450676256842073, 20.359685651597708],
          [106.450657530044552, 20.359178180589723],
          [106.45062328663299, 20.358117137828952],
          [106.450560978467948, 20.357056237730792],
          [106.450587839458606, 20.356568172515129],
          [106.450621016134207, 20.356376825412173],
          [106.450702267541203, 20.356112354289273],
          [106.450900629042977, 20.355299894569459],
          [106.451135058507205, 20.354605843178696],
          [106.451223088163502, 20.354308341018278],
          [106.451382421112228, 20.353799390019375],
          [106.451429115165283, 20.353568361027655],
          [106.45145569379423, 20.353429647168458],
          [106.451673949901078, 20.352491718222637],
          [106.451885054305663, 20.351547253600337],
          [106.45196621411786, 20.351263178732676],
          [106.452087997064766, 20.350846868027073],
          [106.452188864320675, 20.350437235724613],
          [106.452349948735559, 20.349737197939699],
          [106.452596005841613, 20.348792441950117],
          [106.452813969601763, 20.347834729537027],
          [106.453059925839298, 20.34688997384615],
          [106.45334083827052, 20.345944927042609],
          [106.453621781738235, 20.344993284709027],
          [106.453874659651461, 20.344041875578956],
          [106.454113524798544, 20.343077483315472],
          [106.454359378109814, 20.342112942268052],
          [106.454577139155177, 20.341135445006795],
          [106.454808880859801, 20.340157831108748],
          [106.455054507182467, 20.339180101331905],
          [106.455341956640225, 20.338188923473876],
          [106.455479397551997, 20.337574723628823],
          [106.455587365200245, 20.337178310713146],
          [106.455805545865104, 20.336246973012315],
          [106.456093232488143, 20.335282081446593],
          [106.456305651387268, 20.334482598995603],
          [106.456424960910027, 20.33415222087611],
          [106.456879406193778, 20.332647414827179],
          [106.457396880350615, 20.330817305802967],
          [106.457469720975809, 20.330475299181096],
          [106.45747651000643, 20.330341266621279],
          [106.457453636145559, 20.330077299768227],
          [106.457384925277566, 20.329745959194312],
          [106.457315524670591, 20.32943296357643],
          [106.45702061783183, 20.327192159612505],
          [106.456602068911977, 20.324060264475762],
          [106.456572654551906, 20.323680443856841],
          [106.456742975968524, 20.321557179564937],
          [106.45679741929132, 20.320907443228911],
          [106.456817701909443, 20.320741588341939],
          [106.456657050935618, 20.320347954585355],
          [106.456007087821831, 20.319644098063065],
          [106.455803685881421, 20.319839754338187],
          [106.455567375555063, 20.320059805461607],
          [106.455251339342439, 20.32024429292958],
          [106.454987464634613, 20.320343424990238],
          [106.454723023736619, 20.320382032676161],
          [106.454180263260724, 20.320398652887359],
          [106.453319651666575, 20.320405807666663],
          [106.452684533017432, 20.320459598409144],
          [106.452321124067083, 20.320535251561576],
          [106.452017375305743, 20.320610498923973],
          [106.451647150155907, 20.320674191897478],
          [106.451356294323574, 20.320725119599256],
          [106.45110472718244, 20.320727207428764],
          [106.450932529725932, 20.320716530581596],
          [106.450759880001058, 20.320657343948316],
          [106.450573467247352, 20.320549757937709],
          [106.450413920995018, 20.320478446828126],
          [106.450029124799087, 20.320396807451431],
          [106.449764342884222, 20.320399002904441],
          [106.449459932455312, 20.32041363220609],
          [106.449129108577679, 20.320440585638519],
          [106.448593726439157, 20.320529852324892],
          [106.448144433801559, 20.320618404464263],
          [106.447734690397596, 20.320706628039176],
          [106.447100018352018, 20.320808908372786],
          [106.446518171817573, 20.320886447569169],
          [106.445559807444255, 20.321051838350595],
          [106.444925018790087, 20.321141915770149],
          [106.444396013868371, 20.321206905577412],
          [106.443807461340228, 20.321284581626355],
          [106.443477308532906, 20.321384244014535],
          [106.443253277126843, 20.321495135701866],
          [106.442819103788096, 20.321789619060546],
          [106.442477306642985, 20.32205903744957],
          [106.44212240597038, 20.322340759429895],
          [106.441714226567612, 20.322598708483106],
          [106.441292795942559, 20.322832373610435],
          [106.440850901750451, 20.323017873582984],
          [106.440402061675655, 20.323167021982439],
          [106.440005616413899, 20.323255028090415],
          [106.439701535220678, 20.323306045748225],
          [106.439317616442139, 20.323309206588963],
          [106.439026189658051, 20.323299499570435],
          [106.438602208990162, 20.323278776951586],
          [106.43817742812621, 20.323161123102526],
          [106.437898192379549, 20.323030075166251],
          [106.437532193297244, 20.32282701492959],
          [106.436294050418979, 20.32210993789084],
          [106.435122635001989, 20.32144090774505],
          [106.434462581723025, 20.32108739521642],
          [106.43473828105067, 20.320378568899393],
          [106.435760044761409, 20.318291685636108],
          [106.436811975605892, 20.31629064538911],
          [106.436944898393563, 20.31603108507489],
          [106.437942847439203, 20.313912044336082],
          [106.437965014793818, 20.313771832119304],
          [106.437985211030693, 20.313542649310484],
          [106.438522211970536, 20.312334879458909],
          [106.439513119922438, 20.310732825558841],
          [106.440233844187759, 20.309781104079573],
          [106.441104990104677, 20.308817661318081],
          [106.441305511307434, 20.308682574493467],
          [106.440715806726146, 20.305411995718565],
          [106.440397247942954, 20.304038891451832],
          [106.440105486498013, 20.303139860880506],
          [106.439997240261107, 20.302845694832321],
          [106.439883059433754, 20.30239637000879]
        ]
      }
    },
    {
      "type": "Feature",
      "properties": {
        "ID": "TBI341029hmchin",
        "Ten_duong": "Tỉnh lộ 219",
        "Thuoc_huyen": "H. Thái Thụy",
        "Thuoc_tinh": "Thái Bình",
        "Cap_duong": "Tỉnh lộ",
        "Loai_duong": "",
        "Chieu_dai": "8.40872",
        "Gap_de": "F",
        "Tin_khac": "",
        "layer": "TBI_Tinhlo",
        "path": "D:/_Project/4.HungYen/De/De Thai Binh/BD Thai Binh/TBI_Tinhlo.TAB"
      },
      "geometry": {
        "type": "LineString",
        "coordinates": [
          [106.514114356063288, 20.477384270794303],
          [106.513968931188927, 20.477599367980769],
          [106.513646222268562, 20.478133908949925],
          [106.513369081746632, 20.478652424034124],
          [106.513225334087579, 20.478911681360525],
          [106.513046650899923, 20.479284165324295],
          [106.512925023934642, 20.47972679661666],
          [106.512712071091258, 20.480388118284633],
          [106.512483022066405, 20.481011457240083],
          [106.512279856371393, 20.481615328647045],
          [106.51213760147246, 20.482037090308037],
          [106.512067829952187, 20.482342317342557],
          [106.512013037087343, 20.482649943448095],
          [106.511926645891748, 20.482990817921802],
          [106.51184614770834, 20.483306978800538],
          [106.511757639864541, 20.483647148923449],
          [106.511688524479879, 20.484068364108815],
          [106.511608305134487, 20.484413069277082],
          [106.511581214322845, 20.484769327051453],
          [106.511551168567351, 20.485127326950373],
          [106.511565189746136, 20.48541348601945],
          [106.511623376326753, 20.485637830901481],
          [106.511705405540866, 20.486025479983226],
          [106.511889089379281, 20.486504388904841],
          [106.512077754362565, 20.486924082821581],
          [106.512307515864677, 20.487535928788756],
          [106.512512939930218, 20.487953488694711],
          [106.512628520113665, 20.488320789851823],
          [106.512760684374669, 20.488687856100576],
          [106.512966509468029, 20.489136217001622],
          [106.513104532524167, 20.489523738538139],
          [106.51328812802538, 20.489992708941756],
          [106.51345474719713, 20.490441320314947],
          [106.513513548820683, 20.490737567778371],
          [106.513572951905118, 20.491095059032396],
          [106.513565044188695, 20.491422422041918],
          [106.513556096935957, 20.491673187594937],
          [106.513533652397015, 20.493371463871746],
          [106.51347373884542, 20.494671134591737],
          [106.513370196959372, 20.495521122381565],
          [106.513201521911327, 20.497149125083244],
          [106.512963421546544, 20.498532194398148],
          [106.512868888089002, 20.499167280006684],
          [106.51280409913133, 20.500000036496768],
          [106.512702088056372, 20.500820921683264],
          [106.512158442027129, 20.5039267743017],
          [106.511763741292739, 20.506598700399405],
          [106.511552323998131, 20.507703385427167],
          [106.510524219461274, 20.50754259227627],
          [106.509403286251896, 20.507390008000787],
          [106.508281995344163, 20.507210498776956],
          [106.50785062650624, 20.50713312376093],
          [106.507333161401505, 20.507056405102499],
          [106.506960545160254, 20.507113753398926],
          [106.505902334332347, 20.507501635490122],
          [106.504987018229002, 20.507834069474256],
          [106.503529956075141, 20.508549890195102],
          [106.502616475652445, 20.509071735200354],
          [106.501760584722746, 20.50961990772602],
          [106.501189733966683, 20.509949522010682],
          [106.500000012998214, 20.510473653236524],
          [106.492836210486828, 20.514134418809238],
          [106.489538109141805, 20.5157867781124],
          [106.488628713698844, 20.516264704616081],
          [106.488429932320329, 20.516333892966113],
          [106.486501899611412, 20.517309276318901],
          [106.483854064675995, 20.518620894947755],
          [106.484147229308888, 20.519150751898326],
          [106.485533088817391, 20.521519669121179],
          [106.486327919818123, 20.522986911904848],
          [106.486855487673608, 20.523935821408685],
          [106.488074730447224, 20.526270999457633],
          [106.489356158700289, 20.528418451391079],
          [106.490573194990532, 20.53050799620868],
          [106.491679180624956, 20.532445723933069],
          [106.491699472009572, 20.532481232919785]
        ]
      }
    },
    {
      "type": "Feature",
      "properties": {
        "ID": "TBI342029hhmot",
        "Ten_duong": "Tỉnh lộ 221D",
        "Thuoc_huyen": "H. Tiền Hải",
        "Thuoc_tinh": "Thái Bình",
        "Cap_duong": "Tỉnh lộ",
        "Loai_duong": "",
        "Chieu_dai": "8.31311",
        "Gap_de": "F",
        "Tin_khac": "",
        "layer": "TBI_Tinhlo",
        "path": "D:/_Project/4.HungYen/De/De Thai Binh/BD Thai Binh/TBI_Tinhlo.TAB"
      },
      "geometry": {
        "type": "LineString",
        "coordinates": [
          [106.515479503485494, 20.442348375167224],
          [106.517138142519627, 20.442044296829714],
          [106.517494654355389, 20.441944435797499],
          [106.517790553237859, 20.441860008582282],
          [106.518048376736346, 20.441685123167485],
          [106.518483500165573, 20.44149974678707],
          [106.518760657613882, 20.441400395062658],
          [106.519077393973106, 20.441300697398592],
          [106.519421486286717, 20.441273482533564],
          [106.519759465031541, 20.44130684695056],
          [106.520409211711396, 20.441398103767533],
          [106.520899827708931, 20.441466448109065],
          [106.521914100906145, 20.441590828614682],
          [106.522590179494244, 20.441669651194271],
          [106.523292566881778, 20.441724120537376],
          [106.524127778264784, 20.441825844816041],
          [106.525055995476748, 20.441950870134345],
          [106.525493355779446, 20.441983352192089],
          [106.525950339358289, 20.442003646103387],
          [106.526771251251489, 20.44199644503103],
          [106.527565487854048, 20.441937620317123],
          [106.527782499296194, 20.441930475452669],
          [106.52873624911436, 20.441845943918565],
          [106.532500653028109, 20.441558439409967],
          [106.534789765201936, 20.441368699909766],
          [106.535674121419049, 20.441352224978331],
          [106.536146590544405, 20.441320411312891],
          [106.537769245076746, 20.441172469572937],
          [106.538610068977476, 20.441077138457029],
          [106.539163091214377, 20.441050205318607],
          [106.539812452694079, 20.441044460301292],
          [106.541305675576623, 20.441229169678547],
          [106.543570867992742, 20.441602509867561],
          [106.54682303664606, 20.442147542685436],
          [106.549450177088318, 20.442590579133274],
          [106.552088421994, 20.443116947435563],
          [106.554064651045024, 20.443495345045697],
          [106.555848457908098, 20.443761525515583],
          [106.558461772212524, 20.444226136862021],
          [106.560344313357376, 20.444597079902806],
          [106.56088637531316, 20.444680205677244],
          [106.562210947851696, 20.444844293183294],
          [106.563487510594129, 20.445008892222173],
          [106.56423398880473, 20.44509017024275],
          [106.565595142491247, 20.445297986925326],
          [106.567245523184312, 20.445569042870474],
          [106.568317904021498, 20.44575748714173],
          [106.56978726273681, 20.445964204529034],
          [106.570534641865862, 20.446133524954341],
          [106.57328341226642, 20.446424594897614],
          [106.573353656606571, 20.446442568923526],
          [106.575247787794098, 20.44642208590809],
          [106.578421836178563, 20.446554837868987],
          [106.582886642760485, 20.446738123891802],
          [106.585860206496946, 20.447199218090251],
          [106.587372760696923, 20.44750295363535],
          [106.591281879951296, 20.448122625414296],
          [106.592651167505082, 20.448277847759318],
          [106.594201821804859, 20.448435823561322]
        ]
      }
    },
    {
      "type": "Feature",
      "properties": {
        "ID": "TBI342029bchinb",
        "Ten_duong": "Tỉnh lộ 39B",
        "Thuoc_huyen": "H. Tiền Hải",
        "Thuoc_tinh": "Thái Bình",
        "Cap_duong": "Tỉnh lộ",
        "Loai_duong": "",
        "Chieu_dai": "10.3157",
        "Gap_de": "F",
        "Tin_khac": "",
        "layer": "TBI_Tinhlo",
        "path": "D:/_Project/4.HungYen/De/De Thai Binh/BD Thai Binh/TBI_Tinhlo.TAB"
      },
      "geometry": {
        "type": "LineString",
        "coordinates": [
          [106.501870480316668, 20.406625144380939],
          [106.502124343582949, 20.406371723279353],
          [106.502704644356143, 20.405799932861711],
          [106.503844459940638, 20.404638639064785],
          [106.504019807094679, 20.404450846777248],
          [106.504509668535931, 20.403911540476901],
          [106.505000118402805, 20.403413422447361],
          [106.505267609193069, 20.403143528197973],
          [106.505434585473125, 20.402913076605387],
          [106.505734931670432, 20.402543705714567],
          [106.505935166988408, 20.402294717880157],
          [106.50608987651853, 20.402005109374095],
          [106.506177534165872, 20.401757094114426],
          [106.506176256033285, 20.401566489944987],
          [106.506173330279438, 20.401324677815325],
          [106.506233171458447, 20.400541463836781],
          [106.5062961123771, 20.400067272659378],
          [106.506428198969971, 20.399757171820657],
          [106.506639744741904, 20.399528773229385],
          [106.507042314007549, 20.399257528345515],
          [106.508880436844436, 20.39845902019665],
          [106.511928932537614, 20.397155665545938],
          [106.514483955118209, 20.396021235475491],
          [106.516501409378535, 20.395159210768156],
          [106.517330317735372, 20.394760741394879],
          [106.517710647297349, 20.394530771057536],
          [106.517911565744171, 20.394364334439842],
          [106.518111973473452, 20.394136020077461],
          [106.518266949073933, 20.393866906740449],
          [106.518443737900441, 20.393535902005951],
          [106.51859830791534, 20.393225507189857],
          [106.518909477304334, 20.39283153987904],
          [106.519133202895134, 20.392685410189969],
          [106.519492117013314, 20.392558699305763],
          [106.520144017922533, 20.392470627855428],
          [106.521854692833813, 20.392476301504075],
          [106.524556697259257, 20.392576278641371],
          [106.528328175761942, 20.392708036330333],
          [106.531210087578003, 20.392785735524477],
          [106.534688780244181, 20.392899328940779],
          [106.536445389077997, 20.392986752647161],
          [106.538179185636082, 20.393053853059094],
          [106.539585859482699, 20.393041436908366],
          [106.542118369976848, 20.393102075365373],
          [106.544558713218677, 20.39318228370702],
          [106.54589774732284, 20.393170415762647],
          [106.548724342033879, 20.393263943085213],
          [106.549107970729736, 20.393264057998046],
          [106.551526274666045, 20.393305699703564],
          [106.552798273178865, 20.393335569150555],
          [106.557682896028609, 20.3933537863042],
          [106.562461040939553, 20.393474088721732],
          [106.564583202469223, 20.393498057347916],
          [106.565373308667589, 20.393579043653073],
          [106.56878400095745, 20.393789766840598],
          [106.57067455638996, 20.393772744493859],
          [106.571676069062747, 20.393763718680912],
          [106.571969065618589, 20.393802270689079],
          [106.572352743754564, 20.393901885143819],
          [106.572645740658714, 20.393940435985499],
          [106.573320952336076, 20.393934343808343],
          [106.574154497761967, 20.394009116302808],
          [106.574627506827568, 20.394046038282085],
          [106.574920922851405, 20.394125775050142],
          [106.575312798344598, 20.394296403835767],
          [106.575498540689196, 20.39447205647328],
          [106.575685757688774, 20.394755015657058],
          [106.575758023210895, 20.395049492736522],
          [106.575807640283344, 20.39539684082904],
          [106.575824484373371, 20.395913234223983],
          [106.575888557583269, 20.39766320070698],
          [106.575985490231631, 20.399826882875498],
          [106.576060217122276, 20.400871583681145],
          [106.576082185159407, 20.401128483306991],
          [106.576151374395664, 20.401251980248606],
          [106.576229513017864, 20.40131333490222],
          [106.576336325557676, 20.401330074856396],
          [106.576501208189924, 20.401328583487622],
          [106.577130514100318, 20.401243122678498],
          [106.578428019676423, 20.401071751779327],
          [106.579115568339148, 20.400994699754829],
          [106.5800550947841, 20.400897474223378],
          [106.581125055226664, 20.4007564216083],
          [106.58173490557914, 20.400671030586967],
          [106.582383838377908, 20.400594135619208],
          [106.582852960476771, 20.400492402751201],
          [106.583026883072478, 20.400428671655604],
          [106.583277587455726, 20.400293328784922],
          [106.58342175061567, 20.400167806489701],
          [106.583517436125391, 20.400042724528056],
          [106.583535882180328, 20.399953846521701],
          [106.58354456143276, 20.399856204274826],
          [106.583523394746379, 20.399678885405269],
          [106.583473195767624, 20.39951086393183],
          [106.58331536749661, 20.399246076081404],
          [106.583211171678684, 20.399016483820787],
          [106.583121361085531, 20.398760021216546],
          [106.583011377215854, 20.398432737260215],
          [106.582940733537384, 20.398167247461107],
          [106.58283156621421, 20.397919813391137],
          [106.582637200687287, 20.397398258742868],
          [106.582517174925812, 20.397044416207645]
        ]
      }
    },
    {
      "type": "Feature",
      "properties": {
        "ID": "TBI338029hmbay",
        "Ten_duong": "Tỉnh lộ 217",
        "Thuoc_huyen": "H. Quỳnh Phụ",
        "Thuoc_tinh": "Thái Bình",
        "Cap_duong": "Tỉnh lộ",
        "Loai_duong": "",
        "Chieu_dai": "12.9439",
        "Gap_de": "F",
        "Tin_khac": "",
        "layer": "TBI_Tinhlo",
        "path": "D:/_Project/4.HungYen/De/De Thai Binh/BD Thai Binh/TBI_Tinhlo.TAB"
      },
      "geometry": {
        "type": "MultiLineString",
        "coordinates": [
          [
            [106.301370416427787, 20.689688567666742],
            [106.301466001681504, 20.688649001294245],
            [106.301570922082789, 20.686891866794642],
            [106.301674320877837, 20.68614955722375],
            [106.303050049974118, 20.685005637276451],
            [106.304679246630272, 20.683642696400081],
            [106.307838923406621, 20.680901078606436],
            [106.308449323588505, 20.680346172577746],
            [106.310893985612495, 20.678309357472958],
            [106.312826406047805, 20.676669580085335],
            [106.313274179564502, 20.676296038542343],
            [106.315473049495509, 20.674402420689937],
            [106.318046333950534, 20.67228656507822],
            [106.320676902669305, 20.670098684398816],
            [106.321969722401164, 20.669046504727302],
            [106.323233886721169, 20.667990560904119],
            [106.323335961682602, 20.66790630184785],
            [106.323658693339027, 20.667475966427823],
            [106.325169303499109, 20.663860452602929],
            [106.325426447819893, 20.663173866947286],
            [106.325664207348098, 20.662399527419076],
            [106.325661229947926, 20.662056341961133],
            [106.325676967774683, 20.661712922315051],
            [106.325666047682205, 20.661538465951043],
            [106.325652727139087, 20.661441360582199],
            [106.325607974875155, 20.661350188293689],
            [106.324855860768864, 20.65991411148649],
            [106.324273944476161, 20.658954813085071],
            [106.323602321740253, 20.657766280519738],
            [106.322867793711481, 20.656561152418735],
            [106.322133372853315, 20.655355929326216],
            [106.321461487821765, 20.654133148848938],
            [106.321210713453112, 20.653758343271051],
            [106.321234949634459, 20.65374180579558],
            [106.321484211393056, 20.653497509490656],
            [106.322118769495134, 20.652846251887659],
            [106.322848419927297, 20.652181796007174],
            [106.323754177668036, 20.651416610323363],
            [106.324045015415294, 20.651186265704844],
            [106.324490049848009, 20.65068533764725],
            [106.325124483637055, 20.650033619167832],
            [106.325690546356782, 20.649345293265831],
            [106.326195331071062, 20.648663489494304],
            [106.326451599328266, 20.648387874499853],
            [106.326721039830502, 20.648037625858681],
            [106.327203161649493, 20.647101048924124],
            [106.327625950825919, 20.646395027938745],
            [106.328134994347877, 20.645421020810751],
            [106.329182643808608, 20.643508550385373],
            [106.330027135159114, 20.642185855483635],
            [106.330752037867683, 20.640974295855781],
            [106.332033131934764, 20.638720957800182],
            [106.333201191834362, 20.63677121963774],
            [106.334341562031184, 20.634796934872242],
            [106.334891610187952, 20.633834880020032],
            [106.335865112006218, 20.632241221475233],
            [106.336683564142618, 20.630829170724354],
            [106.337441933759905, 20.629560592856482],
            [106.337724507824746, 20.629160358699185],
            [106.340509400419975, 20.624480206625453],
            [106.341031690819435, 20.623468842826927],
            [106.341434697392671, 20.622819138360242],
            [106.341555692485343, 20.622631643190527],
            [106.341792382274946, 20.622451289826127],
            [106.342103805890588, 20.62222500407535],
            [106.34222524775025, 20.622099569759424],
            [106.342265360684323, 20.622012168718225],
            [106.342304927970119, 20.621862526480569],
            [106.342341782043604, 20.621414326006299],
            [106.342365869977428, 20.621053314101577],
            [106.342527302210684, 20.620815725874543],
            [106.342957337207494, 20.620152889413486],
            [106.343709998071333, 20.618977925844174],
            [106.344267662341366, 20.618098177302439],
            [106.345300874608299, 20.616310586133004],
            [106.346758593552977, 20.613990821907798],
            [106.347410278409924, 20.612971476642382],
            [106.348325145180382, 20.611503878959343],
            [106.349713996274005, 20.609109917600975],
            [106.351211921585616, 20.606740028267151],
            [106.351617252228067, 20.60590643969449],
            [106.35180662394346, 20.60543491170592],
            [106.351909029247537, 20.604687437669906],
            [106.351950292591383, 20.603959232741953],
            [106.351975454035525, 20.603722521669258],
            [106.352028192755824, 20.603522996359153],
            [106.35210830276128, 20.603348191261901],
            [106.352310133488004, 20.603060410536091],
            [106.352660079958028, 20.602584734800303]
          ],
          [
            [106.3584756372057, 20.597872460915742],
            [106.360658791549398, 20.595994805718284],
            [106.361469793490087, 20.595291619767426],
            [106.363733614468458, 20.593301270437706],
            [106.366091627204625, 20.591185840325878]
          ],
          [
            [106.367219559896654, 20.590137823040873],
            [106.368173827155559, 20.590229834146623]
          ]
        ]
      }
    },
    {
      "type": "Feature",
      "properties": {
        "ID": "TBI340029hmbay",
        "Ten_duong": "Tỉnh lộ 217",
        "Thuoc_huyen": "H. Đông Hưng",
        "Thuoc_tinh": "Thái Bình",
        "Cap_duong": "Tỉnh lộ",
        "Loai_duong": "",
        "Chieu_dai": "0.965922",
        "Gap_de": "F",
        "Tin_khac": "",
        "layer": "TBI_Tinhlo",
        "path": "D:/_Project/4.HungYen/De/De Thai Binh/BD Thai Binh/TBI_Tinhlo.TAB"
      },
      "geometry": {
        "type": "MultiLineString",
        "coordinates": [
          [
            [106.352660079958028, 20.602584734800303],
            [106.353409242499993, 20.601813498268843],
            [106.354261728502351, 20.60117217380126],
            [106.355614987270201, 20.600166005693321],
            [106.356622746541944, 20.599367884901181],
            [106.3584756372057, 20.597872460915742]
          ],
          [
            [106.367219559896654, 20.590137823040873],
            [106.366091627204625, 20.591185840325878]
          ]
        ]
      }
    },
    {
      "type": "Feature",
      "properties": {
        "ID": "TBI341029bchinb",
        "Ten_duong": "Tỉnh lộ 39B",
        "Thuoc_huyen": "H. Thái Thụy",
        "Thuoc_tinh": "Thái Bình",
        "Cap_duong": "Tỉnh lộ",
        "Loai_duong": "",
        "Chieu_dai": "8.58059",
        "Gap_de": "F",
        "Tin_khac": "",
        "layer": "TBI_Tinhlo",
        "path": "D:/_Project/4.HungYen/De/De Thai Binh/BD Thai Binh/TBI_Tinhlo.TAB"
      },
      "geometry": {
        "type": "LineString",
        "coordinates": [
          [106.565729742934167, 20.56153698326694],
          [106.565675647920443, 20.561602965610202],
          [106.565346371513627, 20.562120674178882],
          [106.565060765053332, 20.562716669763645],
          [106.564760010184315, 20.563285249518774],
          [106.564503990478499, 20.563735356112502],
          [106.564054392474873, 20.564485228005914],
          [106.563594958511032, 20.565371684744427],
          [106.563256251475053, 20.566057408912688],
          [106.563037218211107, 20.566514045245935],
          [106.562731884388015, 20.567133612663437],
          [106.562370288976325, 20.567767057038942],
          [106.561889012421574, 20.568695713179615],
          [106.561494909543782, 20.569434509572559],
          [106.561167311876972, 20.570120220494591],
          [106.560795432701312, 20.570837857292769],
          [106.560432967575778, 20.571387294038669],
          [106.560115741140081, 20.571999466988068],
          [106.559771114445681, 20.572719024383222],
          [106.559780239868928, 20.573617148935131],
          [106.559728360033247, 20.576337349615891],
          [106.559658987469945, 20.577336092405019],
          [106.559452335312045, 20.577861900918794],
          [106.559165345275517, 20.57828870261687],
          [106.558614504066227, 20.578842543623935],
          [106.558010460075735, 20.579372019791251],
          [106.557484312161876, 20.579751016529293],
          [106.556851508993219, 20.580056173510133],
          [106.556324788130993, 20.580360283893022],
          [106.555720223644826, 20.580839801804657],
          [106.555064634164239, 20.581519327842358],
          [106.554513610711169, 20.582048316373065],
          [106.554067468200671, 20.58247654040845],
          [106.55388432907904, 20.582702759747761],
          [106.553731957927781, 20.583352828695759],
          [106.553713219762841, 20.584126451110137],
          [106.553638850942619, 20.584626223591805],
          [106.553535131767134, 20.584851729467424],
          [106.553272373405107, 20.585078572893877],
          [106.5526667836223, 20.585450049136917],
          [106.552139771712064, 20.585737528907337],
          [106.551841458149696, 20.585939756665148],
          [106.551772710547127, 20.586123393506835],
          [106.551793893579543, 20.586472531741734],
          [106.552017230006356, 20.587601712017392],
          [106.552407282293458, 20.589477826678678],
          [106.552811365353534, 20.591004666333717],
          [106.552923594128416, 20.591619115466749],
          [106.552965463065235, 20.592267439712913],
          [106.553059816489665, 20.594612066371308],
          [106.553053284372751, 20.595709973543098],
          [106.552989083561414, 20.596342718557715],
          [106.55285627603422, 20.597192252685407],
          [106.552727533575862, 20.598424321384915],
          [106.552564438113691, 20.599779012765275],
          [106.552484341818243, 20.600595010441221],
          [106.552375440690668, 20.602043525241903],
          [106.552173314138798, 20.604774015504368],
          [106.552096120219574, 20.607619825838],
          [106.55198487408326, 20.610599005375494],
          [106.552071759776027, 20.612195446621257],
          [106.552246341706223, 20.612418542928513],
          [106.552621732699095, 20.612839476368134],
          [106.552677725988119, 20.613138435276028],
          [106.55269872048784, 20.615209637935422],
          [106.552792928846515, 20.616656325923309],
          [106.552886633475083, 20.618053062599685],
          [106.553004543778769, 20.619225007627069],
          [106.552988343498654, 20.620248381886189],
          [106.552884193305019, 20.620424026644717],
          [106.551932466191232, 20.620682175254434],
          [106.550373126657831, 20.621145323598345],
          [106.549128552563104, 20.621281331755579],
          [106.54806902740755, 20.621365717412488],
          [106.546584164437832, 20.621329061184746],
          [106.545072821460465, 20.621292719304506],
          [106.544596191753925, 20.621346846657623],
          [106.544279046719097, 20.621449593094809],
          [106.544122330738446, 20.621675568281358],
          [106.544003671360471, 20.62304927867336],
          [106.543808645904619, 20.624748066600205],
          [106.543737157796571, 20.625547272276304],
          [106.543501904925179, 20.625873950487364],
          [106.543344428750117, 20.62602504374102],
          [106.542822390652674, 20.626354735050231]
        ]
      }
    },
    {
      "type": "Feature",
      "properties": {
        "ID": "TBI339029hhba",
        "Ten_duong": "Tỉnh lộ 223",
        "Thuoc_huyen": "H. Hưng Hà",
        "Thuoc_tinh": "Thái Bình",
        "Cap_duong": "Tỉnh lộ",
        "Loai_duong": "",
        "Chieu_dai": "9.21991",
        "Gap_de": "F",
        "Tin_khac": "",
        "layer": "TBI_Tinhlo",
        "path": "D:/_Project/4.HungYen/De/De Thai Binh/BD Thai Binh/TBI_Tinhlo.TAB"
      },
      "geometry": {
        "type": "LineString",
        "coordinates": [
          [106.203459421779243, 20.520365514019971],
          [106.203067540460623, 20.52098737609456],
          [106.202811032606462, 20.521346836273455],
          [106.202472212927447, 20.521837869007523],
          [106.202280023993083, 20.522144572031944],
          [106.202171129007255, 20.522433351097916],
          [106.202108210392538, 20.522678083820708],
          [106.20207303471507, 20.522914041353243],
          [106.202108187277702, 20.523264612792023],
          [106.20218494754134, 20.523613359935691],
          [106.202289068265657, 20.523891989263561],
          [106.202468110996236, 20.524283845187334],
          [106.202660375927152, 20.524588063557704],
          [106.202969278999348, 20.525005128436447],
          [106.203641549396636, 20.525690258579782],
          [106.20464409986208, 20.52655658533844],
          [106.205622906784356, 20.52735323313312],
          [106.206094332247986, 20.52781279903866],
          [106.206290801417751, 20.528064582707682],
          [106.206394153598652, 20.528256030213036],
          [106.206516520792533, 20.528499655816738],
          [106.206583129406042, 20.528726232455909],
          [106.206636243491957, 20.52900530376294],
          [106.206629570126566, 20.529328428286746],
          [106.20660401853965, 20.529616810519176],
          [106.206265744203108, 20.530177955356688],
          [106.20570201581873, 20.53095045134144],
          [106.20547345007985, 20.53132751942529],
          [106.205272735620184, 20.531721830468335],
          [106.205141345090979, 20.532089549427656],
          [106.205042409088747, 20.53247438922071],
          [106.205034365628492, 20.532622974321789],
          [106.20504487139867, 20.53278877697878],
          [106.20507357201295, 20.532902052363145],
          [106.205139634509209, 20.533058885970313],
          [106.20541484602748, 20.533310122929691],
          [106.205964000237813, 20.533638145726872],
          [106.206576864418238, 20.533834721355106],
          [106.207541382165587, 20.533976535477262],
          [106.207898637305348, 20.534061321271107],
          [106.208279814702252, 20.534224540728825],
          [106.208717660367299, 20.534544566487906],
          [106.209337632989119, 20.535046723310849],
          [106.209962900159098, 20.53563620541513],
          [106.211009814186752, 20.536825257870412],
          [106.211586342454893, 20.537703187321021],
          [106.2117421742239, 20.538077576115469],
          [106.211809208889861, 20.538356638044974],
          [106.211829300342387, 20.538557246399289],
          [106.211830814281441, 20.538749401749314],
          [106.211786141981662, 20.538959226405282],
          [106.211731437625687, 20.539064410171726],
          [106.21162110725318, 20.539169982745989],
          [106.211031607804074, 20.539593307702873],
          [106.210676990899486, 20.539857697969691],
          [106.210438229658564, 20.540121368893434],
          [106.210346915337198, 20.540279118263943],
          [106.210255341482707, 20.540428286532045],
          [106.210118500986511, 20.540699918611001],
          [106.209974307980261, 20.541207405030129],
          [106.20979948374918, 20.541942235034021],
          [106.209721084005707, 20.54257140981316],
          [106.209745638787737, 20.543924802243406],
          [106.209711983650081, 20.544572366210012],
          [106.209674495170162, 20.544903384555774],
          [106.209538020314199, 20.54520988725718],
          [106.209002374262354, 20.546008398693736],
          [106.208857253643288, 20.546411089377749],
          [106.208667206862614, 20.546979968560159],
          [106.208582523288612, 20.547408437824533],
          [106.208522079845736, 20.547967739672977],
          [106.208490686496532, 20.548684040889995],
          [106.208454661469403, 20.549409047573988],
          [106.208401805007227, 20.549750020528588],
          [106.208329242494571, 20.549951365674314],
          [106.208130915998623, 20.550651303718059],
          [106.208120234222775, 20.551061819934741],
          [106.208130842312272, 20.551227711503547],
          [106.208141243089813, 20.551367223492193],
          [106.208500431333206, 20.552290403057672],
          [106.208921561797197, 20.553405224803395],
          [106.209185864403011, 20.554032097460045],
          [106.209690330027186, 20.555155098539085],
          [106.209859439625561, 20.555459557659269],
          [106.210529202480402, 20.556389235484204],
          [106.210781515747271, 20.556649475011422],
          [106.210958392125406, 20.556770476506003],
          [106.211483674520807, 20.557002606123522],
          [106.213732694561557, 20.55787758078883],
          [106.216106859133689, 20.558769083148015],
          [106.21635379389663, 20.558941987401429],
          [106.216540561417133, 20.559124077416982],
          [106.216671419395936, 20.559271596184814],
          [106.217849318726778, 20.560608112669932],
          [106.219369432121596, 20.562431161126323],
          [106.219645111326528, 20.562743622385913],
          [106.220935929582112, 20.564280157817606],
          [106.22239041256509, 20.566007601378292],
          [106.222722878101152, 20.566450566717677],
          [106.222845348704723, 20.566711793959502],
          [106.222921026273042, 20.566903243530984],
          [106.222950096591717, 20.567060329606772],
          [106.222956006476849, 20.567802475548049],
          [106.222929842269892, 20.568588575160362],
          [106.222922554136915, 20.568841864837335],
          [106.222942346348773, 20.56899025289481],
          [106.223113584311136, 20.569556593098525],
          [106.223204843292862, 20.569957623996888],
          [106.223190294181506, 20.570455439562796],
          [106.222977188451125, 20.571618425444509],
          [106.222755246580604, 20.573418860095089],
          [106.222587965996652, 20.575096670981349],
          [106.222498733700704, 20.576118926524494],
          [106.222487424609426, 20.577035830991143],
          [106.222637542602612, 20.579008364346965],
          [106.222852237674843, 20.580945477033112],
          [106.222897769150563, 20.581434194348152],
          [106.223011853867732, 20.582952724651527],
          [106.2231700843043, 20.584785434274981],
          [106.223260960337853, 20.586304218051026],
          [106.223342350295951, 20.587788104926833],
          [106.223386772059555, 20.588137065397323],
          [106.223415778223568, 20.588285387800866],
          [106.223462881707448, 20.588381091646887],
          [106.22355639279661, 20.588485230746553],
          [106.224003108019929, 20.588726544829335],
          [106.224588211237176, 20.588888368189071],
          [106.224783329804239, 20.588956823717261],
          [106.224904567332757, 20.589060675381354],
          [106.225143023728492, 20.589329751248851],
          [106.22537511700439, 20.589702949421799]
        ]
      }
    },
    {
      "type": "Feature",
      "properties": {
        "ID": "TBI336029hhba",
        "Ten_duong": "Tỉnh lộ 223",
        "Thuoc_huyen": "TP. Thái Bình",
        "Thuoc_tinh": "Thái Bình",
        "Cap_duong": "Tỉnh lộ",
        "Loai_duong": "",
        "Chieu_dai": "5.90867",
        "Gap_de": "F",
        "Tin_khac": "",
        "layer": "TBI_Tinhlo",
        "path": "D:/_Project/4.HungYen/De/De Thai Binh/BD Thai Binh/TBI_Tinhlo.TAB"
      },
      "geometry": {
        "type": "LineString",
        "coordinates": [
          [106.321355226623226, 20.468182215075306],
          [106.321880003946546, 20.467959864323756],
          [106.322221575309371, 20.467747849694671],
          [106.322832381446716, 20.467362494077289],
          [106.32370692779034, 20.466789562330035],
          [106.323913661802308, 20.466616696304765],
          [106.324480638612201, 20.465984217568874],
          [106.325675212692687, 20.464490494293461],
          [106.32727558214863, 20.462398753190055],
          [106.327949963823016, 20.461551420158315],
          [106.328186201762733, 20.461187970062802],
          [106.328453046158614, 20.460738640056924],
          [106.3287953056481, 20.460007854949122],
          [106.329152683569873, 20.459196276813771],
          [106.329807990697731, 20.457349701665013],
          [106.330007726321298, 20.4569340388882],
          [106.33080200073347, 20.455287050981283],
          [106.331277432701853, 20.454317367790395],
          [106.331708848064721, 20.453446224043944],
          [106.33213560910778, 20.45254719883539],
          [106.332565148527976, 20.451470716526899],
          [106.333699566676131, 20.449392159555753],
          [106.334349250583486, 20.448014857820748],
          [106.33525867933821, 20.446315744307867],
          [106.335966074570521, 20.445119946489477],
          [106.337218825234586, 20.442958248298538],
          [106.338263779022796, 20.440966540836143],
          [106.338711155174551, 20.440131758184346],
          [106.339494361759776, 20.438720437305626],
          [106.340207828605173, 20.437237375547504],
          [106.340939597602784, 20.435600586220882],
          [106.341592539408254, 20.433982470541718],
          [106.342034511765576, 20.432727895661142],
          [106.34215031982616, 20.4323890275463],
          [106.342214291996811, 20.43219547011784],
          [106.34224596534321, 20.432079224769549],
          [106.342269522635135, 20.43195545313618],
          [106.342300756317513, 20.431777506514546],
          [106.342322838185737, 20.431483719658495],
          [106.34232696110297, 20.431020044669339],
          [106.342371198067539, 20.429977048365554],
          [106.342386704546087, 20.428803998024701],
          [106.342380795314781, 20.428244455360549],
          [106.342385451569754, 20.427842209756744],
          [106.342437686167031, 20.426782076538466],
          [106.342526575960449, 20.425682993538455],
          [106.342596848079225, 20.425288011484685],
          [106.34264476333307, 20.425132973758526],
          [106.342724838127879, 20.424818502583449],
          [106.343039627560501, 20.423787422552849],
          [106.343111512410673, 20.423611601507002],
          [106.343276400499377, 20.423197730374255],
          [106.34347712187909, 20.422716638050261],
          [106.343857948376325, 20.42176454969735],
          [106.344319964872483, 20.420693664515163],
          [106.344323622924591, 20.420684511574049]
        ]
      }
    },
    {
      "type": "Feature",
      "properties": {
        "ID": "TBI344029hhba",
        "Ten_duong": "Tỉnh lộ 223",
        "Thuoc_huyen": "H. Vũ Thư",
        "Thuoc_tinh": "Thái Bình",
        "Cap_duong": "Tỉnh lộ",
        "Loai_duong": "",
        "Chieu_dai": "19.3064",
        "Gap_de": "F",
        "Tin_khac": "",
        "layer": "TBI_Tinhlo",
        "path": "D:/_Project/4.HungYen/De/De Thai Binh/BD Thai Binh/TBI_Tinhlo.TAB"
      },
      "geometry": {
        "type": "MultiLineString",
        "coordinates": [
          [
            [106.203179434726678, 20.516271872438278],
            [106.204088040925797, 20.516010792237271],
            [106.204274530104158, 20.515908580980458],
            [106.204635946303242, 20.515623739521445],
            [106.204816732702852, 20.515491391607895],
            [106.205040602698418, 20.515399129138899],
            [106.205275527677117, 20.515347084089502],
            [106.205564275714195, 20.51533495925176],
            [106.205992225764732, 20.515342104031326],
            [106.206323961995423, 20.515370063955068],
            [106.206569863431284, 20.515348206888241],
            [106.206809586734977, 20.515235504013521],
            [106.207075290599434, 20.515011765107399],
            [106.207350689337972, 20.514666984602751],
            [106.20762561295183, 20.514261765302905],
            [106.207824536085027, 20.513715772971338],
            [106.20792285903228, 20.51329154487296],
            [106.208100808387982, 20.512785992735605],
            [106.208417307432697, 20.512229243092207],
            [106.208676113946083, 20.511824044213597],
            [106.208920267804928, 20.511580305629856],
            [106.209047934285323, 20.511498646568601],
            [106.210562451647661, 20.510943661169371],
            [106.211075049290201, 20.51083916782714],
            [106.211978646070548, 20.510812712304183],
            [106.213101778922976, 20.510814983573088],
            [106.213476596564576, 20.510859433429495],
            [106.216223082218391, 20.509799689899381],
            [106.216590651430181, 20.509618679874052],
            [106.217549602015112, 20.509244517057052],
            [106.218756880923593, 20.508805995570587],
            [106.219711416323491, 20.508408452581381],
            [106.220984692015278, 20.507938192542124],
            [106.223146218435502, 20.50707073869906],
            [106.224150122276228, 20.506625844334842],
            [106.225616672673567, 20.505442804026096],
            [106.227194570388434, 20.504180725394132],
            [106.228904737104259, 20.502878577269197],
            [106.230407541618703, 20.501597578579755],
            [106.231616173447293, 20.500836878843959],
            [106.232820060996573, 20.500000043292221],
            [106.232930196548196, 20.499887322689116],
            [106.233537616234514, 20.499476903485434],
            [106.234540443907875, 20.49877610041683],
            [106.236472363546312, 20.497425777368779],
            [106.237925759231558, 20.496394604687634],
            [106.239314617598936, 20.495388816614298],
            [106.241807626916682, 20.493677747442884],
            [106.242870167383771, 20.49304314720758],
            [106.244899749483665, 20.491741546341316],
            [106.246271603174335, 20.49084930189661],
            [106.247611637070491, 20.490730904795193],
            [106.248469960440914, 20.490754279863399],
            [106.250000002328662, 20.490183403420392],
            [106.253098043050244, 20.488879438635529],
            [106.258075824806653, 20.486822972161995],
            [106.259206352304275, 20.48630965993031],
            [106.260307447885921, 20.48576240367187],
            [106.26082876908616, 20.485485235848053],
            [106.261086153153002, 20.485350560009639],
            [106.261451934681389, 20.485152487443777],
            [106.261782607208318, 20.484999209363881],
            [106.262089205117817, 20.484809696462225],
            [106.262535049559347, 20.48457752195462],
            [106.262935775464172, 20.484362026854924],
            [106.266134449229469, 20.482661756810362],
            [106.267875198504854, 20.481697908496734],
            [106.268009706421395, 20.481592397572527],
            [106.26846235399708, 20.480942222510844],
            [106.270255124803327, 20.47997797190261],
            [106.271833620918116, 20.479086464120851],
            [106.272534511114429, 20.47868670543831],
            [106.272767168802574, 20.47850928036129],
            [106.272984113416342, 20.478298271421558],
            [106.273303406816382, 20.477896245701395],
            [106.273557572134848, 20.477444193939537],
            [106.273714569850029, 20.477265063579829],
            [106.273869636320896, 20.477130758365703],
            [106.274087346131651, 20.477024452405917],
            [106.274399030584235, 20.476955492260618],
            [106.274908800705319, 20.476923203965118],
            [106.275887661772487, 20.476982694167752],
            [106.277538872642992, 20.477146644758236],
            [106.278476601787531, 20.477263430260763],
            [106.280169501444504, 20.477436535049446],
            [106.280773800889776, 20.47750824271554],
            [106.281075666219763, 20.477515594063284],
            [106.28323586286136, 20.4775519644651],
            [106.284287190129518, 20.477563260156629],
            [106.286353311299663, 20.47756216154098],
            [106.287393903767892, 20.477516420071513],
            [106.288314464141138, 20.477447711382208],
            [106.288938535507526, 20.477395562128279],
            [106.289354481628806, 20.477344864716102],
            [106.289718293210584, 20.477285067093884],
            [106.290034947619233, 20.477192281674519],
            [106.29047074052464, 20.477027238779296],
            [106.290999715006521, 20.476804404833416],
            [106.291767186871951, 20.476475177647441],
            [106.292202736641173, 20.476281583513867],
            [106.292648973625447, 20.476116457698744],
            [106.293297795803539, 20.475906999918106],
            [106.293837833289899, 20.475769721890483],
            [106.295063011994301, 20.47539894693357],
            [106.295774235543803, 20.475189105480741],
            [106.296688359527465, 20.474972868780604],
            [106.297306558473764, 20.474839694935596],
            [106.297617995063888, 20.474777471457244],
            [106.298304304579375, 20.474661041326499],
            [106.29905238714133, 20.474503130458352],
            [106.300008587774826, 20.474343750095656],
            [106.301107823539354, 20.474252678169215],
            [106.301352081844385, 20.474239375581799],
            [106.301495058526754, 20.474232251830429],
            [106.302073305990049, 20.47417127455742],
            [106.303227505864513, 20.47403885157707],
            [106.303951804392042, 20.473937744139672],
            [106.304427881912076, 20.473834792861862],
            [106.305072328645963, 20.473734731873638],
            [106.305612844542296, 20.473645025821217],
            [106.306584872441078, 20.473499674926362],
            [106.307219205315249, 20.473428321222844],
            [106.307770313502587, 20.473367077629774],
            [106.308165423107965, 20.473326069193437],
            [106.308923121166245, 20.473252877273612],
            [106.309457945551245, 20.473227346587137],
            [106.31011581445361, 20.473173331829472],
            [106.31115600805623, 20.473108390066088],
            [106.312378393213862, 20.473037278207997],
            [106.312763485694305, 20.4730248837452],
            [106.313210401741131, 20.472954833570757],
            [106.313605199541684, 20.472866294306943],
            [106.314025027346545, 20.472677463829434],
            [106.314750753539343, 20.472329391207467],
            [106.316066887362737, 20.47160607467783],
            [106.317108090309546, 20.471032002467361],
            [106.317460057298931, 20.470800855309445],
            [106.317687347729631, 20.470608868160085],
            [106.317945642707727, 20.470387916298836],
            [106.318172281621457, 20.470119773628937],
            [106.31840775693081, 20.469651632711258],
            [106.318524991591417, 20.469369954751123],
            [106.318792513431404, 20.469006278819517],
            [106.319050724683024, 20.468776020696051],
            [106.319278511334218, 20.468631458409337],
            [106.319569027489081, 20.46852454475928],
            [106.320046689018, 20.468397237365952],
            [106.320473193974365, 20.468375025787378],
            [106.320816492633654, 20.468353355074761],
            [106.320988149259364, 20.46833777636072],
            [106.321355226623226, 20.468182215075306]
          ],
          [
            [106.344323622924591, 20.420684511574049],
            [106.344757346900451, 20.419622878151173],
            [106.345219350775764, 20.418551900695725],
            [106.345705813396279, 20.417473054030914],
            [106.346184056114296, 20.416386409839362],
            [106.346670438407997, 20.415299791950325],
            [106.347123907234291, 20.414197888324502],
            [106.347249018949583, 20.413972687992864],
            [106.34737822095039, 20.413755044810642],
            [106.347491778916464, 20.41362280690451],
            [106.347662156238883, 20.413412614597377],
            [106.347946397906853, 20.413116527859639],
            [106.348348813257502, 20.412734332140754],
            [106.348535517869834, 20.412539551793547],
            [106.348608454040502, 20.412430665270147],
            [106.348810695996548, 20.412127442438464],
            [106.349023450595595, 20.411623033209867],
            [106.349168158650059, 20.411304806745502],
            [106.349320635336269, 20.410932404215821],
            [106.34961365688288, 20.410226177601739],
            [106.349709976001634, 20.409985659662983],
            [106.349988671465297, 20.409527175208034],
            [106.350231513696073, 20.40917719978772],
            [106.350482567356607, 20.408834929972322],
            [106.350874971887592, 20.408251792263584],
            [106.351004058445881, 20.408011019679854],
            [106.35106003701803, 20.407848057607385],
            [106.351385181634697, 20.40707987473747],
            [106.351553454718854, 20.406629923618741],
            [106.351975080939596, 20.405652026855751],
            [106.352372809597213, 20.404736290347188],
            [106.352839720570216, 20.403765900275932],
            [106.352010743649089, 20.40268938481141],
            [106.3511940437307, 20.401612859883937],
            [106.350410894083964, 20.400613404679561],
            [106.349611504918869, 20.399629519859921],
            [106.348852769102194, 20.398614328313865],
            [106.34809414082757, 20.397599312724449],
            [106.347303195973254, 20.396646338133909],
            [106.346586371904621, 20.39573136368822],
            [106.345877662944318, 20.394800964695619],
            [106.345160626273255, 20.393870536220906],
            [106.344443694190844, 20.392940103477951],
            [106.343837668994567, 20.392179833560409],
            [106.343702244178573, 20.392009946563412],
            [106.343374210299885, 20.391517389475428],
            [106.343274396952324, 20.391332592000804],
            [106.343215733146792, 20.391186054333545],
            [106.343148457554136, 20.390985557298105],
            [106.343059001647035, 20.390591623987696],
            [106.343015315454764, 20.390282622778447],
            [106.342963686804751, 20.389996901104755],
            [106.34285373415355, 20.389139118845485],
            [106.342800766033093, 20.388698648145962],
            [106.3426382800657, 20.387439148944587],
            [106.342492179580645, 20.386179432820583],
            [106.34234608288962, 20.384919806602362],
            [106.342191845750648, 20.383660242616656],
            [106.342005018101574, 20.382431826610571],
            [106.341859102279514, 20.381203095392522],
            [106.341705046108359, 20.379974426385818],
            [106.341542849779771, 20.378745819558112],
            [106.34143988562036, 20.377741081322966]
          ]
        ]
      }
    },
    {
      "type": "Feature",
      "properties": {
        "ID": "TBI342029hhmota",
        "Ten_duong": "Tỉnh lộ 221A",
        "Thuoc_huyen": "H. Tiền Hải",
        "Thuoc_tinh": "Thái Bình",
        "Cap_duong": "Tỉnh lộ",
        "Loai_duong": "",
        "Chieu_dai": "12.8052",
        "Gap_de": "F",
        "Tin_khac": "",
        "layer": "TBI_Tinhlo",
        "path": "D:/_Project/4.HungYen/De/De Thai Binh/BD Thai Binh/TBI_Tinhlo.TAB"
      },
      "geometry": {
        "type": "LineString",
        "coordinates": [
          [106.507042314007549, 20.399257528345515],
          [106.506939044456132, 20.398530560132016],
          [106.506721230493142, 20.397759412381998],
          [106.506540543089898, 20.39725886997158],
          [106.506464027527699, 20.396977221866607],
          [106.506360848972122, 20.396436531155956],
          [106.506292749657277, 20.396044777266269],
          [106.506062131251795, 20.394398895554552],
          [106.505955520112082, 20.393327040329279],
          [106.505749472769395, 20.392029834584577],
          [106.505657476273726, 20.391258681636497],
          [106.505616706647729, 20.390375607762241],
          [106.50554603532882, 20.389728305980764],
          [106.50547612795188, 20.389159592521896],
          [106.505339079030804, 20.388296953063577],
          [106.505291264798274, 20.38781287709195],
          [106.506395124907428, 20.387679219148467],
          [106.50740228432015, 20.387552623618117],
          [106.508002002611718, 20.38744942073847],
          [106.508537722440622, 20.387385886264529],
          [106.509137819775773, 20.387321793061204],
          [106.511067150622296, 20.387147986697304],
          [106.511763429072545, 20.387043753695494],
          [106.512448881841095, 20.386939702188656],
          [106.513134715518717, 20.386855157928366],
          [106.513863084613291, 20.386750728575997],
          [106.51476350826988, 20.386683918574686],
          [106.515363023200592, 20.386560908360615],
          [106.515855625342098, 20.386458519327096],
          [106.516326191717411, 20.38631702315967],
          [106.516571723921487, 20.386197086360244],
          [106.516805854080189, 20.385998744005331],
          [106.51727257569047, 20.385464576219253],
          [106.517866126343932, 20.384732997446555],
          [106.518712851739878, 20.383567303010935],
          [106.519243262463334, 20.382954071636977],
          [106.519551335345071, 20.382637280207149],
          [106.519847811735531, 20.382241994654528],
          [106.520228101611039, 20.381649762519864],
          [106.520588372254835, 20.381195019024652],
          [106.520970100037871, 20.380740178123325],
          [106.521310063567, 20.380403412040405],
          [106.5216716779276, 20.380086240669506],
          [106.521990950586883, 20.379828158191735],
          [106.522194033000432, 20.379747881876707],
          [106.522429399035261, 20.379686927073752],
          [106.522836720075077, 20.379663768228074],
          [106.52330870367804, 20.379659647266173],
          [106.523480080559054, 20.379638547150158],
          [106.523736806283225, 20.37955771025327],
          [106.523928483804866, 20.379418630827566],
          [106.52405588249708, 20.37928011280189],
          [106.524246015748076, 20.378983947710587],
          [106.526703612773261, 20.374979159152875],
          [106.528697307283338, 20.371565244933247],
          [106.530566632108901, 20.368604004480321],
          [106.530904806812572, 20.368090625780926],
          [106.53105355010652, 20.367951825756137],
          [106.531181902069108, 20.367911492800822],
          [106.531395983044433, 20.367870317190143],
          [106.5319548449515, 20.367956473621124],
          [106.532793465657861, 20.368172155848896],
          [106.533222985220476, 20.368227283577401],
          [106.533652407103389, 20.368262807654101],
          [106.533909400610867, 20.368221251857523],
          [106.534144162463576, 20.368101477393331],
          [106.534335135290235, 20.367883799443561],
          [106.5345030032463, 20.367509316339987],
          [106.534888590320406, 20.366367210373969],
          [106.535042042242353, 20.365891403622257],
          [106.535312505283471, 20.36532350644892],
          [106.535844316948641, 20.363935114820709],
          [106.53606240293287, 20.3633796925591],
          [106.536459393391894, 20.362317432941516],
          [106.536837218968685, 20.361303401336265],
          [106.537170397596498, 20.360434122921934],
          [106.537317112302844, 20.359975628530879],
          [106.537483603729299, 20.359540989883381],
          [106.537713371318802, 20.358841102379614],
          [106.538040742352095, 20.358044054144987],
          [106.538284009666242, 20.357392287807038],
          [106.53857935656859, 20.356679716259588],
          [106.53900638510261, 20.355326659147902],
          [106.539198019915759, 20.354772008916228],
          [106.539594358181475, 20.353638291712404],
          [106.539696663014055, 20.353348848990112],
          [106.539849817755737, 20.352864911050119],
          [106.540057616001889, 20.35238564040689],
          [106.540360824433847, 20.351781674155127],
          [106.540663233391129, 20.351106979595837],
          [106.540981355919115, 20.350317145251125],
          [106.541182720849278, 20.34991417584564],
          [106.54150439616258, 20.349222236139433],
          [106.542036648942087, 20.348351735160652],
          [106.542985617177948, 20.3466293657014],
          [106.543577622342724, 20.345537184751429],
          [106.544158746674825, 20.34474845431231],
          [106.54484824761893, 20.343772486296341],
          [106.545984316137933, 20.342175644716562],
          [106.546418315780642, 20.34137890483694],
          [106.546712725240127, 20.340761366224033],
          [106.547362826908241, 20.339477323768694],
          [106.547640478961924, 20.338957045883561],
          [106.548353173423635, 20.337737218458415],
          [106.548811455150542, 20.336726789251998],
          [106.5493322146921, 20.335768201316018],
          [106.54952275516851, 20.335378509274697],
          [106.549712745856468, 20.334924139781062],
          [106.549867784627494, 20.334518501378298],
          [106.55002282355693, 20.334112953202563],
          [106.550242078913953, 20.333424076719304],
          [106.550701906310522, 20.332330879986809],
          [106.550714304337632, 20.332296802820018],
          [106.550968808134144, 20.331752876688679],
          [106.55125309287213, 20.331314291289459],
          [106.551765987297941, 20.330635996255467],
          [106.551922917566131, 20.330449590355521],
          [106.552400887468963, 20.329938187383071],
          [106.553268571040107, 20.329026284436921],
          [106.554021553468715, 20.328166528786639],
          [106.554535481212866, 20.327593822732055],
          [106.555448270328483, 20.32647355075132],
          [106.556011955737773, 20.325849808805767],
          [106.556844759701022, 20.325045522234454],
          [106.558033336592501, 20.323744274214285],
          [106.560253400535231, 20.321306670326013],
          [106.561424502061612, 20.320054159690962],
          [106.56302256370364, 20.318216501780856],
          [106.564315361953675, 20.316776067435335],
          [106.565962578922012, 20.314900365618179],
          [106.567953932146168, 20.312702492351413],
          [106.568845165492021, 20.311637187272545],
          [106.569318498490276, 20.310980883163573]
        ]
      }
    },
    {
      "type": "Feature",
      "properties": {
        "ID": "TBI339029hmsau",
        "Ten_duong": "Tỉnh lộ 216",
        "Thuoc_huyen": "H. Hưng Hà",
        "Thuoc_tinh": "Thái Bình",
        "Cap_duong": "Tỉnh lộ",
        "Loai_duong": "",
        "Chieu_dai": "4.28644",
        "Gap_de": "F",
        "Tin_khac": "",
        "layer": "TBI_Tinhlo",
        "path": "D:/_Project/4.HungYen/De/De Thai Binh/BD Thai Binh/TBI_Tinhlo.TAB"
      },
      "geometry": {
        "type": "LineString",
        "coordinates": [
          [106.285849091394226, 20.586693199859408],
          [106.28596427112474, 20.586928321224232],
          [106.286042557163, 20.587294443902092],
          [106.286069469342763, 20.587506280222446],
          [106.286071245291254, 20.587718122703137],
          [106.286039759425378, 20.588082260671204],
          [106.285937545356333, 20.588592829245783],
          [106.285788971839807, 20.589204114042477],
          [106.285474815800583, 20.590252085237104],
          [106.285154323284516, 20.59130001266962],
          [106.284928277152744, 20.592375876918183],
          [106.284817378200771, 20.593362168216263],
          [106.284778156778813, 20.593547754181873],
          [106.284624846906112, 20.593961130540077],
          [106.284569778317092, 20.594121899345691],
          [106.284458537014146, 20.594323107501591],
          [106.284347151528479, 20.594495677759234],
          [106.284241811173189, 20.594645436490875],
          [106.283981287344929, 20.594985165327181],
          [106.283720282915695, 20.595267619559802],
          [106.282777979996297, 20.596193586113884],
          [106.282722716822022, 20.596331408590512],
          [106.282723867020493, 20.596468902984082],
          [106.282933108836431, 20.596742176040173],
          [106.28314321323974, 20.597118434058551],
          [106.283165042350532, 20.597479736662287],
          [106.283150551838347, 20.597995344490879],
          [106.283120420876386, 20.598889156076513],
          [106.283066613238262, 20.600324481710917],
          [106.282999160566689, 20.601252990910975],
          [106.282927248184734, 20.601648687053711],
          [106.282762366285908, 20.602182666104461],
          [106.282183784855079, 20.603845213028222],
          [106.281726956681297, 20.604980243294907],
          [106.281692794773804, 20.605392914719101],
          [106.281694518761896, 20.605599065838252],
          [106.281714761826947, 20.605770839463016],
          [106.281791563963736, 20.605959268657987],
          [106.281905977160648, 20.606147418918038],
          [106.282239409812206, 20.60665195380853],
          [106.284805349977375, 20.60990026209565],
          [106.286059998234407, 20.611471940231496],
          [106.286136904826222, 20.611660366227024],
          [106.286368060049597, 20.612311647535094],
          [106.286503166069409, 20.612723059152017],
          [106.28667017778649, 20.613185819110257],
          [106.286839659672808, 20.613588391809543],
          [106.287113611092963, 20.614090376968523],
          [106.287323561705065, 20.61445542621848],
          [106.287469269290384, 20.614643429248755],
          [106.287615119785542, 20.614825558759009],
          [106.287823965358257, 20.615058895038693],
          [106.288282691126142, 20.615543961883919],
          [106.288946024425456, 20.616134287019896],
          [106.289148250707697, 20.616321776514386],
          [106.289363749739962, 20.616604027072285],
          [106.290581987276568, 20.61832916024386],
          [106.292323897569716, 20.621190045128252],
          [106.292323994287187, 20.621190134747881]
        ]
      }
    },
    {
      "type": "Feature",
      "properties": {
        "ID": "TBI338029hmsau",
        "Ten_duong": "Tỉnh lộ 216",
        "Thuoc_huyen": "H. Quỳnh Phụ",
        "Thuoc_tinh": "Thái Bình",
        "Cap_duong": "Tỉnh lộ",
        "Loai_duong": "",
        "Chieu_dai": "25.8915",
        "Gap_de": "F",
        "Tin_khac": "",
        "layer": "TBI_Tinhlo",
        "path": "D:/_Project/4.HungYen/De/De Thai Binh/BD Thai Binh/TBI_Tinhlo.TAB"
      },
      "geometry": {
        "type": "LineString",
        "coordinates": [
          [106.292323994287187, 20.621190134747881],
          [106.292631628854622, 20.621620124948816],
          [106.293409353326979, 20.622785240463767],
          [106.294098177071248, 20.623819388015495],
          [106.295159976402886, 20.625211385411564],
          [106.296384151282695, 20.626533496008481],
          [106.297709207491863, 20.627923589780359],
          [106.299124892212575, 20.629269896885539],
          [106.299191232775257, 20.629341039724626],
          [106.30048674033759, 20.630568172716586],
          [106.300641905600955, 20.630747328393245],
          [106.301545480784455, 20.631587936022807],
          [106.302073359459229, 20.632113636173045],
          [106.303585236492765, 20.633341912451236],
          [106.30536172999939, 20.634717058639151],
          [106.307212494366667, 20.636042385924533],
          [106.308603647142846, 20.637082621857882],
          [106.309715083555773, 20.638013214066802],
          [106.310298753633603, 20.638458329412387],
          [106.311841499930296, 20.639611759822102],
          [106.312958625157066, 20.640485099199118],
          [106.313687291310714, 20.64102639793385],
          [106.314488498485588, 20.641610053555542],
          [106.315570092790992, 20.642354816984035],
          [106.316093482242962, 20.642705782049262],
          [106.317414073612767, 20.643540317718085],
          [106.318032214333471, 20.643982250577523],
          [106.31925238051879, 20.644787995993472],
          [106.320199203059801, 20.645536106946462],
          [106.320306813046017, 20.645649747238529],
          [106.320401903418798, 20.645780648222178],
          [106.3204660042923, 20.645946116211952],
          [106.32048988066245, 20.646154804392317],
          [106.320529184070722, 20.646360573928103],
          [106.320525514729226, 20.646658098391004],
          [106.320519921760152, 20.646743966133617],
          [106.320483336638034, 20.646853017873244],
          [106.320433934422681, 20.646944912331694],
          [106.320396758712846, 20.646996691711667],
          [106.320341020060766, 20.647077251523434],
          [106.320247905145663, 20.647175262223318],
          [106.320011632856009, 20.647400214318253],
          [106.319563983508345, 20.647810176766523],
          [106.318373148438511, 20.649296370697311],
          [106.318207355207278, 20.649692612773357],
          [106.318208243831918, 20.649795686307225],
          [106.318246753526324, 20.649898472467161],
          [106.318361392636845, 20.650103576676635],
          [106.319073538026799, 20.650913923576109],
          [106.319700620900008, 20.65166493055948],
          [106.321210713453112, 20.653758343271051],
          [106.321461487821765, 20.654133148848938],
          [106.322133372853315, 20.655355929326216],
          [106.322867793711481, 20.656561152418735],
          [106.323602321740253, 20.657766280519738],
          [106.324273944476161, 20.658954813085071],
          [106.324855860768864, 20.65991411148649],
          [106.325607974875155, 20.661350188293689],
          [106.325652727139087, 20.661441360582199],
          [106.325666047682205, 20.661538465951043],
          [106.325676967774683, 20.661712922315051],
          [106.327102569570499, 20.661704580029969],
          [106.329588294319606, 20.661658967708956],
          [106.332475372975125, 20.66151915539405],
          [106.332640936473027, 20.661517876376873],
          [106.334230702158635, 20.661348573394466],
          [106.334671910466852, 20.661311553090322],
          [106.335168210199726, 20.661274105251405],
          [106.335352297115179, 20.66127268026553],
          [106.335535751501467, 20.661220849426375],
          [106.33570072698987, 20.661152357969822],
          [106.335975489926, 20.661015802037035],
          [106.336560745981586, 20.660624877824361],
          [106.336887306741261, 20.660462713898063],
          [106.337135681181508, 20.660382101402277],
          [106.33736539497923, 20.660362794396057],
          [106.337815953490576, 20.66038559009441],
          [106.338390975395413, 20.660416091753341],
          [106.338803162095033, 20.660430419451757],
          [106.33897553841615, 20.660429081532428],
          [106.339109715520749, 20.660428039981646],
          [106.339291306417707, 20.660382904977791],
          [106.340025387913514, 20.65996615077313],
          [106.34116488370573, 20.659350562800686],
          [106.342919604033369, 20.658426994134626],
          [106.345557327236364, 20.657142115159449],
          [106.346934297682836, 20.656304657780151],
          [106.347572475798785, 20.655879678060973],
          [106.348305565450048, 20.655366504172736],
          [106.348643648266048, 20.655142345247167],
          [106.349425030460651, 20.654653362214823],
          [106.350387751469626, 20.654103421907614],
          [106.350845645495497, 20.653872268338286],
          [106.352683522722501, 20.653162424231088],
          [106.353829443042926, 20.652742204621141],
          [106.354455303259584, 20.65256663882505],
          [106.355067055816676, 20.652413044140022],
          [106.356386123515733, 20.652070225657564],
          [106.357405041748336, 20.651909085510905],
          [106.358122632864976, 20.651807316428467],
          [106.35917552804581, 20.651711486082466],
          [106.360395674131595, 20.651557506491926],
          [106.361726013013069, 20.651415748284869],
          [106.363358061385398, 20.651258497074295],
          [106.364497130340581, 20.651162044058339],
          [106.365679753027649, 20.651095774077572],
          [106.366733339853752, 20.651078669667687],
          [106.367881122971838, 20.651077073504592],
          [106.368385571017228, 20.651043713384944],
          [106.369209245920885, 20.651010981116077],
          [106.370678886191058, 20.650907437615931],
          [106.371741831246567, 20.650864029591293],
          [106.374025444085376, 20.65072769636733],
          [106.376281363314732, 20.650714145952591],
          [106.378671761860645, 20.650734453432836],
          [106.379671664375039, 20.650661417003516],
          [106.381234143130712, 20.650700863540052],
          [106.383298656903008, 20.650706188952348],
          [106.384113025098614, 20.650717185000261],
          [106.386513410456743, 20.650780937905846],
          [106.388292080530732, 20.650963488683782],
          [106.389041210846941, 20.651167500910123],
          [106.390921173615141, 20.651944188158726],
          [106.391872978399789, 20.652312689063237],
          [106.393993134190978, 20.653166180035303],
          [106.394647139265899, 20.653440768172942],
          [106.397462031422819, 20.654830998051512],
          [106.399632863995762, 20.655981494413336],
          [106.401119474316857, 20.656691241948998],
          [106.401667806769254, 20.656931698704589],
          [106.402100427449327, 20.65710317118986],
          [106.402623782703444, 20.657225844190624],
          [106.402873395638991, 20.657285064864922],
          [106.403391077068719, 20.657333251440633],
          [106.404009732699222, 20.657413046626761],
          [106.40484839088758, 20.657452653866116],
          [106.407384011165362, 20.657620164363117],
          [106.408117145892376, 20.657644807015323],
          [106.408586697858269, 20.657667262579594],
          [106.409190838097132, 20.657723488553135],
          [106.409469245803521, 20.657782464294883],
          [106.409651776248637, 20.657842223030869],
          [106.409906715944615, 20.657958303629233],
          [106.410052001767809, 20.658132013267991],
          [106.410123229603002, 20.658237128158461],
          [106.409574378430165, 20.656214668048197],
          [106.409097360355091, 20.654913340340858],
          [106.408637475271263, 20.653553872906919],
          [106.408185779581714, 20.652113482945627],
          [106.40785301186834, 20.651100872351829],
          [106.407788951550614, 20.650866783211004],
          [106.407777866326313, 20.650632261870118],
          [106.407831984159358, 20.650255646536863],
          [106.407925614596181, 20.64983417142906],
          [106.408002065798797, 20.649485740451134],
          [106.408027379666308, 20.64911839401401],
          [106.408074958022382, 20.648636225022635],
          [106.407516936033147, 20.647528425919393],
          [106.407175995680376, 20.646564572489712],
          [106.406716468246728, 20.645718855101961],
          [106.406123130603149, 20.644295781550575],
          [106.405936099107677, 20.643702689450265],
          [106.405890148883998, 20.643516964008239],
          [106.405844103651646, 20.643331329658139],
          [106.40580690767618, 20.643137402307495],
          [106.405759396994398, 20.642781850927108],
          [106.405792196722032, 20.642017129472414],
          [106.405851363941096, 20.641709221694224],
          [106.405969549162691, 20.641077236493302],
          [106.40608053323318, 20.64076863560248],
          [106.406259313729691, 20.640318462160632],
          [106.406371716628144, 20.640018160806683],
          [106.406403854670927, 20.63966196064246],
          [106.406540293896455, 20.639001188717906],
          [106.406793813497032, 20.638215155322616],
          [106.407102282758146, 20.637122422255491],
          [106.407405052776696, 20.635994773720014],
          [106.407623611310925, 20.635362963109277],
          [106.408138262560328, 20.633755056762197],
          [106.408331257218137, 20.633098971809329],
          [106.408384800742525, 20.632858592903339],
          [106.408414853038337, 20.632662129987118],
          [106.408421144025411, 20.632480224871387],
          [106.408427838210869, 20.632342131217662],
          [106.408426232070852, 20.632167608019294],
          [106.408439485763154, 20.631876786768846],
          [106.408444907189306, 20.631600393401197],
          [106.408407821732524, 20.631460127270842],
          [106.407965364140978, 20.630118034558947],
          [106.407919566543995, 20.62989644318332],
          [106.407901764964905, 20.629692962532328],
          [106.407892128021274, 20.62951118719419],
          [106.407882290040448, 20.629307551271673],
          [106.407882694279664, 20.628485546613646],
          [106.407943719159675, 20.626888474628203],
          [106.407990551650272, 20.626669741666749],
          [106.40806901723073, 20.626468186404487],
          [106.408227877941513, 20.626191445390305],
          [106.408495915594656, 20.625891048423561],
          [106.40898511066689, 20.625399675843806],
          [106.41043516561804, 20.62419129247245],
          [106.411816567953522, 20.62330344214659],
          [106.412353580404954, 20.622942210867841],
          [106.412902805245992, 20.622490448149073],
          [106.414025231078924, 20.621586540971368],
          [106.414866084347054, 20.620804994540773],
          [106.415031750073695, 20.620643555964417],
          [106.4158773277873, 20.619938212973025],
          [106.41652028011714, 20.619289273291749],
          [106.417529889613448, 20.618248050560663],
          [106.417872121567214, 20.617797881068807],
          [106.418784801511066, 20.616612000435111],
          [106.419040236025339, 20.616249899885045],
          [106.419842515205303, 20.615173960726125],
          [106.420929297472881, 20.613437465572517],
          [106.421436822885042, 20.612789532630014],
          [106.42190011985771, 20.612183970116636],
          [106.423122948476674, 20.610533521162449],
          [106.423314415032308, 20.610187209125861],
          [106.42409993605078, 20.608987083472773],
          [106.424628241469819, 20.607997126547456],
          [106.424980738142494, 20.607375937821178],
          [106.425416655459244, 20.606728584900686],
          [106.425919970092409, 20.606055199382912],
          [106.426323931921388, 20.605408108044912],
          [106.427036307563554, 20.604518438507505],
          [106.4275172775382, 20.604012541927496],
          [106.428085904472894, 20.603513237588913],
          [106.429970516319742, 20.60199558762665],
          [106.430382004298082, 20.601715835811266],
          [106.430666629944071, 20.601495401724073],
          [106.430942815553863, 20.601223995329054],
          [106.431436866900256, 20.600405587171913],
          [106.432216610013384, 20.599050725653246],
          [106.432808598024621, 20.598067266036082],
          [106.43309879416455, 20.597591935035233],
          [106.433824025805151, 20.596381881236699],
          [106.434603894203946, 20.595054924262133],
          [106.434772814134973, 20.594795242952124],
          [106.435634446468313, 20.593267502134957],
          [106.436650018567761, 20.591603963946891],
          [106.436834286915285, 20.591324369115846],
          [106.436897299385265, 20.591219955527325],
          [106.437509353841008, 20.590254563870161],
          [106.437928019207689, 20.5894762444515],
          [106.438295145090237, 20.588716510883572],
          [106.439142288780133, 20.587083088313456],
          [106.439575250713588, 20.586122703374759],
          [106.439839102889991, 20.585400323400805],
          [106.440170191852985, 20.584615501067667],
          [106.44031709611545, 20.584148579508948],
          [106.440328332144219, 20.584068084064899],
          [106.444525397868759, 20.582140218910094],
          [106.449168440458848, 20.579725660684115],
          [106.449210853619917, 20.579706605326642]
        ]
      }
    },
    {
      "type": "Feature",
      "properties": {
        "ID": "TBI341029hmsau",
        "Ten_duong": "Tỉnh lộ 216",
        "Thuoc_huyen": "H. Thái Thụy",
        "Thuoc_tinh": "Thái Bình",
        "Cap_duong": "Tỉnh lộ",
        "Loai_duong": "",
        "Chieu_dai": "5.16881",
        "Gap_de": "F",
        "Tin_khac": "",
        "layer": "TBI_Tinhlo",
        "path": "D:/_Project/4.HungYen/De/De Thai Binh/BD Thai Binh/TBI_Tinhlo.TAB"
      },
      "geometry": {
        "type": "LineString",
        "coordinates": [
          [106.449210853619917, 20.579706605326642],
          [106.452551222925479, 20.578204268182457],
          [106.456223278371453, 20.576644875831875],
          [106.458244643875148, 20.576005151141359],
          [106.460341027704132, 20.575549151995123],
          [106.464890308284211, 20.574887913742291],
          [106.468259676184488, 20.574720965643898],
          [106.472044168978101, 20.574550512564333],
          [106.474875638007831, 20.574341847321413],
          [106.476629323905655, 20.573819465396568],
          [106.477644263144256, 20.573774216979533],
          [106.477746227530602, 20.573315331883062],
          [106.477869545778375, 20.572344408221767],
          [106.477939478647599, 20.571268605908482],
          [106.477967406628039, 20.570173920077252],
          [106.478154826786479, 20.568966756416877],
          [106.478252730505091, 20.567897128972529],
          [106.478321579320721, 20.566699017521323],
          [106.47840159730336, 20.565595033366812],
          [106.478463911208479, 20.565282563334058],
          [106.478710919775367, 20.563640092153221],
          [106.478970128494993, 20.562318759264194],
          [106.47948200800316, 20.559984382478046],
          [106.480302350839921, 20.555998604543834],
          [106.480586294165278, 20.555086561593619]
        ]
      }
    },
    {
      "type": "Feature",
      "properties": {
        "ID": "TBI340029hmsau",
        "Ten_duong": "Tỉnh lộ 216",
        "Thuoc_huyen": "H. Đông Hưng",
        "Thuoc_tinh": "Thái Bình",
        "Cap_duong": "Tỉnh lộ",
        "Loai_duong": "",
        "Chieu_dai": "4.5508",
        "Gap_de": "F",
        "Tin_khac": "",
        "layer": "TBI_Tinhlo",
        "path": "D:/_Project/4.HungYen/De/De Thai Binh/BD Thai Binh/TBI_Tinhlo.TAB"
      },
      "geometry": {
        "type": "LineString",
        "coordinates": [
          [106.276183521265992, 20.553576893894846],
          [106.276405540313505, 20.553896160712281],
          [106.276664398330169, 20.554481580623523],
          [106.27691722720084, 20.555230025293714],
          [106.276976421380141, 20.555427623293422],
          [106.277015792241869, 20.55577913311485],
          [106.277046720862387, 20.556338225604172],
          [106.277027343635311, 20.55666125836149],
          [106.276973515244308, 20.556970903129915],
          [106.276851056583723, 20.557321166596072],
          [106.276593149369219, 20.557970834959235],
          [106.276532038369112, 20.55816606728057],
          [106.276486349400926, 20.558693561941052],
          [106.276486920562874, 20.558762309604734],
          [106.276510859607868, 20.559011302243729],
          [106.276602622087708, 20.559491888988447],
          [106.276757781875617, 20.560052233850385],
          [106.276848212474093, 20.560372379061047],
          [106.27694773406823, 20.560655235404216],
          [106.277068959187517, 20.560906401542933],
          [106.277225597007998, 20.561263370353316],
          [106.277397082532744, 20.561537022575735],
          [106.27758127826425, 20.561827926887279],
          [106.27788341810043, 20.562344182188625],
          [106.278067376764383, 20.562606358217167],
          [106.278193839619874, 20.562737236800114],
          [106.278892171544925, 20.563393760592938],
          [106.28017410083892, 20.564450618464353],
          [106.280303223407003, 20.564577952251547],
          [106.281162355890643, 20.56535072405898],
          [106.281759088276175, 20.565853317920318],
          [106.282093557979479, 20.566114374852173],
          [106.282466108061399, 20.566443900727428],
          [106.28293081359422, 20.566907355275582],
          [106.283662993927337, 20.56785586923289],
          [106.28396725424696, 20.568266123077098],
          [106.284604627906972, 20.569129328104541],
          [106.284908606040347, 20.569493777801227],
          [106.285564599333014, 20.570345366849992],
          [106.285919805605602, 20.570823989956967],
          [106.286072038314018, 20.571029204216789],
          [106.286514586483676, 20.571467064422819],
          [106.286561901220182, 20.571503934406906],
          [106.287168724948984, 20.572083856927808],
          [106.287332853151767, 20.57223152287753],
          [106.287860951240305, 20.572769024511562],
          [106.28807045651628, 20.573076802435665],
          [106.288280107444407, 20.573401834611616],
          [106.288373424783998, 20.573696202454759],
          [106.288368679352061, 20.573873763046901],
          [106.288370169853593, 20.574051367565314],
          [106.28833391414517, 20.574212178076241],
          [106.288235786244968, 20.574476350481401],
          [106.288167728528393, 20.574574247433652],
          [106.287950413066824, 20.574845178994373],
          [106.287605539101264, 20.575211468379049],
          [106.287017636031536, 20.575757270390838],
          [106.285891027281778, 20.576745330895658],
          [106.285732244324009, 20.57688121294786],
          [106.285221189999334, 20.577245931725717],
          [106.284046235594758, 20.578076780637733],
          [106.283117400355621, 20.578719599034912],
          [106.282603670630436, 20.579144499340511],
          [106.282094061734128, 20.579638119302555],
          [106.281994963104822, 20.579787739959926],
          [106.281927042380929, 20.579914272645748],
          [106.281896870132044, 20.580057781352199],
          [106.281905067580581, 20.580281140748575],
          [106.281946914619979, 20.580409751301662],
          [106.282642653805851, 20.581513113595136],
          [106.283332264458025, 20.582616608297027],
          [106.284015793473529, 20.583748783737338],
          [106.284314620658549, 20.584250773907808],
          [106.284768596846803, 20.584926336064306],
          [106.285312467239663, 20.585841814057257],
          [106.285725128106407, 20.586440255638539],
          [106.285849091394226, 20.586693199859408]
        ]
      }
    },
    {
      "type": "Feature",
      "properties": {
        "ID": "TBI343029bchinb",
        "Ten_duong": "Tỉnh lộ 39B",
        "Thuoc_huyen": "H. Kiến Xương",
        "Thuoc_tinh": "Thái Bình",
        "Cap_duong": "Tỉnh lộ",
        "Loai_duong": "",
        "Chieu_dai": "14.0824",
        "Gap_de": "F",
        "Tin_khac": "",
        "layer": "TBI_Tinhlo",
        "path": "D:/_Project/4.HungYen/De/De Thai Binh/BD Thai Binh/TBI_Tinhlo.TAB"
      },
      "geometry": {
        "type": "LineString",
        "coordinates": [
          [106.472543667366651, 20.392470453022767],
          [106.470846085734394, 20.391979509568039],
          [106.470078024387576, 20.391805126053747],
          [106.469570470251185, 20.391680308534813],
          [106.468734250598274, 20.391532240349626],
          [106.468048909781842, 20.39142174410258],
          [106.467418642106523, 20.391349627940741],
          [106.466453396774455, 20.391306074064467],
          [106.465700386067084, 20.391273649551259],
          [106.464940207065311, 20.391202525981868],
          [106.463405714007777, 20.391034459718135],
          [106.462303538865768, 20.390979113171305],
          [106.461701282642395, 20.390971244248629],
          [106.461140491967825, 20.391001781834309],
          [106.460812219891906, 20.391030369757196],
          [106.460443403971752, 20.391098052730559],
          [106.46022475846307, 20.391138640004893],
          [106.459733588766639, 20.391297867315675],
          [106.459249533663041, 20.391480160923006],
          [106.458322278923347, 20.391849280953803],
          [106.458049628199333, 20.391954730082809],
          [106.45765428232626, 20.392125798101372],
          [106.457149888513712, 20.392336442418021],
          [106.456413240765372, 20.392587872017071],
          [106.455826568512663, 20.392760805173523],
          [106.455242196606022, 20.393178901688319],
          [106.45492928888514, 20.393375113137573],
          [106.454562135784258, 20.393610713453679],
          [106.4543307023485, 20.393728822212427],
          [106.454180431899118, 20.393755913078369],
          [106.453852222287694, 20.393771569013712],
          [106.453338837293771, 20.393750011898042],
          [106.452380786352322, 20.393719239379195],
          [106.451655113991663, 20.393660779767472],
          [106.45125825581222, 20.393651164938507],
          [106.450888798456333, 20.39364132117888],
          [106.450519245286955, 20.393631477430286],
          [106.449779776443705, 20.393573034388691],
          [106.449129046242945, 20.393475094421298],
          [106.448704425260431, 20.393426948280904],
          [106.448060740597654, 20.39335487353312],
          [106.447142853205889, 20.393233397562799],
          [106.446902828505586, 20.393170795928722],
          [106.446436118378131, 20.393006724727861],
          [106.44574940783815, 20.392728388545141],
          [106.444821689119522, 20.392281483117134],
          [106.443873862541409, 20.391876566840303],
          [106.443255568360655, 20.391597834410224],
          [106.442774688451635, 20.391382556510191],
          [106.442156757707266, 20.391142482920824],
          [106.441127424235361, 20.390780595002543],
          [106.440680389780212, 20.3905775886996],
          [106.440239795866788, 20.390417982062196],
          [106.439665449269455, 20.390196601192983],
          [106.438824236955597, 20.38988951861791],
          [106.438403807135543, 20.389754855589167],
          [106.43767078629827, 20.389635326426383],
          [106.437351021639387, 20.389600199868802],
          [106.436965214086442, 20.389603379592394],
          [106.436526159296506, 20.389619554558287],
          [106.435788390949256, 20.389701065764172],
          [106.435057115122504, 20.389769872675245],
          [106.434219514728355, 20.389852108537418],
          [106.43321571078954, 20.389948264006176],
          [106.433087774878103, 20.389966209323042],
          [106.432644255996792, 20.390028304670082],
          [106.431873722058427, 20.390172855948968],
          [106.431368734585618, 20.390239789235611],
          [106.430684015531014, 20.390308286180858],
          [106.430298571849903, 20.390361587736386],
          [106.429873736647778, 20.390465531648296],
          [106.429396212333543, 20.390632784119791],
          [106.428827434885307, 20.391014259960833],
          [106.428080154771422, 20.391510303661963],
          [106.426797190941556, 20.392362337857822],
          [106.426255015246966, 20.392731030721293],
          [106.425771697005928, 20.392998780943731],
          [106.425228707491655, 20.393279484828213],
          [106.423286795133592, 20.394121883383697],
          [106.422037061107133, 20.394831054386355],
          [106.420665743432238, 20.395636427887052],
          [106.420295075104306, 20.395840187270419],
          [106.420056259426772, 20.395929944844969],
          [106.41983060836381, 20.395982012753159],
          [106.419631170623461, 20.396008751930012],
          [106.419378328289525, 20.396010810714365],
          [106.419191843846235, 20.39598721395123],
          [106.418818664325656, 20.395927464035076],
          [106.418472006081942, 20.395855030357502],
          [106.418039389280082, 20.395770918371454],
          [106.417677635987715, 20.395734652211097],
          [106.417387480983948, 20.395763752662511],
          [106.417029092707338, 20.395854478294627],
          [106.416604690734658, 20.39600861751159],
          [106.41607472282378, 20.396238958315081],
          [106.415697437156851, 20.396442942718831],
          [106.415287496459143, 20.396722536525814],
          [106.414745600673527, 20.397116217980717],
          [106.414349432543403, 20.397445928013969],
          [106.413484425647525, 20.398143517083067],
          [106.413049081518594, 20.398548887158654],
          [106.412666223922557, 20.398878485780497],
          [106.412138431876187, 20.399359857744773],
          [106.411525129508505, 20.39994247124682],
          [106.411187763094361, 20.400364931331662],
          [106.41078818911933, 20.400827464110787],
          [106.410537968027725, 20.401118402634879],
          [106.409950735258903, 20.401650479716256],
          [106.409211512019525, 20.40229689206619],
          [106.408815299562718, 20.402613943085225],
          [106.408511419799709, 20.402842525068618],
          [106.40787589570526, 20.403186623044704],
          [106.407379041187809, 20.403416671613357],
          [106.407060830305923, 20.403544816345583],
          [106.406768895193395, 20.403622518283896],
          [106.406449867130917, 20.403650208246173],
          [106.405917937534909, 20.403679615255566],
          [106.40541209278777, 20.403658580134721],
          [106.40480625864538, 20.403600676919421],
          [106.404326481585656, 20.403516640770675],
          [106.404073152110328, 20.403455894156867],
          [106.403753004560727, 20.403370660613454],
          [106.403312613950789, 20.403223426267264],
          [106.402898747782004, 20.403063510044543],
          [106.402064083533176, 20.402718615163607],
          [106.400980713944421, 20.402209034138366],
          [106.4000599250665, 20.401780441822439],
          [106.399779509588612, 20.401669676031631],
          [106.399319992382317, 20.401610578058314],
          [106.396556901731358, 20.40135647299476],
          [106.393821114250329, 20.401164893250659],
          [106.390667066572732, 20.400887259136301],
          [106.389265330153648, 20.400783612114424],
          [106.387580871066248, 20.400631341793478],
          [106.386835034750092, 20.400549464687064],
          [106.386801567345302, 20.400546568977848],
          [106.385769834326013, 20.400457566087894],
          [106.384225644809788, 20.400356998175642],
          [106.383512335768216, 20.400365642773416],
          [106.383104200555138, 20.400995137453034],
          [106.381910514192356, 20.403031715653906],
          [106.381867963629958, 20.403106314747689],
          [106.381043275124739, 20.404553005126438],
          [106.380900076803968, 20.40475298419981],
          [106.380222916688552, 20.405981860324101],
          [106.379189674525549, 20.407847307254414],
          [106.378156311897854, 20.409712659521272],
          [106.377146977366181, 20.411577906927167],
          [106.376101483033395, 20.413420578216545],
          [106.375043992936497, 20.415274812314568],
          [106.374565770759801, 20.416178220168153],
          [106.374142203881775, 20.416967002427793],
          [106.373693169075906, 20.417737283697988],
          [106.372989755457581, 20.418946557583766],
          [106.371980097611811, 20.420777722517975],
          [106.370994278141637, 20.422608694739644],
          [106.369935966963112, 20.424383587510714],
          [106.368877633192554, 20.42615856521839],
          [106.368177580397671, 20.427300942137062],
          [106.367807596549611, 20.427967507858035],
          [106.366962220917401, 20.429401022779086],
          [106.366092475198712, 20.430800666100552],
          [106.365596184422529, 20.431676639920273],
          [106.365525311883474, 20.431801688389516],
          [106.365467419334834, 20.432040015368269],
          [106.365450601834837, 20.432176023010719],
          [106.365499083729745, 20.432814999423684]
        ]
      }
    },
    {
      "type": "Feature",
      "properties": {
        "ID": "TBI342029bchinb",
        "Ten_duong": "Tỉnh lộ 39B",
        "Thuoc_huyen": "H. Tiền Hải",
        "Thuoc_tinh": "Thái Bình",
        "Cap_duong": "Tỉnh lộ",
        "Loai_duong": "",
        "Chieu_dai": "8.07089",
        "Gap_de": "F",
        "Tin_khac": "",
        "layer": "TBI_Tinhlo",
        "path": "D:/_Project/4.HungYen/De/De Thai Binh/BD Thai Binh/TBI_Tinhlo.TAB"
      },
      "geometry": {
        "type": "MultiLineString",
        "coordinates": [
          [
            [106.513221569379326, 20.443927085312854],
            [106.513406006023345, 20.442207516995232],
            [106.513485827422045, 20.441667502801938],
            [106.513442568764503, 20.441252864672556],
            [106.513306095262038, 20.440842199018746],
            [106.513230321582867, 20.440552239453986],
            [106.513026775951715, 20.440045223646539],
            [106.512831138905938, 20.439513747383725],
            [106.51256479901636, 20.438837982538484],
            [106.512408611524762, 20.438439592521792],
            [106.512327270651781, 20.438246433160533],
            [106.512257164883266, 20.438065281466805],
            [106.512190684895245, 20.437823661821088],
            [106.512147694359925, 20.437484904904483],
            [106.5121174778659, 20.437109720917991],
            [106.512020781273463, 20.436698617747876],
            [106.511835662405218, 20.436046175529718],
            [106.511629665161252, 20.435296981139608],
            [106.511450451602144, 20.434571764470508],
            [106.511360608520903, 20.434184902179584],
            [106.51131750308393, 20.433834040412467],
            [106.511222254736012, 20.433580474193949],
            [106.511073376214839, 20.43324254562128],
            [106.510803536223577, 20.432736191730967],
            [106.510432149878042, 20.431988430495956],
            [106.510188503319313, 20.431445441638736],
            [106.510025718506625, 20.431047105663691],
            [106.509862107556586, 20.430564039061593],
            [106.50945291529959, 20.429545225789873],
            [106.509204842542815, 20.429019257052278],
            [106.509041258940812, 20.428548294455634],
            [106.508858268223349, 20.428101710572719],
            [106.508532119641131, 20.427519232816913],
            [106.508291444695629, 20.427004309874683],
            [106.507955174842479, 20.426474314833516],
            [106.507478404664326, 20.425775879418396],
            [106.50700768340316, 20.425028968509018],
            [106.506538263189967, 20.42441520405821],
            [106.505994703208273, 20.423656814598136],
            [106.505699629726237, 20.42327181298575],
            [106.505551856263082, 20.423054922532817],
            [106.505430178822493, 20.422801670814636],
            [106.505311984120326, 20.42251234369996],
            [106.505164728580624, 20.422052979019568],
            [106.504998670314649, 20.421315533103758],
            [106.504720842715173, 20.419973330765274],
            [106.504535896759592, 20.419332980773998],
            [106.50445328213695, 20.419006577458354],
            [106.504289469215578, 20.418499384632245],
            [106.50397824363327, 20.417811522037415],
            [106.503849233638476, 20.417473503812126],
            [106.503726269634583, 20.417087011605563],
            [106.503549707010421, 20.416628168783358],
            [106.503374205224887, 20.416278445953271],
            [106.502980263988249, 20.415252252808742],
            [106.502810082443133, 20.414769143019704],
            [106.502755096878431, 20.41456373492019],
            [106.50271413505979, 20.414430838332606],
            [106.50264486874056, 20.414116514249709],
            [106.502654329573133, 20.413728788174446],
            [106.502596406127708, 20.413220589103538],
            [106.502424561567139, 20.412555821308786],
            [106.502312594462083, 20.411938958583601],
            [106.502214770575492, 20.411406892403765],
            [106.502166940560386, 20.411069617638272],
            [106.502164987741978, 20.411055993286762],
            [106.502175038118054, 20.410728879444385],
            [106.502198406821122, 20.410401650760473],
            [106.502257907481194, 20.409926948284902],
            [106.502215686874521, 20.409456646066396],
            [106.502146961304646, 20.408871661075231],
            [106.502088455191128, 20.408174477156823],
            [106.502047204973479, 20.407774450160673],
            [106.501920261232385, 20.406976134216684],
            [106.501870480316668, 20.406625144380939],
            [106.501667706653436, 20.405941489491571],
            [106.499999991890675, 20.404303279469804],
            [106.498479408324357, 20.40264671218987],
            [106.497386327123337, 20.401558033739661],
            [106.496723214091986, 20.400917803814906],
            [106.495921200503574, 20.400072157223267],
            [106.495714385982012, 20.399919000171089],
            [106.495301695991657, 20.399690007663573],
            [106.494923393192749, 20.399499474762816],
            [106.494786328935461, 20.399474813199252],
            [106.494581010610489, 20.399476573844264],
            [106.49428047752734, 20.399530824652171],
            [106.493652161626088, 20.399665304981777],
            [106.492417371057456, 20.400063438038384],
            [106.491803967732693, 20.400314141391391],
            [106.491531483566192, 20.400445658754027],
            [106.491094781147268, 20.400578580674146],
            [106.489709208872995, 20.400952057687761],
            [106.488207689539394, 20.4013654504286],
            [106.487068058795131, 20.401698051249248],
            [106.486617151577008, 20.401779409276767],
            [106.486329815542021, 20.401781859927198],
            [106.486110544627692, 20.401757892617074],
            [106.485808668529174, 20.4016829550057],
            [106.485533794874613, 20.401556112445316],
            [106.485341059235054, 20.401441488010075],
            [106.485051742558824, 20.401237256324617],
            [106.48445192227139, 20.400777387882449],
            [106.483803676990277, 20.400253246201466],
            [106.482471939694733, 20.399114914855247],
            [106.481891621317359, 20.398538513176398],
            [106.481628756228972, 20.398243710565104],
            [106.480476297407748, 20.397233024010497],
            [106.479937958581772, 20.396746688583896],
            [106.47955127418345, 20.396388250211722],
            [106.479206063689347, 20.396068305104585],
            [106.478536517666228, 20.395466810667948],
            [106.478164006354206, 20.395147094780139],
            [106.477819538794762, 20.394904471252996],
            [106.477144679100746, 20.394458129561439],
            [106.476366380624782, 20.39393514930201],
            [106.475774002108963, 20.3935266785126],
            [106.475430404211764, 20.39337465349319],
            [106.474908034239633, 20.393133619477407],
            [106.473706968784754, 20.392756216910371]
          ],
          [
            [106.47258209854246, 20.392481601632237],
            [106.472543667366651, 20.392470453022767]
          ]
        ]
      }
    },
    {
      "type": "Feature",
      "properties": {
        "ID": "TBI341029bchinb",
        "Ten_duong": "Tỉnh lộ 39B",
        "Thuoc_huyen": "H. Thái Thụy",
        "Thuoc_tinh": "Thái Bình",
        "Cap_duong": "Tỉnh lộ",
        "Loai_duong": "",
        "Chieu_dai": "15.7708",
        "Gap_de": "T",
        "Tin_khac": "",
        "layer": "TBI_Tinhlo",
        "path": "D:/_Project/4.HungYen/De/De Thai Binh/BD Thai Binh/TBI_Tinhlo.TAB"
      },
      "geometry": {
        "type": "LineString",
        "coordinates": [
          [106.555573458407892, 20.557321571880411],
          [106.556011153363556, 20.556634610689251],
          [106.556311443169562, 20.556036870360625],
          [106.55657492680956, 20.555583726743365],
          [106.556780231123952, 20.555058837001244],
          [106.557060698434043, 20.554389005069819],
          [106.557323533997717, 20.553881845494196],
          [106.557642810206517, 20.55326577506213],
          [106.558020442676792, 20.552739334476769],
          [106.55847405372981, 20.552158188837858],
          [106.559080265499531, 20.551521557724939],
          [106.559611312030725, 20.551029867700151],
          [106.560295053612776, 20.550482689923985],
          [106.560885368187684, 20.550170863116055],
          [106.561856772851883, 20.549675198804323],
          [106.5627704561781, 20.549143915731513],
          [106.563894080256802, 20.548556712538751],
          [106.565017608272086, 20.547951526562116],
          [106.56545456929905, 20.547622912786931],
          [106.565605330557275, 20.547387129584077],
          [106.565692588094663, 20.546556788838238],
          [106.56568267126859, 20.545583060031642],
          [106.565607318521401, 20.541940954386433],
          [106.565383236087499, 20.536857438082123],
          [106.565324606553077, 20.534856217209018],
          [106.565275338318898, 20.533774710361321],
          [106.565173123127991, 20.533144366672033],
          [106.565072289480625, 20.532640299824031],
          [106.564875211867175, 20.532083171100123],
          [106.564523900998537, 20.531419030875753],
          [106.563685590425052, 20.529929728159981],
          [106.562592336339705, 20.527847765416212],
          [106.562046269253869, 20.526860796528982],
          [106.561285718914831, 20.52547900086233],
          [106.560778293318108, 20.524527813328447],
          [106.559373852906916, 20.521943555711132],
          [106.558632434486611, 20.520561663325399],
          [106.558301086257572, 20.519969505913316],
          [106.558048991124053, 20.519647192662124],
          [106.557702572151968, 20.519469992910672],
          [106.557319451848599, 20.519437298481591],
          [106.556766310687635, 20.519640732295247],
          [106.556252248010196, 20.51991581178326],
          [106.555661574504626, 20.520191576949919],
          [106.555110258694313, 20.520557233268484],
          [106.554350290484379, 20.521123046003147],
          [106.553837578432152, 20.521542373737425],
          [106.553532605969622, 20.521671395724884],
          [106.553322049050294, 20.521673281527228],
          [106.553033341526259, 20.521513622842125],
          [106.552704643675071, 20.521191896930791],
          [106.552567605798814, 20.520886612466334],
          [106.552430471709982, 20.520581238378277],
          [106.552138494002335, 20.520096938446162],
          [106.55157471513229, 20.519236379236467],
          [106.550991039713281, 20.518303816873832],
          [106.55042527594739, 20.517244801644551],
          [106.549821352504168, 20.516204372887966],
          [106.549392812607536, 20.515468706284263],
          [106.54902243475027, 20.514804788257653],
          [106.548904670137219, 20.514517214521799],
          [106.548631711618981, 20.514014850694693],
          [106.548086148692221, 20.513063868463433],
          [106.547344513672201, 20.511645785800376],
          [106.546876660073096, 20.510802419246982],
          [106.546391264638089, 20.510121361656115],
          [106.54555669267252, 20.508974655733315],
          [106.544994982832989, 20.508312340446182],
          [106.544684602606139, 20.507900367611423],
          [106.544451092547263, 20.50752375438001],
          [106.544080575752844, 20.506841756891856],
          [106.543632653563307, 20.506070381109474],
          [106.543127210867908, 20.505299334611063],
          [106.542738976738207, 20.504761849209512],
          [106.542428524211275, 20.504331714396233],
          [106.542135432320222, 20.503739179717115],
          [106.541706607965097, 20.50296762799622],
          [106.541297862079418, 20.502285872158808],
          [106.540926111200761, 20.50147767640593],
          [106.540728348716087, 20.500848247884342],
          [106.540284870937526, 20.499999944907529],
          [106.54023776715843, 20.499824476836931],
          [106.540156112603839, 20.499607127928957],
          [106.540016874496303, 20.499307270146325],
          [106.539843092622903, 20.498966163615787],
          [106.53947959933258, 20.498387888302993],
          [106.539122171232435, 20.497840634196844],
          [106.538936984914372, 20.497499627607162],
          [106.53862532186001, 20.49699361190569],
          [106.538326104909956, 20.496591282471279],
          [106.5382512505889, 20.496488058101587],
          [106.53748237737635, 20.49557975406023],
          [106.536844788338598, 20.494943011747043],
          [106.535834300166925, 20.49382011891668],
          [106.535409985165145, 20.493408501223268],
          [106.535105962851333, 20.493099706690238],
          [106.534473126679316, 20.492264170558535],
          [106.533818611125454, 20.491532710952303],
          [106.533445403359323, 20.491120636309496],
          [106.533260953959513, 20.490841948474625],
          [106.532893397943596, 20.490419433757395],
          [106.531935920545024, 20.489482954447283],
          [106.531400596884907, 20.488954233802072],
          [106.530857648737197, 20.488381403518684],
          [106.530061503978814, 20.487682251921161],
          [106.529386266409503, 20.487148252458869],
          [106.529031998427243, 20.486922998583108],
          [106.528322228404249, 20.4863476529877],
          [106.527789589923088, 20.48587472468024],
          [106.526690100571528, 20.484929163252833],
          [106.526323912282933, 20.484641584839782],
          [106.525391289898792, 20.483922921182216],
          [106.523903846114848, 20.482772879646387],
          [106.523063241595281, 20.482157283197662],
          [106.521599376381232, 20.481100512640563],
          [106.52037103721166, 20.480322166340457],
          [106.519662993202033, 20.479925454539991],
          [106.519286744995554, 20.479762523577453],
          [106.51899089022919, 20.479702777379725],
          [106.518581542214434, 20.479644203368164],
          [106.518263276334324, 20.479615818336491],
          [106.517887949974764, 20.479546375826427],
          [106.51755765791205, 20.479445372577072],
          [106.517221283386561, 20.479300969277123],
          [106.516775662543779, 20.479014333496028],
          [106.515679046437384, 20.478349530813954],
          [106.514114356063288, 20.477384270794303],
          [106.514607903998524, 20.476557984112922],
          [106.514885412058931, 20.47607767712114],
          [106.515029247645828, 20.475827903355359],
          [106.51510540540923, 20.475597871240169],
          [106.515151828356323, 20.475004849385446],
          [106.515105531384378, 20.474546426467199],
          [106.515048787566499, 20.474088184915633],
          [106.514957304281197, 20.473821401340903],
          [106.514828362977951, 20.47345936660928],
          [106.514522759753092, 20.472668591452429],
          [106.514275046337602, 20.471925280630611],
          [106.513818399241472, 20.470648445922755],
          [106.513432062290306, 20.469610031795796],
          [106.513190659564458, 20.46898130272664],
          [106.512974864037972, 20.46829498558505],
          [106.512812622854099, 20.467732507190629],
          [106.512517772178498, 20.466970360796189],
          [106.512227071539044, 20.466103114309913],
          [106.5119854047377, 20.465426686513144],
          [106.511824103631881, 20.46496926178661],
          [106.511705251766415, 20.464568922802361],
          [106.511558642351815, 20.464006216285853],
          [106.511427285445919, 20.463395588045149],
          [106.511318338803633, 20.462400827392507],
          [106.511169064332037, 20.461036391604338],
          [106.511073707777953, 20.459833282595113],
          [106.510898361842209, 20.458468259460744],
          [106.510883242296103, 20.457990682060593],
          [106.510782807842261, 20.456797011577557],
          [106.510804371802124, 20.455267848615964],
          [106.510801138080623, 20.454907788232696],
          [106.510819658496061, 20.454694338604995],
          [106.510879256217947, 20.45437854017532],
          [106.511035340893955, 20.453775079338584],
          [106.51113607016697, 20.453391982793594],
          [106.511266830516888, 20.452874834225653],
          [106.51151571600046, 20.452156017693596],
          [106.511595458562383, 20.451753951591296],
          [106.51172668081702, 20.451294073219803],
          [106.511859309318027, 20.450958397722236],
          [106.512047661046537, 20.450459899824729],
          [106.512128427529547, 20.45017246394082],
          [106.512216136682412, 20.449840340546658],
          [106.512341760251886, 20.449014369301267],
          [106.512469985935127, 20.448248721336643],
          [106.512649603507597, 20.447387138830095],
          [106.512719080536115, 20.447013889144312],
          [106.512783930262955, 20.446696689430528],
          [106.512884748132308, 20.446323438173597],
          [106.512955721300202, 20.446103118176516],
          [106.513035739803414, 20.445739623589631],
          [106.51310428338779, 20.445271165298923],
          [106.513130760925293, 20.444774345243275],
          [106.513221569379326, 20.443927085312854]
        ]
      }
    },
    {
      "type": "Feature",
      "properties": {
        "ID": "TBI336029bchinb",
        "Ten_duong": "Tỉnh lộ 39B",
        "Thuoc_huyen": "TP. Thái Bình",
        "Thuoc_tinh": "Thái Bình",
        "Cap_duong": "Tỉnh lộ",
        "Loai_duong": "",
        "Chieu_dai": "3.89275",
        "Gap_de": "F",
        "Tin_khac": "",
        "layer": "TBI_Tinhlo",
        "path": "D:/_Project/4.HungYen/De/De Thai Binh/BD Thai Binh/TBI_Tinhlo.TAB"
      },
      "geometry": {
        "type": "LineString",
        "coordinates": [
          [106.365499083729745, 20.432814999423684],
          [106.365518491188254, 20.433070065863113],
          [106.365507511909314, 20.433183441977846],
          [106.365448918741365, 20.433342453377787],
          [106.365389825445021, 20.433444823689925],
          [106.365246980456021, 20.433570526942159],
          [106.365044149893549, 20.433719286226186],
          [106.364739742436726, 20.433891608121581],
          [106.363975111371516, 20.43428264290856],
          [106.362958925620248, 20.434732199117864],
          [106.362636200051085, 20.434881894534616],
          [106.362463258807665, 20.435007831262119],
          [106.360791055524643, 20.436583756043849],
          [106.3590949604027, 20.438182348131733],
          [106.35823627430382, 20.439010450625993],
          [106.358200600675943, 20.439051925465101],
          [106.357399232413087, 20.43983765768699],
          [106.355917009212376, 20.441208063114384],
          [106.354548017821585, 20.442487051774361],
          [106.353833061988496, 20.443250142945924],
          [106.352239958496952, 20.444717507482878],
          [106.351111044507235, 20.445879779299652],
          [106.350740826253613, 20.446258481561113],
          [106.349978821708945, 20.447180927631763],
          [106.349903845215565, 20.44732117998737],
          [106.349380760028268, 20.448042743689978],
          [106.348611541389587, 20.449030106794925],
          [106.348303566689964, 20.449425396717757],
          [106.347301019058108, 20.450807465655569],
          [106.345343722235896, 20.45333162810277],
          [106.344654999323254, 20.45430019398211],
          [106.344034602469776, 20.455256484814484],
          [106.343543513514518, 20.456059004292076],
          [106.343243202257199, 20.45655595359456],
          [106.343033920448264, 20.456861665459201],
          [106.342824835077323, 20.457156986105009],
          [106.342707581325129, 20.457286992026788],
          [106.34237418282143, 20.457595106925094],
          [106.342114230585779, 20.457773192447561],
          [106.341965609241655, 20.457856642154521],
          [106.341704330771933, 20.457882147460658],
          [106.34151730631892, 20.457848356414363],
          [106.340650835591362, 20.457692330028291]
        ]
      }
    },
    {
      "type": "Feature",
      "properties": {
        "ID": "TBI343029bchinb",
        "Ten_duong": "Tỉnh lộ 39B",
        "Thuoc_huyen": "H. Kiến Xương",
        "Thuoc_tinh": "Thái Bình",
        "Cap_duong": "Tỉnh lộ",
        "Loai_duong": "",
        "Chieu_dai": "0.121274",
        "Gap_de": "F",
        "Tin_khac": "",
        "layer": "TBI_Tinhlo",
        "path": "D:/_Project/4.HungYen/De/De Thai Binh/BD Thai Binh/TBI_Tinhlo.TAB"
      },
      "geometry": {
        "type": "LineString",
        "coordinates": [
          [106.473706968784754, 20.392756216910371],
          [106.47258209854246, 20.392481601632237]
        ]
      }
    }
  ]
}
